simulations	assembly	seed	clusterer	adj_rand_index	purity	adj_mutual_info	adj_rand_index_p	homogeneity	completeness	v_measure	n_clusters	n_singletons	n_pairs	st	c	runtime
True	PROKKA_06122025__gr_1e-12_lr_1e-12_mu_1e-14	34	panaroo	0.9995459268348443	0.999635435654393	0.9997302160172368	9.999000099990002e-05	1.0000000000000002	0.9998576022877288	0.9999287960742265	1901	1034	0	aa	0.85	34.0
True	PROKKA_06122025__gr_1e-12_lr_1e-12_mu_1e-14	34	panta	0.9991918976960534	0.9988997555012225	0.9992486509496082	9.999000099990002e-05	0.9999999999999999	0.9996032293151524	0.9998015752930228	1986	1126	0	aa	0.6	11.0
True	PROKKA_06122025__gr_1e-12_lr_1e-12_mu_1e-14	34	diamond	0.9783061234651657	1.0	0.9927987194078818	9.999000099990002e-05	0.9960499287119783	1.0	0.9980210558707965	1902	1044	4	aa	0.6	1.0
True	PROKKA_06122025__gr_1e-12_lr_1e-12_mu_1e-14	34	diamond	0.9669960055272406	0.9617274077459157	0.9801489309463804	9.999000099990002e-05	0.9998377474089352	0.9896597840129179	0.9947227312632194	2069	1100	45	aa	0.95	1.0
True	PROKKA_06122025__gr_1e-12_lr_1e-12_mu_1e-14	34	diamond	0.9870968449742415	1.0	0.9955951742001664	9.999000099990002e-05	0.9975905373154716	1.0	0.9987938155294996	1917	1056	3	aa	0.7	1.0
True	PROKKA_06122025__gr_1e-12_lr_1e-12_mu_1e-14	34	panta	0.9996488113054464	0.9996332518337409	0.9997167007385395	9.999000099990002e-05	0.9999999999999999	0.9998502892779124	0.9999251390352116	1889	1028	0	aa	0.8	9.0
True	PROKKA_06122025__gr_1e-12_lr_1e-12_mu_1e-14	34	mmseqs2	0.9964725782093499	1.0	0.9985717096585134	9.999000099990002e-05	0.999221013058294	1.0	0.999610354764872	1932	1067	2	nt	0.7	2.0
True	PROKKA_06122025__gr_1e-12_lr_1e-12_mu_1e-14	34	cdhit	0.9863657207545724	1.0	0.9954964343694617	9.999000099990002e-05	0.9975362901212792	1.0000000000000002	0.9987666257224438	1919	1060	2	aa	0.7	0.0
True	PROKKA_06122025__gr_1e-12_lr_1e-12_mu_1e-14	34	panx	0.9998109852631167	1.0	0.9998827922192576	9.999000099990002e-05	0.999937902893933	1.0	0.9999689504829239	1794	993	0	aa	0.5	988.0
True	PROKKA_06122025__gr_1e-12_lr_1e-12_mu_1e-14	34	ppanggolin	0.9822021626809692	1.0	0.9936631026369513	9.999000099990002e-05	0.9966328032851152	0.9999999999999999	0.9983135623589151	1866	1008	3	aa	0.6	4.0
True	PROKKA_06122025__gr_1e-12_lr_1e-12_mu_1e-14	34	panx	0.9965598899055711	0.9965402199431608	0.9979350581419335	9.999000099990002e-05	0.9999418045164776	0.9989701785724744	0.9994557554017685	1888	1030	2	aa	0.9	973.0
True	PROKKA_06122025__gr_1e-12_lr_1e-12_mu_1e-14	34	panaroo	0.9654915165137081	0.9590472718434804	0.9773758318926625	9.999000099990002e-05	1.0	0.98845112894201	0.9941920267036511	2060	1073	53	aa	0.95	36.0
True	PROKKA_06122025__gr_1e-12_lr_1e-12_mu_1e-14	34	cdhit	0.9938745361283647	0.999771506911916	0.9975876403331049	9.999000099990002e-05	0.9987815696052021	0.9999018131436234	0.999341377431345	1928	1063	2	nt	0.8	33.0
True	PROKKA_06122025__gr_1e-12_lr_1e-12_mu_1e-14	34	panta	0.9810231460433712	0.9772616136919315	0.9878135546512553	9.999000099990002e-05	0.9999999999999999	0.993674558957765	0.99682724494135	1969	1051	21	aa	0.95	9.0
True	PROKKA_06122025__gr_1e-12_lr_1e-12_mu_1e-14	34	mmseqs2	0.9820015801277191	1.0	0.9941019342386362	9.999000099990002e-05	0.9967689577101011	0.9999999999999998	0.9983818647232955	1910	1051	3	aa	0.5	3.0
True	PROKKA_06122025__gr_1e-12_lr_1e-12_mu_1e-14	34	cdhit	0.9808392843356579	0.9995430138238318	0.9931136071870216	9.999000099990002e-05	0.99635040508914	0.999874679768978	0.9981094314291741	1906	1047	5	aa	0.6	0.0
True	PROKKA_06122025__gr_1e-12_lr_1e-12_mu_1e-14	34	panaroo	0.9991627912241979	1.0	0.9996914609319454	9.999000099990002e-05	0.9998370300246355	1.0	0.9999185083719735	1898	1033	0	aa	0.8	34.0
True	PROKKA_06122025__gr_1e-12_lr_1e-12_mu_1e-14	34	cdhit	0.9933779523821832	0.994630412430024	0.9962222874526095	9.999000099990002e-05	0.9994251139984182	0.9985221664347033	0.9989734361785686	1950	1071	5	aa	0.9	0.0
True	PROKKA_06122025__gr_1e-12_lr_1e-12_mu_1e-14	34	cdhit	0.9931889534802457	0.9993145207357478	0.9975763731068193	9.999000099990002e-05	0.9988754873464696	0.999802142194632	0.9993385999562168	1933	1068	2	aa	0.85	0.0
True	PROKKA_06122025__gr_1e-12_lr_1e-12_mu_1e-14	34	panta	0.9988225477859708	0.9988997555012225	0.999249172475848	9.999000099990002e-05	0.9999999999999999	0.999603503769728	0.9998017125747557	1892	1029	1	aa	0.85	9.0
True	PROKKA_06122025__gr_1e-12_lr_1e-12_mu_1e-14	34	mmseqs2	0.9991724432672566	0.9996572603678738	0.9994685052876822	9.999000099990002e-05	0.9998492323169538	0.9998612926695257	0.9998552624568715	1939	1070	3	nt	0.85	1.0
True	PROKKA_06122025__gr_1e-12_lr_1e-12_mu_1e-14	34	mmseqs2	0.9767306382162392	0.9752084999428767	0.985584711275461	9.999000099990002e-05	1.0	0.9923192510452106	0.9961448201884513	2051	1127	27	aa	0.95	1.0
True	PROKKA_06122025__gr_1e-12_lr_1e-12_mu_1e-14	34	diamond	0.9910538185678937	0.9936021935336457	0.9952301313081677	9.999000099990002e-05	0.9992171555788096	0.9981917819185724	0.998704205559936	1957	1078	6	aa	0.9	1.0
True	PROKKA_06122025__gr_1e-12_lr_1e-12_mu_1e-14	34	mmseqs2	0.9870230148058844	0.9859476750828288	0.9921661513240957	9.999000099990002e-05	1.0	0.9957842334252054	0.997887664155178	1997	1096	17	nt	0.95	1.0
True	PROKKA_06122025__gr_1e-12_lr_1e-12_mu_1e-14	34	hdbscan_dist	0.9504280803493246	0.9734948017822461	0.9706955554888881	9.999000099990002e-05	0.9898471830858411	0.9940445209754847	0.9919414118575114	1831	948	0	nt	0.9	0.637
True	PROKKA_06122025__gr_1e-12_lr_1e-12_mu_1e-14	34	hdbscan_tsne	0.8290148419369571	0.9425339883468525	0.8968709004034919	9.999000099990002e-05	0.9531526970775404	0.9867394066361478	0.9696552967532961	1170	222	0	nt	0.9	21.619
True	PROKKA_06122025__gr_1e-12_lr_1e-12_mu_1e-14	34	hdbscan_umap	0.7466835366650685	0.9576145321604022	0.8649557483625505	9.999000099990002e-05	0.9287869728851369	0.9888610880220071	0.9578830602664328	939	97	0	nt	0.9	7.688
True	PROKKA_06122025__gr_1e-12_lr_1e-12_mu_1e-14	34	panx	0.9851409094269653	0.9832137209585209	0.9903065292825444	9.999000099990002e-05	0.9998305001946008	0.9951183975000742	0.9974688838146119	1963	1060	20	aa	0.95	959.0
True	PROKKA_06122025__gr_1e-12_lr_1e-12_mu_1e-14	34	diamond	0.9921832956048457	0.9989717811036216	0.9971498136197328	9.999000099990002e-05	0.9987339541924372	0.999710727416625	0.9992221020974155	1931	1065	2	aa	0.85	1.0
True	PROKKA_06122025__gr_1e-12_lr_1e-12_mu_1e-14	34	panta	0.9991918976960534	0.9988997555012225	0.9992486509496082	9.999000099990002e-05	0.9999999999999999	0.9996032293151524	0.9998015752930228	1986	1126	0	aa	0.7	11.0
True	PROKKA_06122025__gr_1e-12_lr_1e-12_mu_1e-14	34	mmseqs2	0.9983306595966198	0.9995430138238318	0.9992162624804178	9.999000099990002e-05	0.9997314805653293	0.9998415715269895	0.9997865230155075	1939	1071	2	aa	0.8	1.0
True	PROKKA_06122025__gr_1e-12_lr_1e-12_mu_1e-14	34	panta	0.9991918976960534	0.9988997555012225	0.9992486509496082	9.999000099990002e-05	0.9999999999999999	0.9996032293151524	0.9998015752930228	1986	1126	0	aa	0.5	11.0
True	PROKKA_06122025__gr_1e-12_lr_1e-12_mu_1e-14	34	panaroo	0.9982052083327788	1.0	0.9993211847883424	9.999000099990002e-05	0.9996413192352201	1.0	0.9998206274488682	1896	1031	1	aa	0.7	36.0
True	PROKKA_06122025__gr_1e-12_lr_1e-12_mu_1e-14	34	cdhit	0.9893778723092568	0.9891465783160059	0.9929154064112566	9.999000099990002e-05	0.9997275774201783	0.9964487964154575	0.9980854941685654	1990	1096	19	nt	0.95	2.0
True	PROKKA_06122025__gr_1e-12_lr_1e-12_mu_1e-14	34	cdhit	0.9902425286594926	1.0	0.9969078798007417	9.999000099990002e-05	0.9983107967619057	1.0	0.9991546844260505	1926	1064	2	aa	0.8	0.0
True	PROKKA_06122025__gr_1e-12_lr_1e-12_mu_1e-14	34	ppanggolin	0.9939920815924184	0.9980556568234293	0.9975535225691204	9.999000099990002e-05	0.9992117471047927	0.999495595893145	0.999353651343408	1896	1028	0	aa	0.9	4.0
True	PROKKA_06122025__gr_1e-12_lr_1e-12_mu_1e-14	34	cdhit	0.9667486022114359	0.9992002741917057	0.9888305930512759	9.999000099990002e-05	0.9941241030569534	0.999729485538981	0.996918915005087	1890	1037	5	aa	0.5	3.0
True	PROKKA_06122025__gr_1e-12_lr_1e-12_mu_1e-14	34	panaroo	0.9950000818711455	0.9942884919188236	0.9970629230797448	9.999000099990002e-05	1.0000000000000002	0.9984560084389417	0.9992274077815382	1917	1034	6	aa	0.9	34.0
True	PROKKA_06122025__gr_1e-12_lr_1e-12_mu_1e-14	34	ppanggolin	0.9677976477190583	1.0	0.9892563293396852	9.999000099990002e-05	0.9942661489098448	0.9999999999999999	0.9971248315610785	1847	996	4	aa	0.5	6.0
True	PROKKA_06122025__gr_1e-12_lr_1e-12_mu_1e-14	34	cdhit	0.9946954230610049	1.0	0.9982223467420226	9.999000099990002e-05	0.9990301396790523	1.0	0.9995148345681755	1931	1066	2	nt	0.85	29.0
True	PROKKA_06122025__gr_1e-12_lr_1e-12_mu_1e-14	34	embed_hdbscan_raw	0.9402112979056995	0.9921169884610991	0.9589248334226664	9.999000099990002e-05	0.978769016173417	0.998035055678463	0.9883081519939168	1583	726	0	aa	0.9	33.748
True	PROKKA_06122025__gr_1e-12_lr_1e-12_mu_1e-14	34	embed_hdbscan_tsne	0.8406804675322088	0.9604706957614532	0.8991358862554003	9.999000099990002e-05	0.9496887883096611	0.9908341715252921	0.9698252721026241	1042	110	0	aa	0.9	21.371
True	PROKKA_06122025__gr_1e-12_lr_1e-12_mu_1e-14	34	embed_hdbscan_umap	0.7592341214674581	0.9600137095852851	0.8706564158597111	9.999000099990002e-05	0.9315954558215247	0.9898239938621576	0.9598274181068626	930	74	0	aa	0.9	14.686
True	PROKKA_06122025__gr_1e-12_lr_1e-12_mu_1e-14	34	diamond	0.9688352511578614	1.0	0.9896188269988452	9.999000099990002e-05	0.9942876435065452	1.0000000000000002	0.997135640632356	1883	1027	6	aa	0.5	1.0
True	PROKKA_06122025__gr_1e-12_lr_1e-12_mu_1e-14	34	mmseqs2	0.9954450873597267	0.9950873986061921	0.9974827245570884	9.999000099990002e-05	0.9999435174270909	0.9986902806865049	0.9993165061378125	1954	1075	5	aa	0.9	1.0
True	PROKKA_06122025__gr_1e-12_lr_1e-12_mu_1e-14	34	panaroo	0.9970047999951818	0.9997569571029287	0.9987222324719346	9.999000099990002e-05	0.9994099502318441	0.9999146593457228	0.9996622410844485	1894	1028	2	aa	0.6	38.0
True	PROKKA_06122025__gr_1e-12_lr_1e-12_mu_1e-14	34	panx	0.9998165529752705	1.0	0.9998862107295543	9.999000099990002e-05	0.9999397461406243	1.0	0.9999698721626529	1829	1005	0	aa	0.6	977.0
True	PROKKA_06122025__gr_1e-12_lr_1e-12_mu_1e-14	34	panaroo	0.9875019873670704	1.0	0.9962562685995618	9.999000099990002e-05	0.9980158483143622	1.0	0.9990069389653181	1883	1021	3	aa	0.5	40.0
True	PROKKA_06122025__gr_1e-12_lr_1e-12_mu_1e-14	34	panx	0.9998195710882432	1.0	0.9998880354118843	9.999000099990002e-05	0.9999407444993331	1.0000000000000002	0.9999703713718371	1851	1015	0	aa	0.7	986.0
True	PROKKA_06122025__gr_1e-12_lr_1e-12_mu_1e-14	34	diamond	0.9897059485049227	0.9995430138238318	0.9966169324378491	9.999000099990002e-05	0.9983107967619057	0.99984134610515	0.9990754852466099	1928	1065	2	aa	0.8	1.0
True	PROKKA_06122025__gr_1e-12_lr_1e-12_mu_1e-14	34	panx	0.9989820090299307	0.9991314058816231	0.9992560493157489	9.999000099990002e-05	0.9999415305137365	0.999665666948377	0.9998035797021427	1876	1028	1	aa	0.85	981.0
True	PROKKA_06122025__gr_1e-12_lr_1e-12_mu_1e-14	34	panta	0.9967067449408996	0.9963325183374083	0.9980630952668516	9.999000099990002e-05	1.0	0.9989790010361278	0.9994892397752337	1898	1029	1	aa	0.9	9.0
True	PROKKA_06122025__gr_1e-12_lr_1e-12_mu_1e-14	34	mmseqs2	0.9995711064813977	1.0	0.9997133459804455	9.999000099990002e-05	0.9998438357611665	0.9999999999999999	0.9999219117832898	1937	1069	2	nt	0.8	1.0
True	PROKKA_06122025__gr_1e-12_lr_1e-12_mu_1e-14	34	panx	0.9997134545753901	0.999875482505292	0.9997938172666267	9.999000099990002e-05	0.9999412989995476	0.9999497101664773	0.9999455045653246	1865	1021	0	aa	0.8	983.0
True	PROKKA_06122025__gr_1e-12_lr_1e-12_mu_1e-14	34	mmseqs2	0.998266324696574	0.9987432880155376	0.9989873873494279	9.999000099990002e-05	0.9998975231770144	0.9995514826128522	0.9997244729506658	1944	1073	3	aa	0.85	1.0
True	PROKKA_06122025__gr_1e-12_lr_1e-12_mu_1e-14	34	ppanggolin	0.9897848922412622	0.9998784785514643	0.9966536436952154	9.999000099990002e-05	0.9982846449262287	0.9999427847097502	0.9991130268513694	1886	1026	0	aa	0.8	4.0
True	PROKKA_06122025__gr_1e-12_lr_1e-12_mu_1e-14	34	mmseqs2	0.9963508614409218	1.0	0.9984796250803336	9.999000099990002e-05	0.9991707142843613	1.0	0.9995851851421625	1931	1066	2	nt	0.5	5.0
True	PROKKA_06122025__gr_1e-12_lr_1e-12_mu_1e-14	34	hdbscan_dist	0.9418050518662153	0.9741802810464983	0.9649968230258537	9.999000099990002e-05	0.9864274501547423	0.9941917229521838	0.9902943680973127	1763	880	0	aa	0.9	0.611
True	PROKKA_06122025__gr_1e-12_lr_1e-12_mu_1e-14	34	hdbscan_tsne	0.833003681835986	0.9503027533417114	0.9015441792026682	9.999000099990002e-05	0.9542288421722477	0.9883690032869648	0.9709989248160742	1202	275	0	aa	0.9	22.303
True	PROKKA_06122025__gr_1e-12_lr_1e-12_mu_1e-14	34	hdbscan_umap	0.11775351020875288	0.9404775505540958	0.7749162806193748	9.999000099990002e-05	0.8689760373555474	0.9833850016629344	0.9226473499925616	880	62	0	aa	0.9	8.484
True	PROKKA_06122025__gr_1e-12_lr_1e-12_mu_1e-14	34	cdhit	0.9949655051822666	0.9982863018393694	0.9977255007133402	9.999000099990002e-05	0.9993422601732618	0.9994187733835207	0.9993805153139163	1941	1071	4	nt	0.9	1.0
True	PROKKA_06122025__gr_1e-12_lr_1e-12_mu_1e-14	34	mmseqs2	0.9964105123738093	0.999885753455958	0.9985588692438045	9.999000099990002e-05	0.9992693039183546	0.9999448168081352	0.9996069462389848	1934	1069	2	aa	0.7	1.0
True	PROKKA_06122025__gr_1e-12_lr_1e-12_mu_1e-14	34	mmseqs2	0.9975588608862757	0.9978293156632012	0.998522631372341	9.999000099990002e-05	0.9998975231770144	0.9992991580620575	0.9995982510733663	1947	1073	4	nt	0.9	1.0
True	PROKKA_06122025__gr_1e-12_lr_1e-12_mu_1e-14	34	mmseqs2	0.9934514729662879	0.999885753455958	0.9975909691889541	9.999000099990002e-05	0.9987402556643429	0.9999447875783539	0.9993421586584251	1929	1065	3	aa	0.6	2.0
True	PROKKA_06122025__gr_1e-12_lr_1e-12_mu_1e-14	34	ppanggolin	0.9869631867771377	0.986146554866934	0.9922296917992796	9.999000099990002e-05	0.9996653236101875	0.9962706806899314	0.997965115384018	1946	1051	12	aa	0.95	4.0
True	PROKKA_06122025__gr_1e-12_lr_1e-12_mu_1e-14	34	ppanggolin	0.986991544272126	1.0	0.9954591561718463	9.999000099990002e-05	0.9975914627070351	1.0000000000000002	0.9987942793419328	1876	1016	2	aa	0.7	4.0
True	PROKKA_06122025__gr_1e-12_lr_1e-12_mu_1e-14	34	cdhit	0.9808977831496958	0.9782931566320119	0.9865536305474248	9.999000099990002e-05	0.999891434824783	0.9929285764455871	0.996397841617227	2055	1138	35	aa	0.95	0.0
True	PROKKA_06122025__gr_1e-12_lr_1e-12_mu_1e-14	34	ppanggolin	0.9927706805854823	0.9998784785514643	0.9974364020777284	9.999000099990002e-05	0.9987002989399818	0.9999428085211028	0.9993211675109983	1888	1026	0	aa	0.85	4.0
True	PROKKA_06122025__gr_1e-12_lr_1e-12_mu_1e-14	34	mmseqs2	0.9964725782093499	1.0	0.9985717096585134	9.999000099990002e-05	0.999221013058294	1.0	0.999610354764872	1932	1067	2	nt	0.6	1.0
True	PROKKA_06122025__gr_1e-12_lr_1e-12_mu_1e-14	1274	panaroo	0.9988337697455689	0.998664562340658	0.9991382238854127	9.999000099990002e-05	0.9999466472543993	0.9996029429984822	0.9997747655866344	1907	1022	5	aa	0.85	32.0
True	PROKKA_06122025__gr_1e-12_lr_1e-12_mu_1e-14	1274	panta	0.9993332250750536	0.9990229604298974	0.9993084906408998	9.999000099990002e-05	0.9999762765035156	0.9996616987872132	0.9998189629011005	1988	1115	3	aa	0.6	11.0
True	PROKKA_06122025__gr_1e-12_lr_1e-12_mu_1e-14	1274	diamond	0.9789361487588246	1.0	0.9928595998584223	9.999000099990002e-05	0.9961445076839192	0.9999999999999999	0.9980685304589725	1902	1030	8	aa	0.6	2.0
True	PROKKA_06122025__gr_1e-12_lr_1e-12_mu_1e-14	1274	diamond	0.9570192697195933	0.9522708887091182	0.9745936366503838	9.999000099990002e-05	0.9994998816817772	0.987344923355754	0.9933852222086748	2101	1103	47	aa	0.95	1.0
True	PROKKA_06122025__gr_1e-12_lr_1e-12_mu_1e-14	1274	diamond	0.9857591756840082	1.0	0.9952511555806844	9.999000099990002e-05	0.9974419233440529	0.9999999999999999	0.9987193236378735	1917	1044	5	aa	0.7	2.0
True	PROKKA_06122025__gr_1e-12_lr_1e-12_mu_1e-14	1274	panta	0.9989904457185252	0.9985344406448461	0.9993420664790509	9.999000099990002e-05	1.0000000000000002	0.999655589655717	0.9998277651681297	1894	1017	3	aa	0.8	9.0
True	PROKKA_06122025__gr_1e-12_lr_1e-12_mu_1e-14	1274	mmseqs2	0.9955108026141607	1.0	0.9983835739034042	9.999000099990002e-05	0.9991319689860612	0.9999999999999999	0.9995657960417795	1932	1054	4	nt	0.7	1.0
True	PROKKA_06122025__gr_1e-12_lr_1e-12_mu_1e-14	1274	cdhit	0.9870838699074844	0.9996532994337224	0.9955895002052261	9.999000099990002e-05	0.997718435042414	0.9999071507312906	0.9988115938442487	1920	1045	5	aa	0.7	0.0
True	PROKKA_06122025__gr_1e-12_lr_1e-12_mu_1e-14	1274	panx	0.9974303933344495	1.0	0.9991660044012718	9.999000099990002e-05	0.9995611686421317	1.0	0.99978053616726	1797	980	2	aa	0.5	1003.0
True	PROKKA_06122025__gr_1e-12_lr_1e-12_mu_1e-14	1274	ppanggolin	0.978872030370338	1.0	0.9930395499579852	9.999000099990002e-05	0.9963334206108323	1.0	0.9981633431813981	1869	999	6	aa	0.6	5.0
True	PROKKA_06122025__gr_1e-12_lr_1e-12_mu_1e-14	1274	panx	0.994240800434624	0.9958277089213401	0.9970116725439061	9.999000099990002e-05	0.9995881697786625	0.9988485846780288	0.9992182403748476	1894	1016	6	aa	0.9	999.0
True	PROKKA_06122025__gr_1e-12_lr_1e-12_mu_1e-14	1274	panaroo	0.9589519014803704	0.9513172271458055	0.9733979314508664	9.999000099990002e-05	0.9999574805894057	0.986661531185369	0.9932650126379252	2089	1064	75	aa	0.95	34.0
True	PROKKA_06122025__gr_1e-12_lr_1e-12_mu_1e-14	1274	cdhit	0.9912018114472643	0.9998844331445741	0.9971340644959561	9.999000099990002e-05	0.9985101382482791	0.9999491535530535	0.9992291278102914	1928	1052	4	nt	0.8	32.0
True	PROKKA_06122025__gr_1e-12_lr_1e-12_mu_1e-14	1274	panta	0.9781564158406733	0.9744748412310699	0.9865245390625733	9.999000099990002e-05	1.0000000000000002	0.9930803996148145	0.9965281880316907	1978	1038	29	aa	0.95	9.0
True	PROKKA_06122025__gr_1e-12_lr_1e-12_mu_1e-14	1274	mmseqs2	0.988489866632738	1.0	0.9954067665671411	9.999000099990002e-05	0.9975261039921771	0.9999999999999998	0.9987615200607999	1911	1036	5	aa	0.5	2.0
True	PROKKA_06122025__gr_1e-12_lr_1e-12_mu_1e-14	1274	cdhit	0.9786677699552438	0.9994221657228707	0.9926535452294146	9.999000099990002e-05	0.9962046693912366	0.9998296364074938	0.9980138612761124	1906	1033	8	aa	0.6	0.0
True	PROKKA_06122025__gr_1e-12_lr_1e-12_mu_1e-14	1274	panaroo	0.9979567709115825	0.9987859657642345	0.9989586894000245	9.999000099990002e-05	0.9997750889761517	0.9996802755138845	0.9997276799970078	1904	1022	3	aa	0.8	35.0
True	PROKKA_06122025__gr_1e-12_lr_1e-12_mu_1e-14	1274	cdhit	0.9922178939179325	0.994915058361262	0.9956451883223502	9.999000099990002e-05	0.9991045383134659	0.9985637669687015	0.9988340794473392	1950	1061	8	aa	0.9	0.0
True	PROKKA_06122025__gr_1e-12_lr_1e-12_mu_1e-14	1274	cdhit	0.9915481845291745	0.9988443314457414	0.9968519787480853	9.999000099990002e-05	0.9987202269547066	0.9995889169433162	0.9991543831338078	1936	1057	7	aa	0.85	0.0
True	PROKKA_06122025__gr_1e-12_lr_1e-12_mu_1e-14	1274	panta	0.9989904457185252	0.9985344406448461	0.9993420664790509	9.999000099990002e-05	1.0000000000000002	0.9996555896557171	0.9998277651681298	1894	1017	3	aa	0.85	9.0
True	PROKKA_06122025__gr_1e-12_lr_1e-12_mu_1e-14	1274	mmseqs2	0.9992754718469218	0.9997688662891483	0.9994822612581055	9.999000099990002e-05	0.9997994513771703	0.999922890585254	0.9998611671713736	1938	1057	4	nt	0.85	1.0
True	PROKKA_06122025__gr_1e-12_lr_1e-12_mu_1e-14	1274	mmseqs2	0.9688172059622919	0.9667167456373512	0.9806112230070922	9.999000099990002e-05	0.9999595362960692	0.9899418381414529	0.994925471326756	2086	1128	39	aa	0.95	1.0
True	PROKKA_06122025__gr_1e-12_lr_1e-12_mu_1e-14	1274	diamond	0.9864292712912726	0.9902923841442275	0.9930551746935955	9.999000099990002e-05	0.9989472464905458	0.9973446890357132	0.9981453245229425	1971	1079	6	aa	0.9	1.0
True	PROKKA_06122025__gr_1e-12_lr_1e-12_mu_1e-14	1274	mmseqs2	0.9819886863250604	0.9813937362764359	0.9890571845513142	9.999000099990002e-05	0.9999098517439152	0.9943162683675671	0.9971052153648426	2017	1089	26	nt	0.95	1.0
True	PROKKA_06122025__gr_1e-12_lr_1e-12_mu_1e-14	1274	hdbscan_dist	0.9653311269543132	0.9879810470357102	0.97708544895654	9.999000099990002e-05	0.9904667276714562	0.9970773811258828	0.9937610607460253	1820	948	0	nt	0.9	0.575
True	PROKKA_06122025__gr_1e-12_lr_1e-12_mu_1e-14	1274	hdbscan_tsne	0.8458873464129455	0.9733040563966254	0.9036465859108527	9.999000099990002e-05	0.9503648934399379	0.9935348963493987	0.9714705365550584	1076	166	0	nt	0.9	21.294
True	PROKKA_06122025__gr_1e-12_lr_1e-12_mu_1e-14	1274	hdbscan_umap	0.7672852739621144	0.977002195770253	0.8742365154151002	9.999000099990002e-05	0.9300456335707588	0.9941138081961358	0.9610130912396848	903	74	0	nt	0.9	7.616
True	PROKKA_06122025__gr_1e-12_lr_1e-12_mu_1e-14	1274	panx	0.9787030055364052	0.978855267954794	0.9871502955956325	9.999000099990002e-05	0.9993386469541189	0.9940372952033695	0.9966809216482302	1980	1053	28	aa	0.95	1004.0
True	PROKKA_06122025__gr_1e-12_lr_1e-12_mu_1e-14	1274	diamond	0.9925448450988766	0.9981509303131861	0.9969666835022228	9.999000099990002e-05	0.9988352495033838	0.9995360215502859	0.999185512656408	1934	1053	4	aa	0.85	2.0
True	PROKKA_06122025__gr_1e-12_lr_1e-12_mu_1e-14	1274	panta	0.9991889116002705	0.9986565705911089	0.999217746839692	9.999000099990002e-05	1.0000000000000002	0.9995905895253112	0.9997952528498417	1990	1117	2	aa	0.7	11.0
True	PROKKA_06122025__gr_1e-12_lr_1e-12_mu_1e-14	1274	mmseqs2	0.9976032412466196	0.9993065988674448	0.9989296838325669	9.999000099990002e-05	0.9996394630212333	0.9997865025630015	0.9997129773854089	1940	1059	4	aa	0.8	1.0
True	PROKKA_06122025__gr_1e-12_lr_1e-12_mu_1e-14	1274	panta	0.9993332250750536	0.9990229604298974	0.9993084906408998	9.999000099990002e-05	0.9999762765035156	0.9996616987872132	0.9998189629011005	1988	1115	3	aa	0.5	11.0
True	PROKKA_06122025__gr_1e-12_lr_1e-12_mu_1e-14	1274	panaroo	0.9971043396061681	1.0	0.9990667355360419	9.999000099990002e-05	0.9995113094503267	1.0	0.9997555950059579	1898	1020	3	aa	0.7	39.0
True	PROKKA_06122025__gr_1e-12_lr_1e-12_mu_1e-14	1274	cdhit	0.9850594436578156	0.9861319773488963	0.9905980610717907	9.999000099990002e-05	0.9994836827877306	0.9955303386533744	0.9975030937230586	2003	1087	29	nt	0.95	1.0
True	PROKKA_06122025__gr_1e-12_lr_1e-12_mu_1e-14	1274	cdhit	0.9890743348364881	0.999191032012019	0.9963046345231429	9.999000099990002e-05	0.9982446965195721	0.9997681367439363	0.9990058358371571	1929	1053	4	aa	0.8	0.0
True	PROKKA_06122025__gr_1e-12_lr_1e-12_mu_1e-14	1274	ppanggolin	0.9905915057503901	0.9976933349520456	0.9964333670517262	9.999000099990002e-05	0.9987381062406222	0.9993933084188412	0.9990655999068937	1899	1018	4	aa	0.9	5.0
True	PROKKA_06122025__gr_1e-12_lr_1e-12_mu_1e-14	1274	cdhit	0.9686939675622575	0.9994221657228707	0.9890636857067012	9.999000099990002e-05	0.9943304324264143	0.9997462380757552	0.9970309807317562	1889	1023	7	aa	0.5	3.0
True	PROKKA_06122025__gr_1e-12_lr_1e-12_mu_1e-14	1274	panaroo	0.9934702563181949	0.9925943911618308	0.99592069023948	9.999000099990002e-05	0.9999466472543993	0.9979316076231182	0.9989381112645486	1929	1028	11	aa	0.9	32.0
True	PROKKA_06122025__gr_1e-12_lr_1e-12_mu_1e-14	1274	ppanggolin	0.9651358370530101	1.0	0.9884748624243989	9.999000099990002e-05	0.9939011940176558	0.9999999999999999	0.9969412697075247	1848	987	5	aa	0.5	5.0
True	PROKKA_06122025__gr_1e-12_lr_1e-12_mu_1e-14	1274	cdhit	0.9922539879209537	0.999191032012019	0.9972885639955641	9.999000099990002e-05	0.9987787427703269	0.9997646578668177	0.9992714571343169	1934	1057	4	nt	0.85	29.0
True	PROKKA_06122025__gr_1e-12_lr_1e-12_mu_1e-14	1274	embed_hdbscan_raw	0.932996459711038	0.9714549867098117	0.9552230630446364	9.999000099990002e-05	0.983512195084533	0.9920297042490466	0.9877525881320656	1700	734	9	aa	0.9	34.843
True	PROKKA_06122025__gr_1e-12_lr_1e-12_mu_1e-14	1274	embed_hdbscan_tsne	0.7693832317019951	0.8428290766208252	0.8568754678683274	9.999000099990002e-05	0.9676883621933876	0.9575232066119931	0.9625789482903202	1707	387	17	aa	0.9	20.902
True	PROKKA_06122025__gr_1e-12_lr_1e-12_mu_1e-14	1274	embed_hdbscan_umap	0.7771150931048877	0.9828961053969721	0.8808507561938173	9.999000099990002e-05	0.9326368889043363	0.9957280173869639	0.9631503636069364	879	18	0	aa	0.9	14.707
True	PROKKA_06122025__gr_1e-12_lr_1e-12_mu_1e-14	1274	diamond	0.9642294713175379	0.9996532994337224	0.9881450970890674	9.999000099990002e-05	0.9936636320316886	0.9999067718803564	0.9967754263305684	1882	1016	9	aa	0.5	2.0
True	PROKKA_06122025__gr_1e-12_lr_1e-12_mu_1e-14	1274	mmseqs2	0.9945465645667371	0.9944527909395585	0.9966192143380945	9.999000099990002e-05	0.9998563704391294	0.9983386538386264	0.9990969357527766	1960	1065	11	aa	0.9	1.0
True	PROKKA_06122025__gr_1e-12_lr_1e-12_mu_1e-14	1274	panaroo	0.9968726972851935	1.0	0.9988364549976613	9.999000099990002e-05	0.9993905864687211	1.0	0.999695200359848	1895	1016	4	aa	0.6	42.0
True	PROKKA_06122025__gr_1e-12_lr_1e-12_mu_1e-14	1274	panx	0.9975157463415011	1.0	0.9991931557804274	9.999000099990002e-05	0.99957577749811	1.0	0.9997878437483271	1838	995	2	aa	0.6	1007.0
True	PROKKA_06122025__gr_1e-12_lr_1e-12_mu_1e-14	1274	panaroo	0.9936409505598542	1.0	0.997463821427762	9.999000099990002e-05	0.9986698514929505	1.0	0.9993344831283387	1886	1009	3	aa	0.5	42.0
True	PROKKA_06122025__gr_1e-12_lr_1e-12_mu_1e-14	1274	panx	0.997406944508079	0.9997515836542045	0.9990781006198424	9.999000099990002e-05	0.9995824847621644	0.9999333624756734	0.9997578928326738	1862	1006	3	aa	0.7	1008.0
True	PROKKA_06122025__gr_1e-12_lr_1e-12_mu_1e-14	1274	diamond	0.9894242216979108	0.9994221657228707	0.9965628172737637	9.999000099990002e-05	0.998321796415259	0.9998299976337539	0.999075327830784	1929	1053	4	aa	0.8	2.0
True	PROKKA_06122025__gr_1e-12_lr_1e-12_mu_1e-14	1274	panx	0.9960814060295545	0.9980290711998029	0.998184587544704	9.999000099990002e-05	0.9995863935909268	0.999462064538679	0.9995242251985351	1881	1012	5	aa	0.85	1008.0
True	PROKKA_06122025__gr_1e-12_lr_1e-12_mu_1e-14	1274	panta	0.9961855025036905	0.9954811919882756	0.9978129302698424	9.999000099990002e-05	1.0000000000000002	0.9988577742455776	0.9994285607664841	1902	1017	4	aa	0.9	9.0
True	PROKKA_06122025__gr_1e-12_lr_1e-12_mu_1e-14	1274	mmseqs2	0.9996297213215753	1.0	0.9996822884431897	9.999000099990002e-05	0.9998296055106214	0.9999999999999999	0.9999147954961217	1937	1056	4	nt	0.8	1.0
True	PROKKA_06122025__gr_1e-12_lr_1e-12_mu_1e-14	1274	panx	0.9968192672109818	0.9990122237313248	0.9987191045324958	9.999000099990002e-05	0.999585315467269	0.9997428649062337	0.9996640839792098	1874	1010	3	aa	0.8	997.0
True	PROKKA_06122025__gr_1e-12_lr_1e-12_mu_1e-14	1274	mmseqs2	0.9985333342661176	0.9986131977348897	0.9990076404179175	9.999000099990002e-05	0.9998520253079489	0.9996162452868353	0.9997341213956416	1943	1059	4	aa	0.85	1.0
True	PROKKA_06122025__gr_1e-12_lr_1e-12_mu_1e-14	1274	ppanggolin	0.9884032367906672	0.9993929828821173	0.9961386964702224	9.999000099990002e-05	0.9981204759207198	0.9998526172782441	0.9989857957601207	1889	1015	3	aa	0.8	5.0
True	PROKKA_06122025__gr_1e-12_lr_1e-12_mu_1e-14	1274	mmseqs2	0.9943151634891289	1.0	0.9979632145865673	9.999000099990002e-05	0.9989057783403951	0.9999999999999999	0.999452589676081	1930	1053	4	nt	0.5	3.0
True	PROKKA_06122025__gr_1e-12_lr_1e-12_mu_1e-14	1274	hdbscan_dist	0.95679819403126	0.986478677915174	0.9732155087192417	9.999000099990002e-05	0.9886280212894689	0.996767828513928	0.9926812389441706	1789	916	0	aa	0.9	0.577
True	PROKKA_06122025__gr_1e-12_lr_1e-12_mu_1e-14	1274	hdbscan_tsne	0.8542747721381005	0.9735351901074771	0.9085436212758211	9.999000099990002e-05	0.9535844642609762	0.9934715004961859	0.9731194230745789	1150	246	0	aa	0.9	21.591
True	PROKKA_06122025__gr_1e-12_lr_1e-12_mu_1e-14	1274	hdbscan_umap	0.3025924561586531	0.9678724141916099	0.8167830923653402	9.999000099990002e-05	0.892218979415076	0.9912023074094923	0.9391096057980791	851	76	0	aa	0.9	8.028
True	PROKKA_06122025__gr_1e-12_lr_1e-12_mu_1e-14	1274	cdhit	0.9922614606978627	0.9987287645903155	0.9972563687135972	9.999000099990002e-05	0.9989589077749079	0.9995681952003012	0.9992634586114144	1939	1059	6	nt	0.9	1.0
True	PROKKA_06122025__gr_1e-12_lr_1e-12_mu_1e-14	1274	mmseqs2	0.9964673452116654	0.9996532994337224	0.9985671591404524	9.999000099990002e-05	0.9993236036768692	0.9999072998570766	0.9996153665588986	1934	1054	4	aa	0.7	1.0
True	PROKKA_06122025__gr_1e-12_lr_1e-12_mu_1e-14	1274	mmseqs2	0.9984041912009425	0.9987287645903155	0.9988929643930023	9.999000099990002e-05	0.9998520253079489	0.9995548981638172	0.9997034396582012	1945	1062	5	nt	0.9	1.0
True	PROKKA_06122025__gr_1e-12_lr_1e-12_mu_1e-14	1274	mmseqs2	0.9949974311952638	0.9996532994337224	0.9979555332234313	9.999000099990002e-05	0.9989946628599475	0.9999072693363598	0.9994507577711298	1929	1048	6	aa	0.6	1.0
True	PROKKA_06122025__gr_1e-12_lr_1e-12_mu_1e-14	1274	ppanggolin	0.9844949448251576	0.985067378900085	0.9907424017283681	9.999000099990002e-05	0.999342816266301	0.9958607237508768	0.9975987314794256	1956	1042	19	aa	0.95	5.0
True	PROKKA_06122025__gr_1e-12_lr_1e-12_mu_1e-14	1274	ppanggolin	0.9842089237132022	1.0	0.9948054725256664	9.999000099990002e-05	0.9972684566365162	0.9999999999999999	0.9986323604348691	1879	1009	3	aa	0.7	5.0
True	PROKKA_06122025__gr_1e-12_lr_1e-12_mu_1e-14	1274	cdhit	0.9730179236851377	0.9715705535652375	0.9824635670604394	9.999000099990002e-05	0.9996731052365612	0.9911506855573556	0.9953936537932755	2075	1126	47	aa	0.95	0.0
True	PROKKA_06122025__gr_1e-12_lr_1e-12_mu_1e-14	1274	ppanggolin	0.9898249428081638	0.9993929828821173	0.9965412913004705	9.999000099990002e-05	0.998332505178514	0.9998526485752763	0.9990919986432059	1890	1015	3	aa	0.85	5.0
True	PROKKA_06122025__gr_1e-12_lr_1e-12_mu_1e-14	1274	mmseqs2	0.9955108026141607	1.0	0.9983835739034042	9.999000099990002e-05	0.9991319689860612	0.9999999999999999	0.9995657960417795	1932	1054	4	nt	0.6	1.0
True	PROKKA_06122025__gr_1e-12_lr_1e-12_mu_1e-14	1681	panaroo	0.9973523840671797	0.9985746525715643	0.998849676626665	9.999000099990002e-05	0.9998043785533469	0.9995843618122755	0.9996943580772698	1897	1006	3	aa	0.85	32.0
True	PROKKA_06122025__gr_1e-12_lr_1e-12_mu_1e-14	1681	panta	0.9987010981034333	0.9985651082147555	0.999036653753628	9.999000099990002e-05	0.9999473482024276	0.999540445428458	0.9997438554123724	1982	1100	2	aa	0.6	11.0
True	PROKKA_06122025__gr_1e-12_lr_1e-12_mu_1e-14	1681	diamond	0.981635432148842	0.9996636394214599	0.9933081013341252	9.999000099990002e-05	0.9964830899438394	0.999837436164349	0.9981574449599003	1907	1027	5	aa	0.6	1.0
True	PROKKA_06122025__gr_1e-12_lr_1e-12_mu_1e-14	1681	diamond	0.958468926894755	0.9531337593900662	0.9746716519933643	9.999000099990002e-05	0.9998296550375771	0.9868342530673923	0.993289450518878	2117	1101	64	aa	0.95	1.0
True	PROKKA_06122025__gr_1e-12_lr_1e-12_mu_1e-14	1681	diamond	0.9888205735938571	0.9996636394214599	0.9957097045479046	9.999000099990002e-05	0.9978090035415661	0.9998376521481753	0.9988222977790286	1920	1037	3	aa	0.7	2.0
True	PROKKA_06122025__gr_1e-12_lr_1e-12_mu_1e-14	1681	panta	0.9976389699837622	0.9978476623221332	0.9987416216347584	9.999000099990002e-05	0.9999473482024276	0.9993838755328402	0.9996655324657205	1887	1001	3	aa	0.8	9.0
True	PROKKA_06122025__gr_1e-12_lr_1e-12_mu_1e-14	1681	mmseqs2	0.99760585685033	1.0	0.9989823237950325	9.999000099990002e-05	0.999443333761086	1.0	0.9997215893896493	1933	1044	3	nt	0.7	1.0
True	PROKKA_06122025__gr_1e-12_lr_1e-12_mu_1e-14	1681	cdhit	0.9895048265233932	0.9991030384572261	0.9958282117716944	9.999000099990002e-05	0.9979634722860775	0.9997490602689464	0.9988554682837084	1921	1035	5	aa	0.7	0.0
True	PROKKA_06122025__gr_1e-12_lr_1e-12_mu_1e-14	1681	panx	0.9986996306456661	1.0	0.9996078388114356	9.999000099990002e-05	0.9997899741530046	1.0	0.99989497604763	1787	956	2	aa	0.5	1141.0
True	PROKKA_06122025__gr_1e-12_lr_1e-12_mu_1e-14	1681	ppanggolin	0.9825272668796743	1.0	0.9939494013041699	9.999000099990002e-05	0.9967636792150686	1.0	0.9983792169205503	1861	981	5	aa	0.6	4.0
True	PROKKA_06122025__gr_1e-12_lr_1e-12_mu_1e-14	1681	panx	0.9945245347502049	0.9959164064376651	0.9973389526472268	9.999000099990002e-05	0.9998018886754108	0.998785158298238	0.999293264868952	1885	999	6	aa	0.9	1036.0
True	PROKKA_06122025__gr_1e-12_lr_1e-12_mu_1e-14	1681	panaroo	0.9571038771956806	0.9527259769568832	0.9734870424042081	9.999000099990002e-05	0.9999303015631615	0.9865147804703213	0.9931772399389969	2079	1038	84	aa	0.95	34.0
True	PROKKA_06122025__gr_1e-12_lr_1e-12_mu_1e-14	1681	cdhit	0.9939471050516852	1.0	0.9978885960118962	9.999000099990002e-05	0.9988438205630994	1.0	0.9994215759005249	1928	1041	3	nt	0.8	33.0
True	PROKKA_06122025__gr_1e-12_lr_1e-12_mu_1e-14	1681	panta	0.9793404325382397	0.9762047112280282	0.9878642102229444	9.999000099990002e-05	0.9999297657056436	0.9937248366804088	0.9968176452716438	1957	1017	30	aa	0.95	9.0
True	PROKKA_06122025__gr_1e-12_lr_1e-12_mu_1e-14	1681	mmseqs2	0.985571603798005	1.0	0.9949882583075635	9.999000099990002e-05	0.9972477351048744	1.0000000000000002	0.9986219712022951	1910	1026	5	aa	0.5	2.0
True	PROKKA_06122025__gr_1e-12_lr_1e-12_mu_1e-14	1681	cdhit	0.9816243404267863	1.0	0.9936377103604561	9.999000099990002e-05	0.9965013780937304	0.9999999999999999	0.9982476235956269	1904	1022	7	aa	0.6	0.0
True	PROKKA_06122025__gr_1e-12_lr_1e-12_mu_1e-14	1681	panaroo	0.9979993500518323	0.9994061052381518	0.9992693591449509	9.999000099990002e-05	0.9997470932854071	0.9998643394362495	0.9998057129234956	1892	1004	2	aa	0.8	32.0
True	PROKKA_06122025__gr_1e-12_lr_1e-12_mu_1e-14	1681	cdhit	0.9952679394966747	0.9968606346002915	0.9972463586491777	9.999000099990002e-05	0.9995222970751428	0.9989750447201677	0.999248595970075	1947	1050	7	aa	0.9	0.0
True	PROKKA_06122025__gr_1e-12_lr_1e-12_mu_1e-14	1681	cdhit	0.9949527773644542	0.9997757596143065	0.9979998597365916	9.999000099990002e-05	0.999010372411349	0.9998948172649793	0.9994523991703799	1931	1044	3	aa	0.85	0.0
True	PROKKA_06122025__gr_1e-12_lr_1e-12_mu_1e-14	1681	panta	0.9972443824496758	0.9974889393758221	0.9984883498179499	9.999000099990002e-05	0.9999473482024276	0.9992495806277276	0.999598342646286	1889	1002	4	aa	0.85	9.0
True	PROKKA_06122025__gr_1e-12_lr_1e-12_mu_1e-14	1681	mmseqs2	0.9982610250299604	0.9994393990357664	0.9992789909576286	9.999000099990002e-05	0.9997419226819207	0.999863980732026	0.9998029479816974	1938	1048	2	nt	0.85	1.0
True	PROKKA_06122025__gr_1e-12_lr_1e-12_mu_1e-14	1681	mmseqs2	0.9692104800776151	0.9672609036887544	0.981743837419353	9.999000099990002e-05	0.9999400336486419	0.9903527584215668	0.995123304998789	2074	1106	40	aa	0.95	1.0
True	PROKKA_06122025__gr_1e-12_lr_1e-12_mu_1e-14	1681	diamond	0.9901769534492104	0.9922637066935756	0.9944723500784335	9.999000099990002e-05	0.9993374414586035	0.9976552080468473	0.9984956162099942	1968	1068	8	aa	0.9	1.0
True	PROKKA_06122025__gr_1e-12_lr_1e-12_mu_1e-14	1681	mmseqs2	0.9808662457329104	0.980378966251822	0.9882281674200699	9.999000099990002e-05	0.9999253954063667	0.9937533072491609	0.9968297974632997	2031	1095	28	nt	0.95	1.0
True	PROKKA_06122025__gr_1e-12_lr_1e-12_mu_1e-14	1681	hdbscan_dist	0.9544792364574055	0.9784729229734275	0.973807166139332	9.999000099990002e-05	0.9903702645502163	0.9951678175463688	0.9927632450086804	1822	922	0	nt	0.9	0.634
True	PROKKA_06122025__gr_1e-12_lr_1e-12_mu_1e-14	1681	hdbscan_tsne	0.8332994255878571	0.9503307545688978	0.9003396121932257	9.999000099990002e-05	0.9529900801391422	0.9885734475145374	0.9704556925920493	1126	164	0	nt	0.9	25.584
True	PROKKA_06122025__gr_1e-12_lr_1e-12_mu_1e-14	1681	hdbscan_umap	0.7627928804468768	0.9655791007960534	0.8740785547987926	9.999000099990002e-05	0.9318637262674353	0.9913230515562892	0.960674234463482	929	69	0	nt	0.9	8.263
True	PROKKA_06122025__gr_1e-12_lr_1e-12_mu_1e-14	1681	panx	0.9782950297491262	0.9772997385310197	0.9872050261475507	9.999000099990002e-05	0.9997592259077117	0.9935572107180893	0.9966485698216462	1976	1034	30	aa	0.95	1039.0
True	PROKKA_06122025__gr_1e-12_lr_1e-12_mu_1e-14	1681	diamond	0.9915446126003332	0.9979818365287588	0.9966262959483012	9.999000099990002e-05	0.9988144688718389	0.9993398943818167	0.9990771125450862	1937	1046	6	aa	0.85	1.0
True	PROKKA_06122025__gr_1e-12_lr_1e-12_mu_1e-14	1681	panta	0.9987010981034333	0.9985651082147555	0.9990366537536276	9.999000099990002e-05	0.9999473482024276	0.9995404454284578	0.9997438554123724	1982	1100	2	aa	0.7	11.0
True	PROKKA_06122025__gr_1e-12_lr_1e-12_mu_1e-14	1681	mmseqs2	0.998081360782552	0.9993272788429196	0.9992236691258917	9.999000099990002e-05	0.9997165499062584	0.9998590972354092	0.9997878184898206	1938	1048	3	aa	0.8	1.0
True	PROKKA_06122025__gr_1e-12_lr_1e-12_mu_1e-14	1681	panta	0.9985641756018611	0.9984455338993184	0.998937559040056	9.999000099990002e-05	0.9999473482024276	0.9994878420112417	0.9997175423054383	1983	1101	2	aa	0.5	11.0
True	PROKKA_06122025__gr_1e-12_lr_1e-12_mu_1e-14	1681	panaroo	0.9976300381007227	1.0	0.9991572196913829	9.999000099990002e-05	0.9995515372338711	0.9999999999999999	0.9997757183259456	1889	1002	3	aa	0.7	36.0
True	PROKKA_06122025__gr_1e-12_lr_1e-12_mu_1e-14	1681	cdhit	0.9851007893545282	0.9858728557013118	0.9910508042987121	9.999000099990002e-05	0.9996473010448764	0.9955178846719098	0.9975783195080702	2000	1077	22	nt	0.95	1.0
True	PROKKA_06122025__gr_1e-12_lr_1e-12_mu_1e-14	1681	cdhit	0.9934125521426512	0.9998878798071533	0.9975703076404645	9.999000099990002e-05	0.9987166653001535	0.9999526137969958	0.9993342574021378	1927	1040	4	aa	0.8	0.0
True	PROKKA_06122025__gr_1e-12_lr_1e-12_mu_1e-14	1681	ppanggolin	0.9956818971305883	0.998693431523934	0.9981991461988255	9.999000099990002e-05	0.999407015917324	0.9996350206899305	0.9995210053008551	1891	999	7	aa	0.9	5.0
True	PROKKA_06122025__gr_1e-12_lr_1e-12_mu_1e-14	1681	cdhit	0.9693449619264629	0.9988787980715327	0.9895323921376582	9.999000099990002e-05	0.9945802123656725	0.9996457098907956	0.9971065277384935	1889	1009	8	aa	0.5	3.0
True	PROKKA_06122025__gr_1e-12_lr_1e-12_mu_1e-14	1681	panaroo	0.9911887550791335	0.9915666943817556	0.9953216335502721	9.999000099990002e-05	0.9998043785533468	0.9977226742242454	0.9987624416743468	1919	1007	13	aa	0.9	33.0
True	PROKKA_06122025__gr_1e-12_lr_1e-12_mu_1e-14	1681	ppanggolin	0.9669847657726924	1.0	0.989359215223173	9.999000099990002e-05	0.9942824880543045	1.0	0.9971330481113165	1839	965	7	aa	0.5	5.0
True	PROKKA_06122025__gr_1e-12_lr_1e-12_mu_1e-14	1681	cdhit	0.9941490330604289	0.9995515192286131	0.9979237183776668	9.999000099990002e-05	0.998983519032485	0.9998799596753387	0.999431538338226	1932	1045	3	nt	0.85	30.0
True	PROKKA_06122025__gr_1e-12_lr_1e-12_mu_1e-14	1681	embed_hdbscan_raw	0.935273973446552	0.9871061778226259	0.9570714232038151	9.999000099990002e-05	0.9791503901252271	0.9965857162680335	0.9877911222247454	1595	706	0	aa	0.9	35.252
True	PROKKA_06122025__gr_1e-12_lr_1e-12_mu_1e-14	1681	embed_hdbscan_tsne	0.8377369875242402	0.9496580334118174	0.897997276150185	9.999000099990002e-05	0.9524025811360534	0.9877873898417673	0.9697723148468936	1112	144	0	aa	0.9	26.636
True	PROKKA_06122025__gr_1e-12_lr_1e-12_mu_1e-14	1681	embed_hdbscan_umap	0.7626525273156387	0.9652427402175132	0.8727720710060197	9.999000099990002e-05	0.9310164566146963	0.9912673373388566	0.9601976637060556	896	26	0	aa	0.9	15.537
True	PROKKA_06122025__gr_1e-12_lr_1e-12_mu_1e-14	1681	diamond	0.966225738557883	0.9996636394214599	0.9889735986966183	9.999000099990002e-05	0.9940740296576698	0.9998370422678682	0.9969472075285642	1885	1009	9	aa	0.5	2.0
True	PROKKA_06122025__gr_1e-12_lr_1e-12_mu_1e-14	1681	mmseqs2	0.9963340360986482	0.997084874985985	0.9979398572551599	9.999000099990002e-05	0.9997823274042548	0.9990939499851639	0.9994380201622428	1951	1054	9	aa	0.9	1.0
True	PROKKA_06122025__gr_1e-12_lr_1e-12_mu_1e-14	1681	panaroo	0.9973598992006592	1.0	0.9989247520377551	9.999000099990002e-05	0.9994277033614356	1.0	0.9997137697764203	1886	998	4	aa	0.6	38.0
True	PROKKA_06122025__gr_1e-12_lr_1e-12_mu_1e-14	1681	panx	0.998736902489012	1.0	0.9996189892564113	9.999000099990002e-05	0.999796374125063	1.0	0.9998981766956018	1829	974	2	aa	0.6	1135.0
True	PROKKA_06122025__gr_1e-12_lr_1e-12_mu_1e-14	1681	panaroo	0.9914202171376201	1.0	0.9969087901985756	9.999000099990002e-05	0.998351430194472	1.0	0.9991750350911163	1876	991	4	aa	0.5	39.0
True	PROKKA_06122025__gr_1e-12_lr_1e-12_mu_1e-14	1681	panx	0.9987489746959156	1.0	0.9996228393113888	9.999000099990002e-05	0.9997987562556909	1.0000000000000002	0.9998993680020656	1847	982	2	aa	0.7	1133.0
True	PROKKA_06122025__gr_1e-12_lr_1e-12_mu_1e-14	1681	diamond	0.9919239855274824	0.9985424374929925	0.9968919258379367	9.999000099990002e-05	0.9987591129204973	0.9995397398617828	0.9991492739168442	1933	1044	4	aa	0.8	1.0
True	PROKKA_06122025__gr_1e-12_lr_1e-12_mu_1e-14	1681	panx	0.9966169038184005	0.9978292329956585	0.9984800347077009	9.999000099990002e-05	0.9998009839520472	0.9993905426943279	0.9995957211906495	1872	994	3	aa	0.85	1132.0
True	PROKKA_06122025__gr_1e-12_lr_1e-12_mu_1e-14	1681	panta	0.9952667834364783	0.9954561760133923	0.9975562843560692	9.999000099990002e-05	0.9999473482024276	0.9987562496737793	0.9993514440291249	1894	1003	6	aa	0.9	9.0
True	PROKKA_06122025__gr_1e-12_lr_1e-12_mu_1e-14	1681	mmseqs2	0.9984265165481211	0.9997757596143065	0.9992810191328075	9.999000099990002e-05	0.9996945950485984	0.9999123462670717	0.9998034588016067	1937	1047	3	nt	0.8	1.0
True	PROKKA_06122025__gr_1e-12_lr_1e-12_mu_1e-14	1681	panx	0.9970049530658659	0.9981844589687727	0.9987311714804993	9.999000099990002e-05	0.9998001485750343	0.999524195592841	0.999662153039992	1862	988	2	aa	0.8	1134.0
True	PROKKA_06122025__gr_1e-12_lr_1e-12_mu_1e-14	1681	mmseqs2	0.9979003572533675	0.9989909182643795	0.9990566627501863	9.999000099990002e-05	0.9997719058575999	0.999712683925411	0.9997422940144701	1942	1052	3	aa	0.85	1.0
True	PROKKA_06122025__gr_1e-12_lr_1e-12_mu_1e-14	1681	ppanggolin	0.9930072548171247	1.0	0.9975232395167501	9.999000099990002e-05	0.9986799261105472	1.0	0.999339527118771	1880	995	4	aa	0.8	5.0
True	PROKKA_06122025__gr_1e-12_lr_1e-12_mu_1e-14	1681	mmseqs2	0.9972616578664187	0.9997757596143065	0.9987050818473739	9.999000099990002e-05	0.9993623068412821	0.9999293227159365	0.9996457343733803	1932	1042	3	nt	0.5	4.0
True	PROKKA_06122025__gr_1e-12_lr_1e-12_mu_1e-14	1681	hdbscan_dist	0.960435798820735	0.9864334566655455	0.9760648037725002	9.999000099990002e-05	0.9897831843157722	0.9969447118839491	0.9933510405755822	1791	900	0	aa	0.9	0.628
True	PROKKA_06122025__gr_1e-12_lr_1e-12_mu_1e-14	1681	hdbscan_tsne	0.8451019394453534	0.9553761632470008	0.9071081886350147	9.999000099990002e-05	0.9559652437652276	0.9897716678644639	0.972574769062144	1180	226	0	aa	0.9	25.733
True	PROKKA_06122025__gr_1e-12_lr_1e-12_mu_1e-14	1681	hdbscan_umap	0.2583758585845999	0.9459580670478753	0.8111762423133616	9.999000099990002e-05	0.8938301340641871	0.9851512908529088	0.9372715437199325	922	96	0	aa	0.9	8.545
True	PROKKA_06122025__gr_1e-12_lr_1e-12_mu_1e-14	1681	cdhit	0.994716422051365	0.9984303173001458	0.9978108056858207	9.999000099990002e-05	0.9992566882105656	0.9995462795969827	0.9994014629254255	1938	1047	4	nt	0.9	1.0
True	PROKKA_06122025__gr_1e-12_lr_1e-12_mu_1e-14	1681	mmseqs2	0.99756107596633	1.0	0.9989945117557086	9.999000099990002e-05	0.9994500073639986	1.0000000000000002	0.9997249280382228	1934	1046	3	aa	0.7	1.0
True	PROKKA_06122025__gr_1e-12_lr_1e-12_mu_1e-14	1681	mmseqs2	0.9976147271910333	0.9985424374929925	0.9988686943054274	9.999000099990002e-05	0.9997719058575998	0.9996101417497026	0.9996910172597228	1943	1051	4	nt	0.9	1.0
True	PROKKA_06122025__gr_1e-12_lr_1e-12_mu_1e-14	1681	mmseqs2	0.9967259022196073	1.0	0.9984457806349711	9.999000099990002e-05	0.9991493925385981	1.0	0.9995745153090727	1928	1039	4	aa	0.6	1.0
True	PROKKA_06122025__gr_1e-12_lr_1e-12_mu_1e-14	1681	ppanggolin	0.9847314611261174	0.982183157144554	0.9908429968242533	9.999000099990002e-05	0.999868206827328	0.9953260217184738	0.9975919439879061	1952	1024	19	aa	0.95	5.0
True	PROKKA_06122025__gr_1e-12_lr_1e-12_mu_1e-14	1681	ppanggolin	0.9869206861864227	1.0	0.9955179129822066	9.999000099990002e-05	0.9976063699367901	1.0	0.9988017508858437	1870	988	4	aa	0.7	5.0
True	PROKKA_06122025__gr_1e-12_lr_1e-12_mu_1e-14	1681	cdhit	0.9753882941440047	0.9733153941024778	0.9844214442595975	9.999000099990002e-05	0.9998274812399667	0.9918496564540321	0.9958225909339354	2061	1109	35	aa	0.95	0.0
True	PROKKA_06122025__gr_1e-12_lr_1e-12_mu_1e-14	1681	ppanggolin	0.9925971266833078	0.9994061052381518	0.9973752779626067	9.999000099990002e-05	0.998737211378487	0.9998642022805064	0.9993003890801735	1882	996	4	aa	0.85	5.0
True	PROKKA_06122025__gr_1e-12_lr_1e-12_mu_1e-14	1681	mmseqs2	0.99760585685033	1.0	0.9989823237950325	9.999000099990002e-05	0.999443333761086	1.0	0.9997215893896493	1933	1044	3	nt	0.6	1.0
True	PROKKA_06122025__gr_1e-12_lr_1e-12_mu_1e-14	1894	panaroo	1.0	1.0	1.0	9.999000099990002e-05	1.0	1.0	1.0	1894	1026	8	aa	0.85	32.0
True	PROKKA_06122025__gr_1e-12_lr_1e-12_mu_1e-14	1894	panta	0.9996334466775378	0.9997183891861448	0.9997467293571362	9.999000099990002e-05	1.0	0.9998788965137942	0.9999394445901616	1984	1120	8	aa	0.6	11.0
True	PROKKA_06122025__gr_1e-12_lr_1e-12_mu_1e-14	1894	diamond	0.9787474138642802	1.0	0.9924401408889979	9.999000099990002e-05	0.9962654356130436	1.0	0.9981292245408189	1903	1042	11	aa	0.6	2.0
True	PROKKA_06122025__gr_1e-12_lr_1e-12_mu_1e-14	1894	diamond	0.9698679969359626	0.9711090400745573	0.9837228201974982	9.999000099990002e-05	0.9996308544315031	0.9925565997476844	0.9960811667556687	2020	1097	21	aa	0.95	1.0
True	PROKKA_06122025__gr_1e-12_lr_1e-12_mu_1e-14	1894	diamond	0.9891156236435873	0.9996005858074823	0.9957196596118183	9.999000099990002e-05	0.997981986403717	0.999910992559675	0.9989455582344299	1919	1052	10	aa	0.7	2.0
True	PROKKA_06122025__gr_1e-12_lr_1e-12_mu_1e-14	1894	panta	0.9996334466775378	0.9997183891861448	0.9997467293571362	9.999000099990002e-05	1.0	0.9998788965137942	0.9999394445901616	1885	1021	8	aa	0.8	9.0
True	PROKKA_06122025__gr_1e-12_lr_1e-12_mu_1e-14	1894	mmseqs2	0.9955551920980659	1.0	0.9983090353763912	9.999000099990002e-05	0.9991695195775806	1.0	0.9995845872927299	1932	1064	10	nt	0.7	1.0
True	PROKKA_06122025__gr_1e-12_lr_1e-12_mu_1e-14	1894	cdhit	0.9868620796129371	0.9997337238716549	0.9954212532004887	9.999000099990002e-05	0.9978233401937103	0.9999220107396355	0.9988715731194548	1920	1054	11	aa	0.7	0.0
True	PROKKA_06122025__gr_1e-12_lr_1e-12_mu_1e-14	1894	panx	0.9996886889743576	1.0	0.9998454386284362	9.999000099990002e-05	0.9999256599915108	1.0	0.9999628286140948	1790	984	8	aa	0.5	917.0
True	PROKKA_06122025__gr_1e-12_lr_1e-12_mu_1e-14	1894	ppanggolin	0.9795497196368641	1.0	0.9932125486406796	9.999000099990002e-05	0.9967344307107412	1.0000000000000002	0.9983645450095754	1865	1005	9	aa	0.6	5.0
True	PROKKA_06122025__gr_1e-12_lr_1e-12_mu_1e-14	1894	panx	0.9990129970131125	0.999004550625711	0.9992405025596619	9.999000099990002e-05	0.9999298372741233	0.9997069929078057	0.9998184026738068	1875	1019	11	aa	0.9	907.0
True	PROKKA_06122025__gr_1e-12_lr_1e-12_mu_1e-14	1894	panaroo	0.975475120431588	0.9740787445705479	0.9853462859767685	9.999000099990002e-05	1.0	0.9931449572483153	0.9965606903167	1977	1043	35	aa	0.95	32.0
True	PROKKA_06122025__gr_1e-12_lr_1e-12_mu_1e-14	1894	cdhit	0.9924350481956297	1.0	0.9973486321645503	9.999000099990002e-05	0.9986966006430499	1.0	0.9993478753320886	1928	1062	9	nt	0.8	29.0
True	PROKKA_06122025__gr_1e-12_lr_1e-12_mu_1e-14	1894	panta	0.9862815654187983	0.9854970430864545	0.9922718850226185	9.999000099990002e-05	0.9999999999999999	0.9963449280178127	0.9981691180061671	1923	1030	18	aa	0.95	9.0
True	PROKKA_06122025__gr_1e-12_lr_1e-12_mu_1e-14	1894	mmseqs2	0.9864436738223854	1.0	0.9944582591410912	9.999000099990002e-05	0.9972678549659312	1.0000000000000002	0.9986320587760548	1911	1048	11	aa	0.5	3.0
True	PROKKA_06122025__gr_1e-12_lr_1e-12_mu_1e-14	1894	cdhit	0.9788027922901148	0.9997337238716549	0.9925003734733813	9.999000099990002e-05	0.9963674537731919	0.9999287743825243	0.9981449374439739	1905	1043	10	aa	0.6	0.0
True	PROKKA_06122025__gr_1e-12_lr_1e-12_mu_1e-14	1894	panaroo	0.9999027962995746	1.0	0.9998975437803242	9.999000099990002e-05	0.9999510321390109	1.0000000000000002	0.9999755154700279	1893	1025	8	aa	0.8	32.0
True	PROKKA_06122025__gr_1e-12_lr_1e-12_mu_1e-14	1894	cdhit	0.994754200738562	0.9976035148448942	0.9974154250816324	9.999000099990002e-05	0.9993916908767595	0.9993412421758664	0.9993664658896418	1940	1066	10	aa	0.9	0.0
True	PROKKA_06122025__gr_1e-12_lr_1e-12_mu_1e-14	1894	cdhit	0.9942832558591995	1.0	0.9979891419013713	9.999000099990002e-05	0.9990120992636318	0.9999999999999999	0.9995058055242726	1930	1062	9	aa	0.85	0.0
True	PROKKA_06122025__gr_1e-12_lr_1e-12_mu_1e-14	1894	panta	0.9994622966312546	0.9995775837792171	0.9996226265676345	9.999000099990002e-05	0.9999999999999999	0.9998195886921856	0.9999097862082986	1886	1022	8	aa	0.85	9.0
True	PROKKA_06122025__gr_1e-12_lr_1e-12_mu_1e-14	1894	mmseqs2	0.9973717001491906	1.0	0.9991096063382364	9.999000099990002e-05	0.9995630498260892	0.9999999999999999	0.9997814771712505	1937	1069	9	nt	0.85	2.0
True	PROKKA_06122025__gr_1e-12_lr_1e-12_mu_1e-14	1894	mmseqs2	0.9807777565376589	0.9824257755292238	0.9893092898152722	9.999000099990002e-05	1.0	0.9948401014550273	0.9974133773723471	2002	1099	19	aa	0.95	1.0
True	PROKKA_06122025__gr_1e-12_lr_1e-12_mu_1e-14	1894	diamond	0.9934664098345042	0.9965384103315138	0.9962502886362015	9.999000099990002e-05	0.9993102364618219	0.9988534952731947	0.9990818136664524	1952	1082	10	aa	0.9	1.0
True	PROKKA_06122025__gr_1e-12_lr_1e-12_mu_1e-14	1894	mmseqs2	0.9903914387880053	0.991479163892957	0.9947593691766008	9.999000099990002e-05	1.0000000000000002	0.997450303530586	0.998723524452695	1969	1079	20	nt	0.95	2.0
True	PROKKA_06122025__gr_1e-12_lr_1e-12_mu_1e-14	1894	hdbscan_dist	0.9319130803780743	0.9551324723738517	0.9578943927236017	9.999000099990002e-05	0.9897485344150116	0.9896132125342888	0.9896808688489137	1854	894	0	nt	0.9	0.446
True	PROKKA_06122025__gr_1e-12_lr_1e-12_mu_1e-14	1894	hdbscan_tsne	0.778309351933242	0.8602050326188257	0.8646421930427581	9.999000099990002e-05	0.9673067448492088	0.9664629622231563	0.9668846694477885	1623	415	0	nt	0.9	18.482
True	PROKKA_06122025__gr_1e-12_lr_1e-12_mu_1e-14	1894	hdbscan_umap	0.7647975651872592	0.9848222606843297	0.8628687645919315	9.999000099990002e-05	0.9264412184306223	0.9965059062306266	0.9601971204530619	865	39	0	nt	0.9	7.48
True	PROKKA_06122025__gr_1e-12_lr_1e-12_mu_1e-14	1894	panx	0.9879041907727613	0.9883312245184873	0.9927135905726794	9.999000099990002e-05	0.9997271051848803	0.996818544686279	0.9982707063453599	1927	1041	22	aa	0.95	896.0
True	PROKKA_06122025__gr_1e-12_lr_1e-12_mu_1e-14	1894	diamond	0.9928427825509523	1.0	0.9974760175476014	9.999000099990002e-05	0.9987593791162436	1.0	0.9993793045342432	1928	1061	9	aa	0.85	1.0
True	PROKKA_06122025__gr_1e-12_lr_1e-12_mu_1e-14	1894	panta	0.9996334466775378	0.9997183891861448	0.9997467293571362	9.999000099990002e-05	1.0	0.9998788965137942	0.9999394445901616	1984	1120	8	aa	0.7	11.0
True	PROKKA_06122025__gr_1e-12_lr_1e-12_mu_1e-14	1894	mmseqs2	0.9973704456043658	0.9998668619358274	0.999020744580406	9.999000099990002e-05	0.9995834886965219	0.9999360124652846	0.9997597195051855	1938	1070	9	aa	0.8	1.0
True	PROKKA_06122025__gr_1e-12_lr_1e-12_mu_1e-14	1894	panta	0.9996334466775378	0.9997183891861448	0.9997467293571362	9.999000099990002e-05	1.0	0.9998788965137942	0.9999394445901616	1984	1120	8	aa	0.5	11.0
True	PROKKA_06122025__gr_1e-12_lr_1e-12_mu_1e-14	1894	panaroo	0.9995868542024238	0.9997197702115735	0.9995819310231546	9.999000099990002e-05	0.9998749325670738	0.9999252514270532	0.9999000913640034	1892	1022	9	aa	0.7	37.0
True	PROKKA_06122025__gr_1e-12_lr_1e-12_mu_1e-14	1894	cdhit	0.9887436199401055	0.9933430967913727	0.9941412269469486	9.999000099990002e-05	0.9994171487306023	0.9977240219238303	0.9985698676317359	1969	1090	18	nt	0.95	1.0
True	PROKKA_06122025__gr_1e-12_lr_1e-12_mu_1e-14	1894	cdhit	0.9926666322205404	0.9996005858074823	0.9970811846556886	9.999000099990002e-05	0.9986897846865843	0.9998755306924277	0.9992823059387828	1928	1060	10	aa	0.8	1.0
True	PROKKA_06122025__gr_1e-12_lr_1e-12_mu_1e-14	1894	ppanggolin	0.9929294051990418	1.0	0.99758317858725	9.999000099990002e-05	0.99884225670441	0.9999999999999999	0.9994207930657324	1884	1019	9	aa	0.9	5.0
True	PROKKA_06122025__gr_1e-12_lr_1e-12_mu_1e-14	1894	cdhit	0.9676100419449084	0.9997337238716549	0.9885692607858636	9.999000099990002e-05	0.9944395714262289	0.9998936543376787	0.9971591549957738	1888	1033	11	aa	0.5	2.0
True	PROKKA_06122025__gr_1e-12_lr_1e-12_mu_1e-14	1894	panaroo	0.9957778085660318	0.9960767829620288	0.9978652896921941	9.999000099990002e-05	1.0	0.9989830343046001	0.9994912584659561	1904	1027	10	aa	0.9	32.0
True	PROKKA_06122025__gr_1e-12_lr_1e-12_mu_1e-14	1894	ppanggolin	0.9634244950018797	1.0	0.9880403854271197	9.999000099990002e-05	0.9942162573039461	1.0000000000000002	0.99709974147745	1844	992	9	aa	0.5	6.0
True	PROKKA_06122025__gr_1e-12_lr_1e-12_mu_1e-14	1894	cdhit	0.9941971403330156	1.0	0.9979997746922616	9.999000099990002e-05	0.9990173337799179	1.0000000000000002	0.9995084253630638	1931	1064	9	nt	0.85	26.0
True	PROKKA_06122025__gr_1e-12_lr_1e-12_mu_1e-14	1894	embed_hdbscan_raw	0.9146079172574533	0.970043935561177	0.9432210738467205	9.999000099990002e-05	0.9788281859716522	0.9924531644420949	0.9855935890721923	1621	676	0	aa	0.9	27.032
True	PROKKA_06122025__gr_1e-12_lr_1e-12_mu_1e-14	1894	embed_hdbscan_tsne	0.7902853836662653	0.8917587538277193	0.8668701722819816	9.999000099990002e-05	0.9607706172708609	0.972079398838842	0.9663919251618472	1429	276	0	aa	0.9	25.1
True	PROKKA_06122025__gr_1e-12_lr_1e-12_mu_1e-14	1894	embed_hdbscan_umap	0.7438096235120956	0.9802955665024631	0.8569051929048317	9.999000099990002e-05	0.923861822175463	0.9954400462718074	0.9583162191772387	841	7	0	aa	0.9	18.487
True	PROKKA_06122025__gr_1e-12_lr_1e-12_mu_1e-14	1894	diamond	0.9671806703022285	1.0	0.9883395187940629	9.999000099990002e-05	0.9942161086826299	1.0	0.9970996667351208	1883	1027	13	aa	0.5	1.0
True	PROKKA_06122025__gr_1e-12_lr_1e-12_mu_1e-14	1894	mmseqs2	0.9960440468416975	0.9968046864598589	0.998114221661506	9.999000099990002e-05	0.9999395882261802	0.9991379944149895	0.9995386306083034	1947	1070	12	aa	0.9	1.0
True	PROKKA_06122025__gr_1e-12_lr_1e-12_mu_1e-14	1894	panaroo	0.9980110879721776	1.0	0.9991953764612137	9.999000099990002e-05	0.9996151712348459	0.9999999999999999	0.999807548587003	1889	1020	10	aa	0.6	39.0
True	PROKKA_06122025__gr_1e-12_lr_1e-12_mu_1e-14	1894	panx	0.9996964855242674	1.0	0.9998496705054049	9.999000099990002e-05	0.9999279911773793	0.9999999999999999	0.9999639942923252	1835	1001	8	aa	0.6	903.0
True	PROKKA_06122025__gr_1e-12_lr_1e-12_mu_1e-14	1894	panaroo	0.9940088372806886	1.0	0.9973881871243445	9.999000099990002e-05	0.9987485991389652	1.0	0.9993739078233381	1879	1012	10	aa	0.5	39.0
True	PROKKA_06122025__gr_1e-12_lr_1e-12_mu_1e-14	1894	panx	0.9997008876509651	1.0	0.9998517733203759	9.999000099990002e-05	0.9999290056749826	0.9999999999999999	0.9999645015773979	1853	1008	8	aa	0.7	905.0
True	PROKKA_06122025__gr_1e-12_lr_1e-12_mu_1e-14	1894	diamond	0.9913850640972391	1.0	0.9969608066726238	9.999000099990002e-05	0.9985053725921227	1.0000000000000002	0.9992521274006191	1926	1060	9	aa	0.8	2.0
True	PROKKA_06122025__gr_1e-12_lr_1e-12_mu_1e-14	1894	panx	0.9992581367437587	0.999429874572406	0.9994741405024383	9.999000099990002e-05	0.9999296588465703	0.9998188013840882	0.9998742270425985	1870	1017	9	aa	0.85	902.0
True	PROKKA_06122025__gr_1e-12_lr_1e-12_mu_1e-14	1894	panta	0.9969617462607456	0.9969022810475923	0.998248520488436	9.999000099990002e-05	0.9999999999999999	0.9991643570557168	0.9995820038801042	1893	1024	10	aa	0.9	9.0
True	PROKKA_06122025__gr_1e-12_lr_1e-12_mu_1e-14	1894	mmseqs2	0.9975883920293137	1.0	0.9991448851510627	9.999000099990002e-05	0.9995803769467233	1.0	0.9997901444432469	1937	1069	9	nt	0.8	1.0
True	PROKKA_06122025__gr_1e-12_lr_1e-12_mu_1e-14	1894	panx	0.9994053619439576	0.9997142448921275	0.9996137287820341	9.999000099990002e-05	0.9999294586908176	0.9998856024326737	0.9999075300808583	1863	1013	8	aa	0.8	905.0
True	PROKKA_06122025__gr_1e-12_lr_1e-12_mu_1e-14	1894	mmseqs2	0.9972826928036193	0.9997337238716549	0.9989997851311095	9.999000099990002e-05	0.9996337267047904	0.9998755931564496	0.999754645302186	1940	1072	9	aa	0.85	1.0
True	PROKKA_06122025__gr_1e-12_lr_1e-12_mu_1e-14	1894	ppanggolin	0.9914460158719316	1.0	0.9969813223956475	9.999000099990002e-05	0.9985530814694631	1.0	0.9992760169624952	1881	1017	8	aa	0.8	5.0
True	PROKKA_06122025__gr_1e-12_lr_1e-12_mu_1e-14	1894	mmseqs2	0.9952726099056015	0.9997337238716549	0.9980257979572121	9.999000099990002e-05	0.9991082714140059	0.999922111032099	0.9995150255590062	1931	1061	11	nt	0.5	4.0
True	PROKKA_06122025__gr_1e-12_lr_1e-12_mu_1e-14	1894	hdbscan_dist	0.9335168982748496	0.967381174277726	0.9579727678374556	9.999000099990002e-05	0.9865968180723278	0.9925031093052582	0.9895411505218463	1770	835	0	aa	0.9	0.461
True	PROKKA_06122025__gr_1e-12_lr_1e-12_mu_1e-14	1894	hdbscan_tsne	0.7727498181167878	0.8716549061376647	0.8628509302794686	9.999000099990002e-05	0.9636770605719472	0.9682724427050858	0.9659692862945948	1586	433	0	aa	0.9	24.938
True	PROKKA_06122025__gr_1e-12_lr_1e-12_mu_1e-14	1894	hdbscan_umap	0.07861445942110416	0.9689788310477966	0.7381554056331714	9.999000099990002e-05	0.8451842276536997	0.9911322802097473	0.9123583730414498	809	24	0	aa	0.9	9.118
True	PROKKA_06122025__gr_1e-12_lr_1e-12_mu_1e-14	1894	cdhit	0.9945201503710815	1.0	0.998232138685956	9.999000099990002e-05	0.9991316900986476	1.0	0.999565656476933	1933	1066	9	nt	0.9	1.0
True	PROKKA_06122025__gr_1e-12_lr_1e-12_mu_1e-14	1894	mmseqs2	0.9955098841981423	0.9998668619358274	0.9983013733247664	9.999000099990002e-05	0.9992299313514006	0.999935989826036	0.9995828359070787	1934	1066	10	aa	0.7	1.0
True	PROKKA_06122025__gr_1e-12_lr_1e-12_mu_1e-14	1894	mmseqs2	0.997151891182511	0.9996005858074823	0.9989367504791647	9.999000099990002e-05	0.9996337267047904	0.9998447017452023	0.9997392030944768	1940	1071	10	nt	0.9	2.0
True	PROKKA_06122025__gr_1e-12_lr_1e-12_mu_1e-14	1894	mmseqs2	0.9937667859945565	1.0	0.997608976053014	9.999000099990002e-05	0.9988248849665253	0.9999999999999999	0.9994120970564689	1928	1060	11	aa	0.6	1.0
True	PROKKA_06122025__gr_1e-12_lr_1e-12_mu_1e-14	1894	ppanggolin	0.9932488246109239	0.9943954042314698	0.996140187808205	9.999000099990002e-05	0.9996157951708027	0.9985453145117138	0.9990802680954007	1908	1030	12	aa	0.95	5.0
True	PROKKA_06122025__gr_1e-12_lr_1e-12_mu_1e-14	1894	ppanggolin	0.9867855605475212	1.0	0.9956686771349873	9.999000099990002e-05	0.9979212018707844	1.0	0.9989595194608931	1874	1010	8	aa	0.7	5.0
True	PROKKA_06122025__gr_1e-12_lr_1e-12_mu_1e-14	1894	cdhit	0.9829069638853699	0.9845559845559846	0.9898068704486201	9.999000099990002e-05	0.9997428817260806	0.9953250835766081	0.9975290913541984	2002	1104	25	aa	0.95	0.0
True	PROKKA_06122025__gr_1e-12_lr_1e-12_mu_1e-14	1894	ppanggolin	0.9915415848632998	1.0	0.9970831861620134	9.999000099990002e-05	0.9986020493304522	1.0	0.9993005357569726	1882	1018	8	aa	0.85	6.0
True	PROKKA_06122025__gr_1e-12_lr_1e-12_mu_1e-14	1894	mmseqs2	0.9955551920980659	1.0	0.9983090353763912	9.999000099990002e-05	0.9991695195775806	1.0	0.9995845872927299	1932	1064	10	nt	0.6	1.0
True	PROKKA_06122025__gr_1e-12_lr_1e-12_mu_1e-14	5319	panaroo	0.9986415364401856	0.9992480260684297	0.9993630224743888	9.999000099990002e-05	0.9998420494598291	0.9998249198885085	0.9998334846008011	1892	1051	2	aa	0.85	32.0
True	PROKKA_06122025__gr_1e-12_lr_1e-12_mu_1e-14	5319	panta	0.9995008901452194	0.9996214033316507	0.9995974924478972	9.999000099990002e-05	0.9999442930962669	0.9998450807869769	0.999894684480592	1882	1048	1	aa	0.6	9.0
True	PROKKA_06122025__gr_1e-12_lr_1e-12_mu_1e-14	5319	diamond	0.9737055950317087	0.999879168680522	0.9918513270172329	9.999000099990002e-05	0.9956993105462031	0.9999486896753006	0.9978194759604556	1902	1069	7	aa	0.6	1.0
True	PROKKA_06122025__gr_1e-12_lr_1e-12_mu_1e-14	5319	diamond	0.9679498950144074	0.9683421942967617	0.9821191770842892	9.999000099990002e-05	0.99951953941547	0.9912279446343337	0.9953564745048962	2042	1126	39	aa	0.95	1.0
True	PROKKA_06122025__gr_1e-12_lr_1e-12_mu_1e-14	5319	diamond	0.9838479777626938	0.999879168680522	0.9952128331361066	9.999000099990002e-05	0.9975030313663139	0.9999487824517214	0.998724409576684	1918	1081	4	aa	0.7	1.0
True	PROKKA_06122025__gr_1e-12_lr_1e-12_mu_1e-14	5319	panta	0.999241896585785	0.9994952044422009	0.9994692976949386	9.999000099990002e-05	0.9999442930962669	0.9997780503187869	0.9998611647974023	1882	1048	1	aa	0.8	9.0
True	PROKKA_06122025__gr_1e-12_lr_1e-12_mu_1e-14	5319	mmseqs2	0.9908636034728389	1.0	0.997452416775173	9.999000099990002e-05	0.9986467421953475	0.9999999999999998	0.9993229129610137	1932	1095	3	nt	0.7	1.0
True	PROKKA_06122025__gr_1e-12_lr_1e-12_mu_1e-14	5319	cdhit	0.9844893838447145	0.999637506041566	0.9952618168007719	9.999000099990002e-05	0.9975594421109495	0.9999187777505422	0.9987377165576904	1920	1083	4	aa	0.7	0.0
True	PROKKA_06122025__gr_1e-12_lr_1e-12_mu_1e-14	5319	panx	0.9978356418843544	1.0	0.9990966314712838	9.999000099990002e-05	0.999525121051696	1.0	0.9997625041349547	1787	1009	1	aa	0.5	938.0
True	PROKKA_06122025__gr_1e-12_lr_1e-12_mu_1e-14	5319	ppanggolin	0.9771944900279645	1.0	0.9931417251595029	9.999000099990002e-05	0.996389740905439	1.0	0.9981916060673987	1860	1028	4	aa	0.6	5.0
True	PROKKA_06122025__gr_1e-12_lr_1e-12_mu_1e-14	5319	panx	0.9959117783295305	0.9978385251112524	0.9979479792801703	9.999000099990002e-05	0.999657912262401	0.9992695845786312	0.9994637107006913	1876	1045	4	aa	0.9	960.0
True	PROKKA_06122025__gr_1e-12_lr_1e-12_mu_1e-14	5319	panaroo	0.9657177878127005	0.963779922296027	0.9792617764415034	9.999000099990002e-05	0.9999262763567971	0.9895559456105393	0.9947140829060611	2028	1091	52	aa	0.95	34.0
True	PROKKA_06122025__gr_1e-12_lr_1e-12_mu_1e-14	5319	cdhit	0.9910979340548871	1.0	0.9971988406168155	9.999000099990002e-05	0.9985116644321197	1.0	0.9992552780179528	1928	1091	3	nt	0.8	31.0
True	PROKKA_06122025__gr_1e-12_lr_1e-12_mu_1e-14	5319	panta	0.9846727271471373	0.9840989399293286	0.9909348545092018	9.999000099990002e-05	0.9999490604430097	0.9953687609436271	0.9976536536001176	1934	1065	12	aa	0.95	9.0
True	PROKKA_06122025__gr_1e-12_lr_1e-12_mu_1e-14	5319	mmseqs2	0.9803664800805499	1.0	0.9933918633475973	9.999000099990002e-05	0.9964756266039623	0.9999999999999998	0.9982347025182406	1910	1080	5	aa	0.5	3.0
True	PROKKA_06122025__gr_1e-12_lr_1e-12_mu_1e-14	5319	cdhit	0.9758668074544746	0.999637506041566	0.9923586335069462	9.999000099990002e-05	0.9960484285031272	0.9998734240007906	0.9979572611308675	1906	1073	4	aa	0.6	0.0
True	PROKKA_06122025__gr_1e-12_lr_1e-12_mu_1e-14	5319	panaroo	0.9964839721269992	0.9994986840456197	0.9989417639639525	9.999000099990002e-05	0.999564847727792	0.9998814853696015	0.999723141476907	1890	1051	1	aa	0.8	32.0
True	PROKKA_06122025__gr_1e-12_lr_1e-12_mu_1e-14	5319	cdhit	0.9943161987756869	0.9977042049299178	0.9971304749377358	9.999000099990002e-05	0.9992312892008284	0.9992482098171558	0.9992397494373608	1943	1097	8	aa	0.9	0.0
True	PROKKA_06122025__gr_1e-12_lr_1e-12_mu_1e-14	5319	cdhit	0.9936324070002109	1.0	0.9978914586376813	9.999000099990002e-05	0.9988804368791585	1.0	0.9994399049086751	1930	1091	3	aa	0.85	0.0
True	PROKKA_06122025__gr_1e-12_lr_1e-12_mu_1e-14	5319	panta	0.998723507687675	0.9989904088844018	0.999224604350845	9.999000099990002e-05	0.9999442930962669	0.9996501772116081	0.9997972135235131	1883	1048	1	aa	0.85	9.0
True	PROKKA_06122025__gr_1e-12_lr_1e-12_mu_1e-14	5319	mmseqs2	0.9971787592664192	1.0	0.999174328091191	9.999000099990002e-05	0.9995621524679801	1.0	0.9997810282958799	1938	1098	3	nt	0.85	2.0
True	PROKKA_06122025__gr_1e-12_lr_1e-12_mu_1e-14	5319	mmseqs2	0.9754420332718375	0.9753504108264862	0.9853534094565038	9.999000099990002e-05	0.9999237440072429	0.9924810041024751	0.9961884726682702	2041	1152	19	aa	0.95	1.0
True	PROKKA_06122025__gr_1e-12_lr_1e-12_mu_1e-14	5319	diamond	0.9926353577200984	0.9971000483325277	0.996305954568699	9.999000099990002e-05	0.9990230094904746	0.9990196925842355	0.9990213510346018	1948	1106	7	aa	0.9	1.0
True	PROKKA_06122025__gr_1e-12_lr_1e-12_mu_1e-14	5319	mmseqs2	0.9857658605196314	0.986104398260029	0.9919629898104291	9.999000099990002e-05	0.9998793967805014	0.9959101810900481	0.9978908419577548	1989	1119	12	nt	0.95	1.0
True	PROKKA_06122025__gr_1e-12_lr_1e-12_mu_1e-14	5319	hdbscan_dist	0.9517630518333127	0.9702754954084098	0.9697793206092356	9.999000099990002e-05	0.9911942583435968	0.9927347015834257	0.9919638819165492	1843	931	0	nt	0.9	0.497
True	PROKKA_06122025__gr_1e-12_lr_1e-12_mu_1e-14	5319	hdbscan_tsne	0.7358817661535378	0.8072740454325761	0.8481530921214194	9.999000099990002e-05	0.9710149834859138	0.952391504424087	0.9616130825734759	1815	496	0	nt	0.9	20.396
True	PROKKA_06122025__gr_1e-12_lr_1e-12_mu_1e-14	5319	hdbscan_umap	0.7610993442281728	0.9788545190913485	0.8696072249336072	9.999000099990002e-05	0.9267884043775255	0.994924389650608	0.9596484869393769	855	44	0	nt	0.9	7.426
True	PROKKA_06122025__gr_1e-12_lr_1e-12_mu_1e-14	5319	panx	0.9856001875653239	0.9876977152899824	0.9919734019730713	9.999000099990002e-05	0.9993996994544546	0.9964365228275224	0.9979159114575614	1931	1072	12	aa	0.95	943.0
True	PROKKA_06122025__gr_1e-12_lr_1e-12_mu_1e-14	5319	diamond	0.9910700493310949	0.9991541807636539	0.9968650748286589	9.999000099990002e-05	0.9985924162626097	0.9997426626126957	0.9991672083954067	1932	1092	4	aa	0.85	1.0
True	PROKKA_06122025__gr_1e-12_lr_1e-12_mu_1e-14	5319	panta	0.9996303367479382	0.9997476022211005	0.9996997219735329	9.999000099990002e-05	0.9999442930962669	0.9998985531540829	0.9999214226020982	1880	1046	1	aa	0.7	9.0
True	PROKKA_06122025__gr_1e-12_lr_1e-12_mu_1e-14	5319	mmseqs2	0.9949804251289285	1.0	0.9986716587248761	9.999000099990002e-05	0.9992952430964774	0.9999999999999999	0.999647497333895	1937	1098	3	aa	0.8	1.0
True	PROKKA_06122025__gr_1e-12_lr_1e-12_mu_1e-14	5319	panta	0.9995008901452194	0.9996214033316507	0.9995974924478972	9.999000099990002e-05	0.9999442930962669	0.9998450807869769	0.999894684480592	1882	1048	1	aa	0.5	9.0
True	PROKKA_06122025__gr_1e-12_lr_1e-12_mu_1e-14	5319	panaroo	0.9962281467291108	0.9996240130342148	0.9987600547624079	9.999000099990002e-05	0.9994699826735054	0.9998811588286738	0.999675528470915	1888	1049	1	aa	0.7	36.0
True	PROKKA_06122025__gr_1e-12_lr_1e-12_mu_1e-14	5319	cdhit	0.9883753317776813	0.9910584823586274	0.9936315790434982	9.999000099990002e-05	0.9994451404330911	0.997201021180335	0.9983218196740904	1973	1115	10	nt	0.95	1.0
True	PROKKA_06122025__gr_1e-12_lr_1e-12_mu_1e-14	5319	cdhit	0.9891849473197459	0.998912518124698	0.9963469542165039	9.999000099990002e-05	0.9983532367204218	0.9997058891362333	0.9990291050668623	1929	1090	3	aa	0.8	0.0
True	PROKKA_06122025__gr_1e-12_lr_1e-12_mu_1e-14	5319	ppanggolin	0.9935239912002923	1.0	0.9978853552153771	9.999000099990002e-05	0.9988920425056405	1.0	0.9994457141902617	1881	1043	3	aa	0.9	5.0
True	PROKKA_06122025__gr_1e-12_lr_1e-12_mu_1e-14	5319	cdhit	0.9659623303482678	0.998912518124698	0.9885594822081258	9.999000099990002e-05	0.9941783231590876	0.9996958579699141	0.9969294563841005	1888	1058	7	aa	0.5	2.0
True	PROKKA_06122025__gr_1e-12_lr_1e-12_mu_1e-14	5319	panaroo	0.9951149096660371	0.9949868404561976	0.9971325810121244	9.999000099990002e-05	0.9998815229002428	0.9986245565278777	0.9992526444276818	1906	1052	7	aa	0.9	33.0
True	PROKKA_06122025__gr_1e-12_lr_1e-12_mu_1e-14	5319	ppanggolin	0.966048204906372	1.0	0.9890033758811507	9.999000099990002e-05	0.9941873510091571	1.0000000000000002	0.9970852041620356	1839	1014	5	aa	0.5	6.0
True	PROKKA_06122025__gr_1e-12_lr_1e-12_mu_1e-14	5319	cdhit	0.9926659910958515	0.999637506041566	0.9974374855457161	9.999000099990002e-05	0.9987925089186921	0.9998468880568628	0.9993194203697316	1932	1094	3	nt	0.85	28.0
True	PROKKA_06122025__gr_1e-12_lr_1e-12_mu_1e-14	5319	embed_hdbscan_raw	0.9294471521151019	0.9728129531174481	0.9508861470758877	9.999000099990002e-05	0.9807881381849518	0.9925220228743783	0.9866201939587089	1633	707	0	aa	0.9	29.983
True	PROKKA_06122025__gr_1e-12_lr_1e-12_mu_1e-14	5319	embed_hdbscan_tsne	0.7682492120262333	0.8484775253745771	0.8567678375546827	9.999000099990002e-05	0.9652395600100614	0.9598717356160222	0.9625481642096806	1613	374	0	aa	0.9	24.083
True	PROKKA_06122025__gr_1e-12_lr_1e-12_mu_1e-14	5319	embed_hdbscan_umap	0.7593011405959998	0.9777670372160464	0.8677651015486021	9.999000099990002e-05	0.925836777467821	0.9946595654062319	0.9590150068550708	825	5	0	aa	0.9	14.81
True	PROKKA_06122025__gr_1e-12_lr_1e-12_mu_1e-14	5319	diamond	0.9681766066402828	0.999879168680522	0.9892666574026029	9.999000099990002e-05	0.9943041466535031	0.9999486176826067	0.9971183942003888	1885	1055	8	aa	0.5	1.0
True	PROKKA_06122025__gr_1e-12_lr_1e-12_mu_1e-14	5319	mmseqs2	0.9976625449608817	0.9983083615273078	0.9985941317812254	9.999000099990002e-05	0.9998355089539561	0.9994203971318925	0.9996279099474346	1947	1101	7	aa	0.9	1.0
True	PROKKA_06122025__gr_1e-12_lr_1e-12_mu_1e-14	5319	panaroo	0.994630805683084	1.0	0.9982519192068696	9.999000099990002e-05	0.9990844337547817	1.0	0.999542007216024	1884	1047	2	aa	0.6	37.0
True	PROKKA_06122025__gr_1e-12_lr_1e-12_mu_1e-14	5319	panx	0.9977644637372028	0.9998697407841605	0.9990187184395113	9.999000099990002e-05	0.9995408758793174	0.9999445659930758	0.9997426801842849	1829	1023	1	aa	0.6	924.0
True	PROKKA_06122025__gr_1e-12_lr_1e-12_mu_1e-14	5319	panaroo	0.9891930776665911	1.0	0.9964428939606967	9.999000099990002e-05	0.9981336098702368	1.0000000000000002	0.9990659332686544	1874	1038	3	aa	0.5	38.0
True	PROKKA_06122025__gr_1e-12_lr_1e-12_mu_1e-14	5319	panx	0.9977811772172924	0.9997433923530922	0.9990697324936526	9.999000099990002e-05	0.9995937972164307	0.9999186571644022	0.9997562008004869	1849	1028	2	aa	0.7	925.0
True	PROKKA_06122025__gr_1e-12_lr_1e-12_mu_1e-14	5319	diamond	0.9891048765037145	0.999758337361044	0.99662173870464	9.999000099990002e-05	0.9983044380095997	0.99990008584264	0.9991016248311737	1929	1092	3	aa	0.8	1.0
True	PROKKA_06122025__gr_1e-12_lr_1e-12_mu_1e-14	5319	panx	0.9972418602048875	0.9992370295015259	0.9987204413130503	9.999000099990002e-05	0.9995978902531694	0.999732342953035	0.9996651120822061	1868	1040	1	aa	0.85	916.0
True	PROKKA_06122025__gr_1e-12_lr_1e-12_mu_1e-14	5319	panta	0.997406615084138	0.9978546188793539	0.998442237565571	9.999000099990002e-05	0.9999442930962669	0.9992419595553809	0.9995930029575278	1888	1049	3	aa	0.9	9.0
True	PROKKA_06122025__gr_1e-12_lr_1e-12_mu_1e-14	5319	mmseqs2	0.9967213846609663	1.0	0.9989566549572311	9.999000099990002e-05	0.9994466026319223	0.9999999999999998	0.9997232247326089	1936	1096	3	nt	0.8	1.0
True	PROKKA_06122025__gr_1e-12_lr_1e-12_mu_1e-14	5319	panx	0.99741531545469	0.9993615119397268	0.9988295782050346	9.999000099990002e-05	0.9995960146794158	0.9997913305699949	0.9996936630847086	1861	1036	1	aa	0.8	921.0
True	PROKKA_06122025__gr_1e-12_lr_1e-12_mu_1e-14	5319	mmseqs2	0.9971787592664192	1.0	0.9991743280911906	9.999000099990002e-05	0.9995621524679801	0.9999999999999999	0.9997810282958798	1938	1098	3	aa	0.85	1.0
True	PROKKA_06122025__gr_1e-12_lr_1e-12_mu_1e-14	5319	ppanggolin	0.9893727797082803	1.0	0.996833334928378	9.999000099990002e-05	0.9983391211221058	1.0	0.9991688703582194	1878	1042	2	aa	0.8	5.0
True	PROKKA_06122025__gr_1e-12_lr_1e-12_mu_1e-14	5319	mmseqs2	0.9908468698068174	1.0	0.997408293578111	9.999000099990002e-05	0.9986232434744842	0.9999999999999999	0.9993111475461867	1931	1093	4	nt	0.5	4.0
True	PROKKA_06122025__gr_1e-12_lr_1e-12_mu_1e-14	5319	hdbscan_dist	0.9582572249922242	0.9882793620106332	0.9714224489665011	9.999000099990002e-05	0.9873222706998837	0.9972261537190482	0.9922494995600667	1768	939	0	aa	0.9	0.509
True	PROKKA_06122025__gr_1e-12_lr_1e-12_mu_1e-14	5319	hdbscan_tsne	0.8340233915607544	0.9708796520058	0.8974136477951585	9.999000099990002e-05	0.947298964699734	0.9933153411693679	0.9697615764907952	1080	219	0	aa	0.9	28.419
True	PROKKA_06122025__gr_1e-12_lr_1e-12_mu_1e-14	5319	hdbscan_umap	0.07738010137574824	0.9590381826969551	0.747856373296178	9.999000099990002e-05	0.8452569043321985	0.9882047035231261	0.9111582647465903	817	62	0	aa	0.9	8.684
True	PROKKA_06122025__gr_1e-12_lr_1e-12_mu_1e-14	5319	cdhit	0.993438911100809	0.99939584340261	0.9977602767794935	9.999000099990002e-05	0.9990230110711947	0.9997883977939246	0.9994055578912618	1936	1097	3	nt	0.9	1.0
True	PROKKA_06122025__gr_1e-12_lr_1e-12_mu_1e-14	5319	mmseqs2	0.9928757479822602	1.0	0.9979351458563465	9.999000099990002e-05	0.99890368501851	0.9999999999999999	0.9994515418678215	1933	1095	3	aa	0.7	1.0
True	PROKKA_06122025__gr_1e-12_lr_1e-12_mu_1e-14	5319	mmseqs2	0.9983632183158976	0.9990333494441759	0.9990450076184034	9.999000099990002e-05	0.9998355089539559	0.9996587060562981	0.9997470996883341	1944	1101	4	nt	0.9	2.0
True	PROKKA_06122025__gr_1e-12_lr_1e-12_mu_1e-14	5319	mmseqs2	0.9887595954176661	1.0	0.9966600955562026	9.999000099990002e-05	0.998224473438093	0.9999999999999998	0.9991114478951144	1928	1092	4	aa	0.6	1.0
True	PROKKA_06122025__gr_1e-12_lr_1e-12_mu_1e-14	5319	ppanggolin	0.9904652436806197	0.9931069056272716	0.994967685647324	9.999000099990002e-05	0.9993418366782915	0.99803613313577	0.9986885581320871	1912	1062	5	aa	0.95	5.0
True	PROKKA_06122025__gr_1e-12_lr_1e-12_mu_1e-14	5319	ppanggolin	0.9823060380656116	1.0	0.9949876219914675	9.999000099990002e-05	0.9973662722707597	1.0	0.998681399718317	1869	1035	2	aa	0.7	5.0
True	PROKKA_06122025__gr_1e-12_lr_1e-12_mu_1e-14	5319	cdhit	0.979145470220934	0.9806669888835186	0.9869941084909816	9.999000099990002e-05	0.9995998400299213	0.9936248933040881	0.996603411332521	2035	1154	33	aa	0.95	0.0
True	PROKKA_06122025__gr_1e-12_lr_1e-12_mu_1e-14	5319	ppanggolin	0.9915342991963539	1.0	0.9973407798739863	9.999000099990002e-05	0.9986059664156139	1.0	0.9993024970365288	1879	1042	2	aa	0.85	5.0
True	PROKKA_06122025__gr_1e-12_lr_1e-12_mu_1e-14	5319	mmseqs2	0.9908636034728389	1.0	0.997452416775173	9.999000099990002e-05	0.9986467421953475	0.9999999999999998	0.9993229129610137	1932	1095	3	nt	0.6	1.0
True	PROKKA_06122025__gr_1e-12_lr_1e-12_mu_1e-14	5455	panaroo	0.9996972606849548	0.9997602205970507	0.9997953319165158	9.999000099990002e-05	1.0	0.9998905351865506	0.999945264597475	1892	1026	3	aa	0.85	33.0
True	PROKKA_06122025__gr_1e-12_lr_1e-12_mu_1e-14	5455	panta	0.9995264917290407	0.9991560163973957	0.9994733119197553	9.999000099990002e-05	1.0	0.9997181356329587	0.9998590479517995	1979	1120	3	aa	0.6	11.0
True	PROKKA_06122025__gr_1e-12_lr_1e-12_mu_1e-14	5455	diamond	0.9827503947600832	1.0	0.9935934646232786	9.999000099990002e-05	0.9965268039931401	1.0	0.9982603809776491	1903	1043	10	aa	0.6	1.0
True	PROKKA_06122025__gr_1e-12_lr_1e-12_mu_1e-14	5455	diamond	0.9775087641315872	0.9766845418512474	0.9866535575910352	9.999000099990002e-05	0.9997907103752791	0.993153784897017	0.9964611964553679	2026	1104	28	aa	0.95	1.0
True	PROKKA_06122025__gr_1e-12_lr_1e-12_mu_1e-14	5455	diamond	0.9889793235506471	1.0	0.9960149061705125	9.999000099990002e-05	0.9978447384312428	1.0	0.9989212066747241	1917	1054	7	aa	0.7	1.0
True	PROKKA_06122025__gr_1e-12_lr_1e-12_mu_1e-14	5455	panta	0.9997633018073121	0.9997588618278274	0.9998491200071475	9.999000099990002e-05	1.0	0.9999192079963293	0.9999596023662618	1881	1020	4	aa	0.8	8.0
True	PROKKA_06122025__gr_1e-12_lr_1e-12_mu_1e-14	5455	mmseqs2	0.9968692933353758	1.0	0.9988339082367681	9.999000099990002e-05	0.9993710989747846	1.0	0.9996854505771651	1932	1064	8	nt	0.7	1.0
True	PROKKA_06122025__gr_1e-12_lr_1e-12_mu_1e-14	5455	cdhit	0.9900032240161268	0.9997668454185125	0.996273061261358	9.999000099990002e-05	0.9980739053147922	0.9999114569047091	0.9989918361096045	1920	1055	9	aa	0.7	0.0
True	PROKKA_06122025__gr_1e-12_lr_1e-12_mu_1e-14	5455	panx	0.9998911969077189	1.0	0.9999025600352612	9.999000099990002e-05	0.9999476217412351	1.0	0.9999738101847291	1783	981	2	aa	0.5	922.0
True	PROKKA_06122025__gr_1e-12_lr_1e-12_mu_1e-14	5455	ppanggolin	0.9808038222671676	1.0	0.9937255222552729	9.999000099990002e-05	0.9966222006646844	1.0	0.9983082431247179	1858	1001	6	aa	0.6	5.0
True	PROKKA_06122025__gr_1e-12_lr_1e-12_mu_1e-14	5455	panx	0.9986317141244521	0.998661800486618	0.9992067502740462	9.999000099990002e-05	0.9999508605763661	0.999624778180775	0.9997877927904969	1871	1017	4	aa	0.9	923.0
True	PROKKA_06122025__gr_1e-12_lr_1e-12_mu_1e-14	5455	panaroo	0.9786902258416463	0.97650161851097	0.9862474550427363	9.999000099990002e-05	1.0	0.9927937296482235	0.9963838352938573	1994	1067	28	aa	0.95	32.0
True	PROKKA_06122025__gr_1e-12_lr_1e-12_mu_1e-14	5455	cdhit	0.9927358065554952	1.0	0.9975230852727266	9.999000099990002e-05	0.9986624105921093	1.0000000000000002	0.9993307577103557	1928	1065	6	nt	0.8	31.0
True	PROKKA_06122025__gr_1e-12_lr_1e-12_mu_1e-14	5455	panta	0.9884417159915257	0.9878225223052809	0.9931115295153883	9.999000099990002e-05	1.0	0.9963489992726834	0.9981711610902468	1927	1043	9	aa	0.95	8.0
True	PROKKA_06122025__gr_1e-12_lr_1e-12_mu_1e-14	5455	mmseqs2	0.9857930623386958	1.0	0.9947958808077525	9.999000099990002e-05	0.9971820442981003	1.0	0.99858903412939	1911	1050	9	aa	0.5	2.0
True	PROKKA_06122025__gr_1e-12_lr_1e-12_mu_1e-14	5455	cdhit	0.9837077388709761	0.9991839589647936	0.9936467006650359	9.999000099990002e-05	0.996787651215335	0.99977039686791	0.9982767960143342	1906	1044	9	aa	0.6	0.0
True	PROKKA_06122025__gr_1e-12_lr_1e-12_mu_1e-14	5455	panaroo	0.9997982753990567	1.0	0.9998890554862656	9.999000099990002e-05	0.9999406372674201	1.0	0.9999703177527003	1889	1025	2	aa	0.8	34.0
True	PROKKA_06122025__gr_1e-12_lr_1e-12_mu_1e-14	5455	cdhit	0.9969058259997938	0.9977850314758685	0.9980056263647906	9.999000099990002e-05	0.9995143710613466	0.999411518439583	0.9994629421043781	1939	1068	7	aa	0.9	0.0
True	PROKKA_06122025__gr_1e-12_lr_1e-12_mu_1e-14	5455	cdhit	0.9936146044193384	0.9998834227092562	0.9978241260965253	9.999000099990002e-05	0.9988786986167408	0.9999468039751249	0.9994124659160798	1931	1067	6	aa	0.85	0.0
True	PROKKA_06122025__gr_1e-12_lr_1e-12_mu_1e-14	5455	panta	0.9992557145350389	0.9993971545695683	0.9996267809486147	9.999000099990002e-05	1.0	0.9998002194101716	0.999900099726018	1882	1021	3	aa	0.85	9.0
True	PROKKA_06122025__gr_1e-12_lr_1e-12_mu_1e-14	5455	mmseqs2	0.9979001021770966	1.0	0.9993938919989311	9.999000099990002e-05	0.9996732931811014	0.9999999999999999	0.9998366199018547	1937	1070	6	nt	0.85	1.0
True	PROKKA_06122025__gr_1e-12_lr_1e-12_mu_1e-14	5455	mmseqs2	0.9816228869358976	0.9820470972254605	0.9891813895794432	9.999000099990002e-05	1.0	0.9942669539803153	0.997125236414191	2019	1113	22	aa	0.95	1.0
True	PROKKA_06122025__gr_1e-12_lr_1e-12_mu_1e-14	5455	diamond	0.9928278930718726	0.9947540219165306	0.9959672856436838	9.999000099990002e-05	0.9993428000372929	0.998489484591059	0.9989159600798473	1954	1081	9	aa	0.9	1.0
True	PROKKA_06122025__gr_1e-12_lr_1e-12_mu_1e-14	5455	mmseqs2	0.9893019793588819	0.9900909302867801	0.9936142026044791	9.999000099990002e-05	0.999977339146201	0.9966154118378052	0.998293545031154	1987	1097	18	nt	0.95	1.0
True	PROKKA_06122025__gr_1e-12_lr_1e-12_mu_1e-14	5455	hdbscan_dist	0.96984658728347	0.9904406621590114	0.9788507922929838	9.999000099990002e-05	0.9908232792602453	0.9976242872162738	0.9942121526300408	1832	987	0	nt	0.9	0.558
True	PROKKA_06122025__gr_1e-12_lr_1e-12_mu_1e-14	5455	hdbscan_tsne	0.845086131134694	0.9771508510142224	0.9015587401750369	9.999000099990002e-05	0.9479312870410965	0.9942170724583359	0.9705226323045347	1039	153	0	nt	0.9	21.328
True	PROKKA_06122025__gr_1e-12_lr_1e-12_mu_1e-14	5455	hdbscan_umap	0.7703708306059434	0.9846117976218233	0.873982445205379	9.999000099990002e-05	0.9279239073417582	0.9954134882570115	0.9604845988621573	879	80	0	nt	0.9	7.611
True	PROKKA_06122025__gr_1e-12_lr_1e-12_mu_1e-14	5455	panx	0.9895805092069884	0.9897836538461539	0.9939660505918573	9.999000099990002e-05	0.99985622759073	0.9969416310068919	0.9983968021748235	1922	1039	10	aa	0.95	934.0
True	PROKKA_06122025__gr_1e-12_lr_1e-12_mu_1e-14	5455	diamond	0.991888116235728	1.0	0.9973471768655772	9.999000099990002e-05	0.9985671689581388	1.0	0.999283070859906	1927	1063	7	aa	0.85	1.0
True	PROKKA_06122025__gr_1e-12_lr_1e-12_mu_1e-14	5455	panta	0.9995264917290407	0.9991560163973957	0.9994733119197553	9.999000099990002e-05	1.0	0.9997181356329587	0.9998590479517995	1979	1120	3	aa	0.7	11.0
True	PROKKA_06122025__gr_1e-12_lr_1e-12_mu_1e-14	5455	mmseqs2	0.9980271180584779	1.0	0.9994080007051116	9.999000099990002e-05	0.9996809024370054	1.0	0.999840425758627	1937	1070	6	aa	0.8	0.0
True	PROKKA_06122025__gr_1e-12_lr_1e-12_mu_1e-14	5455	panta	0.9995264917290407	0.9991560163973957	0.9994733119197557	9.999000099990002e-05	1.0	0.9997181356329589	0.9998590479517996	1980	1121	3	aa	0.5	12.0
True	PROKKA_06122025__gr_1e-12_lr_1e-12_mu_1e-14	5455	panaroo	0.9994956884976419	0.9998801102985253	0.9996443436518807	9.999000099990002e-05	0.9998644308381096	0.9999452571764423	0.9999048423738963	1888	1023	3	aa	0.7	37.0
True	PROKKA_06122025__gr_1e-12_lr_1e-12_mu_1e-14	5455	cdhit	0.9911315761226477	0.9934716717183493	0.9948383918766668	9.999000099990002e-05	0.9996601323473758	0.997575079096174	0.9986165173554585	1972	1090	16	nt	0.95	1.0
True	PROKKA_06122025__gr_1e-12_lr_1e-12_mu_1e-14	5455	cdhit	0.9921486271815261	0.9994171135462812	0.9971667685208313	9.999000099990002e-05	0.9985833915555365	0.9998865478683685	0.9992345448328133	1927	1062	7	aa	0.8	0.0
True	PROKKA_06122025__gr_1e-12_lr_1e-12_mu_1e-14	5455	ppanggolin	0.9943822562114223	1.0	0.9980976065306322	9.999000099990002e-05	0.9989802898470721	1.0	0.9994898848387315	1880	1018	3	aa	0.9	4.0
True	PROKKA_06122025__gr_1e-12_lr_1e-12_mu_1e-14	5455	cdhit	0.9718693462097231	0.9995336908370249	0.9898932769614625	9.999000099990002e-05	0.9946348287090546	0.9998677657522673	0.9972444324539055	1888	1034	10	aa	0.5	3.0
True	PROKKA_06122025__gr_1e-12_lr_1e-12_mu_1e-14	5455	panaroo	0.9947944474856867	0.9947248531351157	0.9970749475241785	9.999000099990002e-05	1.0	0.9984420329928653	0.9992204092080662	1909	1030	7	aa	0.9	33.0
True	PROKKA_06122025__gr_1e-12_lr_1e-12_mu_1e-14	5455	ppanggolin	0.9669612759993973	1.0	0.9890537204834945	9.999000099990002e-05	0.994079732274334	1.0	0.9970310777298189	1837	990	6	aa	0.5	6.0
True	PROKKA_06122025__gr_1e-12_lr_1e-12_mu_1e-14	5455	cdhit	0.9954613216280953	1.0	0.9983563513117667	9.999000099990002e-05	0.999113122779608	1.0000000000000002	0.9995563646647676	1931	1066	6	nt	0.85	28.0
True	PROKKA_06122025__gr_1e-12_lr_1e-12_mu_1e-14	5455	embed_hdbscan_raw	0.9370463034649277	0.9914898577757053	0.9572571225364334	9.999000099990002e-05	0.9784466637647914	0.9976650115684049	0.9879623852324794	1584	726	0	aa	0.9	32.058
True	PROKKA_06122025__gr_1e-12_lr_1e-12_mu_1e-14	5455	embed_hdbscan_tsne	0.8494270609568023	0.9821636745162042	0.9017233132610106	9.999000099990002e-05	0.9465678389552933	0.9954721584331915	0.970404246066384	970	69	0	aa	0.9	20.546
True	PROKKA_06122025__gr_1e-12_lr_1e-12_mu_1e-14	5455	embed_hdbscan_umap	0.7922224456901561	0.9826299836791793	0.8814789018230611	9.999000099990002e-05	0.933021808247993	0.9954752567396277	0.963237270071038	880	39	0	aa	0.9	14.743
True	PROKKA_06122025__gr_1e-12_lr_1e-12_mu_1e-14	5455	diamond	0.9724657120614826	1.0	0.9900403873066902	9.999000099990002e-05	0.9945814461989081	1.0	0.9972833629775218	1883	1026	13	aa	0.5	1.0
True	PROKKA_06122025__gr_1e-12_lr_1e-12_mu_1e-14	5455	mmseqs2	0.9989787212170489	0.9993005362555374	0.9994214606755168	9.999000099990002e-05	0.9999773391462011	0.9997112297746623	0.9998442667541252	1943	1073	8	aa	0.9	1.0
True	PROKKA_06122025__gr_1e-12_lr_1e-12_mu_1e-14	5455	panaroo	0.9985058066495001	1.0	0.9992452319908761	9.999000099990002e-05	0.9995958907619925	1.0	0.9997979045466765	1884	1020	3	aa	0.6	39.0
True	PROKKA_06122025__gr_1e-12_lr_1e-12_mu_1e-14	5455	panx	0.9998950958989361	1.0	0.9999059930453341	9.999000099990002e-05	0.999949488044065	1.0	0.9999747433841519	1824	994	2	aa	0.6	927.0
True	PROKKA_06122025__gr_1e-12_lr_1e-12_mu_1e-14	5455	panaroo	0.9924739623680783	1.0	0.9970932311667413	9.999000099990002e-05	0.9984403741836952	1.0	0.9992195785090953	1874	1014	3	aa	0.5	39.0
True	PROKKA_06122025__gr_1e-12_lr_1e-12_mu_1e-14	5455	panx	0.9998962819662478	1.0	0.9999071097630527	9.999000099990002e-05	0.999950168519172	1.0000000000000002	0.9999750836387765	1843	1001	2	aa	0.7	950.0
True	PROKKA_06122025__gr_1e-12_lr_1e-12_mu_1e-14	5455	diamond	0.9916842584320786	1.0	0.9972384485508127	9.999000099990002e-05	0.9985082818677827	1.0	0.9992535842129096	1926	1062	7	aa	0.8	1.0
True	PROKKA_06122025__gr_1e-12_lr_1e-12_mu_1e-14	5455	panx	0.9996572008117955	0.9997558891736849	0.9997549793340228	9.999000099990002e-05	0.9999506771229842	0.9999180956958007	0.9999343861439878	1862	1012	3	aa	0.85	926.0
True	PROKKA_06122025__gr_1e-12_lr_1e-12_mu_1e-14	5455	panta	0.9983068410037323	0.9984326018808778	0.9991106598530748	9.999000099990002e-05	1.0	0.9995243195013864	0.9997621031692517	1885	1022	3	aa	0.9	8.0
True	PROKKA_06122025__gr_1e-12_lr_1e-12_mu_1e-14	5455	mmseqs2	0.9972337979515052	1.0	0.9991220323991248	9.999000099990002e-05	0.9995266269587022	1.0	0.9997632574455796	1936	1070	6	nt	0.8	1.0
True	PROKKA_06122025__gr_1e-12_lr_1e-12_mu_1e-14	5455	panx	0.9996560928095802	0.9997551719916759	0.9997542472237798	9.999000099990002e-05	0.9999505123681021	0.9999178221170146	0.9999341669753776	1856	1008	3	aa	0.8	923.0
True	PROKKA_06122025__gr_1e-12_lr_1e-12_mu_1e-14	5455	mmseqs2	0.9980900920321593	0.9998834227092562	0.9994185444254879	9.999000099990002e-05	0.9997397895273615	0.9999468497912255	0.9998433089391257	1939	1072	6	aa	0.85	1.0
True	PROKKA_06122025__gr_1e-12_lr_1e-12_mu_1e-14	5455	ppanggolin	0.9912498782271657	1.0	0.9971383971892465	9.999000099990002e-05	0.9984646859451988	0.9999999999999999	0.9992317532225619	1876	1015	4	aa	0.8	5.0
True	PROKKA_06122025__gr_1e-12_lr_1e-12_mu_1e-14	5455	mmseqs2	0.995729953195685	1.0	0.9984781886610135	9.999000099990002e-05	0.9991789627701624	0.9999999999999999	0.9995893127903366	1931	1064	8	nt	0.5	4.0
True	PROKKA_06122025__gr_1e-12_lr_1e-12_mu_1e-14	5455	hdbscan_dist	0.9688945661278775	0.988692002797855	0.9799574228030599	9.999000099990002e-05	0.99219484180661	0.9968994719863407	0.9945415931720771	1822	923	11	aa	0.9	0.569
True	PROKKA_06122025__gr_1e-12_lr_1e-12_mu_1e-14	5455	hdbscan_tsne	0.7769064491315183	0.8549778503147587	0.866468387254306	9.999000099990002e-05	0.9707413199334477	0.959370664415046	0.9650224988308641	1846	633	29	aa	0.9	22.19
True	PROKKA_06122025__gr_1e-12_lr_1e-12_mu_1e-14	5455	hdbscan_umap	0.37466755435715315	0.9773840055957099	0.8348456120218803	9.999000099990002e-05	0.9023906219112227	0.9934829649319481	0.9457484051728672	858	53	1	aa	0.9	8.21
True	PROKKA_06122025__gr_1e-12_lr_1e-12_mu_1e-14	5455	cdhit	0.9968054215994681	0.9998834227092562	0.9987519217388986	9.999000099990002e-05	0.9993711267967359	0.9999557839584428	0.9996633698928207	1934	1068	6	nt	0.9	1.0
True	PROKKA_06122025__gr_1e-12_lr_1e-12_mu_1e-14	5455	mmseqs2	0.9968851358307126	1.0	0.9988758782449139	9.999000099990002e-05	0.9993937598285836	1.0	0.9996967880046458	1933	1066	7	aa	0.7	1.0
True	PROKKA_06122025__gr_1e-12_lr_1e-12_mu_1e-14	5455	mmseqs2	0.9981060380245548	0.9998834227092562	0.9994219235826667	9.999000099990002e-05	0.9997397895273615	0.9999486700916659	0.9998442189000418	1939	1072	6	nt	0.9	1.0
True	PROKKA_06122025__gr_1e-12_lr_1e-12_mu_1e-14	5455	mmseqs2	0.9953033706399299	1.0	0.9981488159117992	9.999000099990002e-05	0.9990009342083771	1.0	0.9995002174463623	1928	1061	9	aa	0.6	1.0
True	PROKKA_06122025__gr_1e-12_lr_1e-12_mu_1e-14	5455	ppanggolin	0.9940178023010828	0.9943651840306917	0.9963737475238752	9.999000099990002e-05	0.999803769645702	0.9982643813603843	0.9990334825011749	1909	1033	7	aa	0.95	4.0
True	PROKKA_06122025__gr_1e-12_lr_1e-12_mu_1e-14	5455	ppanggolin	0.9879565751076743	1.0	0.995713240360277	9.999000099990002e-05	0.9976967997345727	0.9999999999999999	0.9988470721554275	1867	1008	4	aa	0.7	5.0
True	PROKKA_06122025__gr_1e-12_lr_1e-12_mu_1e-14	5455	cdhit	0.985402265344844	0.9855444159477734	0.9906184862556476	9.999000099990002e-05	0.999897590259596	0.9951167814713779	0.9975014575527006	2013	1115	24	aa	0.95	0.0
True	PROKKA_06122025__gr_1e-12_lr_1e-12_mu_1e-14	5455	ppanggolin	0.9914481735486181	1.0	0.9972487387576191	9.999000099990002e-05	0.9985240486777788	1.0000000000000002	0.9992614793286089	1877	1016	4	aa	0.85	5.0
True	PROKKA_06122025__gr_1e-12_lr_1e-12_mu_1e-14	5455	mmseqs2	0.9968692933353758	1.0	0.9988339082367681	9.999000099990002e-05	0.9993710989747846	1.0	0.9996854505771651	1932	1064	8	nt	0.6	1.0
True	PROKKA_06122025__gr_1e-12_lr_1e-12_mu_1e-14	6032	panaroo	0.9998811436246897	0.9998933333333333	0.9999146382733755	9.999000099990002e-05	1.0	0.9999512303331444	0.9999756145719376	1886	1002	0	aa	0.85	31.0
True	PROKKA_06122025__gr_1e-12_lr_1e-12_mu_1e-14	6032	panta	0.9992982508389813	0.9989299090422686	0.9993109678844855	9.999000099990002e-05	1.0	0.9996060524981802	0.9998029874427877	1973	1094	0	aa	0.6	11.0
True	PROKKA_06122025__gr_1e-12_lr_1e-12_mu_1e-14	6032	diamond	0.9801574007461626	0.9997960640358927	0.9936572645944813	9.999000099990002e-05	0.996382620904581	0.9999115434907073	0.9981439630945478	1907	1028	9	aa	0.6	1.0
True	PROKKA_06122025__gr_1e-12_lr_1e-12_mu_1e-14	6032	diamond	0.9534725926036448	0.9465687774038952	0.9730041270535161	9.999000099990002e-05	0.999801052560488	0.9851408417173353	0.9924168090851516	2133	1087	70	aa	0.95	0.0
True	PROKKA_06122025__gr_1e-12_lr_1e-12_mu_1e-14	6032	diamond	0.9862219016272806	0.9997960640358927	0.9956410937924014	9.999000099990002e-05	0.9975466008007792	0.9999116466964135	0.9987277236086697	1919	1038	7	aa	0.7	1.0
True	PROKKA_06122025__gr_1e-12_lr_1e-12_mu_1e-14	6032	panta	0.999549934319991	0.9995719636169075	0.9996990606327583	9.999000099990002e-05	1.0	0.9998278360659745	0.9999139106222442	1876	995	1	aa	0.8	8.0
True	PROKKA_06122025__gr_1e-12_lr_1e-12_mu_1e-14	6032	mmseqs2	0.9931846816376828	1.0	0.9979993620354376	9.999000099990002e-05	0.9988358547072396	1.0	0.9994175883477281	1932	1050	4	nt	0.7	1.0
True	PROKKA_06122025__gr_1e-12_lr_1e-12_mu_1e-14	6032	cdhit	0.9882805593248123	0.9996940960538391	0.9961711977643799	9.999000099990002e-05	0.997837031765653	0.9999313828864362	0.9988831095244713	1920	1039	5	aa	0.7	0.0
True	PROKKA_06122025__gr_1e-12_lr_1e-12_mu_1e-14	6032	panx	0.9998873282959956	1.0	0.9999120228677075	9.999000099990002e-05	0.9999493791444984	1.0	0.9999746889316152	1780	953	0	aa	0.5	936.0
True	PROKKA_06122025__gr_1e-12_lr_1e-12_mu_1e-14	6032	ppanggolin	0.982103081626358	1.0	0.9944409551047596	9.999000099990002e-05	0.9968060481895065	1.0	0.9984004696833779	1855	979	4	aa	0.6	6.0
True	PROKKA_06122025__gr_1e-12_lr_1e-12_mu_1e-14	6032	panx	0.9977487434496847	0.9974093264248705	0.998688093124651	9.999000099990002e-05	0.9999522604898197	0.9992986341773805	0.9996253404867411	1873	994	2	aa	0.9	1071.0
True	PROKKA_06122025__gr_1e-12_lr_1e-12_mu_1e-14	6032	panaroo	0.9489147166110978	0.93888	0.9691279856808805	9.999000099990002e-05	1.0000000000000002	0.9831719260902712	0.9915145662923414	2121	1045	72	aa	0.95	34.0
True	PROKKA_06122025__gr_1e-12_lr_1e-12_mu_1e-14	6032	cdhit	0.9920066298490471	0.9998980320179464	0.9975404072536546	9.999000099990002e-05	0.9986149373892743	0.9999533730002002	0.9992837070214435	1929	1047	4	nt	0.8	36.0
True	PROKKA_06122025__gr_1e-12_lr_1e-12_mu_1e-14	6032	panta	0.9773776983960994	0.9722846441947566	0.9868481057527206	9.999000099990002e-05	1.0	0.9926241502692229	0.9962984240004416	1967	1012	25	aa	0.95	8.0
True	PROKKA_06122025__gr_1e-12_lr_1e-12_mu_1e-14	6032	mmseqs2	0.9791458366718254	1.0	0.9938569813448547	9.999000099990002e-05	0.9964108105267692	1.0000000000000002	0.9982021789031069	1911	1035	7	aa	0.5	2.0
True	PROKKA_06122025__gr_1e-12_lr_1e-12_mu_1e-14	6032	cdhit	0.9808449090724178	0.9998980320179464	0.9938875962641511	9.999000099990002e-05	0.9964742966965224	0.9999548731724056	0.9982115509143277	1905	1025	8	aa	0.6	0.0
True	PROKKA_06122025__gr_1e-12_lr_1e-12_mu_1e-14	6032	panaroo	0.9998943735615282	1.0	0.9999175756542721	9.999000099990002e-05	0.9999528983963987	1.0	0.9999764486435461	1884	1001	0	aa	0.8	32.0
True	PROKKA_06122025__gr_1e-12_lr_1e-12_mu_1e-14	6032	cdhit	0.9946591330423029	0.9972468644845518	0.9972903692178189	9.999000099990002e-05	0.9992530323333012	0.9991736537048912	0.9992133414426144	1943	1055	4	aa	0.9	0.0
True	PROKKA_06122025__gr_1e-12_lr_1e-12_mu_1e-14	6032	cdhit	0.9937798485285849	1.0	0.9980950547613888	9.999000099990002e-05	0.9988916400693268	1.0	0.9994455127489379	1930	1047	4	aa	0.85	0.0
True	PROKKA_06122025__gr_1e-12_lr_1e-12_mu_1e-14	6032	panta	0.9994439777334081	0.9994649545211343	0.99961638650098	9.999000099990002e-05	1.0	0.9997805675512159	0.9998902717366371	1877	996	1	aa	0.85	9.0
True	PROKKA_06122025__gr_1e-12_lr_1e-12_mu_1e-14	6032	mmseqs2	0.997701869931276	1.0	0.9993342655987779	9.999000099990002e-05	0.9996131266630072	0.9999999999999999	0.9998065259065194	1938	1053	4	nt	0.85	1.0
True	PROKKA_06122025__gr_1e-12_lr_1e-12_mu_1e-14	6032	mmseqs2	0.9676057389302204	0.9658407260120322	0.9804518436437234	9.999000099990002e-05	1.0	0.9889861732897564	0.9944625926222368	2109	1135	43	aa	0.95	1.0
True	PROKKA_06122025__gr_1e-12_lr_1e-12_mu_1e-14	6032	diamond	0.9917507687753521	0.9938819210767819	0.9959048354368223	9.999000099990002e-05	0.9993492894079302	0.9982786955661639	0.9988137056040081	1960	1065	7	aa	0.9	1.0
True	PROKKA_06122025__gr_1e-12_lr_1e-12_mu_1e-14	6032	mmseqs2	0.9819261558126081	0.9817477312123993	0.9897164359695774	9.999000099990002e-05	0.9998212856100972	0.9942950163027646	0.9970504935162836	2019	1083	26	nt	0.95	1.0
True	PROKKA_06122025__gr_1e-12_lr_1e-12_mu_1e-14	6032	hdbscan_dist	0.9637231652290749	0.9799123075354339	0.9801301641136139	9.999000099990002e-05	0.993091744470912	0.9953142435901623	0.994201751954632	1855	949	0	nt	0.9	0.72
True	PROKKA_06122025__gr_1e-12_lr_1e-12_mu_1e-14	6032	hdbscan_tsne	0.8424138238674101	0.939329050678087	0.9070959556898525	9.999000099990002e-05	0.9577620330955567	0.9852930547171722	0.9713325012757454	1199	209	0	nt	0.9	29.218
True	PROKKA_06122025__gr_1e-12_lr_1e-12_mu_1e-14	6032	hdbscan_umap	0.7810968441603451	0.9677781176710513	0.8865171854555107	9.999000099990002e-05	0.9354247544519061	0.9918189648518357	0.9627967675955895	918	52	0	nt	0.9	8.213
True	PROKKA_06122025__gr_1e-12_lr_1e-12_mu_1e-14	6032	panx	0.98122280235557	0.9772702905543047	0.9889354806272133	9.999000099990002e-05	0.9999035829046761	0.9938789570762243	0.9968821676646837	1956	1021	18	aa	0.95	936.0
True	PROKKA_06122025__gr_1e-12_lr_1e-12_mu_1e-14	6032	diamond	0.9920914000878915	0.9990822881615172	0.9972603592514973	9.999000099990002e-05	0.9986830455089433	0.9997228413741533	0.9992026729320767	1932	1048	4	aa	0.85	1.0
True	PROKKA_06122025__gr_1e-12_lr_1e-12_mu_1e-14	6032	panta	0.9992982508389813	0.9989299090422686	0.9993109678844855	9.999000099990002e-05	1.0	0.9996060524981802	0.9998029874427877	1973	1094	0	aa	0.7	11.0
True	PROKKA_06122025__gr_1e-12_lr_1e-12_mu_1e-14	6032	mmseqs2	0.9976058432304759	1.0	0.9992569384778207	9.999000099990002e-05	0.9995681569098757	1.0	0.9997840318227552	1937	1052	4	aa	0.8	1.0
True	PROKKA_06122025__gr_1e-12_lr_1e-12_mu_1e-14	6032	panta	0.9992982508389813	0.9989299090422686	0.9993109678844855	9.999000099990002e-05	1.0	0.9996060524981801	0.9998029874427877	1973	1094	0	aa	0.5	11.0
True	PROKKA_06122025__gr_1e-12_lr_1e-12_mu_1e-14	6032	panaroo	0.9983126458110677	1.0	0.9995197987018637	9.999000099990002e-05	0.9997254805867248	1.0	0.999862721450549	1883	1001	0	aa	0.7	36.0
True	PROKKA_06122025__gr_1e-12_lr_1e-12_mu_1e-14	6032	cdhit	0.9890197796956798	0.9894972978484756	0.9928808358047229	9.999000099990002e-05	0.99972754079228	0.9961768726969862	0.997949048466151	2003	1097	17	nt	0.95	1.0
True	PROKKA_06122025__gr_1e-12_lr_1e-12_mu_1e-14	6032	cdhit	0.9925117808563405	0.9993881921076782	0.9973812874264881	9.999000099990002e-05	0.998644220024653	0.9998317213674064	0.9992376178873194	1928	1044	4	aa	0.8	0.0
True	PROKKA_06122025__gr_1e-12_lr_1e-12_mu_1e-14	6032	ppanggolin	0.9936885583785221	1.0	0.9981047976195729	9.999000099990002e-05	0.9989150467805163	1.0000000000000002	0.999457228949659	1876	997	0	aa	0.9	6.0
True	PROKKA_06122025__gr_1e-12_lr_1e-12_mu_1e-14	6032	cdhit	0.9741380121142241	0.9996940960538391	0.9912828909755568	9.999000099990002e-05	0.9949745703940183	0.9999201765755291	0.9974412430810169	1888	1009	13	aa	0.5	3.0
True	PROKKA_06122025__gr_1e-12_lr_1e-12_mu_1e-14	6032	panaroo	0.9944632062985591	0.9934933333333333	0.9968313055697886	9.999000099990002e-05	0.9999999999999999	0.9981983137331758	0.9990983446165269	1907	1003	3	aa	0.9	32.0
True	PROKKA_06122025__gr_1e-12_lr_1e-12_mu_1e-14	6032	ppanggolin	0.9689333065656583	1.0	0.9901988994778173	9.999000099990002e-05	0.9943450189365164	0.9999999999999999	0.9971644920965083	1833	964	6	aa	0.5	6.0
True	PROKKA_06122025__gr_1e-12_lr_1e-12_mu_1e-14	6032	cdhit	0.9947315791075321	0.9998980320179464	0.9983208273623289	9.999000099990002e-05	0.9990778765963236	0.9999454758967391	0.9995114879724561	1932	1048	4	nt	0.85	33.0
True	PROKKA_06122025__gr_1e-12_lr_1e-12_mu_1e-14	6032	embed_hdbscan_raw	0.9472175248103596	0.9925563373100846	0.9649852588737052	9.999000099990002e-05	0.981160593226311	0.9978866383642178	0.9894529351714042	1571	675	0	aa	0.9	42.467
True	PROKKA_06122025__gr_1e-12_lr_1e-12_mu_1e-14	6032	embed_hdbscan_tsne	0.8481964975355643	0.9507494646680942	0.9060289825915844	9.999000099990002e-05	0.9545653786246084	0.9873407671476706	0.9706764822550278	1098	120	0	aa	0.9	30.166
True	PROKKA_06122025__gr_1e-12_lr_1e-12_mu_1e-14	6032	embed_hdbscan_umap	0.7874005271419855	0.9693076374018558	0.888741172059373	9.999000099990002e-05	0.9368267775283423	0.9919907419457136	0.9636199181437934	909	29	0	aa	0.9	15.971
True	PROKKA_06122025__gr_1e-12_lr_1e-12_mu_1e-14	6032	diamond	0.9691888117355273	0.9997960640358927	0.9899754007787415	9.999000099990002e-05	0.9942101685475052	0.9999113502211928	0.9970526095619409	1885	1013	9	aa	0.5	1.0
True	PROKKA_06122025__gr_1e-12_lr_1e-12_mu_1e-14	6032	mmseqs2	0.9961787183630709	0.9963291526460691	0.9978026690978986	9.999000099990002e-05	0.9998693001755483	0.9988579808839548	0.9993633846752588	1955	1059	8	aa	0.9	1.0
True	PROKKA_06122025__gr_1e-12_lr_1e-12_mu_1e-14	6032	panaroo	0.9966409936800552	0.9994666666666666	0.9987979372812865	9.999000099990002e-05	0.9994348889325116	0.9998776669718672	0.9996562289222387	1880	997	1	aa	0.6	39.0
True	PROKKA_06122025__gr_1e-12_lr_1e-12_mu_1e-14	6032	panx	0.9998903460274399	1.0	0.9999144557014313	9.999000099990002e-05	0.9999509268422344	1.0	0.9999754628190587	1823	972	0	aa	0.6	942.0
True	PROKKA_06122025__gr_1e-12_lr_1e-12_mu_1e-14	6032	panaroo	0.9932193818321793	1.0	0.9975645655458918	9.999000099990002e-05	0.9986050263456571	1.0000000000000002	0.9993020263453989	1869	988	2	aa	0.5	40.0
True	PROKKA_06122025__gr_1e-12_lr_1e-12_mu_1e-14	6032	panx	0.9998916087118479	1.0	0.9999154099661928	9.999000099990002e-05	0.9999515210809011	1.0000000000000002	0.999975759952885	1841	981	0	aa	0.7	923.0
True	PROKKA_06122025__gr_1e-12_lr_1e-12_mu_1e-14	6032	diamond	0.9919342550164963	0.9997960640358927	0.997340402816232	9.999000099990002e-05	0.998540013596505	0.9999117345882896	0.9992254033233429	1928	1046	4	aa	0.8	1.0
True	PROKKA_06122025__gr_1e-12_lr_1e-12_mu_1e-14	6032	panx	0.9991675484516898	0.9992418498862775	0.9994871740695321	9.999000099990002e-05	0.9999520795778287	0.9997546501042532	0.9998533550950126	1863	991	2	aa	0.85	1030.0
True	PROKKA_06122025__gr_1e-12_lr_1e-12_mu_1e-14	6032	panta	0.9975595130417317	0.9972177635098983	0.9985633024207203	9.999000099990002e-05	1.0	0.9991795386551852	0.9995896009693223	1884	996	3	aa	0.9	9.0
True	PROKKA_06122025__gr_1e-12_lr_1e-12_mu_1e-14	6032	mmseqs2	0.9962035581444223	1.0	0.9988905056211717	9.999000099990002e-05	0.9993549659897087	1.0	0.9996773789440776	1936	1052	4	nt	0.8	1.0
True	PROKKA_06122025__gr_1e-12_lr_1e-12_mu_1e-14	6032	panx	0.9994626885063319	0.999457818260681	0.9996358464320994	9.999000099990002e-05	0.9999520101407721	0.999839577667472	0.9998957907435275	1858	988	1	aa	0.8	987.0
True	PROKKA_06122025__gr_1e-12_lr_1e-12_mu_1e-14	6032	mmseqs2	0.9990241109478345	1.0	0.9996923587889471	9.999000099990002e-05	0.9998212856100972	0.9999999999999998	0.9999106348196266	1939	1053	4	aa	0.85	0.0
True	PROKKA_06122025__gr_1e-12_lr_1e-12_mu_1e-14	6032	ppanggolin	0.9920483731659286	1.0	0.9974891050829338	9.999000099990002e-05	0.9985617031838875	1.0	0.999280334045318	1872	994	0	aa	0.8	7.0
True	PROKKA_06122025__gr_1e-12_lr_1e-12_mu_1e-14	6032	mmseqs2	0.9923244889772652	0.9996940960538391	0.9975610064269038	9.999000099990002e-05	0.9986729355327757	0.9999075614098284	0.9992898671253773	1931	1049	4	nt	0.5	3.0
True	PROKKA_06122025__gr_1e-12_lr_1e-12_mu_1e-14	6032	hdbscan_dist	0.9593197442651922	0.984908738656062	0.9755314872556144	9.999000099990002e-05	0.9890438955857453	0.9965372450735367	0.9927764308202057	1751	849	0	aa	0.9	0.714
True	PROKKA_06122025__gr_1e-12_lr_1e-12_mu_1e-14	6032	hdbscan_tsne	0.8412004868205082	0.9399408585704089	0.9084159046080166	9.999000099990002e-05	0.958316377380455	0.9855805196138641	0.9717572517693719	1225	242	0	aa	0.9	27.352
True	PROKKA_06122025__gr_1e-12_lr_1e-12_mu_1e-14	6032	hdbscan_umap	0.5059962897287829	0.9530947282553278	0.853537841326559	9.999000099990002e-05	0.9167436557245677	0.987158027822347	0.9506487304720251	921	64	0	aa	0.9	8.675
True	PROKKA_06122025__gr_1e-12_lr_1e-12_mu_1e-14	6032	cdhit	0.9952469939699456	1.0	0.9985928169808699	9.999000099990002e-05	0.9991816567425535	1.0	0.9995906608813229	1933	1049	4	nt	0.9	1.0
True	PROKKA_06122025__gr_1e-12_lr_1e-12_mu_1e-14	6032	mmseqs2	0.9944711348216457	1.0	0.9983518147810678	9.999000099990002e-05	0.9990412748933603	1.0	0.9995204075480179	1933	1050	4	aa	0.7	1.0
True	PROKKA_06122025__gr_1e-12_lr_1e-12_mu_1e-14	6032	mmseqs2	0.9986501192505322	0.9996940960538391	0.9994430095072634	9.999000099990002e-05	0.9998212856100972	0.9998552235869992	0.9998382543105551	1942	1056	4	nt	0.9	1.0
True	PROKKA_06122025__gr_1e-12_lr_1e-12_mu_1e-14	6032	mmseqs2	0.9897585130718275	1.0	0.9970910843655414	9.999000099990002e-05	0.9983058265334744	1.0	0.9991521951024561	1928	1047	5	aa	0.6	1.0
True	PROKKA_06122025__gr_1e-12_lr_1e-12_mu_1e-14	6032	ppanggolin	0.9876866534447332	0.9844266666666667	0.9923379391963765	9.999000099990002e-05	0.9998461839746767	0.9958232625326441	0.997830668499764	1939	1014	17	aa	0.95	5.0
True	PROKKA_06122025__gr_1e-12_lr_1e-12_mu_1e-14	6032	ppanggolin	0.9869799649543043	1.0	0.995955305284559	9.999000099990002e-05	0.9976795970414689	1.0	0.9988384508897384	1864	988	1	aa	0.7	4.0
True	PROKKA_06122025__gr_1e-12_lr_1e-12_mu_1e-14	6032	cdhit	0.974731504702357	0.9735902926481085	0.9837140207673675	9.999000099990002e-05	0.999898115545258	0.9908742422307285	0.9953657269540294	2092	1138	46	aa	0.95	0.0
True	PROKKA_06122025__gr_1e-12_lr_1e-12_mu_1e-14	6032	ppanggolin	0.992152351194261	1.0	0.9975711338182194	9.999000099990002e-05	0.9986088047874887	1.0	0.9993039182009112	1873	995	0	aa	0.85	6.0
True	PROKKA_06122025__gr_1e-12_lr_1e-12_mu_1e-14	6032	mmseqs2	0.9931846816376828	1.0	0.9979993620354376	9.999000099990002e-05	0.9988358547072396	1.0	0.9994175883477281	1932	1050	4	nt	0.6	1.0
True	PROKKA_06122025__gr_1e-12_lr_1e-12_mu_1e-14	11998	panaroo	0.998130165754274	0.9979132344865459	0.9987275419999424	9.999000099990002e-05	0.9999999999999999	0.9992915918592628	0.9996456704246535	1908	1006	9	aa	0.85	31.0
True	PROKKA_06122025__gr_1e-12_lr_1e-12_mu_1e-14	11998	panta	0.9992693564928009	0.9986749116607774	0.9992121158458273	9.999000099990002e-05	1.0	0.999560504948053	0.9997802041744377	1988	1100	1	aa	0.6	10.0
True	PROKKA_06122025__gr_1e-12_lr_1e-12_mu_1e-14	11998	diamond	0.987537139006188	0.9996961717642293	0.9952212053126471	9.999000099990002e-05	0.997307604091838	0.9999046479928644	0.9986044375295212	1905	1007	11	aa	0.6	1.0
True	PROKKA_06122025__gr_1e-12_lr_1e-12_mu_1e-14	11998	diamond	0.947192920163514	0.9434879481466477	0.9671307693968261	9.999000099990002e-05	0.9998326770695538	0.9819981128379754	0.9908351480217485	2216	1143	93	aa	0.95	1.0
True	PROKKA_06122025__gr_1e-12_lr_1e-12_mu_1e-14	11998	diamond	0.9919675790220565	0.9996961717642293	0.9969594933196507	9.999000099990002e-05	0.9983246118776855	0.9999047451200865	0.9991140537405081	1920	1023	8	aa	0.7	1.0
True	PROKKA_06122025__gr_1e-12_lr_1e-12_mu_1e-14	11998	panta	0.9993410353314764	0.999006183745583	0.9994517728601948	9.999000099990002e-05	1.0	0.9996940756436108	0.9998470144207979	1892	1002	2	aa	0.8	9.0
True	PROKKA_06122025__gr_1e-12_lr_1e-12_mu_1e-14	11998	mmseqs2	0.997858012340612	1.0	0.9991032880907611	9.999000099990002e-05	0.9994787786423146	1.0000000000000002	0.9997393213855267	1932	1034	6	nt	0.7	1.0
True	PROKKA_06122025__gr_1e-12_lr_1e-12_mu_1e-14	11998	cdhit	0.990935627295884	0.9994936196070489	0.996627044654731	9.999000099990002e-05	0.9982175319253139	0.9998180331902444	0.9990171415270729	1921	1025	7	aa	0.7	0.0
True	PROKKA_06122025__gr_1e-12_lr_1e-12_mu_1e-14	11998	panx	0.9998938779013653	0.9997668454185125	0.9998603240920368	9.999000099990002e-05	1.0	0.999921651026139	0.9999608239783689	1801	960	0	aa	0.5	960.0
True	PROKKA_06122025__gr_1e-12_lr_1e-12_mu_1e-14	11998	ppanggolin	0.9861052157708605	1.0	0.9951653163515758	9.999000099990002e-05	0.997290173308242	0.9999999999999999	0.9986432483732347	1865	975	4	aa	0.6	5.0
True	PROKKA_06122025__gr_1e-12_lr_1e-12_mu_1e-14	11998	panx	0.9930819769100037	0.9926748057713651	0.9954070650443263	9.999000099990002e-05	1.0	0.9974535416592977	0.9987251476504495	1921	1021	12	aa	0.9	952.0
True	PROKKA_06122025__gr_1e-12_lr_1e-12_mu_1e-14	11998	panaroo	0.9477600302081624	0.9468423942888523	0.9656497508458427	9.999000099990002e-05	0.9999999999999999	0.9818078818782091	0.9908204431478242	2198	1152	120	aa	0.95	36.0
True	PROKKA_06122025__gr_1e-12_lr_1e-12_mu_1e-14	11998	cdhit	0.9944149978378095	0.9995948956856391	0.9979563867182278	9.999000099990002e-05	0.9989428790883872	0.9998683209610089	0.9994053857866901	1929	1031	7	nt	0.8	36.0
True	PROKKA_06122025__gr_1e-12_lr_1e-12_mu_1e-14	11998	panta	0.9618515578249132	0.9604681978798587	0.9750307807254334	9.999000099990002e-05	1.0	0.9865748141230013	0.9932420436514366	2099	1094	91	aa	0.95	9.0
True	PROKKA_06122025__gr_1e-12_lr_1e-12_mu_1e-14	11998	mmseqs2	0.99100076876224	0.9998987239214098	0.9965542733594103	9.999000099990002e-05	0.9980436505578524	0.9999486892610361	0.9989952617046458	1912	1013	9	aa	0.5	2.0
True	PROKKA_06122025__gr_1e-12_lr_1e-12_mu_1e-14	11998	cdhit	0.9850104579681078	0.9991897913712781	0.9945788559375665	9.999000099990002e-05	0.9970759017738594	0.9997608116939734	0.9984165516936668	1907	1010	11	aa	0.6	0.0
True	PROKKA_06122025__gr_1e-12_lr_1e-12_mu_1e-14	11998	panaroo	0.9997007246716254	0.999670510708402	0.9998311639000219	9.999000099990002e-05	1.0	0.9999058439722637	0.9999529197696881	1898	1004	0	aa	0.8	31.0
True	PROKKA_06122025__gr_1e-12_lr_1e-12_mu_1e-14	11998	cdhit	0.9925062531149779	0.9939234352845858	0.9956849097916705	9.999000099990002e-05	0.9994801187564383	0.9980230709527077	0.9987510634440818	1963	1049	13	aa	0.9	0.0
True	PROKKA_06122025__gr_1e-12_lr_1e-12_mu_1e-14	11998	cdhit	0.9952021567624476	0.9988859631355074	0.997949930589859	9.999000099990002e-05	0.9992259287001051	0.9995826399893721	0.9994042525150412	1936	1035	10	aa	0.85	0.0
True	PROKKA_06122025__gr_1e-12_lr_1e-12_mu_1e-14	11998	panta	0.9982216767932757	0.9979019434628975	0.9987024984863976	9.999000099990002e-05	1.0	0.999276802032263	0.9996382702150088	1899	1006	5	aa	0.85	9.0
True	PROKKA_06122025__gr_1e-12_lr_1e-12_mu_1e-14	11998	mmseqs2	0.9994124385746215	0.9997974478428195	0.9996216736363503	9.999000099990002e-05	0.9998768500137347	0.9999034269806976	0.9998901383206129	1939	1040	6	nt	0.85	1.0
True	PROKKA_06122025__gr_1e-12_lr_1e-12_mu_1e-14	11998	mmseqs2	0.9599152163872129	0.9599959489568564	0.974550450630847	9.999000099990002e-05	1.0	0.9857893170741183	0.9928438113732933	2181	1177	72	aa	0.95	1.0
True	PROKKA_06122025__gr_1e-12_lr_1e-12_mu_1e-14	11998	diamond	0.9858200936249063	0.988454527040713	0.9922462794327623	9.999000099990002e-05	0.9993703539298284	0.9961638571534235	0.9977645293839434	1988	1053	28	aa	0.9	1.0
True	PROKKA_06122025__gr_1e-12_lr_1e-12_mu_1e-14	11998	mmseqs2	0.9729045057540291	0.9737694956451286	0.982950113500025	9.999000099990002e-05	0.9999802922854776	0.9903755309231207	0.9951547369940732	2102	1137	46	nt	0.95	1.0
True	PROKKA_06122025__gr_1e-12_lr_1e-12_mu_1e-14	11998	hdbscan_dist	0.981880480857978	0.9975693741138343	0.9879788185001347	9.999000099990002e-05	0.9935113741666819	0.9994333565145501	0.9964635668339669	1821	930	0	nt	0.9	0.727
True	PROKKA_06122025__gr_1e-12_lr_1e-12_mu_1e-14	11998	hdbscan_tsne	0.8783615139799372	0.9861251772331375	0.9206698626811892	9.999000099990002e-05	0.9545014878946126	0.9959807787945265	0.9748000804821715	1034	112	0	nt	0.9	29.497
True	PROKKA_06122025__gr_1e-12_lr_1e-12_mu_1e-14	11998	hdbscan_umap	0.8011013839076622	0.9903787725339275	0.8955078032244906	9.999000099990002e-05	0.935496161185562	0.9972458803254828	0.9653845911824176	875	41	0	nt	0.9	8.267
True	PROKKA_06122025__gr_1e-12_lr_1e-12_mu_1e-14	11998	panx	0.965768453816268	0.9640738299274885	0.9771057117062798	9.999000099990002e-05	1.0000000000000002	0.9876636365980475	0.9937935356994978	2102	1118	70	aa	0.95	994.0
True	PROKKA_06122025__gr_1e-12_lr_1e-12_mu_1e-14	11998	diamond	0.9949203554612314	0.9976706501924245	0.9973227029680765	9.999000099990002e-05	0.9992583366947069	0.9991870973746656	0.9992227157649392	1942	1037	11	aa	0.85	1.0
True	PROKKA_06122025__gr_1e-12_lr_1e-12_mu_1e-14	11998	panta	0.9992406820868435	0.9985644876325088	0.9991589940937055	9.999000099990002e-05	1.0	0.999530911466783	0.999765400709473	1989	1101	2	aa	0.7	10.0
True	PROKKA_06122025__gr_1e-12_lr_1e-12_mu_1e-14	11998	mmseqs2	0.9993403975282382	0.9996961717642293	0.9995477383140128	9.999000099990002e-05	0.9998801469943707	0.9998572186654145	0.9998686826984483	1940	1041	6	aa	0.8	1.0
True	PROKKA_06122025__gr_1e-12_lr_1e-12_mu_1e-14	11998	panta	0.9992693564928009	0.9986749116607774	0.9992121158458268	9.999000099990002e-05	1.0	0.9995605049480529	0.9997802041744376	1988	1100	1	aa	0.5	10.0
True	PROKKA_06122025__gr_1e-12_lr_1e-12_mu_1e-14	11998	panaroo	0.9985773284794822	1.0	0.9995088846205239	9.999000099990002e-05	0.9997259116946239	1.0	0.9998629370636379	1894	1001	1	aa	0.7	35.0
True	PROKKA_06122025__gr_1e-12_lr_1e-12_mu_1e-14	11998	cdhit	0.9769979211169151	0.9780230909459185	0.9858333054183979	9.999000099990002e-05	0.9995982969526691	0.9923335980654405	0.9959527001058545	2068	1121	34	nt	0.95	1.0
True	PROKKA_06122025__gr_1e-12_lr_1e-12_mu_1e-14	11998	cdhit	0.9935658847668523	1.0	0.9978418918451892	9.999000099990002e-05	0.9987440218991461	1.0	0.9993716163315098	1926	1030	7	aa	0.8	0.0
True	PROKKA_06122025__gr_1e-12_lr_1e-12_mu_1e-14	11998	ppanggolin	0.9924261443362774	0.9956068094453597	0.9960001594935011	9.999000099990002e-05	0.999329598445181	0.9984441138192959	0.9988866598930404	1913	1008	11	aa	0.9	5.0
True	PROKKA_06122025__gr_1e-12_lr_1e-12_mu_1e-14	11998	cdhit	0.9743821155945477	0.9988859631355074	0.9914858316275826	9.999000099990002e-05	0.9953410694487747	0.9996766348268638	0.9975041411201908	1890	997	10	aa	0.5	3.0
True	PROKKA_06122025__gr_1e-12_lr_1e-12_mu_1e-14	11998	panaroo	0.9883546359427993	0.9884678747940692	0.9928470028930954	9.999000099990002e-05	1.0	0.996053659965163	0.9980229288851353	1955	1023	27	aa	0.9	32.0
True	PROKKA_06122025__gr_1e-12_lr_1e-12_mu_1e-14	11998	ppanggolin	0.9733189861410217	1.0	0.9914212414677263	9.999000099990002e-05	0.9951737623873074	1.0	0.9975810439653547	1846	962	4	aa	0.5	5.0
True	PROKKA_06122025__gr_1e-12_lr_1e-12_mu_1e-14	11998	cdhit	0.9964221284419663	0.9989872392140976	0.9983641647311997	9.999000099990002e-05	0.9992950983439284	0.999754047489393	0.999524520233034	1933	1034	7	nt	0.85	33.0
True	PROKKA_06122025__gr_1e-12_lr_1e-12_mu_1e-14	11998	embed_hdbscan_raw	0.9515428513268527	0.9937208831274053	0.9662043525857165	9.999000099990002e-05	0.9816731057218248	0.9981165094424874	0.9898265211531715	1591	694	0	aa	0.9	43.685
True	PROKKA_06122025__gr_1e-12_lr_1e-12_mu_1e-14	11998	embed_hdbscan_tsne	0.8680225304970415	0.9740733238808993	0.9147267177142667	9.999000099990002e-05	0.9543277421856465	0.9925996455965491	0.9730875271681154	1051	100	0	aa	0.9	24.689
True	PROKKA_06122025__gr_1e-12_lr_1e-12_mu_1e-14	11998	embed_hdbscan_umap	0.8102807887554137	0.9848085882114644	0.897393373756263	9.999000099990002e-05	0.938443130581932	0.9958713375994114	0.9663047359536072	883	14	0	aa	0.9	15.531
True	PROKKA_06122025__gr_1e-12_lr_1e-12_mu_1e-14	11998	diamond	0.9774737553508162	0.9996961717642293	0.9922615717624963	9.999000099990002e-05	0.9955679951928634	0.9999044813951463	0.9977315263491389	1884	987	13	aa	0.5	1.0
True	PROKKA_06122025__gr_1e-12_lr_1e-12_mu_1e-14	11998	mmseqs2	0.9925360120778365	0.9928093984200932	0.9953476661271119	9.999000099990002e-05	0.9999301739284826	0.9973864528122444	0.9986566935678167	1980	1060	20	aa	0.9	1.0
True	PROKKA_06122025__gr_1e-12_lr_1e-12_mu_1e-14	11998	panaroo	0.9985347107666227	1.0	0.999394082149745	9.999000099990002e-05	0.9996618024017597	1.0	0.9998308726016398	1891	995	4	aa	0.6	37.0
True	PROKKA_06122025__gr_1e-12_lr_1e-12_mu_1e-14	11998	panx	0.9998963265483244	0.9997721057429353	0.9998636190820492	9.999000099990002e-05	1.0	0.999923643649127	0.9999618203669348	1834	972	0	aa	0.6	962.0
True	PROKKA_06122025__gr_1e-12_lr_1e-12_mu_1e-14	11998	panaroo	0.9933343396032077	1.0	0.9978633135689263	9.999000099990002e-05	0.998805591280045	1.0	0.9994024387738529	1882	987	4	aa	0.5	39.0
True	PROKKA_06122025__gr_1e-12_lr_1e-12_mu_1e-14	11998	panx	0.9998972912060283	0.9997745208568207	0.999864958771368	9.999000099990002e-05	1.0	0.9999245832931961	0.9999622902246246	1858	987	0	aa	0.7	960.0
True	PROKKA_06122025__gr_1e-12_lr_1e-12_mu_1e-14	11998	diamond	0.9938374784687616	0.9988859631355074	0.9974694543486523	9.999000099990002e-05	0.9989506142947614	0.9995779645873057	0.9992641909764949	1935	1035	10	aa	0.8	1.0
True	PROKKA_06122025__gr_1e-12_lr_1e-12_mu_1e-14	11998	panx	0.9985485093136267	0.99821308912218	0.9989256318845658	9.999000099990002e-05	1.0000000000000002	0.9994007865414718	0.9997003034796418	1881	1000	3	aa	0.85	938.0
True	PROKKA_06122025__gr_1e-12_lr_1e-12_mu_1e-14	11998	panta	0.9936176482253586	0.993595406360424	0.9958965486105862	9.999000099990002e-05	1.0	0.9977227200665404	0.9988600620543657	1922	1017	13	aa	0.9	9.0
True	PROKKA_06122025__gr_1e-12_lr_1e-12_mu_1e-14	11998	mmseqs2	0.9997242586738205	1.0	0.9997983422171335	9.999000099990002e-05	0.9998828651441192	1.0000000000000002	0.9999414291417151	1937	1038	6	nt	0.8	1.0
True	PROKKA_06122025__gr_1e-12_lr_1e-12_mu_1e-14	11998	panx	0.9988827238782352	0.9985476483074517	0.9991515245301971	9.999000099990002e-05	1.0	0.9995263846777467	0.9997631362477222	1876	996	2	aa	0.8	979.0
True	PROKKA_06122025__gr_1e-12_lr_1e-12_mu_1e-14	11998	mmseqs2	0.9982466832596897	0.9983795827425562	0.9988470767382537	9.999000099990002e-05	0.9999290793004729	0.999402286523142	0.999665613510948	1948	1044	10	aa	0.85	1.0
True	PROKKA_06122025__gr_1e-12_lr_1e-12_mu_1e-14	11998	ppanggolin	0.99364371113964	1.0	0.9977800343318738	9.999000099990002e-05	0.9987589328441181	1.0000000000000002	0.9993790811210456	1884	994	1	aa	0.8	5.0
True	PROKKA_06122025__gr_1e-12_lr_1e-12_mu_1e-14	11998	mmseqs2	0.996546245486115	1.0	0.9987483024005251	9.999000099990002e-05	0.9992721862466994	1.0000000000000002	0.9996359606469258	1931	1034	6	nt	0.5	4.0
True	PROKKA_06122025__gr_1e-12_lr_1e-12_mu_1e-14	11998	hdbscan_dist	0.9730516105017861	0.9976706501924245	0.9814573088016771	9.999000099990002e-05	0.9896343963544778	0.9994112468124624	0.9944987932749177	1742	853	0	aa	0.9	0.731
True	PROKKA_06122025__gr_1e-12_lr_1e-12_mu_1e-14	11998	hdbscan_tsne	0.8733648916963522	0.98288434271825	0.9217299530190756	9.999000099990002e-05	0.9555583741445937	0.9956829685414393	0.9752081177956181	1083	163	0	aa	0.9	30.183
True	PROKKA_06122025__gr_1e-12_lr_1e-12_mu_1e-14	11998	hdbscan_umap	0.14041844841674214	0.9669839983795827	0.8081341933294294	9.999000099990002e-05	0.8796209545141109	0.9890811405956981	0.9311452042135901	882	70	0	aa	0.9	9.468
True	PROKKA_06122025__gr_1e-12_lr_1e-12_mu_1e-14	11998	cdhit	0.9959063625129925	0.9986834109783269	0.9983162054553059	9.999000099990002e-05	0.9994180920736258	0.9996036782638729	0.9995108765539772	1939	1038	8	nt	0.9	1.0
True	PROKKA_06122025__gr_1e-12_lr_1e-12_mu_1e-14	11998	mmseqs2	0.9979893786611826	1.0	0.9991874035926107	9.999000099990002e-05	0.9995277109484167	0.9999999999999999	0.9997637996967997	1933	1035	6	aa	0.7	1.0
True	PROKKA_06122025__gr_1e-12_lr_1e-12_mu_1e-14	11998	mmseqs2	0.9964750609725236	0.9967591654851125	0.9977681516580665	9.999000099990002e-05	0.9999301739284826	0.998777661082838	0.9993535852195112	1958	1049	14	nt	0.9	1.0
True	PROKKA_06122025__gr_1e-12_lr_1e-12_mu_1e-14	11998	mmseqs2	0.9977266805399256	1.0	0.998924979578674	9.999000099990002e-05	0.9993750241765798	1.0	0.9996874144090714	1928	1027	9	aa	0.6	2.0
True	PROKKA_06122025__gr_1e-12_lr_1e-12_mu_1e-14	11998	ppanggolin	0.9744763879256378	0.9733113673805601	0.9828595794406713	9.999000099990002e-05	1.0	0.9906862986469374	0.9953213616030847	2053	1091	51	aa	0.95	5.0
True	PROKKA_06122025__gr_1e-12_lr_1e-12_mu_1e-14	11998	ppanggolin	0.9924214098127545	1.0	0.9971072307882837	9.999000099990002e-05	0.9983817213286834	1.0	0.9991902054276994	1877	987	1	aa	0.7	5.0
True	PROKKA_06122025__gr_1e-12_lr_1e-12_mu_1e-14	11998	cdhit	0.9597987944472554	0.9582742556208224	0.9739474015175801	9.999000099990002e-05	0.9997453777340013	0.9856972445411313	0.9926716118805868	2194	1206	60	aa	0.95	0.0
True	PROKKA_06122025__gr_1e-12_lr_1e-12_mu_1e-14	11998	ppanggolin	0.9954400245879407	0.999121361889072	0.9979986694429785	9.999000099990002e-05	0.9991690296121588	0.9997133511535984	0.9994411162699784	1890	995	3	aa	0.85	5.0
True	PROKKA_06122025__gr_1e-12_lr_1e-12_mu_1e-14	11998	mmseqs2	0.997858012340612	1.0	0.9991032880907611	9.999000099990002e-05	0.9994787786423146	1.0000000000000002	0.9997393213855267	1932	1034	6	nt	0.6	1.0
True	PROKKA_06122025__gr_1e-12_lr_1e-12_mu_1e-14	13478	panaroo	0.9987917971853215	1.0	0.9996158630518225	9.999000099990002e-05	0.9998124265860657	1.0000000000000002	0.9999062044962616	1906	1017	5	aa	0.85	34.0
True	PROKKA_06122025__gr_1e-12_lr_1e-12_mu_1e-14	13478	panta	0.9992317893460242	0.9990610328638497	0.9992553511109132	9.999000099990002e-05	0.9999391354961473	0.9996975639996024	0.9998183351560272	1995	1110	6	aa	0.6	10.0
True	PROKKA_06122025__gr_1e-12_lr_1e-12_mu_1e-14	13478	diamond	0.976527155243445	1.0	0.9919918775313291	9.999000099990002e-05	0.9959695433632951	1.0	0.9979807023358115	1903	1018	13	aa	0.6	1.0
True	PROKKA_06122025__gr_1e-12_lr_1e-12_mu_1e-14	13478	diamond	0.9762247058791819	0.9788319306299413	0.9856449618276363	9.999000099990002e-05	0.999540797706453	0.9934200205946987	0.996471010091621	2028	1087	37	aa	0.95	1.0
True	PROKKA_06122025__gr_1e-12_lr_1e-12_mu_1e-14	13478	diamond	0.9844127807141456	0.9997449630196379	0.9943821872887129	9.999000099990002e-05	0.9972545714856617	0.9999253501785108	0.998588175049356	1917	1031	10	aa	0.7	1.0
True	PROKKA_06122025__gr_1e-12_lr_1e-12_mu_1e-14	13478	panta	0.9994578559550304	0.9995975855130784	0.9995642390658199	9.999000099990002e-05	0.9999391354961473	0.9998481703271238	0.9998936508427501	1897	1011	6	aa	0.8	8.0
True	PROKKA_06122025__gr_1e-12_lr_1e-12_mu_1e-14	13478	mmseqs2	0.9940066739029148	1.0	0.9978463942299913	9.999000099990002e-05	0.9989223832667677	0.9999999999999999	0.9994609011624197	1932	1042	9	nt	0.7	1.0
True	PROKKA_06122025__gr_1e-12_lr_1e-12_mu_1e-14	13478	cdhit	0.9897648197498855	0.9993624075490947	0.9956251203272437	9.999000099990002e-05	0.9980118066892059	0.999795669550151	0.9989029417049227	1922	1032	10	aa	0.7	0.0
True	PROKKA_06122025__gr_1e-12_lr_1e-12_mu_1e-14	13478	panx	0.9984718485529435	1.0	0.9994544227406365	9.999000099990002e-05	0.9997318681787571	1.0	0.9998659161133002	1797	962	5	aa	0.5	958.0
True	PROKKA_06122025__gr_1e-12_lr_1e-12_mu_1e-14	13478	ppanggolin	0.9766550804581372	1.0	0.9922384773131429	9.999000099990002e-05	0.9961822056657531	1.0	0.9980874519753704	1876	999	7	aa	0.6	5.0
True	PROKKA_06122025__gr_1e-12_lr_1e-12_mu_1e-14	13478	panx	0.9973346903071504	0.9990591397849462	0.9984986138755434	9.999000099990002e-05	0.9996371853667728	0.9996291037241735	0.999633144529139	1893	1012	5	aa	0.9	979.0
True	PROKKA_06122025__gr_1e-12_lr_1e-12_mu_1e-14	13478	panaroo	0.9784037483112192	0.9801492139621636	0.9860716120642762	9.999000099990002e-05	0.9998124265860656	0.9935177869575869	0.9966551680050874	2003	1058	48	aa	0.95	34.0
True	PROKKA_06122025__gr_1e-12_lr_1e-12_mu_1e-14	13478	cdhit	0.993676574472753	0.9994899260392757	0.9972757636228421	9.999000099990002e-05	0.9987725971334723	0.9998640635494718	0.9993180323135811	1929	1038	9	nt	0.8	29.0
True	PROKKA_06122025__gr_1e-12_lr_1e-12_mu_1e-14	13478	panta	0.991713943462078	0.9924882629107982	0.9944082534838844	9.999000099990002e-05	0.9999391354961473	0.9973521502331573	0.998643967472385	1935	1036	18	aa	0.95	8.0
True	PROKKA_06122025__gr_1e-12_lr_1e-12_mu_1e-14	13478	mmseqs2	0.9874287822882593	1.0	0.9947400545663412	9.999000099990002e-05	0.9973598888483667	1.0	0.998678199574161	1910	1021	11	aa	0.5	1.0
True	PROKKA_06122025__gr_1e-12_lr_1e-12_mu_1e-14	13478	cdhit	0.9749064146675562	0.9989798520785514	0.9912037162148354	9.999000099990002e-05	0.995876877897074	0.9996966642797819	0.9977831153053407	1908	1025	10	aa	0.6	0.0
True	PROKKA_06122025__gr_1e-12_lr_1e-12_mu_1e-14	13478	panaroo	0.9986353916863696	1.0	0.9995012264895307	9.999000099990002e-05	0.9997564219578116	1.0	0.9998781961445335	1905	1016	5	aa	0.8	32.0
True	PROKKA_06122025__gr_1e-12_lr_1e-12_mu_1e-14	13478	cdhit	0.9950522978451437	0.9975771486865596	0.9970766524821296	9.999000099990002e-05	0.9992678110846441	0.9992725119458732	0.9992701615097301	1941	1042	15	aa	0.9	0.0
True	PROKKA_06122025__gr_1e-12_lr_1e-12_mu_1e-14	13478	cdhit	0.9936574621545667	0.9994899260392757	0.9974276366006439	9.999000099990002e-05	0.9988411445962979	0.9998716861855569	0.9993561497159513	1931	1040	9	aa	0.85	0.0
True	PROKKA_06122025__gr_1e-12_lr_1e-12_mu_1e-14	13478	panta	0.9993448353983411	0.9994634473507713	0.9994604927492668	9.999000099990002e-05	0.9999391354961474	0.9997975706810912	0.9998683480778104	1898	1013	5	aa	0.85	8.0
True	PROKKA_06122025__gr_1e-12_lr_1e-12_mu_1e-14	13478	mmseqs2	0.9981700844659874	1.0	0.9992046093671331	9.999000099990002e-05	0.9996025386671047	0.9999999999999998	0.9998012298318242	1937	1044	9	nt	0.85	1.0
True	PROKKA_06122025__gr_1e-12_lr_1e-12_mu_1e-14	13478	mmseqs2	0.98302418112367	0.9861004845702627	0.9893413124197425	9.999000099990002e-05	0.9998377869796147	0.9949177390488805	0.9973716953855771	2020	1103	27	aa	0.95	2.0
True	PROKKA_06122025__gr_1e-12_lr_1e-12_mu_1e-14	13478	diamond	0.9919342906027137	0.9956643713338434	0.9951668239544211	9.999000099990002e-05	0.9990776026137992	0.998512711485271	0.9987950771778055	1957	1060	16	aa	0.9	0.0
True	PROKKA_06122025__gr_1e-12_lr_1e-12_mu_1e-14	13478	mmseqs2	0.9910385201708473	0.9929864830400408	0.9946906138988808	9.999000099990002e-05	0.9998205323750727	0.9975460602033893	0.9986820012781703	1978	1075	14	nt	0.95	1.0
True	PROKKA_06122025__gr_1e-12_lr_1e-12_mu_1e-14	13478	hdbscan_dist	0.9595206697105693	0.9894159653149707	0.9734976570365204	9.999000099990002e-05	0.9891875084231807	0.9973422321878328	0.993248132695614	1770	854	0	nt	0.9	0.481
True	PROKKA_06122025__gr_1e-12_lr_1e-12_mu_1e-14	13478	hdbscan_tsne	0.7989588809104172	0.8928844682478959	0.8727096616255492	9.999000099990002e-05	0.964111009469526	0.9711927614404368	0.967638928519814	1561	386	0	nt	0.9	22.905
True	PROKKA_06122025__gr_1e-12_lr_1e-12_mu_1e-14	13478	hdbscan_umap	0.7726709699784505	0.9954093343534812	0.8726044205001324	9.999000099990002e-05	0.9285436067026082	0.9988667126979708	0.9624222623361276	865	29	0	nt	0.9	8.005
True	PROKKA_06122025__gr_1e-12_lr_1e-12_mu_1e-14	13478	panx	0.9878161751805724	0.9908049040511727	0.9925886343859726	9.999000099990002e-05	0.999535713763171	0.9968734183335175	0.9982027909069563	1948	1042	19	aa	0.95	976.0
True	PROKKA_06122025__gr_1e-12_lr_1e-12_mu_1e-14	13478	diamond	0.9945065370006272	0.9997449630196379	0.997490076406878	9.999000099990002e-05	0.9988548007469711	0.9998892767950575	0.9993717710677334	1930	1039	9	aa	0.85	1.0
True	PROKKA_06122025__gr_1e-12_lr_1e-12_mu_1e-14	13478	panta	0.9991187177894519	0.9989268947015426	0.999151540935873	9.999000099990002e-05	0.9999391354961474	0.9996469795956042	0.9997930362026916	1996	1111	6	aa	0.7	10.0
True	PROKKA_06122025__gr_1e-12_lr_1e-12_mu_1e-14	13478	mmseqs2	0.9981903801257033	1.0	0.9992090645639802	9.999000099990002e-05	0.9996047666861109	1.0	0.9998023442829934	1937	1044	9	aa	0.8	1.0
True	PROKKA_06122025__gr_1e-12_lr_1e-12_mu_1e-14	13478	panta	0.9992317893460242	0.9990610328638497	0.9992553511109132	9.999000099990002e-05	0.9999391354961473	0.9996975639996024	0.9998183351560272	1995	1110	6	aa	0.5	10.0
True	PROKKA_06122025__gr_1e-12_lr_1e-12_mu_1e-14	13478	panaroo	0.9974081910049072	1.0	0.9990647929993222	9.999000099990002e-05	0.9995430904994749	1.0	0.9997714930462384	1903	1014	6	aa	0.7	35.0
True	PROKKA_06122025__gr_1e-12_lr_1e-12_mu_1e-14	13478	cdhit	0.9894743647833616	0.9926039275694976	0.9938146707147937	9.999000099990002e-05	0.9994194576258718	0.9975086910685383	0.9984631601859122	1972	1065	19	nt	0.95	1.0
True	PROKKA_06122025__gr_1e-12_lr_1e-12_mu_1e-14	13478	cdhit	0.9927155318737094	0.9997449630196379	0.9970121335854814	9.999000099990002e-05	0.9985931829929224	0.9999109232458477	0.9992516186846073	1927	1036	9	aa	0.8	0.0
True	PROKKA_06122025__gr_1e-12_lr_1e-12_mu_1e-14	13478	ppanggolin	0.996115925594295	0.9998667732480682	0.9982166966187908	9.999000099990002e-05	0.999186544737173	0.9999416226405736	0.9995639410910526	1899	1012	5	aa	0.9	5.0
True	PROKKA_06122025__gr_1e-12_lr_1e-12_mu_1e-14	13478	cdhit	0.9676084171980117	0.9993624075490947	0.9885619291137666	9.999000099990002e-05	0.9943798962116087	0.9998462824610139	0.9971055973629966	1887	1005	11	aa	0.5	3.0
True	PROKKA_06122025__gr_1e-12_lr_1e-12_mu_1e-14	13478	panaroo	0.9960513925950842	0.9976019184652278	0.997861259983499	9.999000099990002e-05	0.9998124265860657	0.9991456184026104	0.9994789112781086	1919	1021	11	aa	0.9	33.0
True	PROKKA_06122025__gr_1e-12_lr_1e-12_mu_1e-14	13478	ppanggolin	0.9668602646003265	1.0	0.9884513077152933	9.999000099990002e-05	0.9942978002131856	1.0	0.9971407480937878	1854	980	8	aa	0.5	6.0
True	PROKKA_06122025__gr_1e-12_lr_1e-12_mu_1e-14	13478	cdhit	0.9953547259257632	0.9997449630196379	0.9979307399957182	9.999000099990002e-05	0.9990449754054219	0.9999199543616514	0.9994822733873873	1932	1040	10	nt	0.85	27.0
True	PROKKA_06122025__gr_1e-12_lr_1e-12_mu_1e-14	13478	embed_hdbscan_raw	0.913713092640698	0.951542973731191	0.9380788180419815	9.999000099990002e-05	0.9830853618814469	0.9857876158724885	0.9844346344717535	1744	598	186	aa	0.9	26.584
True	PROKKA_06122025__gr_1e-12_lr_1e-12_mu_1e-14	13478	embed_hdbscan_tsne	0.6907014003523467	0.7733996429482275	0.8044865404973871	9.999000099990002e-05	0.9759597973359968	0.9370790849451929	0.9561243342219593	2157	383	565	aa	0.9	24.289
True	PROKKA_06122025__gr_1e-12_lr_1e-12_mu_1e-14	13478	embed_hdbscan_umap	0.7674563241488472	0.9952818158633002	0.8716373056442865	9.999000099990002e-05	0.9278799610321498	0.9988948783786594	0.962078725408962	846	4	3	aa	0.9	14.578
True	PROKKA_06122025__gr_1e-12_lr_1e-12_mu_1e-14	13478	diamond	0.9681682938714183	1.0	0.9888789056453227	9.999000099990002e-05	0.9943853682541887	0.9999999999999999	0.9971847809178793	1883	998	16	aa	0.5	1.0
True	PROKKA_06122025__gr_1e-12_lr_1e-12_mu_1e-14	13478	mmseqs2	0.9971275929196785	0.9985972966080081	0.9986053921725561	9.999000099990002e-05	0.9997133634814976	0.9995905136826537	0.9996519348077437	1943	1046	10	aa	0.9	0.0
True	PROKKA_06122025__gr_1e-12_lr_1e-12_mu_1e-14	13478	panaroo	0.9962257704975634	0.9994670929922729	0.9984962380390977	9.999000099990002e-05	0.9993682398542153	0.999896913317578	0.9996325066863062	1902	1012	7	aa	0.6	38.0
True	PROKKA_06122025__gr_1e-12_lr_1e-12_mu_1e-14	13478	panx	0.9985060931643933	1.0	0.9994665476077247	9.999000099990002e-05	0.9997388416010752	1.0	0.9998694037473834	1842	988	5	aa	0.6	948.0
True	PROKKA_06122025__gr_1e-12_lr_1e-12_mu_1e-14	13478	panaroo	0.9938773418722435	1.0	0.9973771972968778	9.999000099990002e-05	0.9987164389816535	1.0	0.999357807344097	1891	1001	8	aa	0.5	41.0
True	PROKKA_06122025__gr_1e-12_lr_1e-12_mu_1e-14	13478	panx	0.9985080629804346	1.0	0.9994210061949423	9.999000099990002e-05	0.9997165046276437	1.0	0.9998582322185668	1861	994	6	aa	0.7	954.0
True	PROKKA_06122025__gr_1e-12_lr_1e-12_mu_1e-14	13478	diamond	0.9927586344010496	0.9998724815098189	0.9970370706652112	9.999000099990002e-05	0.9985675574413831	0.9999488933157511	0.9992577480022621	1927	1037	9	aa	0.8	1.0
True	PROKKA_06122025__gr_1e-12_lr_1e-12_mu_1e-14	13478	panx	0.9979570766080319	0.9994596055120237	0.9989549149937893	9.999000099990002e-05	0.9996892766889126	0.9997996519781044	0.9997444612870539	1883	1007	5	aa	0.85	992.0
True	PROKKA_06122025__gr_1e-12_lr_1e-12_mu_1e-14	13478	panta	0.9989151246893423	0.9989268947015426	0.999161245185221	9.999000099990002e-05	0.9999391354961474	0.9996517072747312	0.9997954007274675	1900	1014	5	aa	0.9	8.0
True	PROKKA_06122025__gr_1e-12_lr_1e-12_mu_1e-14	13478	mmseqs2	0.9963872874402457	1.0	0.9988378566279437	9.999000099990002e-05	0.9994190609663285	0.9999999999999999	0.9997094460861091	1937	1045	9	nt	0.8	1.0
True	PROKKA_06122025__gr_1e-12_lr_1e-12_mu_1e-14	13478	panx	0.9983172054703752	0.9997291440953413	0.9992249546962844	9.999000099990002e-05	0.9997192051373394	0.9999014384946151	0.999810313512153	1875	1000	6	aa	0.8	947.0
True	PROKKA_06122025__gr_1e-12_lr_1e-12_mu_1e-14	13478	mmseqs2	0.9983324728194568	1.0	0.9993162240707076	9.999000099990002e-05	0.9996583511328981	0.9999999999999998	0.9998291463804762	1938	1045	9	aa	0.85	0.0
True	PROKKA_06122025__gr_1e-12_lr_1e-12_mu_1e-14	13478	ppanggolin	0.9933465503715806	1.0	0.9973183922213987	9.999000099990002e-05	0.9986875858912073	1.0	0.9993433620551521	1894	1009	5	aa	0.8	5.0
True	PROKKA_06122025__gr_1e-12_lr_1e-12_mu_1e-14	13478	mmseqs2	0.9938441943490501	0.9998724815098189	0.997645886372546	9.999000099990002e-05	0.9988730933918891	0.999948908947498	0.999410711654392	1931	1039	11	nt	0.5	3.0
True	PROKKA_06122025__gr_1e-12_lr_1e-12_mu_1e-14	13478	hdbscan_dist	0.9519425009170367	0.9852078551389951	0.9689360338731777	9.999000099990002e-05	0.9881956517899676	0.9960196223532105	0.9920922117001154	1764	834	0	aa	0.9	0.471
True	PROKKA_06122025__gr_1e-12_lr_1e-12_mu_1e-14	13478	hdbscan_tsne	0.8072030856946154	0.9034685029329252	0.8780241736496386	9.999000099990002e-05	0.9629913943844357	0.9743830124173875	0.9686537124657179	1528	398	0	aa	0.9	24.284
True	PROKKA_06122025__gr_1e-12_lr_1e-12_mu_1e-14	13478	hdbscan_umap	0.12260950322134585	0.9891609283346086	0.7794173043936413	9.999000099990002e-05	0.8665745362483496	0.9966269063711898	0.9270618618532235	810	30	0	aa	0.9	9.535
True	PROKKA_06122025__gr_1e-12_lr_1e-12_mu_1e-14	13478	cdhit	0.9946598432738922	0.9992348890589136	0.9976931461529471	9.999000099990002e-05	0.9991377198093409	0.9997089703589697	0.9994232634552861	1937	1045	9	nt	0.9	1.0
True	PROKKA_06122025__gr_1e-12_lr_1e-12_mu_1e-14	13478	mmseqs2	0.9940871866773772	1.0	0.9979351035053282	9.999000099990002e-05	0.9989668629486032	0.9999999999999999	0.9994831644933458	1933	1043	9	aa	0.7	0.0
True	PROKKA_06122025__gr_1e-12_lr_1e-12_mu_1e-14	13478	mmseqs2	0.9983324728194568	1.0	0.9993162240707076	9.999000099990002e-05	0.9996583511328981	0.9999999999999998	0.9998291463804762	1938	1045	9	nt	0.9	1.0
True	PROKKA_06122025__gr_1e-12_lr_1e-12_mu_1e-14	13478	mmseqs2	0.9922386812675232	1.0	0.9971628362734452	9.999000099990002e-05	0.9985793826200154	1.0	0.9992891864129398	1928	1038	10	aa	0.6	1.0
True	PROKKA_06122025__gr_1e-12_lr_1e-12_mu_1e-14	13478	ppanggolin	0.9897132100453399	0.9929389821476152	0.9940972487779971	9.999000099990002e-05	0.9994719302968609	0.9976617613709516	0.998566025480328	1935	1030	19	aa	0.95	5.0
True	PROKKA_06122025__gr_1e-12_lr_1e-12_mu_1e-14	13478	ppanggolin	0.9897126258716915	1.0	0.9959362033505743	9.999000099990002e-05	0.9980083916774671	1.0	0.9990032032243564	1888	1006	5	aa	0.7	5.0
True	PROKKA_06122025__gr_1e-12_lr_1e-12_mu_1e-14	13478	cdhit	0.9826066301467903	0.9853353736291762	0.9895756952232646	9.999000099990002e-05	0.9995995300894963	0.9952613268002398	0.9974257113219385	2007	1083	30	aa	0.95	0.0
True	PROKKA_06122025__gr_1e-12_lr_1e-12_mu_1e-14	13478	ppanggolin	0.9935013060784468	1.0	0.9974325321281641	9.999000099990002e-05	0.9987435905194614	1.0	0.9993714003704637	1895	1010	5	aa	0.85	5.0
True	PROKKA_06122025__gr_1e-12_lr_1e-12_mu_1e-14	13478	mmseqs2	0.9940066739029148	1.0	0.9978463942299913	9.999000099990002e-05	0.9989223832667677	0.9999999999999999	0.9994609011624197	1932	1042	9	nt	0.6	1.0
True	PROKKA_06122025__gr_1e-12_lr_1e-12_mu_1e-14	14557	panaroo	0.9988861738705144	0.9992483086945627	0.9994537394144948	9.999000099990002e-05	0.999938047891567	0.9997783192577026	0.999858177195421	1897	1036	2	aa	0.85	39.0
True	PROKKA_06122025__gr_1e-12_lr_1e-12_mu_1e-14	14557	panta	0.9996610216549405	0.999746835443038	0.9997775960567664	9.999000099990002e-05	1.0	0.9998846745544259	0.9999423339520316	1985	1133	2	aa	0.6	10.0
True	PROKKA_06122025__gr_1e-12_lr_1e-12_mu_1e-14	14557	diamond	0.9841390109013156	1.0	0.9935469807371545	9.999000099990002e-05	0.9966153548568292	0.9999999999999998	0.9983048086177752	1902	1047	9	aa	0.6	1.0
True	PROKKA_06122025__gr_1e-12_lr_1e-12_mu_1e-14	14557	diamond	0.9760409065537657	0.9764446080235554	0.9860227236735943	9.999000099990002e-05	0.999758557845433	0.9930964708826526	0.9964163787314805	2027	1116	28	aa	0.95	1.0
True	PROKKA_06122025__gr_1e-12_lr_1e-12_mu_1e-14	14557	diamond	0.9903142112433699	1.0	0.99602686842267	9.999000099990002e-05	0.9979212018137815	0.9999999999999999	0.9989595194323322	1917	1060	7	aa	0.7	1.0
True	PROKKA_06122025__gr_1e-12_lr_1e-12_mu_1e-14	14557	panta	0.9998493712760146	0.9998734177215189	0.9998924340785339	9.999000099990002e-05	1.0	0.9999442130350745	0.9999721057394692	1885	1033	2	aa	0.8	8.0
True	PROKKA_06122025__gr_1e-12_lr_1e-12_mu_1e-14	14557	mmseqs2	0.9977740361893674	1.0	0.9988491304175325	9.999000099990002e-05	0.9993995307635206	1.0	0.9996996752138628	1932	1069	7	nt	0.7	1.0
True	PROKKA_06122025__gr_1e-12_lr_1e-12_mu_1e-14	14557	cdhit	0.9907133577665425	0.9998773156667894	0.9962186904748768	9.999000099990002e-05	0.9980815233061014	0.9999407553522695	0.9990102742878297	1920	1062	7	aa	0.7	0.0
True	PROKKA_06122025__gr_1e-12_lr_1e-12_mu_1e-14	14557	panx	0.999290891966662	1.0	0.9996407986541352	9.999000099990002e-05	0.999811671178095	1.0	0.9999058267212761	1787	990	2	aa	0.5	1076.0
True	PROKKA_06122025__gr_1e-12_lr_1e-12_mu_1e-14	14557	ppanggolin	0.9856278173845662	1.0	0.9943511270005932	9.999000099990002e-05	0.9970492101208935	1.0000000000000002	0.9985224250538486	1863	1011	5	aa	0.6	5.0
True	PROKKA_06122025__gr_1e-12_lr_1e-12_mu_1e-14	14557	panx	0.9973832561126418	0.9977151561309977	0.9983602577854056	9.999000099990002e-05	0.9998221538399011	0.999325938567134	0.9995739846198866	1880	1028	6	aa	0.9	942.0
True	PROKKA_06122025__gr_1e-12_lr_1e-12_mu_1e-14	14557	panaroo	0.9787323410911144	0.9782009521423202	0.9864257243631016	9.999000099990002e-05	0.9999411137199179	0.9931468670943384	0.9965324099381138	1992	1075	33	aa	0.95	36.0
True	PROKKA_06122025__gr_1e-12_lr_1e-12_mu_1e-14	14557	cdhit	0.9954688612895475	0.9998773156667894	0.9979117243671095	9.999000099990002e-05	0.9989525881601058	0.9999569719331264	0.9994545277123476	1928	1066	7	nt	0.8	30.0
True	PROKKA_06122025__gr_1e-12_lr_1e-12_mu_1e-14	14557	panta	0.9941488612620066	0.9931645569620253	0.9963870906358837	9.999000099990002e-05	1.0000000000000002	0.998136110658552	0.9990671859982384	1907	1037	11	aa	0.95	8.0
True	PROKKA_06122025__gr_1e-12_lr_1e-12_mu_1e-14	14557	mmseqs2	0.9910849808860069	1.0	0.9955883258259217	9.999000099990002e-05	0.9976907257010196	0.9999999999999998	0.9988440281224361	1910	1051	9	aa	0.5	2.0
True	PROKKA_06122025__gr_1e-12_lr_1e-12_mu_1e-14	14557	cdhit	0.9848853571653041	0.9995092626671574	0.9935987999538689	9.999000099990002e-05	0.9968080447530782	0.9998362464975241	0.9983198492709017	1906	1049	10	aa	0.6	0.0
True	PROKKA_06122025__gr_1e-12_lr_1e-12_mu_1e-14	14557	panaroo	0.9996105722238274	1.0	0.9997708129425358	9.999000099990002e-05	0.999880921828439	1.0000000000000002	0.9999404573691059	1894	1035	2	aa	0.8	36.0
True	PROKKA_06122025__gr_1e-12_lr_1e-12_mu_1e-14	14557	cdhit	0.9960776317516667	0.9987731566678935	0.9977344521098338	9.999000099990002e-05	0.9992885564229474	0.9995300813116882	0.9994093042751304	1938	1074	8	aa	0.9	0.0
True	PROKKA_06122025__gr_1e-12_lr_1e-12_mu_1e-14	14557	cdhit	0.9938093212927316	0.9998773156667894	0.9977736903123342	9.999000099990002e-05	0.9988701372345258	0.9999671578162275	0.999418346486828	1930	1068	9	aa	0.85	0.0
True	PROKKA_06122025__gr_1e-12_lr_1e-12_mu_1e-14	14557	panta	0.9998493712760146	0.9998734177215189	0.9998924340785339	9.999000099990002e-05	1.0	0.9999442130350745	0.9999721057394692	1885	1033	2	aa	0.85	8.0
True	PROKKA_06122025__gr_1e-12_lr_1e-12_mu_1e-14	14557	mmseqs2	0.9991084257188891	1.0	0.9995324091333833	9.999000099990002e-05	0.9997561986026489	1.0000000000000002	0.9998780844397326	1937	1073	7	nt	0.85	1.0
True	PROKKA_06122025__gr_1e-12_lr_1e-12_mu_1e-14	14557	mmseqs2	0.9841954858481721	0.9857686173475647	0.9904920634235468	9.999000099990002e-05	0.9999482163715538	0.9951652607039072	0.9975510053638581	2010	1122	19	aa	0.95	1.0
True	PROKKA_06122025__gr_1e-12_lr_1e-12_mu_1e-14	14557	diamond	0.9920212300390648	0.995460679671206	0.995480025099471	9.999000099990002e-05	0.99911890542689	0.9985290151044958	0.9988238731706175	1956	1092	8	aa	0.9	1.0
True	PROKKA_06122025__gr_1e-12_lr_1e-12_mu_1e-14	14557	mmseqs2	0.9921080560005322	0.9934977303398356	0.9953596427736757	9.999000099990002e-05	0.9998902136110147	0.997706531626271	0.9987971790676866	1971	1095	13	nt	0.95	1.0
True	PROKKA_06122025__gr_1e-12_lr_1e-12_mu_1e-14	14557	hdbscan_dist	0.9621031382691805	0.9827015090172985	0.9753160554042485	9.999000099990002e-05	0.9910892952433252	0.9959077506383114	0.993492680578737	1806	902	0	nt	0.9	0.534
True	PROKKA_06122025__gr_1e-12_lr_1e-12_mu_1e-14	14557	hdbscan_tsne	0.7707947708108192	0.8527788001472212	0.8619310842883312	9.999000099990002e-05	0.9658235759826934	0.9627637332336165	0.964291227277641	1638	420	0	nt	0.9	24.296
True	PROKKA_06122025__gr_1e-12_lr_1e-12_mu_1e-14	14557	hdbscan_umap	0.7531283269638046	0.986382039013618	0.8672734596965382	9.999000099990002e-05	0.9242737760133588	0.9967538467880953	0.9591464805520823	840	39	0	nt	0.9	7.654
True	PROKKA_06122025__gr_1e-12_lr_1e-12_mu_1e-14	14557	panx	0.9911621650237603	0.9912236710130391	0.9945352908430947	9.999000099990002e-05	0.9997412783294617	0.9974363632050466	0.9985874907319031	1923	1048	11	aa	0.95	921.0
True	PROKKA_06122025__gr_1e-12_lr_1e-12_mu_1e-14	14557	diamond	0.9937230285601263	0.9987731566678935	0.9972075961838494	9.999000099990002e-05	0.9988738525719846	0.9996684062810106	0.9992709714824777	1930	1066	8	aa	0.85	1.0
True	PROKKA_06122025__gr_1e-12_lr_1e-12_mu_1e-14	14557	panta	0.9998493712760146	0.9998734177215189	0.9998924340785335	9.999000099990002e-05	1.0	0.9999442130350743	0.9999721057394692	1984	1132	2	aa	0.7	10.0
True	PROKKA_06122025__gr_1e-12_lr_1e-12_mu_1e-14	14557	mmseqs2	0.9992153308234554	1.0	0.9995485421918892	9.999000099990002e-05	0.9997646140538103	1.0	0.9998822931736389	1937	1073	7	aa	0.8	1.0
True	PROKKA_06122025__gr_1e-12_lr_1e-12_mu_1e-14	14557	panta	0.9996610216549405	0.999746835443038	0.9997775960567659	9.999000099990002e-05	1.0	0.9998846745544258	0.9999423339520315	1985	1132	2	aa	0.5	10.0
True	PROKKA_06122025__gr_1e-12_lr_1e-12_mu_1e-14	14557	panaroo	0.9995178959501466	1.0	0.9996393503148783	9.999000099990002e-05	0.999812593537033	1.0000000000000002	0.9999062879873982	1892	1032	3	aa	0.7	38.0
True	PROKKA_06122025__gr_1e-12_lr_1e-12_mu_1e-14	14557	cdhit	0.9928056464529308	0.9946018893387314	0.9953193241654824	9.999000099990002e-05	0.9996652862122806	0.9979072241021482	0.9987854815226235	1969	1097	14	nt	0.95	1.0
True	PROKKA_06122025__gr_1e-12_lr_1e-12_mu_1e-14	14557	cdhit	0.9932812165402685	1.0	0.997482202372625	9.999000099990002e-05	0.9986845578773611	0.9999999999999999	0.9993418460569705	1926	1065	7	aa	0.8	0.0
True	PROKKA_06122025__gr_1e-12_lr_1e-12_mu_1e-14	14557	ppanggolin	0.9951344103775006	0.9988724630418442	0.9978285095449805	9.999000099990002e-05	0.9991633294529281	0.9997073634738014	0.9994352724283065	1889	1030	2	aa	0.9	5.0
True	PROKKA_06122025__gr_1e-12_lr_1e-12_mu_1e-14	14557	cdhit	0.9766014752541673	0.9991412096675255	0.9900825388813634	9.999000099990002e-05	0.9950976267989666	0.9996873416155012	0.9973872040686649	1890	1038	11	aa	0.5	3.0
True	PROKKA_06122025__gr_1e-12_lr_1e-12_mu_1e-14	14557	panaroo	0.9969683187185955	0.9971185166624906	0.998593366691087	9.999000099990002e-05	0.999938047891567	0.9993325259980912	0.999635195247195	1901	1037	3	aa	0.9	33.0
True	PROKKA_06122025__gr_1e-12_lr_1e-12_mu_1e-14	14557	ppanggolin	0.9765917104359347	1.0	0.9907383981552246	9.999000099990002e-05	0.9951445892828701	1.0	0.9975663865450097	1843	997	6	aa	0.5	6.0
True	PROKKA_06122025__gr_1e-12_lr_1e-12_mu_1e-14	14557	cdhit	0.9970815589178693	1.0	0.9986435370659805	9.999000099990002e-05	0.9992921183061646	1.0	0.9996459338346039	1931	1068	7	nt	0.85	27.0
True	PROKKA_06122025__gr_1e-12_lr_1e-12_mu_1e-14	14557	embed_hdbscan_raw	0.9269309883788353	0.9743589743589743	0.9501837632379558	9.999000099990002e-05	0.979635700194326	0.9936150376305268	0.9865758511619933	1598	651	0	aa	0.9	28.982
True	PROKKA_06122025__gr_1e-12_lr_1e-12_mu_1e-14	14557	embed_hdbscan_tsne	0.7902574795938406	0.8747392957919273	0.8693797874175856	9.999000099990002e-05	0.9650769045961686	0.966581964846571	0.9658288483843116	1525	312	0	aa	0.9	23.443
True	PROKKA_06122025__gr_1e-12_lr_1e-12_mu_1e-14	14557	embed_hdbscan_umap	0.7603322007141142	0.9760765550239234	0.8679651760681958	9.999000099990002e-05	0.9276307360917596	0.9943924214084258	0.9598520915168278	852	8	0	aa	0.9	14.737
True	PROKKA_06122025__gr_1e-12_lr_1e-12_mu_1e-14	14557	diamond	0.9787065321262488	1.0	0.9909275327241107	9.999000099990002e-05	0.9952289765423937	1.0	0.9976087839973765	1883	1028	14	aa	0.5	1.0
True	PROKKA_06122025__gr_1e-12_lr_1e-12_mu_1e-14	14557	mmseqs2	0.9969948952933401	0.9976689976689976	0.998454994376437	9.999000099990002e-05	0.9998835825518829	0.9993124947135456	0.9995979570645972	1946	1076	10	aa	0.9	1.0
True	PROKKA_06122025__gr_1e-12_lr_1e-12_mu_1e-14	14557	panaroo	0.9982961749757913	1.0	0.9991435106115485	9.999000099990002e-05	0.9995547189668252	1.0	0.9997773099035745	1889	1029	4	aa	0.6	44.0
True	PROKKA_06122025__gr_1e-12_lr_1e-12_mu_1e-14	14557	panx	0.9993066015573255	1.0	0.9996492933878418	9.999000099990002e-05	0.9998168991345047	1.0	0.9999084411850032	1829	1008	2	aa	0.6	1055.0
True	PROKKA_06122025__gr_1e-12_lr_1e-12_mu_1e-14	14557	panaroo	0.9960824859698464	1.0	0.9978814332197792	9.999000099990002e-05	0.998897193874166	0.9999999999999999	0.999448292724001	1879	1020	4	aa	0.5	46.0
True	PROKKA_06122025__gr_1e-12_lr_1e-12_mu_1e-14	14557	panx	0.9993168374356796	1.0	0.9996544116716617	9.999000099990002e-05	0.9998196950270768	1.0	0.9999098393853348	1849	1016	2	aa	0.7	1093.0
True	PROKKA_06122025__gr_1e-12_lr_1e-12_mu_1e-14	14557	diamond	0.9927098027548957	0.9995092626671574	0.9972303454793983	9.999000099990002e-05	0.9986845578773611	0.9998686198011183	0.9992762380848402	1927	1065	7	aa	0.8	1.0
True	PROKKA_06122025__gr_1e-12_lr_1e-12_mu_1e-14	14557	panx	0.9982465198377292	0.998854961832061	0.9990104363113358	9.999000099990002e-05	0.9998216988663644	0.9996636751645263	0.999742680770966	1872	1025	4	aa	0.85	953.0
True	PROKKA_06122025__gr_1e-12_lr_1e-12_mu_1e-14	14557	panta	0.9992086934899017	0.9989873417721519	0.9994342000822446	9.999000099990002e-05	1.0000000000000002	0.9997067621529708	0.9998533595762243	1888	1033	3	aa	0.9	8.0
True	PROKKA_06122025__gr_1e-12_lr_1e-12_mu_1e-14	14557	mmseqs2	0.9985208556101512	1.0	0.9993593101969981	9.999000099990002e-05	0.9996658879806707	1.0	0.9998329160779621	1937	1074	7	nt	0.8	1.0
True	PROKKA_06122025__gr_1e-12_lr_1e-12_mu_1e-14	14557	panx	0.9990360860977785	0.9996170049789352	0.9994204887432782	9.999000099990002e-05	0.9998209975436382	0.9998773198217341	0.9998491578895168	1864	1022	3	aa	0.8	1119.0
True	PROKKA_06122025__gr_1e-12_lr_1e-12_mu_1e-14	14557	mmseqs2	0.998893620698111	0.9996319470003681	0.9994331226040751	9.999000099990002e-05	0.999820463672621	0.9998840608567793	0.9998522612534002	1939	1074	7	aa	0.85	1.0
True	PROKKA_06122025__gr_1e-12_lr_1e-12_mu_1e-14	14557	ppanggolin	0.9931644003480077	1.0	0.9975202226219817	9.999000099990002e-05	0.998708716828915	1.0000000000000002	0.9993539412920891	1882	1026	2	aa	0.8	5.0
True	PROKKA_06122025__gr_1e-12_lr_1e-12_mu_1e-14	14557	mmseqs2	0.9968154769425491	1.0	0.998517206316459	9.999000099990002e-05	0.9992260945266175	1.0	0.9996128974729266	1931	1069	7	nt	0.5	3.0
True	PROKKA_06122025__gr_1e-12_lr_1e-12_mu_1e-14	14557	hdbscan_dist	0.9674073651210203	0.9904306220095693	0.9783360204156798	9.999000099990002e-05	0.9908967235942311	0.9976511855736855	0.9942624832091873	1795	911	9	aa	0.9	0.524
True	PROKKA_06122025__gr_1e-12_lr_1e-12_mu_1e-14	14557	hdbscan_tsne	0.7927675274857422	0.886394307446939	0.8746132066912282	9.999000099990002e-05	0.9646050004739958	0.9692915803354568	0.9669426117063369	1613	499	20	aa	0.9	24.011
True	PROKKA_06122025__gr_1e-12_lr_1e-12_mu_1e-14	14557	hdbscan_umap	0.2183332289599226	0.9763219236903448	0.8073417093976987	9.999000099990002e-05	0.8859064356124707	0.9934361593464714	0.9365950511587295	851	55	1	aa	0.9	8.241
True	PROKKA_06122025__gr_1e-12_lr_1e-12_mu_1e-14	14557	cdhit	0.9975431037648531	1.0	0.9988756062334032	9.999000099990002e-05	0.99941336072415	1.0	0.9997065943004214	1933	1070	7	nt	0.9	1.0
True	PROKKA_06122025__gr_1e-12_lr_1e-12_mu_1e-14	14557	mmseqs2	0.9977909406467528	0.9998773156667894	0.9988487429489509	9.999000099990002e-05	0.9994585981120108	0.9999408369759456	0.9996996593879345	1934	1071	7	aa	0.7	1.0
True	PROKKA_06122025__gr_1e-12_lr_1e-12_mu_1e-14	14557	mmseqs2	0.9988757558425893	0.9996319470003681	0.9993738144465693	9.999000099990002e-05	0.999820463672621	0.9998531701226463	0.999836816630162	1940	1075	8	nt	0.9	1.0
True	PROKKA_06122025__gr_1e-12_lr_1e-12_mu_1e-14	14557	mmseqs2	0.9965849872162563	1.0	0.9983211589779621	9.999000099990002e-05	0.9991236015386777	1.0	0.9995616086665938	1928	1064	9	aa	0.6	1.0
True	PROKKA_06122025__gr_1e-12_lr_1e-12_mu_1e-14	14557	ppanggolin	0.9938143604292645	0.9944875970934602	0.9961330694012078	9.999000099990002e-05	0.9997020085806883	0.9982971180462447	0.9989990693899737	1915	1046	7	aa	0.95	5.0
True	PROKKA_06122025__gr_1e-12_lr_1e-12_mu_1e-14	14557	ppanggolin	0.990463491179251	1.0	0.9961886929680375	9.999000099990002e-05	0.9980127260253661	1.0000000000000002	0.9990053747162128	1873	1019	3	aa	0.7	5.0
True	PROKKA_06122025__gr_1e-12_lr_1e-12_mu_1e-14	14557	cdhit	0.986223573612509	0.9877315666789351	0.990916627182483	9.999000099990002e-05	0.9998610422979097	0.9954649706183506	0.997658163779268	2011	1127	21	aa	0.95	0.0
True	PROKKA_06122025__gr_1e-12_lr_1e-12_mu_1e-14	14557	ppanggolin	0.9926422806305799	0.9993735905788023	0.9972756480844216	9.999000099990002e-05	0.9987658428920431	0.9998159757609999	0.9992906334361297	1885	1028	2	aa	0.85	6.0
True	PROKKA_06122025__gr_1e-12_lr_1e-12_mu_1e-14	14557	mmseqs2	0.9977740361893674	1.0	0.9988491304175325	9.999000099990002e-05	0.9993995307635206	1.0	0.9996996752138628	1932	1069	7	nt	0.6	1.0
True	PROKKA_06122025__gr_1e-12_lr_1e-12_mu_1e-14	14720	panaroo	0.9999308625266868	1.0	0.9999115710406569	9.999000099990002e-05	0.999957077215107	1.0	0.9999785381469523	1897	1022	5	aa	0.85	30.0
True	PROKKA_06122025__gr_1e-12_lr_1e-12_mu_1e-14	14720	panta	1.0	1.0	1.0	9.999000099990002e-05	1.0	0.9999999999999999	0.9999999999999999	1984	1115	5	aa	0.6	10.0
True	PROKKA_06122025__gr_1e-12_lr_1e-12_mu_1e-14	14720	diamond	0.9766457071063547	1.0	0.9916859881330757	9.999000099990002e-05	0.995910851779091	1.0	0.9979512370418427	1903	1035	13	aa	0.6	1.0
True	PROKKA_06122025__gr_1e-12_lr_1e-12_mu_1e-14	14720	diamond	0.9802867619866255	0.9827793352022427	0.987995609359103	9.999000099990002e-05	0.9996581310944855	0.9945749039613335	0.9971100390478039	2008	1086	42	aa	0.95	1.0
True	PROKKA_06122025__gr_1e-12_lr_1e-12_mu_1e-14	14720	diamond	0.9826213686141865	1.0	0.994084438579527	9.999000099990002e-05	0.9970974513141038	0.9999999999999999	0.9985466163987209	1916	1045	12	aa	0.7	1.0
True	PROKKA_06122025__gr_1e-12_lr_1e-12_mu_1e-14	14720	panta	0.9997436256661986	0.9997245179063361	0.999780995109682	9.999000099990002e-05	1.0	0.9998937710104893	0.9999468826839452	1887	1018	5	aa	0.8	8.0
True	PROKKA_06122025__gr_1e-12_lr_1e-12_mu_1e-14	14720	mmseqs2	0.9960852528968062	1.0	0.9982945826368212	9.999000099990002e-05	0.9991666991713785	0.9999999999999999	0.9995831759157617	1932	1054	12	nt	0.7	1.0
True	PROKKA_06122025__gr_1e-12_lr_1e-12_mu_1e-14	14720	cdhit	0.9827204921248134	0.999733012948872	0.9942080887035725	9.999000099990002e-05	0.9972596754831731	0.9998996945444856	0.9985779401103557	1921	1050	12	aa	0.7	0.0
True	PROKKA_06122025__gr_1e-12_lr_1e-12_mu_1e-14	14720	panx	0.9988124985117189	1.0	0.9995191471984267	9.999000099990002e-05	0.9997657067466056	0.9999999999999999	0.9998828396483628	1797	985	5	aa	0.5	1148.0
True	PROKKA_06122025__gr_1e-12_lr_1e-12_mu_1e-14	14720	ppanggolin	0.9757562489078405	1.0	0.9916400504102417	9.999000099990002e-05	0.9959086795026164	1.0	0.99795014644738	1864	1003	7	aa	0.6	5.0
True	PROKKA_06122025__gr_1e-12_lr_1e-12_mu_1e-14	14720	panx	0.9969538584793612	0.9983365677848628	0.9983515461631068	9.999000099990002e-05	0.9997793547656826	0.9994210297933064	0.9996001601674595	1883	1019	7	aa	0.9	1090.0
True	PROKKA_06122025__gr_1e-12_lr_1e-12_mu_1e-14	14720	panaroo	0.9840095186144121	0.9855211036743614	0.9896569538136225	9.999000099990002e-05	0.999957077215107	0.9950970854192499	0.9975211617986265	1968	1055	37	aa	0.95	31.0
True	PROKKA_06122025__gr_1e-12_lr_1e-12_mu_1e-14	14720	cdhit	0.9931801054449878	1.0	0.997350805732325	9.999000099990002e-05	0.9987043407641929	0.9999999999999999	0.999351750426823	1928	1052	11	nt	0.8	27.0
True	PROKKA_06122025__gr_1e-12_lr_1e-12_mu_1e-14	14720	panta	0.9956237141090408	0.9964187327823691	0.9975297150428716	9.999000099990002e-05	1.0	0.9988057537186167	0.999402520090228	1900	1023	12	aa	0.95	8.0
True	PROKKA_06122025__gr_1e-12_lr_1e-12_mu_1e-14	14720	mmseqs2	0.9875494581915494	1.0	0.9946346846268311	9.999000099990002e-05	0.9973688418086809	1.0	0.9986826878760477	1911	1037	13	aa	0.5	1.0
True	PROKKA_06122025__gr_1e-12_lr_1e-12_mu_1e-14	14720	cdhit	0.9732455811112178	1.0	0.99087834513873	9.999000099990002e-05	0.99551002733437	1.0000000000000002	0.9977499623634427	1904	1039	13	aa	0.6	0.0
True	PROKKA_06122025__gr_1e-12_lr_1e-12_mu_1e-14	14720	panaroo	0.9986420460474386	1.0	0.9995043336125156	9.999000099990002e-05	0.999759310237085	1.0	0.9998796406339089	1896	1022	5	aa	0.8	30.0
True	PROKKA_06122025__gr_1e-12_lr_1e-12_mu_1e-14	14720	cdhit	0.9960980785097289	0.999065545321052	0.9979197031332074	9.999000099990002e-05	0.999354655760146	0.9996299193385775	0.9994922685972302	1938	1057	12	aa	0.9	0.0
True	PROKKA_06122025__gr_1e-12_lr_1e-12_mu_1e-14	14720	cdhit	0.9899238575233752	1.0	0.9970454206487575	9.999000099990002e-05	0.9985545598351078	1.0000000000000002	0.9992767572154692	1930	1054	11	aa	0.85	0.0
True	PROKKA_06122025__gr_1e-12_lr_1e-12_mu_1e-14	14720	panta	0.9992771541191917	0.9994490358126722	0.9995662428636523	9.999000099990002e-05	1.0	0.9997896714657291	0.9998948246721783	1888	1018	6	aa	0.85	8.0
True	PROKKA_06122025__gr_1e-12_lr_1e-12_mu_1e-14	14720	mmseqs2	0.9986990159008221	1.0	0.9993816030464894	9.999000099990002e-05	0.9996981645513175	0.9999999999999999	0.9998490594960614	1937	1057	11	nt	0.85	3.0
True	PROKKA_06122025__gr_1e-12_lr_1e-12_mu_1e-14	14720	mmseqs2	0.9884775659330504	0.9901214791082632	0.992845508878388	9.999000099990002e-05	0.9999581178670198	0.9965875511050492	0.998269989392012	1989	1093	21	aa	0.95	1.0
True	PROKKA_06122025__gr_1e-12_lr_1e-12_mu_1e-14	14720	diamond	0.9934435061992367	0.9978641035909759	0.9964889284224815	9.999000099990002e-05	0.9989597757064572	0.9993260342096874	0.9991428713929811	1944	1067	13	aa	0.9	1.0
True	PROKKA_06122025__gr_1e-12_lr_1e-12_mu_1e-14	14720	mmseqs2	0.9932661963813953	0.9946602589774396	0.9959001262966105	9.999000099990002e-05	0.9999323054287709	0.9980789310686864	0.9990047586448245	1966	1075	18	nt	0.95	1.0
True	PROKKA_06122025__gr_1e-12_lr_1e-12_mu_1e-14	14720	hdbscan_dist	0.9476605298245765	0.9691629955947136	0.9619751019743685	9.999000099990002e-05	0.9903709189253909	0.9910482200207453	0.9907094537134177	1834	791	138	nt	0.9	1.998
True	PROKKA_06122025__gr_1e-12_lr_1e-12_mu_1e-14	14720	hdbscan_tsne	0.6410457193967425	0.7295421172073154	0.7754392943267909	9.999000099990002e-05	0.9790051259408447	0.9277624883275128	0.9526952575988494	2348	434	751	nt	0.9	22.12
True	PROKKA_06122025__gr_1e-12_lr_1e-12_mu_1e-14	14720	hdbscan_umap	0.7631588139871249	0.9962621812842077	0.8671392775122714	9.999000099990002e-05	0.926534564130849	0.999020312936575	0.9614131087390897	864	20	33	nt	0.9	8.949
True	PROKKA_06122025__gr_1e-12_lr_1e-12_mu_1e-14	14720	panx	0.9929329575759684	0.9950752393980848	0.9957124429781941	9.999000099990002e-05	0.9997185015414273	0.9982081440077143	0.9989627518877755	1917	1036	12	aa	0.95	1046.0
True	PROKKA_06122025__gr_1e-12_lr_1e-12_mu_1e-14	14720	diamond	0.9897996582775093	0.999199038846616	0.9964144740845423	9.999000099990002e-05	0.9984393092845449	0.9998065835729204	0.9991224786587284	1930	1054	11	aa	0.85	1.0
True	PROKKA_06122025__gr_1e-12_lr_1e-12_mu_1e-14	14720	panta	1.0	1.0	1.0	9.999000099990002e-05	1.0	1.0	1.0	1984	1115	5	aa	0.7	10.0
True	PROKKA_06122025__gr_1e-12_lr_1e-12_mu_1e-14	14720	mmseqs2	0.9977529681854477	1.0	0.9991238930161643	9.999000099990002e-05	0.9995722692635136	0.9999999999999999	0.9997860888835771	1937	1058	11	aa	0.8	0.0
True	PROKKA_06122025__gr_1e-12_lr_1e-12_mu_1e-14	14720	panta	1.0	1.0	1.0	9.999000099990002e-05	1.0	1.0	1.0	1984	1115	5	aa	0.5	10.0
True	PROKKA_06122025__gr_1e-12_lr_1e-12_mu_1e-14	14720	panaroo	0.9984582001284703	1.0	0.999331521991621	9.999000099990002e-05	0.9996753390443035	1.0	0.9998376431666893	1894	1019	6	aa	0.7	38.0
True	PROKKA_06122025__gr_1e-12_lr_1e-12_mu_1e-14	14720	cdhit	0.9919765345494993	0.9949272460285676	0.9953173067343656	9.999000099990002e-05	0.9995194238937776	0.9982048832522253	0.9988617210766124	1962	1077	14	nt	0.95	1.0
True	PROKKA_06122025__gr_1e-12_lr_1e-12_mu_1e-14	14720	cdhit	0.9871723537574653	0.9994660258977439	0.995750339035104	9.999000099990002e-05	0.9980755769659223	0.9998437689857608	0.9989588905360935	1928	1053	12	aa	0.8	0.0
True	PROKKA_06122025__gr_1e-12_lr_1e-12_mu_1e-14	14720	ppanggolin	0.9942711017555834	1.0	0.9977582818600862	9.999000099990002e-05	0.9989095614585616	1.0	0.9994544833030651	1888	1017	5	aa	0.9	5.0
True	PROKKA_06122025__gr_1e-12_lr_1e-12_mu_1e-14	14720	cdhit	0.966312909302662	0.999866506474436	0.9879908825513462	9.999000099990002e-05	0.9941388440355361	0.9999339741693326	0.9970279882631948	1888	1025	13	aa	0.5	2.0
True	PROKKA_06122025__gr_1e-12_lr_1e-12_mu_1e-14	14720	panaroo	0.9970416260123008	0.9979510995765606	0.9984424940619201	9.999000099990002e-05	0.999957077215107	0.9992884971551123	0.9996226753931161	1905	1023	8	aa	0.9	32.0
True	PROKKA_06122025__gr_1e-12_lr_1e-12_mu_1e-14	14720	ppanggolin	0.9671640917936271	1.0	0.9881902795897148	9.999000099990002e-05	0.9942004025978216	1.0	0.9970917680115683	1845	988	7	aa	0.5	5.0
True	PROKKA_06122025__gr_1e-12_lr_1e-12_mu_1e-14	14720	cdhit	0.9942865972354998	0.9995995194233079	0.9975918894542083	9.999000099990002e-05	0.9989926439617994	0.9998305556885435	0.9994114241978169	1933	1055	11	nt	0.85	24.0
True	PROKKA_06122025__gr_1e-12_lr_1e-12_mu_1e-14	14720	embed_hdbscan_raw	0.9192187950887901	0.9588839941262849	0.9396541931950385	9.999000099990002e-05	0.9823678090849597	0.9877976488615235	0.9850752465661473	1712	604	182	aa	0.9	24.464
True	PROKKA_06122025__gr_1e-12_lr_1e-12_mu_1e-14	14720	embed_hdbscan_tsne	0.6905749337523571	0.7786677346148712	0.803848996833976	9.999000099990002e-05	0.9755435835578218	0.9387898584040899	0.9568138993974569	2091	350	565	aa	0.9	21.244
True	PROKKA_06122025__gr_1e-12_lr_1e-12_mu_1e-14	14720	embed_hdbscan_umap	0.7434205698750462	0.9959951942330797	0.8614709073536297	9.999000099990002e-05	0.9228727718554066	0.9990075242124303	0.9594321195348686	826	5	6	aa	0.9	14.64
True	PROKKA_06122025__gr_1e-12_lr_1e-12_mu_1e-14	14720	diamond	0.9697028703453469	1.0	0.9886784105252729	9.999000099990002e-05	0.9944148291532219	1.0	0.997199594204206	1883	1015	15	aa	0.5	1.0
True	PROKKA_06122025__gr_1e-12_lr_1e-12_mu_1e-14	14720	mmseqs2	0.9975260325921882	0.999065545321052	0.9988688122813965	9.999000099990002e-05	0.9997652414318691	0.9996830900678328	0.9997241640621737	1941	1059	11	aa	0.9	1.0
True	PROKKA_06122025__gr_1e-12_lr_1e-12_mu_1e-14	14720	panaroo	0.9965776685828797	1.0	0.9986221170550459	9.999000099990002e-05	0.9993303304771362	1.0000000000000002	0.9996650530866984	1891	1017	7	aa	0.6	40.0
True	PROKKA_06122025__gr_1e-12_lr_1e-12_mu_1e-14	14720	panx	0.9988423383099222	1.0	0.9995312437651536	9.999000099990002e-05	0.9997719028582988	1.0	0.9998859384205893	1832	999	5	aa	0.6	1006.0
True	PROKKA_06122025__gr_1e-12_lr_1e-12_mu_1e-14	14720	panaroo	0.993406041886432	1.0	0.9971102483686974	9.999000099990002e-05	0.9985934298000054	1.0000000000000002	0.9992962199419744	1881	1007	8	aa	0.5	39.0
True	PROKKA_06122025__gr_1e-12_lr_1e-12_mu_1e-14	14720	panx	0.9985953700933271	0.9998591747641177	0.999397900856998	9.999000099990002e-05	0.9997754304773755	0.9999320290923183	0.9998537236531684	1853	1005	5	aa	0.7	997.0
True	PROKKA_06122025__gr_1e-12_lr_1e-12_mu_1e-14	14720	diamond	0.9863599930185447	0.999866506474436	0.9956990536210686	9.999000099990002e-05	0.997957713707612	0.9999357832352481	0.9989457692502999	1927	1054	11	aa	0.8	0.0
True	PROKKA_06122025__gr_1e-12_lr_1e-12_mu_1e-14	14720	panx	0.9976653162035942	0.9990246621150899	0.9988086163293177	9.999000099990002e-05	0.9997781347801932	0.9996442078530876	0.9997111668312394	1876	1017	7	aa	0.85	982.0
True	PROKKA_06122025__gr_1e-12_lr_1e-12_mu_1e-14	14720	panta	0.9992771541191917	0.9994490358126722	0.9995662428636523	9.999000099990002e-05	1.0	0.999789671465729	0.9998948246721782	1888	1018	6	aa	0.9	8.0
True	PROKKA_06122025__gr_1e-12_lr_1e-12_mu_1e-14	14720	mmseqs2	0.9987210383224973	1.0	0.9993366986530391	9.999000099990002e-05	0.9996762324403909	0.9999999999999999	0.9998380900095941	1937	1058	11	nt	0.8	1.0
True	PROKKA_06122025__gr_1e-12_lr_1e-12_mu_1e-14	14720	panx	0.998295494326133	0.9994401679496151	0.9991436552515254	9.999000099990002e-05	0.9997770127078535	0.9998074473415668	0.9997922297930952	1867	1013	6	aa	0.8	981.0
True	PROKKA_06122025__gr_1e-12_lr_1e-12_mu_1e-14	14720	mmseqs2	0.9989853830365623	1.0	0.9995189638040031	9.999000099990002e-05	0.9997652414318691	1.0	0.9998826069364207	1938	1058	11	aa	0.85	1.0
True	PROKKA_06122025__gr_1e-12_lr_1e-12_mu_1e-14	14720	ppanggolin	0.9864047169994016	1.0	0.9958125908542881	9.999000099990002e-05	0.9979592019401903	1.0000000000000002	0.9989785586923758	1884	1017	5	aa	0.8	5.0
True	PROKKA_06122025__gr_1e-12_lr_1e-12_mu_1e-14	14720	mmseqs2	0.9947070182139526	1.0	0.99787761602638	9.999000099990002e-05	0.9989625332319944	0.9999999999999999	0.999480997392018	1931	1054	12	nt	0.5	3.0
True	PROKKA_06122025__gr_1e-12_lr_1e-12_mu_1e-14	14720	hdbscan_dist	0.9650287824780746	0.9978641035909759	0.9751869902846124	9.999000099990002e-05	0.9881477069845321	0.9994632266824752	0.9937732570625003	1732	839	10	aa	0.9	0.599
True	PROKKA_06122025__gr_1e-12_lr_1e-12_mu_1e-14	14720	hdbscan_tsne	0.8189712445029572	0.9351221465758911	0.8842067097814279	9.999000099990002e-05	0.958337241374689	0.9819735790206154	0.9700114444857055	1416	390	17	aa	0.9	24.325
True	PROKKA_06122025__gr_1e-12_lr_1e-12_mu_1e-14	14720	hdbscan_umap	0.11086412346769157	0.9899879855826993	0.7719993606075978	9.999000099990002e-05	0.8642586395195336	0.9966728357188502	0.9257547851772528	822	38	0	aa	0.9	9.155
True	PROKKA_06122025__gr_1e-12_lr_1e-12_mu_1e-14	14720	cdhit	0.9970061963481318	1.0	0.9986575320582318	9.999000099990002e-05	0.9993442795250017	1.0	0.9996720322349115	1933	1054	11	nt	0.9	1.0
True	PROKKA_06122025__gr_1e-12_lr_1e-12_mu_1e-14	14720	mmseqs2	0.9969623033469756	1.0	0.9986241997945144	9.999000099990002e-05	0.9993279762646404	1.0	0.9996638751903952	1933	1054	12	aa	0.7	0.0
True	PROKKA_06122025__gr_1e-12_lr_1e-12_mu_1e-14	14720	mmseqs2	0.9989853830365623	1.0	0.9995189638040031	9.999000099990002e-05	0.9997652414318691	1.0	0.9998826069364207	1938	1058	11	nt	0.9	2.0
True	PROKKA_06122025__gr_1e-12_lr_1e-12_mu_1e-14	14720	mmseqs2	0.9944667644392108	1.0	0.9976461292084983	9.999000099990002e-05	0.9988491116146462	0.9999999999999999	0.9994242244806442	1929	1052	13	aa	0.6	0.0
True	PROKKA_06122025__gr_1e-12_lr_1e-12_mu_1e-14	14720	ppanggolin	0.9949670937107404	0.9974047261303101	0.9971611378982423	9.999000099990002e-05	0.9996039784354431	0.9990204012366177	0.9993121046368428	1907	1029	8	aa	0.95	5.0
True	PROKKA_06122025__gr_1e-12_lr_1e-12_mu_1e-14	14720	ppanggolin	0.9821398394894095	1.0	0.9939902153700562	9.999000099990002e-05	0.9970657187007619	1.0000000000000002	0.9985307036860325	1874	1009	6	aa	0.7	5.0
True	PROKKA_06122025__gr_1e-12_lr_1e-12_mu_1e-14	14720	cdhit	0.9866989420474669	0.9883860632759311	0.9911456533729051	9.999000099990002e-05	0.9998453871875675	0.9958868540685304	0.9978621947545949	2002	1104	26	aa	0.95	0.0
True	PROKKA_06122025__gr_1e-12_lr_1e-12_mu_1e-14	14720	ppanggolin	0.9876621715808882	1.0	0.9962168622163912	9.999000099990002e-05	0.9981569689182123	1.0	0.9990776344849497	1885	1017	5	aa	0.85	5.0
True	PROKKA_06122025__gr_1e-12_lr_1e-12_mu_1e-14	14720	mmseqs2	0.9960852528968062	1.0	0.9982945826368212	9.999000099990002e-05	0.9991666991713785	0.9999999999999999	0.9995831759157617	1932	1054	12	nt	0.6	1.0
True	PROKKA_06122025__gr_1e-12_lr_1e-12_mu_1e-14	14928	panaroo	0.9994449361573964	1.0	0.9997231446412812	9.999000099990002e-05	0.9998734235886134	1.0000000000000002	0.9999367077886564	1896	1015	10	aa	0.85	32.0
True	PROKKA_06122025__gr_1e-12_lr_1e-12_mu_1e-14	14928	panta	0.9998322333928636	0.9995562786570034	0.9997499371147476	9.999000099990002e-05	1.0	0.9998857148884327	0.9999428541787581	1986	1110	10	aa	0.6	10.0
True	PROKKA_06122025__gr_1e-12_lr_1e-12_mu_1e-14	14928	diamond	0.9767058606917414	1.0	0.9907672433638258	9.999000099990002e-05	0.9957626087151663	1.0000000000000002	0.9978768059556135	1902	1032	14	aa	0.6	1.0
True	PROKKA_06122025__gr_1e-12_lr_1e-12_mu_1e-14	14928	diamond	0.9895295866709152	0.9917090909090909	0.9933484387031944	9.999000099990002e-05	0.9995643080139109	0.997430538346485	0.9984962832240779	1973	1079	20	aa	0.95	1.0
True	PROKKA_06122025__gr_1e-12_lr_1e-12_mu_1e-14	14928	diamond	0.9802796526832548	1.0	0.9930461078545908	9.999000099990002e-05	0.9968157807397154	1.0000000000000002	0.9984053515146476	1918	1049	12	aa	0.7	1.0
True	PROKKA_06122025__gr_1e-12_lr_1e-12_mu_1e-14	14928	panta	0.9998881618396814	0.9998520928856678	0.9998871858207778	9.999000099990002e-05	1.0	0.9999484307450808	0.9999742147076762	1888	1011	10	aa	0.8	8.0
True	PROKKA_06122025__gr_1e-12_lr_1e-12_mu_1e-14	14928	mmseqs2	0.9947854908159196	1.0	0.9977055163229978	9.999000099990002e-05	0.9989541983384284	1.0	0.9994768256008862	1932	1055	10	nt	0.7	1.0
True	PROKKA_06122025__gr_1e-12_lr_1e-12_mu_1e-14	14928	cdhit	0.98273856648877	1.0	0.9937267090420951	9.999000099990002e-05	0.9971293732940871	0.9999999999999999	0.9985626235614481	1919	1048	12	aa	0.7	0.0
True	PROKKA_06122025__gr_1e-12_lr_1e-12_mu_1e-14	14928	panx	0.9979802746101732	1.0	0.9992434750748586	9.999000099990002e-05	0.9996524827903622	1.0	0.9998262111978814	1793	974	9	aa	0.5	1012.0
True	PROKKA_06122025__gr_1e-12_lr_1e-12_mu_1e-14	14928	ppanggolin	0.9768871398414272	1.0	0.9915009983105796	9.999000099990002e-05	0.9960824052727989	1.0	0.9980373582188529	1866	999	12	aa	0.6	5.0
True	PROKKA_06122025__gr_1e-12_lr_1e-12_mu_1e-14	14928	panx	0.9969327658908694	0.9986587183308495	0.998353927640071	9.999000099990002e-05	0.9996727103609366	0.9995744770902537	0.999623591312243	1881	1013	10	aa	0.9	920.0
True	PROKKA_06122025__gr_1e-12_lr_1e-12_mu_1e-14	14928	panaroo	0.9926795742953528	0.9932372831520141	0.9947116420962024	9.999000099990002e-05	0.9998734235886132	0.9977256673911801	0.9987983908896807	1932	1037	22	aa	0.95	31.0
True	PROKKA_06122025__gr_1e-12_lr_1e-12_mu_1e-14	14928	cdhit	0.9901359504474607	1.0	0.9962964341636573	9.999000099990002e-05	0.9983095935327854	1.0	0.9991540817935892	1928	1053	11	nt	0.8	26.0
True	PROKKA_06122025__gr_1e-12_lr_1e-12_mu_1e-14	14928	panta	0.9976180530943108	0.9976334861706848	0.998477769879886	9.999000099990002e-05	1.0	0.9993055835073519	0.9996526711582379	1896	1015	12	aa	0.95	9.0
True	PROKKA_06122025__gr_1e-12_lr_1e-12_mu_1e-14	14928	mmseqs2	0.9844910872362621	1.0	0.9933477740130048	9.999000099990002e-05	0.9969547943090746	1.0000000000000002	0.9984750752998499	1910	1037	11	aa	0.5	2.0
True	PROKKA_06122025__gr_1e-12_lr_1e-12_mu_1e-14	14928	cdhit	0.9761563426726595	1.0	0.9908661049164746	9.999000099990002e-05	0.995808407965359	1.0	0.9978998023969072	1904	1034	15	aa	0.6	0.0
True	PROKKA_06122025__gr_1e-12_lr_1e-12_mu_1e-14	14928	panaroo	0.9982813023389505	1.0	0.9993216354107268	9.999000099990002e-05	0.9996897329107901	1.0	0.9998448423852443	1895	1015	10	aa	0.8	31.0
True	PROKKA_06122025__gr_1e-12_lr_1e-12_mu_1e-14	14928	cdhit	0.9952367551641199	0.9986909090909091	0.9973675626307426	9.999000099990002e-05	0.999122539520363	0.9996787214963919	0.9994005531274001	1935	1054	11	aa	0.9	0.0
True	PROKKA_06122025__gr_1e-12_lr_1e-12_mu_1e-14	14928	cdhit	0.9907476405872673	0.9995636363636363	0.9965369223111216	9.999000099990002e-05	0.9985274470158776	0.9998928824326995	0.9992096982523831	1931	1054	11	aa	0.85	0.0
True	PROKKA_06122025__gr_1e-12_lr_1e-12_mu_1e-14	14928	panta	0.9998881618396814	0.9998520928856678	0.9998871858207778	9.999000099990002e-05	1.0	0.9999484307450808	0.9999742147076762	1888	1011	10	aa	0.85	8.0
True	PROKKA_06122025__gr_1e-12_lr_1e-12_mu_1e-14	14928	mmseqs2	0.9989034426483866	1.0	0.9993319929025362	9.999000099990002e-05	0.9996960205443005	1.0	0.9998479871677612	1937	1055	11	nt	0.85	1.0
True	PROKKA_06122025__gr_1e-12_lr_1e-12_mu_1e-14	14928	mmseqs2	0.9946521280934538	0.9954909090909091	0.9964206901113386	9.999000099990002e-05	0.9998879217534333	0.9984914706155794	0.9991892082702025	1962	1074	14	aa	0.95	1.0
True	PROKKA_06122025__gr_1e-12_lr_1e-12_mu_1e-14	14928	diamond	0.9921624492412291	0.9985454545454545	0.9963230790640124	9.999000099990002e-05	0.9988545240180392	0.9994708240003514	0.9991625789732022	1941	1064	11	aa	0.9	0.0
True	PROKKA_06122025__gr_1e-12_lr_1e-12_mu_1e-14	14928	mmseqs2	0.9965064774841047	0.9972363636363636	0.9975846979825149	9.999000099990002e-05	0.9998332817234978	0.9990708981331755	0.999451944541493	1953	1068	12	nt	0.95	2.0
True	PROKKA_06122025__gr_1e-12_lr_1e-12_mu_1e-14	14928	hdbscan_dist	0.957040271963462	0.9867636363636364	0.9670758201743511	9.999000099990002e-05	0.9882356993252522	0.9964911178645572	0.99234623949771	1741	751	99	nt	0.9	0.394
True	PROKKA_06122025__gr_1e-12_lr_1e-12_mu_1e-14	14928	hdbscan_tsne	0.701405068537894	0.7895272727272727	0.803379731091833	9.999000099990002e-05	0.9754569975227408	0.9436213204386692	0.9592750972366075	2097	416	656	nt	0.9	16.953
True	PROKKA_06122025__gr_1e-12_lr_1e-12_mu_1e-14	14928	hdbscan_umap	0.7383926126204471	0.9994181818181819	0.8509788279943755	9.999000099990002e-05	0.9206702454470802	0.9998323443185045	0.9586197850032628	849	24	30	nt	0.9	7.313
True	PROKKA_06122025__gr_1e-12_lr_1e-12_mu_1e-14	14928	panx	0.9926954349676279	0.9949763593380615	0.9955048099935468	9.999000099990002e-05	0.999611220670033	0.9983411201698699	0.9989757667178092	1912	1032	14	aa	0.95	927.0
True	PROKKA_06122025__gr_1e-12_lr_1e-12_mu_1e-14	14928	diamond	0.9908589755662877	0.9998545454545454	0.996460931178908	9.999000099990002e-05	0.9984488400303184	0.9999364506065439	0.9991920916250976	1929	1052	12	aa	0.85	1.0
True	PROKKA_06122025__gr_1e-12_lr_1e-12_mu_1e-14	14928	panta	0.9998322333928636	0.9995562786570034	0.9997499371147476	9.999000099990002e-05	1.0	0.9998857148884327	0.9999428541787581	1986	1110	10	aa	0.7	10.0
True	PROKKA_06122025__gr_1e-12_lr_1e-12_mu_1e-14	14928	mmseqs2	0.997973255059956	1.0	0.999073152892972	9.999000099990002e-05	0.9995781263913059	1.0000000000000002	0.9997890186919302	1937	1056	11	aa	0.8	2.0
True	PROKKA_06122025__gr_1e-12_lr_1e-12_mu_1e-14	14928	panta	0.9998322333928636	0.9995562786570034	0.9997499371147476	9.999000099990002e-05	1.0	0.9998857148884327	0.9999428541787581	1986	1110	10	aa	0.5	10.0
True	PROKKA_06122025__gr_1e-12_lr_1e-12_mu_1e-14	14928	panaroo	0.9975899467090581	1.0	0.9989587079284065	9.999000099990002e-05	0.9995235670295678	1.0	0.9997617267541689	1893	1013	11	aa	0.7	36.0
True	PROKKA_06122025__gr_1e-12_lr_1e-12_mu_1e-14	14928	cdhit	0.9944563157880333	0.9972363636363636	0.9967842200140533	9.999000099990002e-05	0.9994012400404474	0.9991374543711636	0.9992693297973662	1947	1062	14	nt	0.95	1.0
True	PROKKA_06122025__gr_1e-12_lr_1e-12_mu_1e-14	14928	cdhit	0.9882292929965123	1.0	0.9957155494158476	9.999000099990002e-05	0.9980433345334925	1.0000000000000002	0.9990207091944959	1926	1051	12	aa	0.8	0.0
True	PROKKA_06122025__gr_1e-12_lr_1e-12_mu_1e-14	14928	ppanggolin	0.9926402703213353	1.0	0.9972236435780367	9.999000099990002e-05	0.9987275172653499	1.0000000000000002	0.9993633535718811	1887	1011	10	aa	0.9	5.0
True	PROKKA_06122025__gr_1e-12_lr_1e-12_mu_1e-14	14928	cdhit	0.9658683163123021	0.9997090909090909	0.987186092460553	9.999000099990002e-05	0.9941771178535642	0.999922363182623	0.9970414641396569	1887	1018	15	aa	0.5	2.0
True	PROKKA_06122025__gr_1e-12_lr_1e-12_mu_1e-14	14928	panaroo	0.9992227383173029	0.9998529844163482	0.9995825019370608	9.999000099990002e-05	0.9998734235886132	0.9999357217820763	0.9999045717149858	1897	1016	10	aa	0.9	30.0
True	PROKKA_06122025__gr_1e-12_lr_1e-12_mu_1e-14	14928	ppanggolin	0.9607786970051335	1.0	0.9864266925907293	9.999000099990002e-05	0.9937116056203972	1.0	0.9968458856527316	1845	984	11	aa	0.5	5.0
True	PROKKA_06122025__gr_1e-12_lr_1e-12_mu_1e-14	14928	cdhit	0.9914830810110883	1.0	0.996927922186689	9.999000099990002e-05	0.9985987030913396	0.9999999999999999	0.9992988602932179	1931	1055	11	nt	0.85	23.0
True	PROKKA_06122025__gr_1e-12_lr_1e-12_mu_1e-14	14928	embed_hdbscan_raw	0.9284785871736173	0.9758545454545454	0.9448285322564862	9.999000099990002e-05	0.9810351278118774	0.9931225007145992	0.9870418099780742	1620	540	162	aa	0.9	20.877
True	PROKKA_06122025__gr_1e-12_lr_1e-12_mu_1e-14	14928	embed_hdbscan_tsne	0.7124467158277878	0.8072727272727273	0.8106714626354379	9.999000099990002e-05	0.9730594588510694	0.947365445945705	0.960040567963455	1942	286	559	aa	0.9	20.586
True	PROKKA_06122025__gr_1e-12_lr_1e-12_mu_1e-14	14928	embed_hdbscan_umap	0.7079650802690681	0.9931636363636364	0.8394772352337364	9.999000099990002e-05	0.9153319263285078	0.9982868368565492	0.9550113439391816	810	7	4	aa	0.9	14.422
True	PROKKA_06122025__gr_1e-12_lr_1e-12_mu_1e-14	14928	diamond	0.9614477362076199	1.0	0.9856889314572758	9.999000099990002e-05	0.9933984387313909	1.0000000000000002	0.9966882881312928	1881	1017	15	aa	0.5	1.0
True	PROKKA_06122025__gr_1e-12_lr_1e-12_mu_1e-14	14928	mmseqs2	0.998600855361323	0.9995636363636363	0.9991406353828266	9.999000099990002e-05	0.9997594753949988	0.9998496362764013	0.9998045538030567	1940	1057	12	aa	0.9	2.0
True	PROKKA_06122025__gr_1e-12_lr_1e-12_mu_1e-14	14928	panaroo	0.9962100997773129	1.0	0.9984077202011141	9.999000099990002e-05	0.9992710694640088	1.0	0.9996354018486414	1890	1009	13	aa	0.6	37.0
True	PROKKA_06122025__gr_1e-12_lr_1e-12_mu_1e-14	14928	panx	0.9980418002922854	1.0	0.9992660592935795	9.999000099990002e-05	0.999663179336748	1.0	0.9998315613015568	1835	993	9	aa	0.6	1078.0
True	PROKKA_06122025__gr_1e-12_lr_1e-12_mu_1e-14	14928	panaroo	0.9950264759919307	1.0	0.9973963091851986	9.999000099990002e-05	0.9988068513919957	0.9999999999999999	0.9994030695826495	1881	999	12	aa	0.5	38.0
True	PROKKA_06122025__gr_1e-12_lr_1e-12_mu_1e-14	14928	panx	0.9980628886127686	1.0	0.9992744795668718	9.999000099990002e-05	0.9996675867219728	1.0	0.9998337657317473	1855	1002	10	aa	0.7	1000.0
True	PROKKA_06122025__gr_1e-12_lr_1e-12_mu_1e-14	14928	diamond	0.9880097239047997	0.9998545454545454	0.9955759929185656	9.999000099990002e-05	0.9980433345334924	0.9999364247880357	0.998988982807156	1927	1052	12	aa	0.8	1.0
True	PROKKA_06122025__gr_1e-12_lr_1e-12_mu_1e-14	14928	panx	0.9978265098876954	0.999700956937799	0.9990446336197253	9.999000099990002e-05	0.999671537291301	0.9998913733682199	0.9997814432451443	1873	1009	10	aa	0.85	936.0
True	PROKKA_06122025__gr_1e-12_lr_1e-12_mu_1e-14	14928	panta	0.9998881618396814	0.9998520928856678	0.9998871858207778	9.999000099990002e-05	1.0	0.9999484307450808	0.9999742147076762	1888	1011	10	aa	0.9	9.0
True	PROKKA_06122025__gr_1e-12_lr_1e-12_mu_1e-14	14928	mmseqs2	0.9981646228420535	1.0	0.9991096260685436	9.999000099990002e-05	0.9995947424368324	1.0	0.9997973301516717	1937	1056	11	nt	0.8	1.0
True	PROKKA_06122025__gr_1e-12_lr_1e-12_mu_1e-14	14928	panx	0.9978186285044921	0.9996998799519808	0.9990410469432476	9.999000099990002e-05	0.9996702000549957	0.9998909310301834	0.9997805533593753	1867	1006	10	aa	0.8	936.0
True	PROKKA_06122025__gr_1e-12_lr_1e-12_mu_1e-14	14928	mmseqs2	0.9991225619834585	1.0	0.9994713641784503	9.999000099990002e-05	0.9997594753949987	1.0000000000000002	0.9998797232327384	1938	1056	11	aa	0.85	2.0
True	PROKKA_06122025__gr_1e-12_lr_1e-12_mu_1e-14	14928	ppanggolin	0.9884443093595627	1.0	0.9959057647643074	9.999000099990002e-05	0.998121040831833	1.0	0.9990596369640427	1884	1011	10	aa	0.8	4.0
True	PROKKA_06122025__gr_1e-12_lr_1e-12_mu_1e-14	14928	mmseqs2	0.9922796825967586	0.9994181818181819	0.9967970056414944	9.999000099990002e-05	0.998694155582218	0.9998454405501566	0.9992694664597782	1931	1054	10	nt	0.5	3.0
True	PROKKA_06122025__gr_1e-12_lr_1e-12_mu_1e-14	14928	hdbscan_dist	0.9513825341097099	0.9953454545454545	0.9667653992274937	9.999000099990002e-05	0.9854769055804555	0.9989494309681286	0.9921674349212877	1710	822	0	aa	0.9	0.376
True	PROKKA_06122025__gr_1e-12_lr_1e-12_mu_1e-14	14928	hdbscan_tsne	0.8224524998654545	0.9585454545454546	0.8832780325045219	9.999000099990002e-05	0.9530125876837663	0.9892588008104807	0.9707974850828919	1261	276	0	aa	0.9	17.746
True	PROKKA_06122025__gr_1e-12_lr_1e-12_mu_1e-14	14928	hdbscan_umap	0.11397785112390744	0.9934545454545455	0.7591491607865672	9.999000099990002e-05	0.8623398153658264	0.9976784407214	0.9250853743510911	807	36	0	aa	0.9	7.88
True	PROKKA_06122025__gr_1e-12_lr_1e-12_mu_1e-14	14928	cdhit	0.9932398320737308	1.0	0.9975212348720464	9.999000099990002e-05	0.9988700021555051	1.0	0.9994346816735074	1933	1056	11	nt	0.9	1.0
True	PROKKA_06122025__gr_1e-12_lr_1e-12_mu_1e-14	14928	mmseqs2	0.9950571543995208	1.0	0.9978908371415639	9.999000099990002e-05	0.9990388432483412	1.0000000000000002	0.9995191905575498	1933	1055	11	aa	0.7	1.0
True	PROKKA_06122025__gr_1e-12_lr_1e-12_mu_1e-14	14928	mmseqs2	0.9991225619834585	1.0	0.9994713641784503	9.999000099990002e-05	0.9997594753949987	1.0	0.9998797232327384	1938	1056	11	nt	0.9	1.0
True	PROKKA_06122025__gr_1e-12_lr_1e-12_mu_1e-14	14928	mmseqs2	0.9924823162857057	1.0	0.9968000575950274	9.999000099990002e-05	0.9985401866335578	1.0000000000000002	0.9992695601638609	1928	1051	12	aa	0.6	1.0
True	PROKKA_06122025__gr_1e-12_lr_1e-12_mu_1e-14	14928	ppanggolin	0.9956779274211252	0.9989708909144369	0.9978670871522891	9.999000099990002e-05	0.999357446763936	0.9996669122094198	0.9995121555327773	1897	1018	10	aa	0.95	5.0
True	PROKKA_06122025__gr_1e-12_lr_1e-12_mu_1e-14	14928	ppanggolin	0.9803712309178315	1.0	0.993153330831268	9.999000099990002e-05	0.9968492548500135	1.0	0.99842214171033	1875	1007	11	aa	0.7	5.0
True	PROKKA_06122025__gr_1e-12_lr_1e-12_mu_1e-14	14928	cdhit	0.9929969905944986	0.9944727272727273	0.9951943972143799	9.999000099990002e-05	0.9997046110344145	0.9981206057438733	0.998911980438125	1967	1079	17	aa	0.95	0.0
True	PROKKA_06122025__gr_1e-12_lr_1e-12_mu_1e-14	14928	ppanggolin	0.9913286280447073	1.0	0.9967979337714651	9.999000099990002e-05	0.9985317824298355	0.9999999999999999	0.999265351903296	1886	1011	10	aa	0.85	4.0
True	PROKKA_06122025__gr_1e-12_lr_1e-12_mu_1e-14	14928	mmseqs2	0.9947854908159196	1.0	0.9977055163229978	9.999000099990002e-05	0.9989541983384284	1.0	0.9994768256008862	1932	1055	10	nt	0.6	1.0
True	PROKKA_06122025__gr_1e-12_lr_1e-12_mu_1e-14	21708	panaroo	0.9988547247960974	1.0	0.999615673018236	9.999000099990002e-05	0.9998140113926351	1.0	0.9999069970475728	1892	1021	6	aa	0.85	30.0
True	PROKKA_06122025__gr_1e-12_lr_1e-12_mu_1e-14	21708	panta	0.9987970747194558	0.9986187845303868	0.9989660661854185	9.999000099990002e-05	1.0	0.9995001647808415	0.9997500199159957	1981	1115	6	aa	0.6	10.0
True	PROKKA_06122025__gr_1e-12_lr_1e-12_mu_1e-14	21708	diamond	0.9782724670135954	1.0	0.9917962611115031	9.999000099990002e-05	0.9959584232268686	1.0	0.997975119758959	1901	1038	11	aa	0.6	1.0
True	PROKKA_06122025__gr_1e-12_lr_1e-12_mu_1e-14	21708	diamond	0.9765788073976241	0.9784459819052688	0.9858178895162404	9.999000099990002e-05	0.9994740755337673	0.993713993006499	0.9965857112846496	2017	1089	50	aa	0.95	0.0
True	PROKKA_06122025__gr_1e-12_lr_1e-12_mu_1e-14	21708	diamond	0.9850604810290293	1.0	0.994817854664054	9.999000099990002e-05	0.9974546985084563	1.0000000000000002	0.998725727550445	1918	1052	9	aa	0.7	1.0
True	PROKKA_06122025__gr_1e-12_lr_1e-12_mu_1e-14	21708	panta	0.9999293195815477	0.9998618784530386	0.9999102785785708	9.999000099990002e-05	1.0	0.9999565653329597	0.9999782821948271	1882	1015	6	aa	0.8	8.0
True	PROKKA_06122025__gr_1e-12_lr_1e-12_mu_1e-14	21708	mmseqs2	0.9970153957162747	1.0	0.9986347514111287	9.999000099990002e-05	0.9993319660355138	1.0	0.9996658714131347	1933	1061	8	nt	0.7	1.0
True	PROKKA_06122025__gr_1e-12_lr_1e-12_mu_1e-14	21708	cdhit	0.9843839163506887	0.9993347525279404	0.9944346814018229	9.999000099990002e-05	0.9974337285709516	0.9998331738317686	0.9986320098973579	1920	1052	10	aa	0.7	0.0
True	PROKKA_06122025__gr_1e-12_lr_1e-12_mu_1e-14	21708	panx	0.9964215448862378	1.0	0.9990280703219038	9.999000099990002e-05	0.9995262408045694	0.9999999999999999	0.9997630642770459	1794	975	6	aa	0.5	918.0
True	PROKKA_06122025__gr_1e-12_lr_1e-12_mu_1e-14	21708	ppanggolin	0.977469733942517	1.0	0.9920894730444337	9.999000099990002e-05	0.9961431098102829	1.0	0.9980678288191052	1860	1000	8	aa	0.6	5.0
True	PROKKA_06122025__gr_1e-12_lr_1e-12_mu_1e-14	21708	panx	0.9954729096469221	0.9987519068090417	0.9982452211173479	9.999000099990002e-05	0.9995506144236869	0.9995990778128953	0.9995748455308663	1878	1015	9	aa	0.9	921.0
True	PROKKA_06122025__gr_1e-12_lr_1e-12_mu_1e-14	21708	panaroo	0.9800261304656157	0.9816136114160263	0.9871375012234002	9.999000099990002e-05	0.9998618069661412	0.9940261216304423	0.9969354243942057	1977	1054	47	aa	0.95	31.0
True	PROKKA_06122025__gr_1e-12_lr_1e-12_mu_1e-14	21708	cdhit	0.989695805636197	1.0	0.9965231474982885	9.999000099990002e-05	0.9982951742076405	1.0000000000000002	0.9991468598761766	1928	1062	7	nt	0.8	28.0
True	PROKKA_06122025__gr_1e-12_lr_1e-12_mu_1e-14	21708	panta	0.9906791391022393	0.9900552486187846	0.993646864168845	9.999000099990002e-05	1.0	0.9969526274271783	0.9984739885508712	1923	1032	26	aa	0.95	8.0
True	PROKKA_06122025__gr_1e-12_lr_1e-12_mu_1e-14	21708	mmseqs2	0.9889417567916643	1.0	0.9950695752255816	9.999000099990002e-05	0.997578911179237	1.0000000000000002	0.9987879883957458	1912	1043	10	aa	0.5	1.0
True	PROKKA_06122025__gr_1e-12_lr_1e-12_mu_1e-14	21708	cdhit	0.9773557664137092	0.9996008515167643	0.9918181704410677	9.999000099990002e-05	0.9960594860970694	0.999910946779887	0.9979815005143475	1905	1041	10	aa	0.6	0.0
True	PROKKA_06122025__gr_1e-12_lr_1e-12_mu_1e-14	21708	panaroo	0.9988313791028912	1.0	0.9995607932390016	9.999000099990002e-05	0.999787441591583	1.0	0.9998937094993217	1891	1019	7	aa	0.8	30.0
True	PROKKA_06122025__gr_1e-12_lr_1e-12_mu_1e-14	21708	cdhit	0.9929251397858371	0.9976051091005854	0.9966703677435734	9.999000099990002e-05	0.9991162046997529	0.9992562088892039	0.999186201890194	1941	1066	9	aa	0.9	0.0
True	PROKKA_06122025__gr_1e-12_lr_1e-12_mu_1e-14	21708	cdhit	0.9907317985430599	1.0	0.9969659739819315	9.999000099990002e-05	0.9985129627164765	1.0	0.9992559281269298	1930	1063	7	aa	0.85	0.0
True	PROKKA_06122025__gr_1e-12_lr_1e-12_mu_1e-14	21708	panta	0.9999293195815477	0.9998618784530386	0.9999102785785708	9.999000099990002e-05	1.0	0.9999565653329597	0.9999782821948271	1882	1015	6	aa	0.85	8.0
True	PROKKA_06122025__gr_1e-12_lr_1e-12_mu_1e-14	21708	mmseqs2	0.9985054711602656	1.0	0.9993010441248238	9.999000099990002e-05	0.9996582178349853	1.0000000000000002	0.9998290797087391	1937	1065	7	nt	0.85	1.0
True	PROKKA_06122025__gr_1e-12_lr_1e-12_mu_1e-14	21708	mmseqs2	0.9841974145564513	0.9856306546035125	0.9899214613044881	9.999000099990002e-05	0.9999440654997842	0.9952016538582009	0.997567223381864	2009	1109	25	aa	0.95	0.0
True	PROKKA_06122025__gr_1e-12_lr_1e-12_mu_1e-14	21708	diamond	0.990107510687905	0.9964076636508781	0.9956279159547801	9.999000099990002e-05	0.9988807408299475	0.9989823180653861	0.9989315268654241	1945	1070	9	aa	0.9	0.0
True	PROKKA_06122025__gr_1e-12_lr_1e-12_mu_1e-14	21708	mmseqs2	0.9895312648853171	0.9908195848855774	0.9932655898479027	9.999000099990002e-05	0.9998858052663182	0.996853356492106	0.998367278188469	1985	1096	19	nt	0.95	2.0
True	PROKKA_06122025__gr_1e-12_lr_1e-12_mu_1e-14	21708	hdbscan_dist	0.9560823708853419	0.9869611495476317	0.9708489629627415	9.999000099990002e-05	0.988801403970121	0.996697873960575	0.9927339365576454	1768	862	0	nt	0.9	0.856
True	PROKKA_06122025__gr_1e-12_lr_1e-12_mu_1e-14	21708	hdbscan_tsne	0.7988930436572251	0.8998137307078233	0.8709618715608396	9.999000099990002e-05	0.9611362143745782	0.9737953809057236	0.9674243867454055	1489	356	0	nt	0.9	21.636
True	PROKKA_06122025__gr_1e-12_lr_1e-12_mu_1e-14	21708	hdbscan_umap	0.7383297640052005	0.994944119212347	0.8566351884252773	9.999000099990002e-05	0.9199733612013689	0.9986605459668456	0.9577033906674967	831	46	0	nt	0.9	7.679
True	PROKKA_06122025__gr_1e-12_lr_1e-12_mu_1e-14	21708	diamond	0.9903570814404146	0.9994678020223523	0.9963642377478651	9.999000099990002e-05	0.998359981415432	0.9998578024035149	0.9991083305423065	1928	1060	7	aa	0.85	0.0
True	PROKKA_06122025__gr_1e-12_lr_1e-12_mu_1e-14	21708	panta	0.9987970747194558	0.9986187845303868	0.998966066185419	9.999000099990002e-05	1.0	0.9995001647808417	0.9997500199159958	1981	1115	6	aa	0.7	10.0
True	PROKKA_06122025__gr_1e-12_lr_1e-12_mu_1e-14	21708	mmseqs2	0.9986152110547318	1.0	0.9993573459606785	9.999000099990002e-05	0.9996857664194256	0.9999999999999999	0.9998428585201478	1937	1064	8	aa	0.8	0.0
True	PROKKA_06122025__gr_1e-12_lr_1e-12_mu_1e-14	21708	panta	0.9987970747194558	0.9986187845303868	0.9989660661854185	9.999000099990002e-05	1.0	0.9995001647808415	0.9997500199159957	1981	1115	6	aa	0.5	10.0
True	PROKKA_06122025__gr_1e-12_lr_1e-12_mu_1e-14	21708	panaroo	0.9985746483683394	1.0	0.9993733012019327	9.999000099990002e-05	0.9996966463792505	1.0	0.9998483001802805	1889	1016	8	aa	0.7	36.0
True	PROKKA_06122025__gr_1e-12_lr_1e-12_mu_1e-14	21708	cdhit	0.9903471107639567	0.9928153273017563	0.993986383601234	9.999000099990002e-05	0.9994969188746496	0.99758065692596	0.9985378685419634	1970	1087	14	nt	0.95	1.0
True	PROKKA_06122025__gr_1e-12_lr_1e-12_mu_1e-14	21708	cdhit	0.9902566997961975	1.0	0.9965752559842098	9.999000099990002e-05	0.9983208089912781	1.0000000000000002	0.9991596989826826	1926	1058	8	aa	0.8	0.0
True	PROKKA_06122025__gr_1e-12_lr_1e-12_mu_1e-14	21708	ppanggolin	0.9921265399004396	0.9998627881448957	0.9972502441791175	9.999000099990002e-05	0.9987288265238685	0.9999376189915226	0.9993328572191552	1884	1017	6	aa	0.9	4.0
True	PROKKA_06122025__gr_1e-12_lr_1e-12_mu_1e-14	21708	cdhit	0.9712666715809407	0.9992017030335285	0.9886859766724463	9.999000099990002e-05	0.9946740090359777	0.9997393369339272	0.9972002406306049	1889	1026	11	aa	0.5	2.0
True	PROKKA_06122025__gr_1e-12_lr_1e-12_mu_1e-14	21708	panaroo	0.9965327914924856	0.9979418221734357	0.9981942728001233	9.999000099990002e-05	0.9998140113926351	0.9993137129817846	0.9995637995852819	1901	1024	10	aa	0.9	33.0
True	PROKKA_06122025__gr_1e-12_lr_1e-12_mu_1e-14	21708	ppanggolin	0.9689365991641868	1.0	0.9884911202065435	9.999000099990002e-05	0.9943684461441535	1.0	0.9971762720841606	1840	984	8	aa	0.5	6.0
True	PROKKA_06122025__gr_1e-12_lr_1e-12_mu_1e-14	21708	cdhit	0.9915046620952283	0.9996008515167643	0.9970240512598326	9.999000099990002e-05	0.9986403049870911	0.9999016616708144	0.9992705852836001	1932	1064	7	nt	0.85	25.0
True	PROKKA_06122025__gr_1e-12_lr_1e-12_mu_1e-14	21708	embed_hdbscan_raw	0.9302226666202541	0.981373070782331	0.9498267266970222	9.999000099990002e-05	0.9796555540503273	0.9949806837608015	0.9872586498256029	1599	653	0	aa	0.9	24.953
True	PROKKA_06122025__gr_1e-12_lr_1e-12_mu_1e-14	21708	embed_hdbscan_tsne	0.8133513806419004	0.9113890367216605	0.8746030482645683	9.999000099990002e-05	0.9607421341000424	0.9756914439145536	0.9681590845070075	1401	257	0	aa	0.9	18.465
True	PROKKA_06122025__gr_1e-12_lr_1e-12_mu_1e-14	21708	embed_hdbscan_umap	0.7576487134809877	0.9942788717402874	0.8654329715245539	9.999000099990002e-05	0.9259154536463592	0.9985126244711738	0.9608447103549048	840	12	0	aa	0.9	14.321
True	PROKKA_06122025__gr_1e-12_lr_1e-12_mu_1e-14	21708	diamond	0.975164498173024	1.0	0.9898547163351333	9.999000099990002e-05	0.9949921792694816	1.0	0.9974898043297833	1884	1018	14	aa	0.5	1.0
True	PROKKA_06122025__gr_1e-12_lr_1e-12_mu_1e-14	21708	mmseqs2	0.9973359997675576	0.9986695050558808	0.9984731640369698	9.999000099990002e-05	0.9997250695507299	0.9995292317683685	0.9996271410678638	1945	1071	8	aa	0.9	1.0
True	PROKKA_06122025__gr_1e-12_lr_1e-12_mu_1e-14	21708	panaroo	0.9977819493922491	1.0	0.9989201355583056	9.999000099990002e-05	0.99947705594069	1.0	0.9997384595848419	1886	1013	9	aa	0.6	38.0
True	PROKKA_06122025__gr_1e-12_lr_1e-12_mu_1e-14	21708	panx	0.9964955830745931	1.0	0.9990491231171589	9.999000099990002e-05	0.9995379854992863	1.0	0.9997689393729631	1832	993	6	aa	0.6	936.0
True	PROKKA_06122025__gr_1e-12_lr_1e-12_mu_1e-14	21708	panaroo	0.9935599531151635	1.0	0.9971674336506375	9.999000099990002e-05	0.99862588906254	0.9999999999999999	0.9993124721615086	1877	1007	8	aa	0.5	39.0
True	PROKKA_06122025__gr_1e-12_lr_1e-12_mu_1e-14	21708	panx	0.996529968043414	1.0	0.9990589283121686	9.999000099990002e-05	0.9995431208880701	0.9999999999999999	0.9997715082474805	1847	999	6	aa	0.7	1189.0
True	PROKKA_06122025__gr_1e-12_lr_1e-12_mu_1e-14	21708	diamond	0.9902566997961975	1.0	0.9965752559842098	9.999000099990002e-05	0.9983208089912781	1.0	0.9991596989826825	1926	1058	8	aa	0.8	1.0
True	PROKKA_06122025__gr_1e-12_lr_1e-12_mu_1e-14	21708	panx	0.9961592607668709	0.9994425087108014	0.9987079424517841	9.999000099990002e-05	0.9995481191417503	0.9998255680644985	0.9996868243526198	1868	1011	7	aa	0.85	950.0
True	PROKKA_06122025__gr_1e-12_lr_1e-12_mu_1e-14	21708	panta	0.9991039770324869	0.9990331491712707	0.9993303446787629	9.999000099990002e-05	1.0	0.9996760936668243	0.9998380206003354	1886	1016	9	aa	0.9	8.0
True	PROKKA_06122025__gr_1e-12_lr_1e-12_mu_1e-14	21708	mmseqs2	0.9975627011616343	1.0	0.999041966282227	9.999000099990002e-05	0.9995314116757082	1.0000000000000002	0.9997656509312356	1937	1066	7	nt	0.8	1.0
True	PROKKA_06122025__gr_1e-12_lr_1e-12_mu_1e-14	21708	panx	0.9963020313062917	0.999581589958159	0.9988236150277461	9.999000099990002e-05	0.999547683342071	0.9998814655610347	0.9997145465909583	1862	1005	7	aa	0.8	918.0
True	PROKKA_06122025__gr_1e-12_lr_1e-12_mu_1e-14	21708	mmseqs2	0.998461041659023	0.999866950505588	0.9992906869298986	9.999000099990002e-05	0.9997114922100452	0.9999417263491683	0.9998265960253689	1939	1067	7	aa	0.85	3.0
True	PROKKA_06122025__gr_1e-12_lr_1e-12_mu_1e-14	21708	ppanggolin	0.9905660158316938	1.0	0.9965697443955058	9.999000099990002e-05	0.9983349640848631	1.0	0.9991667883787945	1878	1011	7	aa	0.8	6.0
True	PROKKA_06122025__gr_1e-12_lr_1e-12_mu_1e-14	21708	mmseqs2	0.9968403845830724	1.0	0.9985158617619473	9.999000099990002e-05	0.9992737058020479	1.0000000000000002	0.9996367209773009	1932	1060	8	nt	0.5	3.0
True	PROKKA_06122025__gr_1e-12_lr_1e-12_mu_1e-14	21708	hdbscan_dist	0.9645067369731295	0.99308142629058	0.9757594491927759	9.999000099990002e-05	0.9897456031326607	0.9981899175466745	0.9939498255411843	1771	869	18	aa	0.9	0.414
True	PROKKA_06122025__gr_1e-12_lr_1e-12_mu_1e-14	21708	hdbscan_tsne	0.8192279819705206	0.9370675891431612	0.8846661069431851	9.999000099990002e-05	0.9572521245911388	0.9829455570597659	0.9699287157711183	1370	340	16	aa	0.9	21.927
True	PROKKA_06122025__gr_1e-12_lr_1e-12_mu_1e-14	21708	hdbscan_umap	0.10453756080683962	0.9857637040979245	0.7620683673812574	9.999000099990002e-05	0.8580767025207235	0.9953622491739983	0.9216350566107157	814	46	1	aa	0.9	8.716
True	PROKKA_06122025__gr_1e-12_lr_1e-12_mu_1e-14	21708	cdhit	0.9924787216850237	0.9997339010111762	0.997421455450383	9.999000099990002e-05	0.998859534111687	0.9998777406721884	0.9993683780420439	1935	1067	7	nt	0.9	1.0
True	PROKKA_06122025__gr_1e-12_lr_1e-12_mu_1e-14	21708	mmseqs2	0.9970153957162747	1.0	0.9986347514111287	9.999000099990002e-05	0.9993319660355138	0.9999999999999999	0.9996658714131347	1933	1061	8	aa	0.7	1.0
True	PROKKA_06122025__gr_1e-12_lr_1e-12_mu_1e-14	21708	mmseqs2	0.9977773075283201	0.9992017030335285	0.9987814701528855	9.999000099990002e-05	0.9997250695507299	0.9996795655596165	0.9997023170373658	1943	1070	8	nt	0.9	1.0
True	PROKKA_06122025__gr_1e-12_lr_1e-12_mu_1e-14	21708	mmseqs2	0.9947014658198565	1.0	0.9976633508598459	9.999000099990002e-05	0.998855544054413	1.0	0.9994274443948733	1928	1057	9	aa	0.6	0.0
True	PROKKA_06122025__gr_1e-12_lr_1e-12_mu_1e-14	21708	ppanggolin	0.9902697945166494	0.9939626783754116	0.9949051658542671	9.999000099990002e-05	0.9993925956192995	0.9981513972044919	0.9987716107949804	1914	1032	15	aa	0.95	5.0
True	PROKKA_06122025__gr_1e-12_lr_1e-12_mu_1e-14	21708	ppanggolin	0.9816011227687508	1.0	0.9937580543356527	9.999000099990002e-05	0.9969617110823272	0.9999999999999999	0.9984785442300613	1868	1006	7	aa	0.7	5.0
True	PROKKA_06122025__gr_1e-12_lr_1e-12_mu_1e-14	21708	cdhit	0.9827891878294751	0.984832357637041	0.9888234198254046	9.999000099990002e-05	0.9996654116042905	0.9949497603213864	0.9973020116126241	2015	1119	28	aa	0.95	0.0
True	PROKKA_06122025__gr_1e-12_lr_1e-12_mu_1e-14	21708	ppanggolin	0.9905889773642058	1.0	0.9966242981971121	9.999000099990002e-05	0.9983615338859153	1.0	0.9991800952498827	1879	1013	6	aa	0.85	5.0
True	PROKKA_06122025__gr_1e-12_lr_1e-12_mu_1e-14	21708	mmseqs2	0.9970153957162747	1.0	0.9986347514111287	9.999000099990002e-05	0.9993319660355138	1.0	0.9996658714131347	1933	1061	8	nt	0.6	1.0
True	PROKKA_06122025__gr_1e-12_lr_1e-12_mu_1e-14	25172	panaroo	0.9987556624522851	0.9998631074606434	0.9995128166896203	9.999000099990002e-05	0.999834638191205	0.9999312175988326	0.9998829255628504	1914	1030	7	aa	0.85	34.0
True	PROKKA_06122025__gr_1e-12_lr_1e-12_mu_1e-14	25172	panta	0.9998098054265303	0.9998618784530386	0.9998739543460404	9.999000099990002e-05	1.0	0.9999394727211407	0.9999697354446547	2001	1124	6	aa	0.6	10.0
True	PROKKA_06122025__gr_1e-12_lr_1e-12_mu_1e-14	25172	diamond	0.9838471218379377	1.0	0.9931520092966576	9.999000099990002e-05	0.9966625861221046	1.0	0.9983285038237846	1904	1023	14	aa	0.6	1.0
True	PROKKA_06122025__gr_1e-12_lr_1e-12_mu_1e-14	25172	diamond	0.980734703703829	0.9821524422973699	0.987716824410411	9.999000099990002e-05	0.9997533986019993	0.9943969091625913	0.9970679598460677	2020	1099	34	aa	0.95	1.0
True	PROKKA_06122025__gr_1e-12_lr_1e-12_mu_1e-14	25172	diamond	0.9898430253542916	1.0	0.9956573991971956	9.999000099990002e-05	0.9978888809181952	1.0000000000000002	0.9989433250757999	1917	1034	11	aa	0.7	1.0
True	PROKKA_06122025__gr_1e-12_lr_1e-12_mu_1e-14	25172	panta	0.9994767910576302	0.999585635359116	0.9996824919611801	9.999000099990002e-05	1.0	0.9998475752489382	0.9999237818157002	1903	1025	7	aa	0.8	8.0
True	PROKKA_06122025__gr_1e-12_lr_1e-12_mu_1e-14	25172	mmseqs2	0.9953534519332353	1.0	0.9981464234340879	9.999000099990002e-05	0.999101127251334	1.0	0.9995503615417887	1932	1046	12	nt	0.7	1.0
True	PROKKA_06122025__gr_1e-12_lr_1e-12_mu_1e-14	25172	cdhit	0.9893226947740891	0.9993290391841116	0.9954194181488748	9.999000099990002e-05	0.9979435063998275	0.9998303821238552	0.9988860531950349	1921	1038	11	aa	0.7	0.0
True	PROKKA_06122025__gr_1e-12_lr_1e-12_mu_1e-14	25172	panx	0.9989668699376295	1.0	0.9995719436485054	9.999000099990002e-05	0.9997932389044324	0.9999999999999999	0.9998966087635736	1806	983	6	aa	0.5	1140.0
True	PROKKA_06122025__gr_1e-12_lr_1e-12_mu_1e-14	25172	ppanggolin	0.9840935480294671	1.0	0.993502264691867	9.999000099990002e-05	0.9968576149573523	1.0	0.9984263349479152	1881	1005	9	aa	0.6	4.0
True	PROKKA_06122025__gr_1e-12_lr_1e-12_mu_1e-14	25172	panx	0.9970243078307199	0.9984751871361242	0.9984620868974325	9.999000099990002e-05	0.9998054283537875	0.9994553771142398	0.9996303720887196	1899	1025	9	aa	0.9	1061.0
True	PROKKA_06122025__gr_1e-12_lr_1e-12_mu_1e-14	25172	panaroo	0.9829243293294442	0.9853524982888433	0.9893542338841883	9.999000099990002e-05	0.999834638191205	0.9951232870734422	0.997473399399868	1984	1064	34	aa	0.95	31.0
True	PROKKA_06122025__gr_1e-12_lr_1e-12_mu_1e-14	25172	cdhit	0.9912043129042654	0.9994632313472893	0.9964270498733494	9.999000099990002e-05	0.9984649892918179	0.9998005374131778	0.9991323170432461	1929	1044	13	nt	0.8	28.0
True	PROKKA_06122025__gr_1e-12_lr_1e-12_mu_1e-14	25172	panta	0.9954392941722802	0.9955801104972376	0.9968975182488756	9.999000099990002e-05	1.0	0.9985166943389411	0.9992577967123014	1922	1034	16	aa	0.95	8.0
True	PROKKA_06122025__gr_1e-12_lr_1e-12_mu_1e-14	25172	mmseqs2	0.9841528393395559	1.0	0.99379140713534	9.999000099990002e-05	0.9969761440275456	1.0	0.9984857826261481	1911	1032	13	aa	0.5	1.0
True	PROKKA_06122025__gr_1e-12_lr_1e-12_mu_1e-14	25172	cdhit	0.9839349295851022	0.9990606548577563	0.9928066341888026	9.999000099990002e-05	0.996726787654973	0.9997688743714418	0.9982455133794237	1907	1025	13	aa	0.6	0.0
True	PROKKA_06122025__gr_1e-12_lr_1e-12_mu_1e-14	25172	panaroo	0.9990611634118001	1.0	0.9996559711488529	9.999000099990002e-05	0.9998346381912049	1.0	0.9999173122589052	1913	1030	6	aa	0.8	34.0
True	PROKKA_06122025__gr_1e-12_lr_1e-12_mu_1e-14	25172	cdhit	0.9937231942196774	0.9986580783682233	0.9971520087133858	9.999000099990002e-05	0.9991254548171342	0.9994947505685715	0.9993100685744767	1938	1049	13	aa	0.9	0.0
True	PROKKA_06122025__gr_1e-12_lr_1e-12_mu_1e-14	25172	cdhit	0.9935449300897288	0.9998658078368223	0.9975735143284749	9.999000099990002e-05	0.9988792701754867	0.999943575822209	0.9994111396454453	1931	1045	11	aa	0.85	0.0
True	PROKKA_06122025__gr_1e-12_lr_1e-12_mu_1e-14	25172	panta	0.9994767910576302	0.999585635359116	0.9996824919611801	9.999000099990002e-05	1.0	0.9998475752489382	0.9999237818157002	1903	1025	7	aa	0.85	8.0
True	PROKKA_06122025__gr_1e-12_lr_1e-12_mu_1e-14	25172	mmseqs2	0.9961785988811067	0.9998658078368223	0.998672940075744	9.999000099990002e-05	0.9994243360905808	0.9999326005506555	0.9996784037166556	1938	1052	11	nt	0.85	1.0
True	PROKKA_06122025__gr_1e-12_lr_1e-12_mu_1e-14	25172	mmseqs2	0.988201861470954	0.991009125067096	0.9928964809809677	9.999000099990002e-05	0.9998380297057975	0.996755391494588	0.998294330882259	1988	1087	19	aa	0.95	1.0
True	PROKKA_06122025__gr_1e-12_lr_1e-12_mu_1e-14	25172	diamond	0.9893974800875301	0.9955716586151369	0.9944153738293876	9.999000099990002e-05	0.9989378957280618	0.998363046515024	0.9986503883969994	1963	1079	12	aa	0.9	0.0
True	PROKKA_06122025__gr_1e-12_lr_1e-12_mu_1e-14	25172	mmseqs2	0.9923101256168889	0.9946323134728932	0.9954734431444826	9.999000099990002e-05	0.9998380297057975	0.9979830080304969	0.9989096576535161	1970	1074	18	nt	0.95	1.0
True	PROKKA_06122025__gr_1e-12_lr_1e-12_mu_1e-14	25172	hdbscan_dist	0.9628886660929011	0.9939613526570048	0.9744825817520755	9.999000099990002e-05	0.9887836723282171	0.9986013647859	0.9936682688310634	1756	855	0	nt	0.9	0.427
True	PROKKA_06122025__gr_1e-12_lr_1e-12_mu_1e-14	25172	hdbscan_tsne	0.8091368868020983	0.9168008588298443	0.8763943093290252	9.999000099990002e-05	0.9595718078148832	0.9778767022884021	0.9686377832925379	1409	302	0	nt	0.9	21.619
True	PROKKA_06122025__gr_1e-12_lr_1e-12_mu_1e-14	25172	hdbscan_umap	0.7458125778904271	0.999194847020934	0.8609841960945536	9.999000099990002e-05	0.9221665917946406	0.9998180897558885	0.9594237135136879	841	36	0	nt	0.9	7.599
True	PROKKA_06122025__gr_1e-12_lr_1e-12_mu_1e-14	25172	panx	0.9901794599626141	0.9935545803620406	0.9945160497506491	9.999000099990002e-05	0.9995090095767198	0.9978668698215674	0.9986872646577046	1937	1045	14	aa	0.95	1132.0
True	PROKKA_06122025__gr_1e-12_lr_1e-12_mu_1e-14	25172	diamond	0.9922814869573777	0.9990606548577563	0.9967256223919231	9.999000099990002e-05	0.9987193240465203	0.9996922600357669	0.9992055552019342	1931	1044	13	aa	0.85	1.0
True	PROKKA_06122025__gr_1e-12_lr_1e-12_mu_1e-14	25172	panta	0.9994767910576302	0.999585635359116	0.9996824919611801	9.999000099990002e-05	1.0	0.9998475752489383	0.9999237818157003	2002	1124	7	aa	0.7	10.0
True	PROKKA_06122025__gr_1e-12_lr_1e-12_mu_1e-14	25172	mmseqs2	0.9957043260792354	0.999597423510467	0.9984615128778511	9.999000099990002e-05	0.9994264181392281	0.9998281986303719	0.999627268012863	1939	1052	12	aa	0.8	1.0
True	PROKKA_06122025__gr_1e-12_lr_1e-12_mu_1e-14	25172	panta	0.9998098054265303	0.9998618784530386	0.9998739543460404	9.999000099990002e-05	1.0	0.9999394727211408	0.9999697354446548	2001	1124	6	aa	0.5	10.0
True	PROKKA_06122025__gr_1e-12_lr_1e-12_mu_1e-14	25172	panaroo	0.9988970479305596	1.0	0.9995363076085896	9.999000099990002e-05	0.9997770938545533	1.0	0.9998885345041045	1912	1029	6	aa	0.7	36.0
True	PROKKA_06122025__gr_1e-12_lr_1e-12_mu_1e-14	25172	cdhit	0.9908520332044484	0.9944981213097155	0.9945159886647359	9.999000099990002e-05	0.9994450299535396	0.9979120294260453	0.998677941389717	1968	1074	17	nt	0.95	1.0
True	PROKKA_06122025__gr_1e-12_lr_1e-12_mu_1e-14	25172	cdhit	0.9919638263795936	0.9994632313472893	0.9967255282892993	9.999000099990002e-05	0.9985357535389178	0.9998747326738789	0.9992047945336111	1928	1043	11	aa	0.8	0.0
True	PROKKA_06122025__gr_1e-12_lr_1e-12_mu_1e-14	25172	ppanggolin	0.9923641972387555	0.9995893223819302	0.9972979555540801	9.999000099990002e-05	0.998872713309829	0.9998262440088513	0.9993492512061785	1907	1026	8	aa	0.9	5.0
True	PROKKA_06122025__gr_1e-12_lr_1e-12_mu_1e-14	25172	cdhit	0.9721029002440723	0.9986580783682233	0.9882020088563216	9.999000099990002e-05	0.9947258610982125	0.9995050913668575	0.9971097494530132	1889	1009	17	aa	0.5	2.0
True	PROKKA_06122025__gr_1e-12_lr_1e-12_mu_1e-14	25172	panaroo	0.996399415781515	0.997946611909651	0.9982221471319607	9.999000099990002e-05	0.999834638191205	0.999312388385248	0.9995734450729186	1921	1031	10	aa	0.9	30.0
True	PROKKA_06122025__gr_1e-12_lr_1e-12_mu_1e-14	25172	ppanggolin	0.969677544593673	1.0	0.98837579073097	9.999000099990002e-05	0.9943495492223996	0.9999999999999999	0.9971667700981487	1860	993	10	aa	0.5	5.0
True	PROKKA_06122025__gr_1e-12_lr_1e-12_mu_1e-14	25172	cdhit	0.9932110073532974	0.9998658078368223	0.9975186990716016	9.999000099990002e-05	0.9988526145613299	0.9999435743165452	0.9993977967114368	1932	1047	11	nt	0.85	25.0
True	PROKKA_06122025__gr_1e-12_lr_1e-12_mu_1e-14	25172	embed_hdbscan_raw	0.934651340392291	0.99020397208803	0.9535497433730069	9.999000099990002e-05	0.9792502736959899	0.9973777426014747	0.9882308854958584	1575	643	0	aa	0.9	26.543
True	PROKKA_06122025__gr_1e-12_lr_1e-12_mu_1e-14	25172	embed_hdbscan_tsne	0.8090822914694968	0.9139828234031132	0.8725041145472489	9.999000099990002e-05	0.9592052434308003	0.9764217332433135	0.9677369220551657	1383	248	0	aa	0.9	24.189
True	PROKKA_06122025__gr_1e-12_lr_1e-12_mu_1e-14	25172	embed_hdbscan_umap	0.7360339158655236	0.9935587761674718	0.8564010802652063	9.999000099990002e-05	0.9209235008342561	0.9983898041070651	0.9580933255955472	821	4	0	aa	0.9	15.353
True	PROKKA_06122025__gr_1e-12_lr_1e-12_mu_1e-14	25172	diamond	0.9746772501288387	1.0	0.9894767698891399	9.999000099990002e-05	0.9948525707013418	1.0000000000000002	0.99741964425128	1884	1006	17	aa	0.5	1.0
True	PROKKA_06122025__gr_1e-12_lr_1e-12_mu_1e-14	25172	mmseqs2	0.9942633402251596	0.9973161567364466	0.9972856946476647	9.999000099990002e-05	0.9995808560649145	0.999106989797641	0.9993438667571134	1948	1056	14	aa	0.9	1.0
True	PROKKA_06122025__gr_1e-12_lr_1e-12_mu_1e-14	25172	panaroo	0.9979602769134909	1.0	0.9990136969527111	9.999000099990002e-05	0.9995256181607274	1.0	0.999762752807484	1908	1024	8	aa	0.6	39.0
True	PROKKA_06122025__gr_1e-12_lr_1e-12_mu_1e-14	25172	panx	0.9990051637755816	1.0	0.9995868006285362	9.999000099990002e-05	0.9998004010157936	1.0	0.9999001905469641	1850	999	7	aa	0.6	1145.0
True	PROKKA_06122025__gr_1e-12_lr_1e-12_mu_1e-14	25172	panaroo	0.9906405781880214	0.9998631074606434	0.9963276921995754	9.999000099990002e-05	0.9982893949202032	0.9999399638940858	0.9991139977091388	1898	1018	8	aa	0.5	39.0
True	PROKKA_06122025__gr_1e-12_lr_1e-12_mu_1e-14	25172	panx	0.9986773432715501	0.9997196916608269	0.9993971445653108	9.999000099990002e-05	0.9998029770524631	0.9999065103716787	0.9998547410318946	1871	1007	8	aa	0.7	1141.0
True	PROKKA_06122025__gr_1e-12_lr_1e-12_mu_1e-14	25172	diamond	0.991064436953811	0.9994632313472893	0.9964765797445659	9.999000099990002e-05	0.998498451854204	0.9997912582615561	0.9991444368631613	1928	1042	13	aa	0.8	1.0
True	PROKKA_06122025__gr_1e-12_lr_1e-12_mu_1e-14	25172	panx	0.9984953799718894	0.9995828118481435	0.9992746705724281	9.999000099990002e-05	0.9998047465536609	0.9998463459294774	0.9998255458088667	1889	1019	8	aa	0.85	1073.0
True	PROKKA_06122025__gr_1e-12_lr_1e-12_mu_1e-14	25172	panta	0.9993340028290358	0.9994475138121547	0.9995671615941077	9.999000099990002e-05	1.0	0.9997922444244625	0.9998961114205154	1904	1025	8	aa	0.9	8.0
True	PROKKA_06122025__gr_1e-12_lr_1e-12_mu_1e-14	25172	mmseqs2	0.9960689396864931	1.0	0.9986773614984557	9.999000099990002e-05	0.9993589394057084	1.0000000000000002	0.9996793669302412	1937	1052	11	nt	0.8	1.0
True	PROKKA_06122025__gr_1e-12_lr_1e-12_mu_1e-14	25172	panx	0.9984953796323516	0.9995827538247566	0.9992746701893269	9.999000099990002e-05	0.9998047090576972	0.9998463164209215	0.9998255123064406	1888	1018	8	aa	0.8	1133.0
True	PROKKA_06122025__gr_1e-12_lr_1e-12_mu_1e-14	25172	mmseqs2	0.9958835101248414	0.999597423510467	0.9985825272954227	9.999000099990002e-05	0.9994851258577973	0.9998282087199004	0.9996566378522797	1940	1053	12	aa	0.85	1.0
True	PROKKA_06122025__gr_1e-12_lr_1e-12_mu_1e-14	25172	ppanggolin	0.9925151227650159	1.0	0.9972736683366821	9.999000099990002e-05	0.9986864562091994	1.0000000000000002	0.999342796471793	1902	1022	7	aa	0.8	4.0
True	PROKKA_06122025__gr_1e-12_lr_1e-12_mu_1e-14	25172	mmseqs2	0.9950630780869646	1.0	0.9979250459513783	9.999000099990002e-05	0.9989935504338391	1.0	0.9994965218542389	1930	1044	12	nt	0.5	3.0
True	PROKKA_06122025__gr_1e-12_lr_1e-12_mu_1e-14	25172	hdbscan_dist	0.962324303549926	0.9931561996779388	0.9732267014007024	9.999000099990002e-05	0.9883766965821125	0.9983805445741718	0.9933534345683532	1747	845	0	aa	0.9	0.428
True	PROKKA_06122025__gr_1e-12_lr_1e-12_mu_1e-14	25172	hdbscan_tsne	0.8263391318516778	0.9365271068169619	0.8869800856489137	9.999000099990002e-05	0.9593702639064027	0.98282746274885	0.9709572093214502	1388	346	0	aa	0.9	21.962
True	PROKKA_06122025__gr_1e-12_lr_1e-12_mu_1e-14	25172	hdbscan_umap	0.10901537587428461	0.9868491680085884	0.7618615821305664	9.999000099990002e-05	0.859058100275262	0.995391606611002	0.9222134409252359	805	22	0	aa	0.9	8.48
True	PROKKA_06122025__gr_1e-12_lr_1e-12_mu_1e-14	25172	cdhit	0.9930227072236703	0.9994632313472893	0.9974551229972825	9.999000099990002e-05	0.9989884544018646	0.9997775397445536	0.9993828413131851	1936	1050	12	nt	0.9	1.0
True	PROKKA_06122025__gr_1e-12_lr_1e-12_mu_1e-14	25172	mmseqs2	0.9946976141136825	0.999597423510467	0.9979020257400208	9.999000099990002e-05	0.9991548108161245	0.9998281519364155	0.9994913679715355	1935	1048	13	aa	0.7	1.0
True	PROKKA_06122025__gr_1e-12_lr_1e-12_mu_1e-14	25172	mmseqs2	0.9958835101248414	0.999597423510467	0.9985825272954227	9.999000099990002e-05	0.9994851258577973	0.9998282087199006	0.9996566378522798	1940	1053	12	nt	0.9	1.0
True	PROKKA_06122025__gr_1e-12_lr_1e-12_mu_1e-14	25172	mmseqs2	0.9943713302737187	1.0	0.9976102710994111	9.999000099990002e-05	0.99884050726753	1.0	0.9994199173329467	1928	1041	14	aa	0.6	1.0
True	PROKKA_06122025__gr_1e-12_lr_1e-12_mu_1e-14	25172	ppanggolin	0.9927130879688638	0.9965776865160849	0.9963182721181729	9.999000099990002e-05	0.9994390760423576	0.9987950050371487	0.9991169367412384	1928	1041	10	aa	0.95	5.0
True	PROKKA_06122025__gr_1e-12_lr_1e-12_mu_1e-14	25172	ppanggolin	0.9897917153023499	1.0	0.9957552701143245	9.999000099990002e-05	0.9979517961920359	1.0	0.9989748482361447	1892	1014	7	aa	0.7	4.0
True	PROKKA_06122025__gr_1e-12_lr_1e-12_mu_1e-14	25172	cdhit	0.9855387610469688	0.9880568974771873	0.9907509199132151	9.999000099990002e-05	0.9996817927318966	0.9958918365568631	0.9977832157373795	2002	1098	23	aa	0.95	0.0
True	PROKKA_06122025__gr_1e-12_lr_1e-12_mu_1e-14	25172	ppanggolin	0.9925151227650159	1.0	0.9972736683366821	9.999000099990002e-05	0.9986864562091994	1.0000000000000002	0.999342796471793	1902	1022	7	aa	0.85	5.0
True	PROKKA_06122025__gr_1e-12_lr_1e-12_mu_1e-14	25172	mmseqs2	0.9953534519332353	1.0	0.9981464234340879	9.999000099990002e-05	0.999101127251334	1.0	0.9995503615417887	1932	1046	12	nt	0.6	2.0
True	PROKKA_06122025__gr_1e-12_lr_1e-12_mu_1e-14	25913	panaroo	0.9971316065571654	0.9993527508090615	0.9990447130343908	9.999000099990002e-05	0.9997506235013706	0.9997668025662777	0.9997587129683678	1893	1025	2	aa	0.85	32.0
True	PROKKA_06122025__gr_1e-12_lr_1e-12_mu_1e-14	25913	panta	0.9994237691260713	0.9997387328543436	0.9996429432598534	9.999000099990002e-05	0.999940496822528	0.9998791675938821	0.9999098312678018	1979	1121	0	aa	0.6	10.0
True	PROKKA_06122025__gr_1e-12_lr_1e-12_mu_1e-14	25913	diamond	0.9776701119023401	1.0	0.9918606894509955	9.999000099990002e-05	0.9957782218151424	0.9999999999999999	0.997884645629103	1903	1050	4	aa	0.6	1.0
True	PROKKA_06122025__gr_1e-12_lr_1e-12_mu_1e-14	25913	diamond	0.9763636692889014	0.9763467492260062	0.9848959045770301	9.999000099990002e-05	0.9997644065929501	0.9926252527776438	0.996182039135778	2041	1115	41	aa	0.95	1.0
True	PROKKA_06122025__gr_1e-12_lr_1e-12_mu_1e-14	25913	diamond	0.9845066868538817	0.9998761609907121	0.9945594885811623	9.999000099990002e-05	0.997229428089944	0.9999565623503148	0.9985911332850593	1920	1064	2	aa	0.7	1.0
True	PROKKA_06122025__gr_1e-12_lr_1e-12_mu_1e-14	25913	panta	0.998681925961758	0.9992161985630307	0.9993519646908977	9.999000099990002e-05	0.9999404968225281	0.9997323420226742	0.9998364085887238	1881	1022	0	aa	0.8	9.0
True	PROKKA_06122025__gr_1e-12_lr_1e-12_mu_1e-14	25913	mmseqs2	0.9932572209362017	1.0	0.9978070963977909	9.999000099990002e-05	0.9988692667251288	1.0	0.999434313542314	1933	1070	2	nt	0.7	1.0
True	PROKKA_06122025__gr_1e-12_lr_1e-12_mu_1e-14	25913	cdhit	0.9843736346447938	0.9997523219814242	0.9943303546912341	9.999000099990002e-05	0.9971761322247071	0.9998912342396779	0.9985318375811455	1919	1062	3	aa	0.7	0.0
True	PROKKA_06122025__gr_1e-12_lr_1e-12_mu_1e-14	25913	panx	0.997609045912781	1.0	0.9993362349821941	9.999000099990002e-05	0.999662729034649	1.0	0.9998313360746021	1781	985	0	aa	0.5	933.0
True	PROKKA_06122025__gr_1e-12_lr_1e-12_mu_1e-14	25913	ppanggolin	0.9757927593814568	1.0	0.9918001366131585	9.999000099990002e-05	0.9958240621478791	1.0	0.9979076623379183	1857	1007	1	aa	0.6	4.0
True	PROKKA_06122025__gr_1e-12_lr_1e-12_mu_1e-14	25913	panx	0.994648817650696	0.997110585763068	0.9976743717763136	9.999000099990002e-05	0.9996847529036852	0.9991399992126491	0.9994123018254002	1876	1019	5	aa	0.9	930.0
True	PROKKA_06122025__gr_1e-12_lr_1e-12_mu_1e-14	25913	panaroo	0.9731466977077924	0.9739805825242719	0.9824172340302604	9.999000099990002e-05	0.9998961993537433	0.9914439146987527	0.9956521190769784	2017	1076	54	aa	0.95	33.0
True	PROKKA_06122025__gr_1e-12_lr_1e-12_mu_1e-14	25913	cdhit	0.991005400767043	1.0	0.9968409014786341	9.999000099990002e-05	0.9983695013625644	1.0	0.9991840855075481	1928	1067	2	nt	0.8	30.0
True	PROKKA_06122025__gr_1e-12_lr_1e-12_mu_1e-14	25913	panta	0.9859004258381718	0.9869366427171783	0.9918352762228942	9.999000099990002e-05	0.9999404968225281	0.9959833218607759	0.9979579865382034	1928	1039	19	aa	0.95	8.0
True	PROKKA_06122025__gr_1e-12_lr_1e-12_mu_1e-14	25913	mmseqs2	0.978809264081766	1.0	0.992864703569456	9.999000099990002e-05	0.9963027181312041	0.9999999999999999	0.9981479352629159	1911	1057	2	aa	0.5	1.0
True	PROKKA_06122025__gr_1e-12_lr_1e-12_mu_1e-14	25913	cdhit	0.9776384477963458	0.9991331269349846	0.9916679244529312	9.999000099990002e-05	0.9959196077010297	0.9997608473125035	0.997836530742158	1907	1052	4	aa	0.6	0.0
True	PROKKA_06122025__gr_1e-12_lr_1e-12_mu_1e-14	25913	panaroo	0.9979877381002326	1.0	0.9995065649822159	9.999000099990002e-05	0.9997506235013706	1.0	0.9998752962015869	1890	1025	0	aa	0.8	31.0
True	PROKKA_06122025__gr_1e-12_lr_1e-12_mu_1e-14	25913	cdhit	0.9923201573074626	0.9975232198142415	0.9964683727272897	9.999000099990002e-05	0.9990177553905132	0.9991645417335745	0.9990911431705862	1944	1074	6	aa	0.9	0.0
True	PROKKA_06122025__gr_1e-12_lr_1e-12_mu_1e-14	25913	cdhit	0.993174767838665	0.9992569659442725	0.9972338710360149	9.999000099990002e-05	0.9987978674049136	0.9997760203582585	0.9992867045151042	1933	1068	3	aa	0.85	0.0
True	PROKKA_06122025__gr_1e-12_lr_1e-12_mu_1e-14	25913	panta	0.998681925961758	0.9992161985630307	0.9993519646908977	9.999000099990002e-05	0.9999404968225281	0.9997323420226744	0.9998364085887238	1881	1022	0	aa	0.85	9.0
True	PROKKA_06122025__gr_1e-12_lr_1e-12_mu_1e-14	25913	mmseqs2	0.9953902696090057	1.0	0.9986650705677205	9.999000099990002e-05	0.999312251685654	1.0	0.9996560075527141	1937	1072	2	nt	0.85	1.0
True	PROKKA_06122025__gr_1e-12_lr_1e-12_mu_1e-14	25913	mmseqs2	0.980474291591653	0.9826625386996904	0.987689911236178	9.999000099990002e-05	0.9998677547195051	0.9939083650112138	0.9968791535680716	2032	1129	29	aa	0.95	1.0
True	PROKKA_06122025__gr_1e-12_lr_1e-12_mu_1e-14	25913	diamond	0.9901768619719447	0.9957894736842106	0.995006060456953	9.999000099990002e-05	0.9989401270964662	0.9984933336851497	0.9987166804205945	1959	1092	6	aa	0.9	1.0
True	PROKKA_06122025__gr_1e-12_lr_1e-12_mu_1e-14	25913	mmseqs2	0.9882521576979203	0.9904643962848297	0.9931400984096158	9.999000099990002e-05	0.9997964930449155	0.9967053361916256	0.9982485216200394	1987	1097	18	nt	0.95	1.0
True	PROKKA_06122025__gr_1e-12_lr_1e-12_mu_1e-14	25913	hdbscan_dist	0.9474690512109977	0.9752321981424149	0.9674112031879816	9.999000099990002e-05	0.9897435038867247	0.9933469503976734	0.9915419532555416	1810	874	0	nt	0.9	0.519
True	PROKKA_06122025__gr_1e-12_lr_1e-12_mu_1e-14	25913	hdbscan_tsne	0.7730876563087956	0.8606811145510835	0.8605230758815466	9.999000099990002e-05	0.9660009324359572	0.9628088615092073	0.9644022556243182	1665	441	0	nt	0.9	20.01
True	PROKKA_06122025__gr_1e-12_lr_1e-12_mu_1e-14	25913	hdbscan_umap	0.7789289184136194	0.9943034055727554	0.8769902703499041	9.999000099990002e-05	0.9295929022395154	0.9985899929602182	0.9628569696518018	864	39	0	nt	0.9	7.57
True	PROKKA_06122025__gr_1e-12_lr_1e-12_mu_1e-14	25913	panx	0.9870860867605481	0.9905477146186715	0.992690086196366	9.999000099990002e-05	0.9995345015323727	0.9968003237130506	0.9981655402593553	1929	1044	16	aa	0.95	927.0
True	PROKKA_06122025__gr_1e-12_lr_1e-12_mu_1e-14	25913	diamond	0.9901846591899687	0.9991331269349846	0.9963291817375227	9.999000099990002e-05	0.9983749584451673	0.9997310633960679	0.9990525507296624	1931	1067	4	aa	0.85	1.0
True	PROKKA_06122025__gr_1e-12_lr_1e-12_mu_1e-14	25913	panta	0.9994237691260713	0.9997387328543436	0.9996429432598534	9.999000099990002e-05	0.999940496822528	0.9998791675938821	0.9999098312678018	1979	1121	0	aa	0.7	10.0
True	PROKKA_06122025__gr_1e-12_lr_1e-12_mu_1e-14	25913	mmseqs2	0.9942024390259826	0.9991331269349846	0.9980265566329222	9.999000099990002e-05	0.9992360692057595	0.9997474400552145	0.9994916892222071	1940	1074	3	aa	0.8	0.0
True	PROKKA_06122025__gr_1e-12_lr_1e-12_mu_1e-14	25913	panta	0.9994237691260713	0.9997387328543436	0.9996429432598534	9.999000099990002e-05	0.999940496822528	0.9998791675938821	0.9999098312678018	1979	1121	0	aa	0.5	10.0
True	PROKKA_06122025__gr_1e-12_lr_1e-12_mu_1e-14	25913	panaroo	0.9965079881165746	0.9997411003236246	0.9988104255987383	9.999000099990002e-05	0.9994677515481755	0.9999307675111953	0.9996992059176164	1888	1023	0	aa	0.7	35.0
True	PROKKA_06122025__gr_1e-12_lr_1e-12_mu_1e-14	25913	cdhit	0.9890364311715761	0.9928173374613003	0.9936949936065039	9.999000099990002e-05	0.9993584133453197	0.9974148233012924	0.9983856724116246	1975	1094	15	nt	0.95	1.0
True	PROKKA_06122025__gr_1e-12_lr_1e-12_mu_1e-14	25913	cdhit	0.9894967190023832	0.9993808049535604	0.9959883734278197	9.999000099990002e-05	0.9981649483077495	0.9997642882360943	0.9989639781370864	1930	1069	3	aa	0.8	0.0
True	PROKKA_06122025__gr_1e-12_lr_1e-12_mu_1e-14	25913	ppanggolin	0.990037162837729	0.9988349514563106	0.9962392905571379	9.999000099990002e-05	0.998466203023047	0.9996293517913173	0.9990474388560417	1885	1022	4	aa	0.9	5.0
True	PROKKA_06122025__gr_1e-12_lr_1e-12_mu_1e-14	25913	cdhit	0.9650239866801801	0.9988854489164086	0.9874425287883055	9.999000099990002e-05	0.9938036557628924	0.9996606683962861	0.9967235578129936	1890	1043	2	aa	0.5	2.0
True	PROKKA_06122025__gr_1e-12_lr_1e-12_mu_1e-14	25913	panaroo	0.9936307966479485	0.9957281553398059	0.9968032333634892	9.999000099990002e-05	0.9997506235013706	0.9986396057238577	0.9991948057739088	1908	1028	10	aa	0.9	31.0
True	PROKKA_06122025__gr_1e-12_lr_1e-12_mu_1e-14	25913	ppanggolin	0.9582512013042243	1.0	0.9862564468539395	9.999000099990002e-05	0.9929620182703073	1.0000000000000002	0.9964685821078514	1836	997	0	aa	0.5	5.0
True	PROKKA_06122025__gr_1e-12_lr_1e-12_mu_1e-14	25913	cdhit	0.9934878866469844	0.9993808049535604	0.9974181540660202	9.999000099990002e-05	0.9988806148945223	0.9997884751710359	0.9993343388429986	1934	1069	3	nt	0.85	27.0
True	PROKKA_06122025__gr_1e-12_lr_1e-12_mu_1e-14	25913	embed_hdbscan_raw	0.9321623938497456	0.9790712074303406	0.952673245619592	9.999000099990002e-05	0.9804979726676413	0.9944144409317976	0.9874071747293315	1606	656	0	aa	0.9	28.486
True	PROKKA_06122025__gr_1e-12_lr_1e-12_mu_1e-14	25913	embed_hdbscan_tsne	0.7884006217762191	0.8808668730650154	0.8642693620958829	9.999000099990002e-05	0.9621519626377648	0.9671362615792273	0.9646376736625379	1493	281	0	aa	0.9	23.978
True	PROKKA_06122025__gr_1e-12_lr_1e-12_mu_1e-14	25913	embed_hdbscan_umap	0.7762808532248129	0.9913312693498452	0.8749394468992966	9.999000099990002e-05	0.9291724362024723	0.9977993034884177	0.962263836637465	841	4	0	aa	0.9	15.585
True	PROKKA_06122025__gr_1e-12_lr_1e-12_mu_1e-14	25913	diamond	0.9669961394234614	1.0	0.9880802158793068	9.999000099990002e-05	0.9937939616887349	0.9999999999999999	0.9968873221453591	1883	1035	5	aa	0.5	1.0
True	PROKKA_06122025__gr_1e-12_lr_1e-12_mu_1e-14	25913	mmseqs2	0.9948749795178374	0.998266253869969	0.9978678164749389	9.999000099990002e-05	0.9995053286779765	0.999397928588986	0.9994516257482042	1947	1077	5	aa	0.9	1.0
True	PROKKA_06122025__gr_1e-12_lr_1e-12_mu_1e-14	25913	panaroo	0.9948735731574005	1.0	0.9982612247729034	9.999000099990002e-05	0.9991201573896515	1.0000000000000002	0.9995598850788954	1883	1019	1	aa	0.6	38.0
True	PROKKA_06122025__gr_1e-12_lr_1e-12_mu_1e-14	25913	panx	0.9976879464986308	1.0	0.9993580516466064	9.999000099990002e-05	0.9996739609473868	1.0	0.9998369538939944	1821	1000	0	aa	0.6	937.0
True	PROKKA_06122025__gr_1e-12_lr_1e-12_mu_1e-14	25913	panaroo	0.9905781735357554	1.0	0.996526947046589	9.999000099990002e-05	0.9982395628642635	1.0	0.9991190059648238	1874	1013	0	aa	0.5	42.0
True	PROKKA_06122025__gr_1e-12_lr_1e-12_mu_1e-14	25913	panx	0.9977227237180282	1.0	0.999367798552253	9.999000099990002e-05	0.9996793082851155	1.0	0.9998396284276404	1843	1008	0	aa	0.7	935.0
True	PROKKA_06122025__gr_1e-12_lr_1e-12_mu_1e-14	25913	diamond	0.9897041490613055	0.9997523219814242	0.9963291708926212	9.999000099990002e-05	0.9981916923156694	0.9999132122116547	0.9990517106532627	1928	1067	3	aa	0.8	1.0
True	PROKKA_06122025__gr_1e-12_lr_1e-12_mu_1e-14	25913	panx	0.9966132050534734	0.9989477837695646	0.9988093512334935	9.999000099990002e-05	0.9996842321257458	0.9997130241620575	0.9996986279365938	1866	1015	1	aa	0.85	925.0
True	PROKKA_06122025__gr_1e-12_lr_1e-12_mu_1e-14	25913	panta	0.9974430772218188	0.9983017635532332	0.9987679818957778	9.999000099990002e-05	0.9999404968225281	0.9994380541278183	0.9996892123433911	1884	1023	1	aa	0.9	8.0
True	PROKKA_06122025__gr_1e-12_lr_1e-12_mu_1e-14	25913	mmseqs2	0.9949481991133571	1.0	0.9984954518492639	9.999000099990002e-05	0.9992247348078456	0.9999999999999998	0.9996122170866253	1937	1073	2	nt	0.8	1.0
True	PROKKA_06122025__gr_1e-12_lr_1e-12_mu_1e-14	25913	panx	0.9969096289023219	0.9993387992594551	0.9990556867989353	9.999000099990002e-05	0.9996822765513732	0.9998391686306237	0.9997607164357445	1856	1012	0	aa	0.8	933.0
True	PROKKA_06122025__gr_1e-12_lr_1e-12_mu_1e-14	25913	mmseqs2	0.9950148504345195	0.9993808049535604	0.9983638484642471	9.999000099990002e-05	0.9993800808364243	0.9997773658842624	0.999578683884861	1941	1074	4	aa	0.85	0.0
True	PROKKA_06122025__gr_1e-12_lr_1e-12_mu_1e-14	25913	ppanggolin	0.9889420694719768	1.0	0.9960813422616799	9.999000099990002e-05	0.9980128173686523	0.9999999999999999	0.9990054204787511	1876	1019	0	aa	0.8	4.0
True	PROKKA_06122025__gr_1e-12_lr_1e-12_mu_1e-14	25913	mmseqs2	0.9918280539913827	1.0	0.997317328483771	9.999000099990002e-05	0.9986160552424069	1.0	0.9993075484638668	1931	1069	2	nt	0.5	3.0
True	PROKKA_06122025__gr_1e-12_lr_1e-12_mu_1e-14	25913	cdhit	0.993427894422478	0.9990092879256965	0.9974101243830101	9.999000099990002e-05	0.9989775421968118	0.9996878872392289	0.9993325884862679	1937	1071	4	nt	0.9	1.0
True	PROKKA_06122025__gr_1e-12_lr_1e-12_mu_1e-14	25913	mmseqs2	0.9916566546172855	0.9996284829721362	0.997250130195995	9.999000099990002e-05	0.9987179461712685	0.9998639367732387	0.9992906129156728	1935	1072	3	aa	0.7	0.0
True	PROKKA_06122025__gr_1e-12_lr_1e-12_mu_1e-14	25913	mmseqs2	0.9952382934768894	0.9996284829721362	0.9985153399439326	9.999000099990002e-05	0.9993800808364243	0.9998552745610063	0.9996176212248551	1940	1074	3	nt	0.9	1.0
True	PROKKA_06122025__gr_1e-12_lr_1e-12_mu_1e-14	25913	mmseqs2	0.9898842402669186	0.9996284829721362	0.9965162536103197	9.999000099990002e-05	0.998338215629864	0.9998638850269177	0.9991004678880291	1930	1067	4	aa	0.6	0.0
True	PROKKA_06122025__gr_1e-12_lr_1e-12_mu_1e-14	25913	ppanggolin	0.9895933093180221	0.9932686084142395	0.9942074218856684	9.999000099990002e-05	0.9993697284921192	0.997717515705851	0.9985429386518551	1918	1039	14	aa	0.95	4.0
True	PROKKA_06122025__gr_1e-12_lr_1e-12_mu_1e-14	25913	ppanggolin	0.9826675566705476	1.0	0.9939631531910328	9.999000099990002e-05	0.9969322222322963	1.0	0.9984637546865389	1868	1016	0	aa	0.7	4.0
True	PROKKA_06122025__gr_1e-12_lr_1e-12_mu_1e-14	25913	cdhit	0.9817786834119877	0.98328173374613	0.9878424652039749	9.999000099990002e-05	0.9996032312283035	0.9942378559749873	0.9969133245580131	2032	1132	33	aa	0.95	0.0
True	PROKKA_06122025__gr_1e-12_lr_1e-12_mu_1e-14	25913	ppanggolin	0.9907180913640948	1.0	0.9967311703890124	9.999000099990002e-05	0.9983434190850465	1.0000000000000002	0.9991710229087092	1878	1019	0	aa	0.85	5.0
True	PROKKA_06122025__gr_1e-12_lr_1e-12_mu_1e-14	25913	mmseqs2	0.9919378441213474	1.0	0.9974134289034172	9.999000099990002e-05	0.9986657597700441	1.0	0.9993324345386747	1932	1070	2	nt	0.6	1.0
True	PROKKA_06122025__gr_1e-12_lr_1e-12_mu_1e-14	27347	panaroo	1.0	1.0	0.9999999999999994	9.999000099990002e-05	1.0	0.9999999999999999	0.9999999999999999	1895	1028	12	aa	0.85	38.0
True	PROKKA_06122025__gr_1e-12_lr_1e-12_mu_1e-14	27347	panta	0.9994646566319084	0.999137683242311	0.9994202107048248	9.999000099990002e-05	1.0	0.9997264777753213	0.9998632201815004	1983	1120	12	aa	0.6	10.0
True	PROKKA_06122025__gr_1e-12_lr_1e-12_mu_1e-14	27347	diamond	0.9782245961594458	1.0	0.9917696421160349	9.999000099990002e-05	0.9960951938635826	1.0	0.99804377759717	1901	1040	17	aa	0.6	1.0
True	PROKKA_06122025__gr_1e-12_lr_1e-12_mu_1e-14	27347	diamond	0.9881623481338613	0.9914048189375793	0.9937850009424705	9.999000099990002e-05	0.9997054431507908	0.997390333917177	0.9985465466527319	1965	1074	26	aa	0.95	1.0
True	PROKKA_06122025__gr_1e-12_lr_1e-12_mu_1e-14	27347	diamond	0.9840295595098216	1.0	0.994507429555961	9.999000099990002e-05	0.9974012235677755	1.0	0.9986989211773974	1917	1055	14	aa	0.7	1.0
True	PROKKA_06122025__gr_1e-12_lr_1e-12_mu_1e-14	27347	panta	0.9996941595599187	0.9997125610807703	0.9998085892382552	9.999000099990002e-05	1.0	0.9999096482486808	0.9999548220833885	1885	1020	13	aa	0.8	8.0
True	PROKKA_06122025__gr_1e-12_lr_1e-12_mu_1e-14	27347	mmseqs2	0.9962914855120752	1.0	0.9983449167299516	9.999000099990002e-05	0.999219881204871	1.0	0.9996097883967326	1932	1066	13	nt	0.7	1.0
True	PROKKA_06122025__gr_1e-12_lr_1e-12_mu_1e-14	27347	cdhit	0.9828119302538534	0.9994363815696773	0.9939939231171682	9.999000099990002e-05	0.9973190259502822	0.9998393012114589	0.9985775733745996	1919	1056	15	aa	0.7	0.0
True	PROKKA_06122025__gr_1e-12_lr_1e-12_mu_1e-14	27347	panx	0.999754656458552	1.0	0.9998518442797808	9.999000099990002e-05	0.999929699719899	1.0	0.9999648486243737	1781	977	11	aa	0.5	915.0
True	PROKKA_06122025__gr_1e-12_lr_1e-12_mu_1e-14	27347	ppanggolin	0.9792029302151019	1.0	0.9924672619328014	9.999000099990002e-05	0.996424809650003	0.9999999999999999	0.9982092036060082	1863	1006	14	aa	0.6	5.0
True	PROKKA_06122025__gr_1e-12_lr_1e-12_mu_1e-14	27347	panx	0.998130963394176	0.9982537834691502	0.9986696688084479	9.999000099990002e-05	0.9999338310750261	0.9994408084032991	0.999687258952317	1881	1024	14	aa	0.9	1184.0
True	PROKKA_06122025__gr_1e-12_lr_1e-12_mu_1e-14	27347	panaroo	0.9899812121406987	0.9909767974792323	0.9938580989338432	9.999000099990002e-05	0.9999999999999999	0.997132461102346	0.9985641719047162	1932	1044	26	aa	0.95	31.0
True	PROKKA_06122025__gr_1e-12_lr_1e-12_mu_1e-14	27347	cdhit	0.9927081434237843	1.0	0.9973625105681262	9.999000099990002e-05	0.9987556190706309	1.0	0.9993774221733283	1928	1062	13	nt	0.8	27.0
True	PROKKA_06122025__gr_1e-12_lr_1e-12_mu_1e-14	27347	panta	0.994491907256745	0.9949698189134809	0.9965801304572427	9.999000099990002e-05	1.0	0.9983933195279738	0.9991960138895952	1904	1028	21	aa	0.95	9.0
True	PROKKA_06122025__gr_1e-12_lr_1e-12_mu_1e-14	27347	mmseqs2	0.9874053191537452	1.0	0.9942697592220759	9.999000099990002e-05	0.9972880883199058	1.0	0.9986422030472452	1910	1049	14	aa	0.5	2.0
True	PROKKA_06122025__gr_1e-12_lr_1e-12_mu_1e-14	27347	cdhit	0.9785219620620441	0.999577286177258	0.9918190253187963	9.999000099990002e-05	0.9962608161749331	0.9998597877806384	0.9980570575353925	1907	1047	16	aa	0.6	0.0
True	PROKKA_06122025__gr_1e-12_lr_1e-12_mu_1e-14	27347	panaroo	0.9984762345231922	1.0	0.9995508028160204	9.999000099990002e-05	0.9997882972471384	1.0	0.9998941374178691	1894	1028	12	aa	0.8	32.0
True	PROKKA_06122025__gr_1e-12_lr_1e-12_mu_1e-14	27347	cdhit	0.9956679462481736	0.9988727631393547	0.9978769127677913	9.999000099990002e-05	0.9993019920661549	0.9996979877268868	0.9994999506737682	1936	1067	13	aa	0.9	0.0
True	PROKKA_06122025__gr_1e-12_lr_1e-12_mu_1e-14	27347	cdhit	0.9914868799860639	1.0	0.9972921526666105	9.999000099990002e-05	0.998722339602119	1.0000000000000002	0.9993607614361607	1930	1065	13	aa	0.85	0.0
True	PROKKA_06122025__gr_1e-12_lr_1e-12_mu_1e-14	27347	panta	0.9996941595599187	0.9997125610807703	0.9998085892382552	9.999000099990002e-05	1.0	0.9999096482486808	0.9999548220833885	1885	1020	13	aa	0.85	9.0
True	PROKKA_06122025__gr_1e-12_lr_1e-12_mu_1e-14	27347	mmseqs2	0.9995039395943233	1.0	0.9996305548432942	9.999000099990002e-05	0.9998260849471117	1.0000000000000002	0.9999130349112869	1937	1068	13	nt	0.85	1.0
True	PROKKA_06122025__gr_1e-12_lr_1e-12_mu_1e-14	27347	mmseqs2	0.9913144162558466	0.9930956742285473	0.9950395989917483	9.999000099990002e-05	1.0	0.9976825963471144	0.9988399540261685	1969	1087	20	aa	0.95	1.0
True	PROKKA_06122025__gr_1e-12_lr_1e-12_mu_1e-14	27347	diamond	0.993356776461107	0.9985909539241933	0.9972142825029334	9.999000099990002e-05	0.9989714795426257	0.9997153743837022	0.9993432885273871	1933	1064	13	aa	0.9	1.0
True	PROKKA_06122025__gr_1e-12_lr_1e-12_mu_1e-14	27347	mmseqs2	0.9959397132224962	0.997041003240806	0.9977333536268969	9.999000099990002e-05	0.9999469170898877	0.9989895843853974	0.9994680214942658	1951	1076	16	nt	0.95	1.0
True	PROKKA_06122025__gr_1e-12_lr_1e-12_mu_1e-14	27347	hdbscan_dist	0.9599882942560226	0.9930956742285473	0.9718603882259352	9.999000099990002e-05	0.9882442440823874	0.9982164636672541	0.9932053231347057	1755	874	0	nt	0.9	0.456
True	PROKKA_06122025__gr_1e-12_lr_1e-12_mu_1e-14	27347	hdbscan_tsne	0.8176721594987902	0.9365929265886994	0.8769448343084911	9.999000099990002e-05	0.9563643117384596	0.9820534707500331	0.9690386666165414	1334	295	0	nt	0.9	20.846
True	PROKKA_06122025__gr_1e-12_lr_1e-12_mu_1e-14	27347	hdbscan_umap	0.7224665521908383	0.998731858531774	0.8484954481118199	9.999000099990002e-05	0.9165281327126492	0.9996513827016202	0.956286827805957	822	48	0	nt	0.9	7.551
True	PROKKA_06122025__gr_1e-12_lr_1e-12_mu_1e-14	27347	panx	0.9937046430638957	0.9952504317789291	0.996133608605156	9.999000099990002e-05	0.9997262517490751	0.9984603147677023	0.9990928822456735	1909	1040	15	aa	0.95	1178.0
True	PROKKA_06122025__gr_1e-12_lr_1e-12_mu_1e-14	27347	diamond	0.9914868799860639	1.0	0.9971001062274789	9.999000099990002e-05	0.998631461617613	1.0	0.9993152622638696	1928	1062	14	aa	0.85	1.0
True	PROKKA_06122025__gr_1e-12_lr_1e-12_mu_1e-14	27347	panta	0.9994646566319084	0.999137683242311	0.9994202107048248	9.999000099990002e-05	1.0	0.9997264777753213	0.9998632201815004	1983	1120	12	aa	0.7	9.0
True	PROKKA_06122025__gr_1e-12_lr_1e-12_mu_1e-14	27347	mmseqs2	0.9982164791638366	1.0	0.9993201940085552	9.999000099990002e-05	0.9996798857857079	1.0	0.9998399172704754	1937	1069	13	aa	0.8	2.0
True	PROKKA_06122025__gr_1e-12_lr_1e-12_mu_1e-14	27347	panta	0.9993881634359395	0.9989939637826962	0.9992799084954876	9.999000099990002e-05	0.9999721550745756	0.9996881367244446	0.9998301257294784	1983	1119	13	aa	0.5	9.0
True	PROKKA_06122025__gr_1e-12_lr_1e-12_mu_1e-14	27347	panaroo	0.9982734160144578	1.0	0.9993641785006326	9.999000099990002e-05	0.9997002870878798	1.0	0.9998501210836166	1892	1025	13	aa	0.7	37.0
True	PROKKA_06122025__gr_1e-12_lr_1e-12_mu_1e-14	27347	cdhit	0.9941986791302729	0.99788643088629	0.997365143492747	9.999000099990002e-05	0.9994770486187091	0.9992837102662692	0.9993803700917656	1945	1073	16	nt	0.95	1.0
True	PROKKA_06122025__gr_1e-12_lr_1e-12_mu_1e-14	27347	cdhit	0.9880832478293539	1.0	0.9961835625623694	9.999000099990002e-05	0.9981972860275254	1.0	0.999097829836383	1926	1062	14	aa	0.8	0.0
True	PROKKA_06122025__gr_1e-12_lr_1e-12_mu_1e-14	27347	ppanggolin	0.9938070070540036	1.0	0.99791568055899	9.999000099990002e-05	0.9990160859027375	1.0000000000000002	0.9995078008105083	1886	1021	12	aa	0.9	5.0
True	PROKKA_06122025__gr_1e-12_lr_1e-12_mu_1e-14	27347	cdhit	0.9710948215099888	0.999154572354516	0.9882702548097247	9.999000099990002e-05	0.9946528755178063	0.9997668104759073	0.9972032866208496	1888	1030	17	aa	0.5	2.0
True	PROKKA_06122025__gr_1e-12_lr_1e-12_mu_1e-14	27347	panaroo	0.9995419645016006	0.9994270982526496	0.9996853153070816	9.999000099990002e-05	1.0	0.9998518259407556	0.9999259074810831	1897	1028	13	aa	0.9	37.0
True	PROKKA_06122025__gr_1e-12_lr_1e-12_mu_1e-14	27347	ppanggolin	0.9677055031488708	1.0	0.9877279366919086	9.999000099990002e-05	0.9941477466001113	1.0000000000000002	0.9970652859549318	1841	992	13	aa	0.5	6.0
True	PROKKA_06122025__gr_1e-12_lr_1e-12_mu_1e-14	27347	cdhit	0.9931458354311808	0.9998590953924194	0.9976282187976926	9.999000099990002e-05	0.998943215735313	0.999938292064096	0.9994405062169639	1932	1066	13	nt	0.85	24.0
True	PROKKA_06122025__gr_1e-12_lr_1e-12_mu_1e-14	27347	embed_hdbscan_raw	0.9270995499027178	0.9878822037480626	0.9473344683223812	9.999000099990002e-05	0.9774970488753133	0.9966482395579018	0.9869797513310865	1563	651	0	aa	0.9	22.898
True	PROKKA_06122025__gr_1e-12_lr_1e-12_mu_1e-14	27347	embed_hdbscan_tsne	0.8178208169808857	0.9336339298295054	0.8760906773161835	9.999000099990002e-05	0.9558597874269209	0.982058678158268	0.9687821402348469	1276	202	0	aa	0.9	21.794
True	PROKKA_06122025__gr_1e-12_lr_1e-12_mu_1e-14	27347	embed_hdbscan_umap	0.7343187286848576	0.9963364802029027	0.8514787795555646	9.999000099990002e-05	0.9192289808754712	0.9990308745348042	0.9574700008152395	812	15	0	aa	0.9	15.191
True	PROKKA_06122025__gr_1e-12_lr_1e-12_mu_1e-14	27347	diamond	0.9719715267441806	1.0	0.988700766967067	9.999000099990002e-05	0.9946226905229693	1.0	0.9973040969088641	1882	1023	18	aa	0.5	1.0
True	PROKKA_06122025__gr_1e-12_lr_1e-12_mu_1e-14	27347	mmseqs2	0.9997023047812794	1.0	0.9997614785854834	9.999000099990002e-05	0.9998877314751201	1.0	0.9999438625863277	1938	1069	13	aa	0.9	1.0
True	PROKKA_06122025__gr_1e-12_lr_1e-12_mu_1e-14	27347	panaroo	0.9973111504210799	1.0	0.9988671355442245	9.999000099990002e-05	0.9994657276668389	0.9999999999999999	0.9997327924526195	1889	1022	14	aa	0.6	38.0
True	PROKKA_06122025__gr_1e-12_lr_1e-12_mu_1e-14	27347	panx	0.9997613446182915	1.0	0.9998559775986255	9.999000099990002e-05	0.9999319048509044	1.0	0.9999659512661754	1828	998	12	aa	0.6	1171.0
True	PROKKA_06122025__gr_1e-12_lr_1e-12_mu_1e-14	27347	panaroo	0.9934303311729858	1.0	0.9971871403894015	9.999000099990002e-05	0.9986712064494223	1.0	0.999335161508161	1880	1014	15	aa	0.5	40.0
True	PROKKA_06122025__gr_1e-12_lr_1e-12_mu_1e-14	27347	panx	0.9997640105767656	1.0	0.9998576514158704	9.999000099990002e-05	0.9999327958763072	1.0	0.9999663968090171	1848	1008	12	aa	0.7	1187.0
True	PROKKA_06122025__gr_1e-12_lr_1e-12_mu_1e-14	27347	diamond	0.9880832478293539	1.0	0.9961835625623695	9.999000099990002e-05	0.9981972860275254	1.0	0.999097829836383	1926	1062	14	aa	0.8	1.0
True	PROKKA_06122025__gr_1e-12_lr_1e-12_mu_1e-14	27347	panx	0.9985935475373899	0.9988310929281122	0.9990603613913117	9.999000099990002e-05	0.9999335221030081	0.9996242637406538	0.9997788690063594	1871	1019	13	aa	0.85	1183.0
True	PROKKA_06122025__gr_1e-12_lr_1e-12_mu_1e-14	27347	panta	0.9991584891266289	0.9988502443230813	0.9993660320340305	9.999000099990002e-05	1.0000000000000002	0.9997009418581414	0.999850448566784	1888	1020	15	aa	0.9	9.0
True	PROKKA_06122025__gr_1e-12_lr_1e-12_mu_1e-14	27347	mmseqs2	0.9995287309444327	1.0	0.9996357806542163	9.999000099990002e-05	0.9998285458603522	1.0	0.9999142655804155	1937	1068	13	nt	0.8	1.0
True	PROKKA_06122025__gr_1e-12_lr_1e-12_mu_1e-14	27347	panx	0.9988766821144526	0.9991204925241864	0.999300423457348	9.999000099990002e-05	0.9999332776264631	0.999737225327977	0.9998352418665108	1863	1014	13	aa	0.8	1180.0
True	PROKKA_06122025__gr_1e-12_lr_1e-12_mu_1e-14	27347	mmseqs2	0.9997023047812794	1.0	0.9997614785854834	9.999000099990002e-05	0.9998877314751201	1.0	0.9999438625863277	1938	1069	13	aa	0.85	1.0
True	PROKKA_06122025__gr_1e-12_lr_1e-12_mu_1e-14	27347	ppanggolin	0.9877893897041576	1.0	0.9961171921670575	9.999000099990002e-05	0.9981638324486093	1.0	0.9990810725719419	1881	1019	13	aa	0.8	5.0
True	PROKKA_06122025__gr_1e-12_lr_1e-12_mu_1e-14	27347	mmseqs2	0.9960452274022821	1.0	0.9981260537083628	9.999000099990002e-05	0.9991165278790393	1.0000000000000002	0.9995580687225383	1930	1064	13	nt	0.5	3.0
True	PROKKA_06122025__gr_1e-12_lr_1e-12_mu_1e-14	27347	hdbscan_dist	0.9497044494090817	0.9918275327603213	0.9651656015480832	9.999000099990002e-05	0.9853475702038715	0.9978002413842337	0.9915348091068011	1705	816	0	aa	0.9	0.438
True	PROKKA_06122025__gr_1e-12_lr_1e-12_mu_1e-14	27347	hdbscan_tsne	0.8195560003853463	0.9478652951951528	0.8823715963258171	9.999000099990002e-05	0.954890337480777	0.9856560673175079	0.9700293200240426	1315	321	0	aa	0.9	21.716
True	PROKKA_06122025__gr_1e-12_lr_1e-12_mu_1e-14	27347	hdbscan_umap	0.08544738473151446	0.9960546709877413	0.7455618606958263	9.999000099990002e-05	0.8468280172376532	0.9985360125240115	0.9164460323151652	770	25	0	aa	0.9	8.337
True	PROKKA_06122025__gr_1e-12_lr_1e-12_mu_1e-14	27347	cdhit	0.9943460104652896	0.9997181907848387	0.9980513819106964	9.999000099990002e-05	0.9991699392726677	0.9999115990086196	0.9995406315626726	1934	1066	14	nt	0.9	1.0
True	PROKKA_06122025__gr_1e-12_lr_1e-12_mu_1e-14	27347	mmseqs2	0.997154347102682	1.0	0.9986840082558687	9.999000099990002e-05	0.9993799196386197	1.0	0.9996898636645843	1933	1066	13	aa	0.7	0.0
True	PROKKA_06122025__gr_1e-12_lr_1e-12_mu_1e-14	27347	mmseqs2	0.9995533908016805	0.9998590953924194	0.9996416724676295	9.999000099990002e-05	0.99988773147512	0.9999436259752649	0.9999156779440779	1939	1070	13	nt	0.9	1.0
True	PROKKA_06122025__gr_1e-12_lr_1e-12_mu_1e-14	27347	mmseqs2	0.9951842803342597	1.0	0.997732163473634	9.999000099990002e-05	0.9989304096636554	1.0000000000000002	0.9994649186729195	1928	1062	14	aa	0.6	0.0
True	PROKKA_06122025__gr_1e-12_lr_1e-12_mu_1e-14	27347	ppanggolin	0.9953564006783778	0.9989974219421369	0.9981403847218397	9.999000099990002e-05	0.9994648926977396	0.9996586564887358	0.999561765203021	1896	1029	13	aa	0.95	5.0
True	PROKKA_06122025__gr_1e-12_lr_1e-12_mu_1e-14	27347	ppanggolin	0.9828013433245386	1.0	0.9942660261620573	9.999000099990002e-05	0.9972834253038965	1.0	0.9986398651980551	1873	1014	13	aa	0.7	5.0
True	PROKKA_06122025__gr_1e-12_lr_1e-12_mu_1e-14	27347	cdhit	0.9919932222468254	0.9946456249119346	0.9952496846731431	9.999000099990002e-05	0.9997692759512922	0.9980072139412164	0.9988874678667004	1968	1093	18	aa	0.95	0.0
True	PROKKA_06122025__gr_1e-12_lr_1e-12_mu_1e-14	27347	ppanggolin	0.9892807394462221	1.0	0.9965633452814999	9.999000099990002e-05	0.9983755352014709	1.0	0.9991871073429823	1882	1019	13	aa	0.85	5.0
True	PROKKA_06122025__gr_1e-12_lr_1e-12_mu_1e-14	27347	mmseqs2	0.9962914855120752	1.0	0.9983449167299516	9.999000099990002e-05	0.999219881204871	1.0	0.9996097883967326	1932	1066	13	nt	0.6	1.0
True	PROKKA_06122025__gr_1e-12_lr_1e-12_mu_1e-14	28734	panaroo	0.9996424620715417	0.9997437211686314	0.9997709343752985	9.999000099990002e-05	1.0	0.9998835778598539	0.9999417855412011	1896	1021	4	aa	0.85	31.0
True	PROKKA_06122025__gr_1e-12_lr_1e-12_mu_1e-14	28734	panta	0.999579220194168	0.9992247060343714	0.9995149163796656	9.999000099990002e-05	0.9999999999999999	0.9997533833008546	0.999876676443603	1981	1117	4	aa	0.6	10.0
True	PROKKA_06122025__gr_1e-12_lr_1e-12_mu_1e-14	28734	diamond	0.9769039417589359	1.0	0.9926762566482582	9.999000099990002e-05	0.9962140459553589	0.9999999999999999	0.9981034328195856	1906	1041	9	aa	0.6	1.0
True	PROKKA_06122025__gr_1e-12_lr_1e-12_mu_1e-14	28734	diamond	0.9707625550874727	0.971759144065688	0.9830593574938674	9.999000099990002e-05	0.9997546764147558	0.9917535052537092	0.9957380179050481	2045	1111	35	aa	0.95	0.0
True	PROKKA_06122025__gr_1e-12_lr_1e-12_mu_1e-14	28734	diamond	0.9820221010490845	1.0	0.9946895543342916	9.999000099990002e-05	0.997260300962713	1.0	0.998628271419621	1917	1050	7	aa	0.7	1.0
True	PROKKA_06122025__gr_1e-12_lr_1e-12_mu_1e-14	28734	panta	0.9998798132610149	0.9998707843390618	0.9998978036991846	9.999000099990002e-05	0.9999999999999999	0.9999480134153289	0.9999740060319956	1883	1018	4	aa	0.8	8.0
True	PROKKA_06122025__gr_1e-12_lr_1e-12_mu_1e-14	28734	mmseqs2	0.9959916769151861	1.0	0.9984307770305861	9.999000099990002e-05	0.9991934120152928	0.9999999999999999	0.9995965432959815	1932	1059	7	nt	0.7	1.0
True	PROKKA_06122025__gr_1e-12_lr_1e-12_mu_1e-14	28734	cdhit	0.9839017244219986	0.9995023637720826	0.994883705036933	9.999000099990002e-05	0.9975299686965804	0.9998323108962496	0.998679812851459	1920	1051	8	aa	0.7	0.0
True	PROKKA_06122025__gr_1e-12_lr_1e-12_mu_1e-14	28734	panx	0.9998069812881238	1.0	0.9998760788918841	9.999000099990002e-05	0.9999366797378423	1.0000000000000002	0.9999683388665257	1784	977	4	aa	0.5	938.0
True	PROKKA_06122025__gr_1e-12_lr_1e-12_mu_1e-14	28734	ppanggolin	0.9737610623815166	1.0	0.9921212522881722	9.999000099990002e-05	0.9959628951431178	1.0	0.9979773647763162	1863	1003	6	aa	0.6	6.0
True	PROKKA_06122025__gr_1e-12_lr_1e-12_mu_1e-14	28734	panx	0.9987894551510335	0.998960634013252	0.9992181598549872	9.999000099990002e-05	0.9999407746945397	0.9996618658178444	0.9998013008047871	1879	1017	5	aa	0.9	1012.0
True	PROKKA_06122025__gr_1e-12_lr_1e-12_mu_1e-14	28734	panaroo	0.9724781007084385	0.9716811891337775	0.9828364204935004	9.999000099990002e-05	0.9999999999999999	0.9914929478235588	0.9957283041420064	2010	1065	44	aa	0.95	32.0
True	PROKKA_06122025__gr_1e-12_lr_1e-12_mu_1e-14	28734	cdhit	0.9892187921401443	0.9997511818860413	0.9965148217293256	9.999000099990002e-05	0.9983028369863186	0.9999028913911219	0.9991022235704741	1928	1058	7	nt	0.8	30.0
True	PROKKA_06122025__gr_1e-12_lr_1e-12_mu_1e-14	28734	panta	0.9859456594550202	0.9855278459749321	0.9916922805675735	9.999000099990002e-05	1.0	0.9958253558769276	0.9979083119117714	1935	1039	21	aa	0.95	8.0
True	PROKKA_06122025__gr_1e-12_lr_1e-12_mu_1e-14	28734	mmseqs2	0.9879243280515845	1.0	0.9951394638142779	9.999000099990002e-05	0.9974934836066329	1.0	0.9987451691763012	1911	1041	7	aa	0.5	2.0
True	PROKKA_06122025__gr_1e-12_lr_1e-12_mu_1e-14	28734	cdhit	0.9734019735989199	0.9990047275441652	0.9913482561854186	9.999000099990002e-05	0.9957966341690773	0.9997286042603747	0.9977587454504404	1907	1043	9	aa	0.6	0.0
True	PROKKA_06122025__gr_1e-12_lr_1e-12_mu_1e-14	28734	panaroo	0.9998808773843089	1.0	0.9998987149890203	9.999000099990002e-05	0.9999484991947148	1.0	0.9999742489342571	1893	1020	4	aa	0.8	31.0
True	PROKKA_06122025__gr_1e-12_lr_1e-12_mu_1e-14	28734	cdhit	0.9937822816892733	0.9962677282906196	0.9964143442894434	9.999000099990002e-05	0.9992992332114955	0.9988626447071995	0.9990808912631312	1946	1063	12	aa	0.9	0.0
True	PROKKA_06122025__gr_1e-12_lr_1e-12_mu_1e-14	28734	cdhit	0.9923101300582428	1.0	0.997696055931877	9.999000099990002e-05	0.9988149080307949	1.0	0.9994071026964809	1930	1058	7	aa	0.85	0.0
True	PROKKA_06122025__gr_1e-12_lr_1e-12_mu_1e-14	28734	panta	0.9998798132610149	0.9998707843390618	0.9998978036991846	9.999000099990002e-05	0.9999999999999999	0.9999480134153289	0.9999740060319956	1883	1018	4	aa	0.85	8.0
True	PROKKA_06122025__gr_1e-12_lr_1e-12_mu_1e-14	28734	mmseqs2	0.998766116145504	1.0	0.9994643704961927	9.999000099990002e-05	0.9997249654594557	1.0	0.9998624638161273	1937	1062	7	nt	0.85	1.0
True	PROKKA_06122025__gr_1e-12_lr_1e-12_mu_1e-14	28734	mmseqs2	0.9788216507012623	0.9802189599402836	0.9873167665803615	9.999000099990002e-05	1.0	0.9936129073914394	0.9967962222832325	2030	1118	23	aa	0.95	2.0
True	PROKKA_06122025__gr_1e-12_lr_1e-12_mu_1e-14	28734	diamond	0.9877345687432714	0.9936551380940533	0.9945415154089596	9.999000099990002e-05	0.9988971067545399	0.9983058119465863	0.9986013718207617	1955	1076	9	aa	0.9	0.0
True	PROKKA_06122025__gr_1e-12_lr_1e-12_mu_1e-14	28734	mmseqs2	0.9873223016168515	0.9885543667579	0.9925840499482589	9.999000099990002e-05	0.9999475738944325	0.9962872048330214	0.9981140334704701	1990	1094	13	nt	0.95	1.0
True	PROKKA_06122025__gr_1e-12_lr_1e-12_mu_1e-14	28734	hdbscan_dist	0.9734711839593205	0.9930330928091565	0.9830632860460586	9.999000099990002e-05	0.9929287164043384	0.9982797455941347	0.9955970410153809	1830	947	0	nt	0.9	0.498
True	PROKKA_06122025__gr_1e-12_lr_1e-12_mu_1e-14	28734	hdbscan_tsne	0.8025245929426208	0.8891515302314008	0.8773874979632249	9.999000099990002e-05	0.9646806054949266	0.9713532034703277	0.9680054058291596	1548	396	0	nt	0.9	19.949
True	PROKKA_06122025__gr_1e-12_lr_1e-12_mu_1e-14	28734	hdbscan_umap	0.7449750880428091	0.986066185618313	0.8655215117336055	9.999000099990002e-05	0.9245703685035568	0.9965386884494218	0.9592064948869632	866	52	0	nt	0.9	7.518
True	PROKKA_06122025__gr_1e-12_lr_1e-12_mu_1e-14	28734	panx	0.9870787914567413	0.9892252437147255	0.9926998723514857	9.999000099990002e-05	0.9995837853422282	0.9967339228595228	0.9981568199266214	1934	1043	15	aa	0.95	881.0
True	PROKKA_06122025__gr_1e-12_lr_1e-12_mu_1e-14	28734	diamond	0.9895995340200797	0.9997511818860413	0.9967823697142062	9.999000099990002e-05	0.9984411285047677	0.999902782610736	0.9991714210069387	1929	1058	8	aa	0.85	0.0
True	PROKKA_06122025__gr_1e-12_lr_1e-12_mu_1e-14	28734	panta	0.999579220194168	0.9992247060343714	0.9995149163796656	9.999000099990002e-05	0.9999999999999999	0.9997533833008546	0.999876676443603	1981	1117	4	aa	0.7	12.0
True	PROKKA_06122025__gr_1e-12_lr_1e-12_mu_1e-14	28734	mmseqs2	0.9985784742213187	0.999626772829062	0.999297373480029	9.999000099990002e-05	0.9997389346196253	0.9999003443775143	0.9998196329841174	1938	1062	7	aa	0.8	1.0
True	PROKKA_06122025__gr_1e-12_lr_1e-12_mu_1e-14	28734	panta	0.9993589527808828	0.9992247060343714	0.9993924128337981	9.999000099990002e-05	0.9999376661928775	0.9997533679311302	0.9998455085692295	1981	1116	4	aa	0.5	10.0
True	PROKKA_06122025__gr_1e-12_lr_1e-12_mu_1e-14	28734	panaroo	0.9993248647901042	0.9996155817529472	0.9995108946733449	9.999000099990002e-05	0.9998540749083211	0.9998972271837264	0.9998756505804361	1892	1018	4	aa	0.7	35.0
True	PROKKA_06122025__gr_1e-12_lr_1e-12_mu_1e-14	28734	cdhit	0.9864044466730759	0.9915401841254043	0.9931008630329491	9.999000099990002e-05	0.9993558054224384	0.9971253073455955	0.9982393104113807	1977	1086	17	nt	0.95	1.0
True	PROKKA_06122025__gr_1e-12_lr_1e-12_mu_1e-14	28734	cdhit	0.9900591491081056	0.999626772829062	0.9966855130106754	9.999000099990002e-05	0.9984271282533402	0.9998669556996853	0.9991465232582991	1928	1057	7	aa	0.8	0.0
True	PROKKA_06122025__gr_1e-12_lr_1e-12_mu_1e-14	28734	ppanggolin	0.9914364278474647	1.0	0.9976482786501333	9.999000099990002e-05	0.9988015546156057	1.0	0.9994004180246774	1887	1019	4	aa	0.9	4.0
True	PROKKA_06122025__gr_1e-12_lr_1e-12_mu_1e-14	28734	cdhit	0.9624209129110728	0.999626772829062	0.9879236163282474	9.999000099990002e-05	0.9938705252197644	0.9998595929300949	0.9968560636417684	1888	1029	10	aa	0.5	2.0
True	PROKKA_06122025__gr_1e-12_lr_1e-12_mu_1e-14	28734	panaroo	0.9944494070958133	0.9947462839569452	0.9969460172967208	9.999000099990002e-05	0.9999999999999999	0.9984543708368651	0.9992265877141404	1912	1023	11	aa	0.9	31.0
True	PROKKA_06122025__gr_1e-12_lr_1e-12_mu_1e-14	28734	ppanggolin	0.9631450730748848	1.0	0.9884009638306898	9.999000099990002e-05	0.9940345064795324	1.0	0.9970083298453046	1843	987	6	aa	0.5	5.0
True	PROKKA_06122025__gr_1e-12_lr_1e-12_mu_1e-14	28734	cdhit	0.9914420451115928	0.9997511818860413	0.9974223251836053	9.999000099990002e-05	0.998740516691396	0.9999334942979147	0.9993366494597137	1932	1060	8	nt	0.85	29.0
True	PROKKA_06122025__gr_1e-12_lr_1e-12_mu_1e-14	28734	embed_hdbscan_raw	0.9155580801512087	0.9681512814132869	0.9436815902527361	9.999000099990002e-05	0.9790924939887968	0.99121149731123	0.9851147246902585	1623	660	0	aa	0.9	28.615
True	PROKKA_06122025__gr_1e-12_lr_1e-12_mu_1e-14	28734	embed_hdbscan_tsne	0.7803844401793218	0.8684996267728291	0.8623284092735265	9.999000099990002e-05	0.9640646732282591	0.9650863822693215	0.9645752571921219	1537	300	0	aa	0.9	19.424
True	PROKKA_06122025__gr_1e-12_lr_1e-12_mu_1e-14	28734	embed_hdbscan_umap	0.76273371980924	0.9845732769345609	0.8693779290511059	9.999000099990002e-05	0.9276939244878177	0.9961060973494426	0.9606836096964336	849	6	0	aa	0.9	14.989
True	PROKKA_06122025__gr_1e-12_lr_1e-12_mu_1e-14	28734	diamond	0.9645910641816055	1.0	0.9885326848126246	9.999000099990002e-05	0.9940475314373948	0.9999999999999998	0.9970148813061067	1884	1022	11	aa	0.5	2.0
True	PROKKA_06122025__gr_1e-12_lr_1e-12_mu_1e-14	28734	mmseqs2	0.9969404031826257	0.9973874098034337	0.9983725825505849	9.999000099990002e-05	0.9999475738944325	0.9992189711464654	0.9995831397496285	1948	1067	8	aa	0.9	1.0
True	PROKKA_06122025__gr_1e-12_lr_1e-12_mu_1e-14	28734	panaroo	0.9987308178334371	1.0	0.9992747201771247	9.999000099990002e-05	0.9996309854321964	1.0000000000000002	0.9998154586668783	1888	1014	6	aa	0.6	37.0
True	PROKKA_06122025__gr_1e-12_lr_1e-12_mu_1e-14	28734	panx	0.9998127712745699	1.0	0.9998798555087827	9.999000099990002e-05	0.999938774688356	0.9999999999999999	0.9999693864070146	1830	997	4	aa	0.6	918.0
True	PROKKA_06122025__gr_1e-12_lr_1e-12_mu_1e-14	28734	panaroo	0.994687032019722	1.0	0.9976127883220154	9.999000099990002e-05	0.9987834091195116	1.0000000000000002	0.9993913343111928	1878	1006	5	aa	0.5	37.0
True	PROKKA_06122025__gr_1e-12_lr_1e-12_mu_1e-14	28734	panx	0.9998154358703072	1.0	0.999881618632439	9.999000099990002e-05	0.9999397512216806	1.0	0.9999698747033341	1852	1006	4	aa	0.7	937.0
True	PROKKA_06122025__gr_1e-12_lr_1e-12_mu_1e-14	28734	diamond	0.9891315970122433	1.0	0.9965727351833551	9.999000099990002e-05	0.9982351361034023	1.0	0.9991167886778134	1926	1057	7	aa	0.8	0.0
True	PROKKA_06122025__gr_1e-12_lr_1e-12_mu_1e-14	28734	panx	0.9994129239611347	0.9996084062132881	0.9995653188573295	9.999000099990002e-05	0.9999404578583614	0.9998383777470609	0.9998894151973358	1871	1017	4	aa	0.85	911.0
True	PROKKA_06122025__gr_1e-12_lr_1e-12_mu_1e-14	28734	panta	0.9991380239151967	0.9989662747124951	0.9994928756517151	9.999000099990002e-05	1.0	0.9997421858880101	0.9998710763248336	1885	1018	4	aa	0.9	9.0
True	PROKKA_06122025__gr_1e-12_lr_1e-12_mu_1e-14	28734	mmseqs2	0.9986540956078885	1.0	0.9993671875960702	9.999000099990002e-05	0.9996750326273012	1.0	0.9998374899084118	1936	1061	7	nt	0.8	1.0
True	PROKKA_06122025__gr_1e-12_lr_1e-12_mu_1e-14	28734	panx	0.9997164973502691	0.9998692810457517	0.9997855534074354	9.999000099990002e-05	0.9999403501066062	0.9999503950678567	0.9999453725620048	1863	1010	4	aa	0.8	928.0
True	PROKKA_06122025__gr_1e-12_lr_1e-12_mu_1e-14	28734	mmseqs2	0.9984844716893154	0.9995023637720826	0.9992778666742277	9.999000099990002e-05	0.9997888674517799	0.9998404840589187	0.9998146750891573	1940	1064	7	aa	0.85	0.0
True	PROKKA_06122025__gr_1e-12_lr_1e-12_mu_1e-14	28734	ppanggolin	0.9896829035962733	1.0	0.9968503303929195	9.999000099990002e-05	0.998393644260519	1.0000000000000002	0.999196176517027	1883	1017	4	aa	0.8	5.0
True	PROKKA_06122025__gr_1e-12_lr_1e-12_mu_1e-14	28734	mmseqs2	0.9955818518562847	0.9998755909430207	0.9981546686560698	9.999000099990002e-05	0.9991079805387252	0.9999434101780206	0.9995255207899036	1931	1057	8	nt	0.5	3.0
True	PROKKA_06122025__gr_1e-12_lr_1e-12_mu_1e-14	28734	hdbscan_dist	0.9634608675587409	0.988181139586962	0.9763566032915478	9.999000099990002e-05	0.9908693216315271	0.9968369719616309	0.9938441885187446	1806	910	0	aa	0.9	0.472
True	PROKKA_06122025__gr_1e-12_lr_1e-12_mu_1e-14	28734	hdbscan_tsne	0.8023784374339265	0.8964916645931824	0.8806125326739834	9.999000099990002e-05	0.964474960432194	0.9729761996438699	0.9687069289696533	1549	436	0	aa	0.9	20.313
True	PROKKA_06122025__gr_1e-12_lr_1e-12_mu_1e-14	28734	hdbscan_umap	0.28546200637542324	0.9737496889773576	0.8081967163562093	9.999000099990002e-05	0.8892291358609969	0.9924824591755383	0.9380229381141967	845	55	0	aa	0.9	8.067
True	PROKKA_06122025__gr_1e-12_lr_1e-12_mu_1e-14	28734	cdhit	0.9915528022591825	0.9998755909430207	0.9976150286376319	9.999000099990002e-05	0.9988258092857053	0.9999475150186379	0.9993863474031862	1934	1063	7	nt	0.9	1.0
True	PROKKA_06122025__gr_1e-12_lr_1e-12_mu_1e-14	28734	mmseqs2	0.9973286292078134	0.999626772829062	0.9986808544082584	9.999000099990002e-05	0.9994220198433595	0.9999003127800608	0.999661109101292	1934	1059	7	aa	0.7	1.0
True	PROKKA_06122025__gr_1e-12_lr_1e-12_mu_1e-14	28734	mmseqs2	0.9992321636010477	0.999626772829062	0.9995891250285995	9.999000099990002e-05	0.9999475738944325	0.9998416222141906	0.9998945952475761	1941	1064	8	nt	0.9	1.0
True	PROKKA_06122025__gr_1e-12_lr_1e-12_mu_1e-14	28734	mmseqs2	0.9950270351142556	1.0	0.9979377236719088	9.999000099990002e-05	0.9989394608201452	0.9999999999999999	0.9994694490750511	1928	1054	9	aa	0.6	1.0
True	PROKKA_06122025__gr_1e-12_lr_1e-12_mu_1e-14	28734	ppanggolin	0.9886483591258136	0.9909021014864172	0.9936691785202846	9.999000099990002e-05	0.9995842786917021	0.9972185197933324	0.9983999977983763	1929	1040	13	aa	0.95	4.0
True	PROKKA_06122025__gr_1e-12_lr_1e-12_mu_1e-14	28734	ppanggolin	0.978909713099341	1.0	0.9941039748954443	9.999000099990002e-05	0.9969848103618284	1.0000000000000002	0.9984901289070771	1873	1011	4	aa	0.7	6.0
True	PROKKA_06122025__gr_1e-12_lr_1e-12_mu_1e-14	28734	cdhit	0.9796738709388956	0.9825827320228913	0.9874068659018508	9.999000099990002e-05	0.999689609189093	0.993954610115345	0.9968138608849472	2032	1122	40	aa	0.95	0.0
True	PROKKA_06122025__gr_1e-12_lr_1e-12_mu_1e-14	28734	ppanggolin	0.9897996125361568	1.0	0.9969510044259825	9.999000099990002e-05	0.9984451450658043	1.0	0.9992219676691979	1884	1018	4	aa	0.85	4.0
True	PROKKA_06122025__gr_1e-12_lr_1e-12_mu_1e-14	28734	mmseqs2	0.9959916769151861	1.0	0.9984307770305861	9.999000099990002e-05	0.9991934120152928	0.9999999999999999	0.9995965432959815	1932	1059	7	nt	0.6	1.0
True	PROKKA_06122025__gr_1e-12_lr_1e-12_mu_1e-14	29492	panaroo	0.999790499699596	1.0	0.9998700640834509	9.999000099990002e-05	0.9999368114098578	1.0	0.9999684047066978	1885	1037	7	aa	0.85	30.0
True	PROKKA_06122025__gr_1e-12_lr_1e-12_mu_1e-14	29492	panta	0.9991546999362974	0.9988806492234504	0.9992025959202238	9.999000099990002e-05	1.0	0.9996123405172486	0.9998061326813721	1973	1134	7	aa	0.6	10.0
True	PROKKA_06122025__gr_1e-12_lr_1e-12_mu_1e-14	29492	diamond	0.9819027812827569	1.0	0.9927700198374453	9.999000099990002e-05	0.9964690985141407	1.0000000000000002	0.9982314269284274	1904	1063	10	aa	0.6	1.0
True	PROKKA_06122025__gr_1e-12_lr_1e-12_mu_1e-14	29492	diamond	0.9813304742422971	0.9844368600682594	0.9889063704889243	9.999000099990002e-05	0.999449855979263	0.9952379660326375	0.9973394641905822	2000	1126	23	aa	0.95	1.0
True	PROKKA_06122025__gr_1e-12_lr_1e-12_mu_1e-14	29492	diamond	0.986238379764663	1.0	0.9948323402204193	9.999000099990002e-05	0.9974814602967015	1.0000000000000002	0.9987391423883734	1917	1076	8	aa	0.7	1.0
True	PROKKA_06122025__gr_1e-12_lr_1e-12_mu_1e-14	29492	panta	0.9998122787536063	0.9998600811529313	0.9998734884008597	9.999000099990002e-05	1.0	0.9999384349758953	0.9999692165403554	1874	1034	7	aa	0.8	8.0
True	PROKKA_06122025__gr_1e-12_lr_1e-12_mu_1e-14	29492	mmseqs2	0.9966930623537802	1.0	0.9984297260494004	9.999000099990002e-05	0.9992374280576478	1.0000000000000002	0.9996185685943801	1932	1086	7	nt	0.7	1.0
True	PROKKA_06122025__gr_1e-12_lr_1e-12_mu_1e-14	29492	cdhit	0.9895810204943938	0.9995904436860068	0.9954957101102534	9.999000099990002e-05	0.997934904663156	0.9998721938560509	0.9989026099573506	1920	1075	10	aa	0.7	0.0
True	PROKKA_06122025__gr_1e-12_lr_1e-12_mu_1e-14	29492	panx	0.9983621356473326	1.0	0.999359624949171	9.999000099990002e-05	0.9996866015412484	0.9999999999999999	0.9998432762121273	1780	987	8	aa	0.5	943.0
True	PROKKA_06122025__gr_1e-12_lr_1e-12_mu_1e-14	29492	ppanggolin	0.9803469319457873	1.0	0.9929433617033926	9.999000099990002e-05	0.99654464597666	1.0	0.9982693329546609	1856	1018	9	aa	0.6	4.0
True	PROKKA_06122025__gr_1e-12_lr_1e-12_mu_1e-14	29492	panx	0.9964164808654833	0.9983136593591906	0.9983372826567593	9.999000099990002e-05	0.9997043618671652	0.9994864630316281	0.9995954005746166	1868	1028	10	aa	0.9	980.0
True	PROKKA_06122025__gr_1e-12_lr_1e-12_mu_1e-14	29492	panaroo	0.9877012165818553	0.9880605303345829	0.9918879052436754	9.999000099990002e-05	0.9999414116954841	0.9961593357564101	0.9980467907158141	1939	1063	26	aa	0.95	32.0
True	PROKKA_06122025__gr_1e-12_lr_1e-12_mu_1e-14	29492	cdhit	0.9928027239301017	1.0	0.9972673639809233	9.999000099990002e-05	0.9986714240528134	1.0000000000000002	0.999335270454564	1928	1083	8	nt	0.8	27.0
True	PROKKA_06122025__gr_1e-12_lr_1e-12_mu_1e-14	29492	panta	0.9962557957820585	0.9962221911291451	0.9976969295025646	9.999000099990002e-05	1.0	0.9988828429822075	0.9994411093067737	1887	1040	11	aa	0.95	8.0
True	PROKKA_06122025__gr_1e-12_lr_1e-12_mu_1e-14	29492	mmseqs2	0.9901665454184729	1.0	0.9952530461710583	9.999000099990002e-05	0.9976874394366466	1.0	0.9988423811865156	1911	1065	10	aa	0.5	3.0
True	PROKKA_06122025__gr_1e-12_lr_1e-12_mu_1e-14	29492	cdhit	0.9801255753222311	0.9990443686006826	0.9920497824458666	9.999000099990002e-05	0.9963245016960067	0.9997926349990911	0.998055555511181	1906	1065	10	aa	0.6	0.0
True	PROKKA_06122025__gr_1e-12_lr_1e-12_mu_1e-14	29492	panaroo	0.999674148506511	1.0	0.9997620358885009	9.999000099990002e-05	0.9998842642205711	1.0	0.9999421287613991	1884	1036	7	aa	0.8	32.0
True	PROKKA_06122025__gr_1e-12_lr_1e-12_mu_1e-14	29492	cdhit	0.9950865606656277	0.9994539249146758	0.9978033642260965	9.999000099990002e-05	0.9991379112986307	0.9997954340833406	0.9994665645492576	1935	1089	7	aa	0.9	0.0
True	PROKKA_06122025__gr_1e-12_lr_1e-12_mu_1e-14	29492	cdhit	0.9925078991758837	0.999863481228669	0.9972671138819849	9.999000099990002e-05	0.9987372911113408	0.9999342909858323	0.9993354326083325	1931	1087	7	aa	0.85	0.0
True	PROKKA_06122025__gr_1e-12_lr_1e-12_mu_1e-14	29492	panta	0.9988491019695026	0.9988806492234504	0.9994291197745738	9.999000099990002e-05	1.0000000000000002	0.9997223717888389	0.9998611666223884	1876	1035	7	aa	0.85	8.0
True	PROKKA_06122025__gr_1e-12_lr_1e-12_mu_1e-14	29492	mmseqs2	0.9988650232377361	1.0	0.9994442672223705	9.999000099990002e-05	0.999730391208391	1.0000000000000002	0.9998651774295204	1938	1091	7	nt	0.85	1.0
True	PROKKA_06122025__gr_1e-12_lr_1e-12_mu_1e-14	29492	mmseqs2	0.9903203277268221	0.9918088737201365	0.9938387838876885	9.999000099990002e-05	0.9999425279927278	0.997095833524179	0.9985171518366376	1982	1121	17	aa	0.95	0.0
True	PROKKA_06122025__gr_1e-12_lr_1e-12_mu_1e-14	29492	diamond	0.992920554836255	0.9982252559726963	0.996650416249305	9.999000099990002e-05	0.9989585379181005	0.9994155685055184	0.999187000950084	1944	1100	8	aa	0.9	1.0
True	PROKKA_06122025__gr_1e-12_lr_1e-12_mu_1e-14	29492	mmseqs2	0.9947957284597576	0.9959044368600682	0.9967749114209594	9.999000099990002e-05	0.9998781536880385	0.9985641918895278	0.9992207408284586	1959	1104	12	nt	0.95	0.0
True	PROKKA_06122025__gr_1e-12_lr_1e-12_mu_1e-14	29492	hdbscan_dist	0.9620001764481725	0.9913993174061434	0.9749144601503598	9.999000099990002e-05	0.9896157882492614	0.9979945345832116	0.9937875011663068	1775	906	0	nt	0.9	0.432
True	PROKKA_06122025__gr_1e-12_lr_1e-12_mu_1e-14	29492	hdbscan_tsne	0.8088567802645716	0.9126279863481229	0.8751934703291664	9.999000099990002e-05	0.9589255464757664	0.9777369330732278	0.9682398794395249	1393	321	0	nt	0.9	22.58
True	PROKKA_06122025__gr_1e-12_lr_1e-12_mu_1e-14	29492	hdbscan_umap	0.7499326015738023	0.9919453924914676	0.8588626659215381	9.999000099990002e-05	0.9227853991326537	0.9980723014184658	0.9589534370645324	839	39	0	nt	0.9	8.595
True	PROKKA_06122025__gr_1e-12_lr_1e-12_mu_1e-14	29492	panx	0.9914131041894971	0.995684855233853	0.9957834896323167	9.999000099990002e-05	0.999478382922374	0.9984765085093126	0.9989771945208978	1898	1047	12	aa	0.95	951.0
True	PROKKA_06122025__gr_1e-12_lr_1e-12_mu_1e-14	29492	diamond	0.990845398044568	0.9994539249146758	0.9964076285983223	9.999000099990002e-05	0.9984316748538393	0.9998212914658603	0.9991259999792013	1929	1085	8	aa	0.85	1.0
True	PROKKA_06122025__gr_1e-12_lr_1e-12_mu_1e-14	29492	panta	0.9991546999362974	0.9988806492234504	0.9992025959202242	9.999000099990002e-05	1.0	0.9996123405172487	0.9998061326813722	1973	1134	7	aa	0.7	10.0
True	PROKKA_06122025__gr_1e-12_lr_1e-12_mu_1e-14	29492	mmseqs2	0.9987516670117874	1.0	0.9993380877559571	9.999000099990002e-05	0.9996788452135074	1.0000000000000002	0.9998393968175134	1937	1090	7	aa	0.8	0.0
True	PROKKA_06122025__gr_1e-12_lr_1e-12_mu_1e-14	29492	panta	0.9991546999362974	0.9988806492234504	0.9992025959202242	9.999000099990002e-05	1.0	0.9996123405172487	0.9998061326813722	1973	1134	7	aa	0.5	10.0
True	PROKKA_06122025__gr_1e-12_lr_1e-12_mu_1e-14	29492	panaroo	0.999488042821971	1.0	0.9996366091044416	9.999000099990002e-05	0.9998232398387266	1.0	0.9999116121076342	1883	1035	7	aa	0.7	38.0
True	PROKKA_06122025__gr_1e-12_lr_1e-12_mu_1e-14	29492	cdhit	0.9918418075733075	0.9963139931740614	0.995749432079742	9.999000099990002e-05	0.9992738217535011	0.9986685731146571	0.998971105758284	1955	1104	12	nt	0.95	1.0
True	PROKKA_06122025__gr_1e-12_lr_1e-12_mu_1e-14	29492	cdhit	0.9921059693075527	0.9997269624573378	0.996809450943291	9.999000099990002e-05	0.998543120965401	0.9999054362487334	0.999223814271139	1928	1083	8	aa	0.8	0.0
True	PROKKA_06122025__gr_1e-12_lr_1e-12_mu_1e-14	29492	ppanggolin	0.9932243204261623	1.0	0.9975173176248049	9.999000099990002e-05	0.9987898409563941	1.0	0.9993945541353028	1875	1030	8	aa	0.9	5.0
True	PROKKA_06122025__gr_1e-12_lr_1e-12_mu_1e-14	29492	cdhit	0.9731094487462482	0.9989078498293515	0.9888802677946293	9.999000099990002e-05	0.9948191027116333	0.9997338090544998	0.9972704008071911	1889	1050	10	aa	0.5	2.0
True	PROKKA_06122025__gr_1e-12_lr_1e-12_mu_1e-14	29492	panaroo	0.9992547116846316	0.9993058447868943	0.9994474637991504	9.999000099990002e-05	0.9999368114098578	0.999794629160016	0.9998657152303102	1888	1038	9	aa	0.9	30.0
True	PROKKA_06122025__gr_1e-12_lr_1e-12_mu_1e-14	29492	ppanggolin	0.9684970584765121	1.0	0.9885051608320614	9.999000099990002e-05	0.9943464421805338	1.0	0.9971652077593476	1834	1000	11	aa	0.5	5.0
True	PROKKA_06122025__gr_1e-12_lr_1e-12_mu_1e-14	29492	cdhit	0.993696400415008	0.999863481228669	0.9976844672422553	9.999000099990002e-05	0.9989406142528989	0.9999343043592855	0.9994372123121412	1932	1086	8	nt	0.85	25.0
True	PROKKA_06122025__gr_1e-12_lr_1e-12_mu_1e-14	29492	embed_hdbscan_raw	0.9319457471613006	0.9918088737201365	0.9492992757192219	9.999000099990002e-05	0.9763533247154014	0.9979278555777823	0.9870227091713342	1515	614	0	aa	0.9	24.442
True	PROKKA_06122025__gr_1e-12_lr_1e-12_mu_1e-14	29492	embed_hdbscan_tsne	0.8007738510493132	0.903344709897611	0.8669738256638343	9.999000099990002e-05	0.9588990449709145	0.9741189343058166	0.9664490716671283	1380	251	0	aa	0.9	25.47
True	PROKKA_06122025__gr_1e-12_lr_1e-12_mu_1e-14	29492	embed_hdbscan_umap	0.744121713638667	0.990716723549488	0.8559831645503195	9.999000099990002e-05	0.9212309358368711	0.9978055269264523	0.9579904678101209	807	2	0	aa	0.9	15.36
True	PROKKA_06122025__gr_1e-12_lr_1e-12_mu_1e-14	29492	diamond	0.9717754620722033	1.0	0.9888358809280963	9.999000099990002e-05	0.9945263211764098	1.0000000000000004	0.9972556497422599	1883	1043	15	aa	0.5	1.0
True	PROKKA_06122025__gr_1e-12_lr_1e-12_mu_1e-14	29492	mmseqs2	0.9981145285157179	0.9994539249146758	0.9989520569707143	9.999000099990002e-05	0.999730391208391	0.999761449665574	0.9997459201957644	1942	1095	7	aa	0.9	0.0
True	PROKKA_06122025__gr_1e-12_lr_1e-12_mu_1e-14	29492	panaroo	0.9992555079757645	1.0	0.9993733650827727	9.999000099990002e-05	0.9996951129899229	0.9999999999999999	0.999847533252396	1880	1031	8	aa	0.6	40.0
True	PROKKA_06122025__gr_1e-12_lr_1e-12_mu_1e-14	29492	panx	0.9984099555699686	1.0	0.9993783412386472	9.999000099990002e-05	0.9996964010401972	1.0	0.9998481774735181	1824	1008	8	aa	0.6	923.0
True	PROKKA_06122025__gr_1e-12_lr_1e-12_mu_1e-14	29492	panaroo	0.9969823699663082	1.0	0.998135769085437	9.999000099990002e-05	0.9990918485314058	1.0	0.9995457179872643	1871	1021	10	aa	0.5	42.0
True	PROKKA_06122025__gr_1e-12_lr_1e-12_mu_1e-14	29492	panx	0.998431269265105	1.0	0.9993869712468144	9.999000099990002e-05	0.9997007429546084	1.0000000000000002	0.9998503490852589	1841	1013	8	aa	0.7	916.0
True	PROKKA_06122025__gr_1e-12_lr_1e-12_mu_1e-14	29492	diamond	0.9908763670889292	0.999863481228669	0.9964877572588754	9.999000099990002e-05	0.9983534842994777	0.9999379169849991	0.9991450724988822	1927	1084	8	aa	0.8	1.0
True	PROKKA_06122025__gr_1e-12_lr_1e-12_mu_1e-14	29492	panx	0.997097507508166	0.9991556431184914	0.9986356298253124	9.999000099990002e-05	0.9996359837034389	0.9996997879354567	0.9996678848013647	1864	1026	10	aa	0.85	1044.0
True	PROKKA_06122025__gr_1e-12_lr_1e-12_mu_1e-14	29492	panta	0.9988491019695026	0.9988806492234504	0.9994291197745738	9.999000099990002e-05	1.0000000000000002	0.9997223717888389	0.9998611666223884	1876	1035	7	aa	0.9	8.0
True	PROKKA_06122025__gr_1e-12_lr_1e-12_mu_1e-14	29492	mmseqs2	0.998457061000243	1.0	0.9991930781753301	9.999000099990002e-05	0.9996084313031735	1.0000000000000002	0.9998041773125695	1936	1089	7	nt	0.8	1.0
True	PROKKA_06122025__gr_1e-12_lr_1e-12_mu_1e-14	29492	panx	0.9981819559761614	1.0	0.999251089096061	9.999000099990002e-05	0.9996347545663722	1.0	0.9998173439260376	1853	1020	8	aa	0.8	952.0
True	PROKKA_06122025__gr_1e-12_lr_1e-12_mu_1e-14	29492	mmseqs2	0.9988650232377361	1.0	0.9994442672223705	9.999000099990002e-05	0.999730391208391	1.0000000000000002	0.9998651774295204	1938	1091	7	aa	0.85	1.0
True	PROKKA_06122025__gr_1e-12_lr_1e-12_mu_1e-14	29492	ppanggolin	0.9912757998185127	1.0	0.9967291093833921	9.999000099990002e-05	0.998404388223538	0.9999999999999999	0.9992015571093293	1872	1029	8	aa	0.8	5.0
True	PROKKA_06122025__gr_1e-12_lr_1e-12_mu_1e-14	29492	mmseqs2	0.9965801977256769	1.0	0.9983237606683307	9.999000099990002e-05	0.9991858820627643	1.0	0.9995927752669023	1931	1085	7	nt	0.5	4.0
True	PROKKA_06122025__gr_1e-12_lr_1e-12_mu_1e-14	29492	hdbscan_dist	0.9552025989158065	0.9897610921501706	0.9690524853065948	9.999000099990002e-05	0.9870036786301349	0.9976372817601822	0.9922919930486711	1728	854	0	aa	0.9	0.443
True	PROKKA_06122025__gr_1e-12_lr_1e-12_mu_1e-14	29492	hdbscan_tsne	0.810655302308277	0.9135836177474402	0.8801364841244684	9.999000099990002e-05	0.9615914908378922	0.9779263314105497	0.9696901241779311	1477	431	0	aa	0.9	22.152
True	PROKKA_06122025__gr_1e-12_lr_1e-12_mu_1e-14	29492	hdbscan_umap	0.10434559645357709	0.9827986348122867	0.7543726916629893	9.999000099990002e-05	0.8541558744142715	0.9945806837871363	0.9190351430733107	775	32	0	aa	0.9	8.393
True	PROKKA_06122025__gr_1e-12_lr_1e-12_mu_1e-14	29492	cdhit	0.994575468654951	1.0	0.998105912634935	9.999000099990002e-05	0.9990798838711885	1.0	0.999539730184754	1933	1087	8	nt	0.9	1.0
True	PROKKA_06122025__gr_1e-12_lr_1e-12_mu_1e-14	29492	mmseqs2	0.9979588920732418	1.0	0.9988361750388315	9.999000099990002e-05	0.9994350389963284	1.0000000000000002	0.9997174396803835	1933	1086	7	aa	0.7	1.0
True	PROKKA_06122025__gr_1e-12_lr_1e-12_mu_1e-14	29492	mmseqs2	0.9988650232377361	1.0	0.9994442672223705	9.999000099990002e-05	0.999730391208391	1.0000000000000002	0.9998651774295204	1938	1091	7	nt	0.9	0.0
True	PROKKA_06122025__gr_1e-12_lr_1e-12_mu_1e-14	29492	mmseqs2	0.9959711694379073	1.0	0.9979448959789314	9.999000099990002e-05	0.9990014980787345	1.0000000000000002	0.9995004996633444	1928	1081	9	aa	0.6	4.0
True	PROKKA_06122025__gr_1e-12_lr_1e-12_mu_1e-14	29492	ppanggolin	0.9942690263256505	0.9988893516590309	0.997659384441347	9.999000099990002e-05	0.9992741958611738	0.9995868503423107	0.9994304986496112	1888	1041	9	aa	0.95	4.0
True	PROKKA_06122025__gr_1e-12_lr_1e-12_mu_1e-14	29492	ppanggolin	0.9864490561911845	1.0	0.9950295844353491	9.999000099990002e-05	0.9975712285887731	1.0	0.9987841377686729	1864	1023	8	aa	0.7	6.0
True	PROKKA_06122025__gr_1e-12_lr_1e-12_mu_1e-14	29492	cdhit	0.9894991967291846	0.9933105802047781	0.9940023266340349	9.999000099990002e-05	0.9995292366281641	0.9975790559448977	0.9985531941086466	1975	1120	14	aa	0.95	0.0
True	PROKKA_06122025__gr_1e-12_lr_1e-12_mu_1e-14	29492	ppanggolin	0.99207720673489	1.0	0.9971376596312215	9.999000099990002e-05	0.998604255569621	1.0	0.9993016404190628	1874	1030	8	aa	0.85	5.0
True	PROKKA_06122025__gr_1e-12_lr_1e-12_mu_1e-14	29492	mmseqs2	0.9966930623537802	1.0	0.9984297260494004	9.999000099990002e-05	0.9992374280576478	1.0000000000000002	0.9996185685943801	1932	1086	7	nt	0.6	2.0
True	PROKKA_06122025__gr_1e-12_lr_1e-12_mu_1e-14	30354	panaroo	0.9991036289971448	0.9988244514106583	0.9994390288264196	9.999000099990002e-05	1.0	0.9997171686185667	0.9998585643080573	1903	1040	3	aa	0.85	33.0
True	PROKKA_06122025__gr_1e-12_lr_1e-12_mu_1e-14	30354	panta	0.9989510049254537	0.9986835176408636	0.9990519606258688	9.999000099990002e-05	1.0	0.9995221987033098	0.999761042264497	1988	1135	3	aa	0.6	10.0
True	PROKKA_06122025__gr_1e-12_lr_1e-12_mu_1e-14	30354	diamond	0.978057844410265	0.9998736416477129	0.991948174305729	9.999000099990002e-05	0.995889160935562	0.9999600594895046	0.9979204585424405	1903	1054	8	aa	0.6	1.0
True	PROKKA_06122025__gr_1e-12_lr_1e-12_mu_1e-14	30354	diamond	0.9762213583489037	0.9747283295425828	0.985339842291739	9.999000099990002e-05	0.9998373955184472	0.992818164268493	0.9963154170927095	2028	1102	41	aa	0.95	0.0
True	PROKKA_06122025__gr_1e-12_lr_1e-12_mu_1e-14	30354	diamond	0.9872691928059191	0.9996209249431387	0.9952429873110544	9.999000099990002e-05	0.9976703797593675	0.9998859096305378	0.9987769160505745	1920	1066	5	aa	0.7	1.0
True	PROKKA_06122025__gr_1e-12_lr_1e-12_mu_1e-14	30354	panta	0.9991980249070714	0.9992101105845181	0.9995104434399379	9.999000099990002e-05	1.0	0.9997530991040188	0.9998765343101146	1891	1035	3	aa	0.8	9.0
True	PROKKA_06122025__gr_1e-12_lr_1e-12_mu_1e-14	30354	mmseqs2	0.9964200760292031	1.0	0.9984113109710331	9.999000099990002e-05	0.9991861608753853	0.9999999999999999	0.9995929147867558	1932	1074	5	nt	0.7	1.0
True	PROKKA_06122025__gr_1e-12_lr_1e-12_mu_1e-14	30354	cdhit	0.987438892211819	0.9998736416477129	0.9953468263556676	9.999000099990002e-05	0.9976628666531001	0.9999465747918981	0.9988034153314765	1919	1066	5	aa	0.7	0.0
True	PROKKA_06122025__gr_1e-12_lr_1e-12_mu_1e-14	30354	panx	0.9996040926270269	1.0	0.9997471219930864	9.999000099990002e-05	0.9998718965584591	1.0	0.9999359441763438	1792	996	3	aa	0.5	1031.0
True	PROKKA_06122025__gr_1e-12_lr_1e-12_mu_1e-14	30354	ppanggolin	0.9779055589490946	1.0	0.9922903437013515	9.999000099990002e-05	0.9960798055063669	1.0	0.9980360532265199	1867	1021	4	aa	0.6	5.0
True	PROKKA_06122025__gr_1e-12_lr_1e-12_mu_1e-14	30354	panx	0.9967686537780592	0.9973527465254798	0.9981341559587389	9.999000099990002e-05	0.9998218035035781	0.9992380454642305	0.999529839250476	1887	1034	4	aa	0.9	934.0
True	PROKKA_06122025__gr_1e-12_lr_1e-12_mu_1e-14	30354	panaroo	0.9747510443993956	0.9738766980146291	0.9836162381440485	9.999000099990002e-05	1.0000000000000002	0.9919307467682282	0.9959490292296238	2010	1066	49	aa	0.95	32.0
True	PROKKA_06122025__gr_1e-12_lr_1e-12_mu_1e-14	30354	cdhit	0.9941039975991246	1.0	0.9978523173839334	9.999000099990002e-05	0.9988991992441978	1.0	0.9994492965146925	1928	1069	5	nt	0.8	30.0
True	PROKKA_06122025__gr_1e-12_lr_1e-12_mu_1e-14	30354	panta	0.9894731879694608	0.9885466034755134	0.993466023948708	9.999000099990002e-05	1.0	0.9967342312367471	0.9983644449460707	1927	1041	19	aa	0.95	8.0
True	PROKKA_06122025__gr_1e-12_lr_1e-12_mu_1e-14	30354	mmseqs2	0.9852598016443821	1.0	0.9941703889702024	9.999000099990002e-05	0.9970010648929342	0.9999999999999999	0.9984982806670527	1910	1057	7	aa	0.5	1.0
True	PROKKA_06122025__gr_1e-12_lr_1e-12_mu_1e-14	30354	cdhit	0.976108880188139	0.998610058124842	0.9912295666102572	9.999000099990002e-05	0.9958615228315185	0.9996187215099295	0.9977365850417674	1908	1059	7	aa	0.6	0.0
True	PROKKA_06122025__gr_1e-12_lr_1e-12_mu_1e-14	30354	panaroo	0.999348570769004	0.9994775339602926	0.9996479388617989	9.999000099990002e-05	0.9999354926139958	0.9998868779503907	0.9999111846912944	1900	1039	3	aa	0.8	33.0
True	PROKKA_06122025__gr_1e-12_lr_1e-12_mu_1e-14	30354	cdhit	0.9970899703486145	0.9983573414202679	0.998177614650226	9.999000099990002e-05	0.99956699731597	0.9995010676648778	0.9995340314032376	1938	1072	6	aa	0.9	0.0
True	PROKKA_06122025__gr_1e-12_lr_1e-12_mu_1e-14	30354	cdhit	0.9944476509576896	0.9987364164771292	0.9974596834121863	9.999000099990002e-05	0.9990468325214663	0.9996521532792537	0.9993494012374277	1933	1072	5	aa	0.85	0.0
True	PROKKA_06122025__gr_1e-12_lr_1e-12_mu_1e-14	30354	panta	0.9986008514934434	0.9988151658767772	0.999193393879555	9.999000099990002e-05	1.0	0.9995933924918435	0.9997966549051006	1893	1036	4	aa	0.85	8.0
True	PROKKA_06122025__gr_1e-12_lr_1e-12_mu_1e-14	30354	mmseqs2	0.9992395111748059	0.9994945665908517	0.9995506781081738	9.999000099990002e-05	0.9998892083071119	0.9998809838859756	0.9998850960796315	1939	1076	5	nt	0.85	1.0
True	PROKKA_06122025__gr_1e-12_lr_1e-12_mu_1e-14	30354	mmseqs2	0.9810178253451003	0.9824361890320951	0.988204963191222	9.999000099990002e-05	1.0000000000000002	0.9940724561562431	0.9970274180231231	2023	1124	25	aa	0.95	2.0
True	PROKKA_06122025__gr_1e-12_lr_1e-12_mu_1e-14	30354	diamond	0.990502266012017	0.994061157442507	0.9952688765515784	9.999000099990002e-05	0.9992866490952196	0.99829989148047	0.9987930265710969	1957	1089	9	aa	0.9	0.0
True	PROKKA_06122025__gr_1e-12_lr_1e-12_mu_1e-14	30354	mmseqs2	0.9891433185033922	0.9902704068738943	0.9934972104983018	9.999000099990002e-05	1.0000000000000002	0.9967062745926373	0.9983504206656362	1983	1095	25	nt	0.95	1.0
True	PROKKA_06122025__gr_1e-12_lr_1e-12_mu_1e-14	30354	hdbscan_dist	0.9467458553529235	0.9657568865301996	0.9661256415786911	9.999000099990002e-05	0.9907465111772197	0.9918796949731864	0.9913127792356635	1843	901	0	nt	0.9	0.483
True	PROKKA_06122025__gr_1e-12_lr_1e-12_mu_1e-14	30354	hdbscan_tsne	0.7591921339980929	0.8388931008339652	0.8561463778124907	9.999000099990002e-05	0.9683417716687522	0.9597156008430724	0.9640093894175052	1697	434	0	nt	0.9	19.781
True	PROKKA_06122025__gr_1e-12_lr_1e-12_mu_1e-14	30354	hdbscan_umap	0.7410694914213678	0.985342431134698	0.8601714977198079	9.999000099990002e-05	0.9213337266950831	0.99643465591753	0.9574136931947486	835	42	0	nt	0.9	7.51
True	PROKKA_06122025__gr_1e-12_lr_1e-12_mu_1e-14	30354	panx	0.9892894832499167	0.9892430801521711	0.9931166405747902	9.999000099990002e-05	0.9998769508556113	0.9966827272953007	0.998277283914129	1936	1055	17	aa	0.95	947.0
True	PROKKA_06122025__gr_1e-12_lr_1e-12_mu_1e-14	30354	diamond	0.9924353140488456	0.9988627748294162	0.9971884066526636	9.999000099990002e-05	0.9988547043633041	0.9997046544244879	0.9992794986599329	1931	1070	5	aa	0.85	1.0
True	PROKKA_06122025__gr_1e-12_lr_1e-12_mu_1e-14	30354	panta	0.9989510049254537	0.9986835176408636	0.9990519606258688	9.999000099990002e-05	1.0	0.9995221987033098	0.999761042264497	1988	1135	3	aa	0.7	12.0
True	PROKKA_06122025__gr_1e-12_lr_1e-12_mu_1e-14	30354	mmseqs2	0.9990686663433498	0.9996209249431387	0.9994503472807028	9.999000099990002e-05	0.9998268631441214	0.9998919661708351	0.9998594135977282	1938	1075	5	aa	0.8	1.0
True	PROKKA_06122025__gr_1e-12_lr_1e-12_mu_1e-14	30354	panta	0.9987038631796299	0.9984202211690363	0.9988870882863885	9.999000099990002e-05	1.0	0.9994392432206631	0.9997195429762429	1989	1135	4	aa	0.5	10.0
True	PROKKA_06122025__gr_1e-12_lr_1e-12_mu_1e-14	30354	panaroo	0.9987396488533947	1.0	0.9995261738083887	9.999000099990002e-05	0.9997607926729515	1.0	0.9998803820297283	1898	1039	3	aa	0.7	37.0
True	PROKKA_06122025__gr_1e-12_lr_1e-12_mu_1e-14	30354	cdhit	0.9901790662383269	0.9922921405104878	0.9941293223459968	9.999000099990002e-05	0.9996359730049184	0.9973804921549606	0.9985069588814113	1971	1093	14	nt	0.95	1.0
True	PROKKA_06122025__gr_1e-12_lr_1e-12_mu_1e-14	30354	cdhit	0.9927243469568141	0.9991154915339904	0.9971122358216197	9.999000099990002e-05	0.9987593015808283	0.9997606135008092	0.9992597066987947	1929	1068	5	aa	0.8	0.0
True	PROKKA_06122025__gr_1e-12_lr_1e-12_mu_1e-14	30354	ppanggolin	0.9970738017445965	0.999085684430512	0.9985409547622643	9.999000099990002e-05	0.9994638698222494	0.9997993362075689	0.9996315748701168	1895	1034	3	aa	0.9	4.0
True	PROKKA_06122025__gr_1e-12_lr_1e-12_mu_1e-14	30354	cdhit	0.9633915076608317	0.9988627748294162	0.9871865039094531	9.999000099990002e-05	0.9937225668496277	0.999646745979708	0.9966758532545762	1889	1044	9	aa	0.5	2.0
True	PROKKA_06122025__gr_1e-12_lr_1e-12_mu_1e-14	30354	panaroo	0.9955636521053658	0.9959508881922675	0.9976743595116707	9.999000099990002e-05	1.0	0.9988305401118901	0.9994149279467961	1912	1040	8	aa	0.9	30.0
True	PROKKA_06122025__gr_1e-12_lr_1e-12_mu_1e-14	30354	ppanggolin	0.9672008170790595	1.0	0.9886958280979051	9.999000099990002e-05	0.9942314434361995	1.0000000000000002	0.9971073785929978	1848	1005	5	aa	0.5	5.0
True	PROKKA_06122025__gr_1e-12_lr_1e-12_mu_1e-14	30354	cdhit	0.9942672610186001	0.9994945665908517	0.9979045917983089	9.999000099990002e-05	0.9990855053437596	0.9998410849047037	0.999463152322471	1932	1071	5	nt	0.85	26.0
True	PROKKA_06122025__gr_1e-12_lr_1e-12_mu_1e-14	30354	embed_hdbscan_raw	0.9433958808636476	0.9953247409653778	0.9599586587624305	9.999000099990002e-05	0.9799881631050804	0.9987608348944854	0.9892854495027348	1597	735	0	aa	0.9	30.087
True	PROKKA_06122025__gr_1e-12_lr_1e-12_mu_1e-14	30354	embed_hdbscan_tsne	0.8264198726095934	0.9551427849380844	0.8870090325554564	9.999000099990002e-05	0.9498380254137022	0.9875990489483275	0.9683505523526942	1120	163	0	aa	0.9	19.189
True	PROKKA_06122025__gr_1e-12_lr_1e-12_mu_1e-14	30354	embed_hdbscan_umap	0.7568381961509679	0.98091988880465	0.8665827728254847	9.999000099990002e-05	0.9271714764993252	0.9952187128317421	0.9599907537366791	859	21	0	aa	0.9	14.514
True	PROKKA_06122025__gr_1e-12_lr_1e-12_mu_1e-14	30354	diamond	0.9661282481932981	0.9998736416477129	0.9882813774153095	9.999000099990002e-05	0.9939768818795818	0.9999599826523604	0.9969594556791257	1884	1036	11	aa	0.5	1.0
True	PROKKA_06122025__gr_1e-12_lr_1e-12_mu_1e-14	30354	mmseqs2	0.9973124926187332	0.9974728329542583	0.9986704258949203	9.999000099990002e-05	1.0000000000000002	0.999321325804971	0.9996605477137321	1947	1080	7	aa	0.9	1.0
True	PROKKA_06122025__gr_1e-12_lr_1e-12_mu_1e-14	30354	panaroo	0.9954613946205605	1.0	0.9984898951795094	9.999000099990002e-05	0.9992368549398503	1.0000000000000002	0.9996182818167523	1894	1036	4	aa	0.6	37.0
True	PROKKA_06122025__gr_1e-12_lr_1e-12_mu_1e-14	30354	panx	0.9996155572032711	1.0	0.999754318885809	9.999000099990002e-05	0.9998757743988916	1.0	0.9999378833412063	1834	1015	3	aa	0.6	1042.0
True	PROKKA_06122025__gr_1e-12_lr_1e-12_mu_1e-14	30354	panaroo	0.9908038519718543	1.0	0.9966074218192077	9.999000099990002e-05	0.9982823251469288	1.0	0.9991404243377147	1884	1028	5	aa	0.5	37.0
True	PROKKA_06122025__gr_1e-12_lr_1e-12_mu_1e-14	30354	panx	0.9996232173729834	1.0	0.9997593563051506	9.999000099990002e-05	0.9998783539172406	1.0000000000000002	0.9999391732589531	1857	1020	3	aa	0.7	1004.0
True	PROKKA_06122025__gr_1e-12_lr_1e-12_mu_1e-14	30354	diamond	0.9922101383334476	0.9988627748294162	0.9970670650811125	9.999000099990002e-05	0.9987923592003135	0.9997046359943013	0.9992482893785933	1930	1069	5	aa	0.8	1.0
True	PROKKA_06122025__gr_1e-12_lr_1e-12_mu_1e-14	30354	panx	0.9980502356506618	0.9984067976633032	0.998809901046681	9.999000099990002e-05	0.9998211813722228	0.9995782968547738	0.9996997243608464	1878	1030	4	aa	0.85	1031.0
True	PROKKA_06122025__gr_1e-12_lr_1e-12_mu_1e-14	30354	panta	0.9980235947963988	0.9978936282253817	0.9988149999681016	9.999000099990002e-05	1.0	0.9994029834421775	0.999701402587289	1895	1036	4	aa	0.9	8.0
True	PROKKA_06122025__gr_1e-12_lr_1e-12_mu_1e-14	30354	mmseqs2	0.998955220223613	0.9998736416477129	0.999341634828585	9.999000099990002e-05	0.9997206127962031	0.9999424987416576	0.9998315434585135	1937	1076	5	nt	0.8	1.0
True	PROKKA_06122025__gr_1e-12_lr_1e-12_mu_1e-14	30354	panx	0.9990847239312602	0.9997336174746937	0.9994515706968231	9.999000099990002e-05	0.9998205400929848	0.9999024503258518	0.9998614935318645	1868	1024	4	aa	0.8	1009.0
True	PROKKA_06122025__gr_1e-12_lr_1e-12_mu_1e-14	30354	mmseqs2	0.999220484158769	0.9993682082385645	0.9995437128657487	9.999000099990002e-05	0.9998892083071119	0.9998774235363627	0.999883315887013	1939	1076	5	aa	0.85	0.0
True	PROKKA_06122025__gr_1e-12_lr_1e-12_mu_1e-14	30354	ppanggolin	0.9923047566066474	1.0	0.9972195142523044	9.999000099990002e-05	0.998593085003068	0.9999999999999999	0.9992960473007291	1886	1030	3	aa	0.8	4.0
True	PROKKA_06122025__gr_1e-12_lr_1e-12_mu_1e-14	30354	mmseqs2	0.9962879776011445	1.0	0.9983074333848588	9.999000099990002e-05	0.9991328576813846	0.9999999999999999	0.9995662407752023	1931	1073	5	nt	0.5	3.0
True	PROKKA_06122025__gr_1e-12_lr_1e-12_mu_1e-14	30354	hdbscan_dist	0.9396144908566436	0.9660096032347738	0.9622405993070374	9.999000099990002e-05	0.9889318889196963	0.9916300772590548	0.9902791451715425	1817	878	0	aa	0.9	0.468
True	PROKKA_06122025__gr_1e-12_lr_1e-12_mu_1e-14	30354	hdbscan_tsne	0.7887050991389978	0.8743997978266363	0.8727036431422666	9.999000099990002e-05	0.9674822327192725	0.9674134362886802	0.9674478332809261	1655	499	0	aa	0.9	20.456
True	PROKKA_06122025__gr_1e-12_lr_1e-12_mu_1e-14	30354	hdbscan_umap	0.43982109764825605	0.970558503917109	0.8162793936073289	9.999000099990002e-05	0.8963319362586959	0.9916756361053316	0.9415963749953459	822	32	0	aa	0.9	7.961
True	PROKKA_06122025__gr_1e-12_lr_1e-12_mu_1e-14	30354	cdhit	0.9945054364698234	0.9987364164771292	0.997952608159655	9.999000099990002e-05	0.9992603675651865	0.9996914622218835	0.9994758684085222	1936	1073	6	nt	0.9	1.0
True	PROKKA_06122025__gr_1e-12_lr_1e-12_mu_1e-14	30354	mmseqs2	0.9969847829131735	0.9997472832954258	0.9986304825862228	9.999000099990002e-05	0.9993873217423659	0.9999114611533414	0.9996493227432346	1935	1075	6	aa	0.7	0.0
True	PROKKA_06122025__gr_1e-12_lr_1e-12_mu_1e-14	30354	mmseqs2	0.9989917590699431	0.9991154915339904	0.999424667452638	9.999000099990002e-05	0.9999466968059993	0.9997591929884845	0.9998529361065288	1942	1079	5	nt	0.9	1.0
True	PROKKA_06122025__gr_1e-12_lr_1e-12_mu_1e-14	30354	mmseqs2	0.9921867764703407	0.9997472832954258	0.9970184868614317	9.999000099990002e-05	0.9985595693415691	0.9999113877658833	0.9992350213509218	1929	1072	7	aa	0.6	0.0
True	PROKKA_06122025__gr_1e-12_lr_1e-12_mu_1e-14	30354	ppanggolin	0.9944178766971385	0.9947753396029259	0.9965654480392931	9.999000099990002e-05	0.9998317561530937	0.9984420665685829	0.9991364281344858	1916	1043	9	aa	0.95	4.0
True	PROKKA_06122025__gr_1e-12_lr_1e-12_mu_1e-14	30354	ppanggolin	0.9858136268704382	1.0	0.9950668167203279	9.999000099990002e-05	0.9974984967402065	1.0000000000000002	0.998747682031363	1878	1027	3	aa	0.7	4.0
True	PROKKA_06122025__gr_1e-12_lr_1e-12_mu_1e-14	30354	cdhit	0.9857594145750315	0.9864796563052818	0.9906030103163236	9.999000099990002e-05	0.9998982652831874	0.9953592443221736	0.9976235918823091	2007	1115	28	aa	0.95	0.0
True	PROKKA_06122025__gr_1e-12_lr_1e-12_mu_1e-14	30354	ppanggolin	0.992138103921505	0.9994775339602926	0.9971224237605668	9.999000099990002e-05	0.9986575923890721	0.9998867332137762	0.9992717848295304	1888	1031	3	aa	0.85	5.0
True	PROKKA_06122025__gr_1e-12_lr_1e-12_mu_1e-14	30354	mmseqs2	0.9964200760292031	1.0	0.9984113109710331	9.999000099990002e-05	0.9991861608753853	0.9999999999999999	0.9995929147867558	1932	1074	5	nt	0.6	1.0
True	PROKKA_06122025__gr_1e-12_lr_1e-12_mu_1e-14	31001	panaroo	0.9988493906200896	0.9998692468619247	0.9995358153792369	9.999000099990002e-05	0.9998220405069832	0.999942419040731	0.9998822261506826	1891	1038	6	aa	0.85	33.0
True	PROKKA_06122025__gr_1e-12_lr_1e-12_mu_1e-14	31001	panta	0.9994318175387084	0.999079673941625	0.9993954836932952	9.999000099990002e-05	1.0	0.9996930278562736	0.9998464903665462	1978	1132	5	aa	0.6	10.0
True	PROKKA_06122025__gr_1e-12_lr_1e-12_mu_1e-14	31001	diamond	0.9756003654259201	0.9997407311381903	0.9917629373702281	9.999000099990002e-05	0.9959304854274272	0.9998928589330813	0.9979077388652535	1904	1055	14	aa	0.6	1.0
True	PROKKA_06122025__gr_1e-12_lr_1e-12_mu_1e-14	31001	diamond	0.9858169300461292	0.9870365569095152	0.9908724894695728	9.999000099990002e-05	0.9993819393147136	0.9960693468694597	0.9977228935214044	1996	1116	30	aa	0.95	0.0
True	PROKKA_06122025__gr_1e-12_lr_1e-12_mu_1e-14	31001	diamond	0.979912695655064	0.9997407311381903	0.9939317089450936	9.999000099990002e-05	0.9970367192588537	0.9998929777956931	0.9984628058382291	1920	1071	12	aa	0.7	1.0
True	PROKKA_06122025__gr_1e-12_lr_1e-12_mu_1e-14	31001	panta	0.9996956966765311	0.9996055745464107	0.9998077553876213	9.999000099990002e-05	1.0	0.9999023180034823	0.9999511566161815	1880	1032	5	aa	0.8	8.0
True	PROKKA_06122025__gr_1e-12_lr_1e-12_mu_1e-14	31001	mmseqs2	0.9946551883952469	1.0	0.997997740251729	9.999000099990002e-05	0.9989906787884164	0.9999999999999999	0.9994950845832882	1932	1076	12	nt	0.7	1.0
True	PROKKA_06122025__gr_1e-12_lr_1e-12_mu_1e-14	31001	cdhit	0.9804691529340522	0.9997407311381903	0.9939925608144747	9.999000099990002e-05	0.9970784774753323	0.9998822853627569	0.9984784130932728	1920	1071	12	aa	0.7	0.0
True	PROKKA_06122025__gr_1e-12_lr_1e-12_mu_1e-14	31001	panx	0.9979827444258148	1.0	0.9992752013489562	9.999000099990002e-05	0.9996299499636914	1.0	0.999814940741253	1792	995	5	aa	0.5	969.0
True	PROKKA_06122025__gr_1e-12_lr_1e-12_mu_1e-14	31001	ppanggolin	0.9750984512426719	1.0	0.9926116615617904	9.999000099990002e-05	0.9962244388235105	1.0	0.9981086489559687	1862	1021	7	aa	0.6	4.0
True	PROKKA_06122025__gr_1e-12_lr_1e-12_mu_1e-14	31001	panx	0.996442175702546	0.998406374501992	0.9982193779847199	9.999000099990002e-05	0.9996486823191261	0.9994484640405737	0.999548563153484	1876	1036	7	aa	0.9	981.0
True	PROKKA_06122025__gr_1e-12_lr_1e-12_mu_1e-14	31001	panaroo	0.9870100553931849	0.9874476987447699	0.9913522200761157	9.999000099990002e-05	0.9998220405069831	0.9958419663746937	0.9978280345888564	1953	1073	25	aa	0.95	32.0
True	PROKKA_06122025__gr_1e-12_lr_1e-12_mu_1e-14	31001	cdhit	0.9895444479721981	1.0	0.9966946332823926	9.999000099990002e-05	0.998331651518025	1.0	0.9991651293314062	1928	1074	13	nt	0.8	29.0
True	PROKKA_06122025__gr_1e-12_lr_1e-12_mu_1e-14	31001	panta	0.9953954871197476	0.9955298448593216	0.9971158534362029	9.999000099990002e-05	0.9999999999999999	0.9985404253095835	0.9992696796762616	1897	1039	13	aa	0.95	8.0
True	PROKKA_06122025__gr_1e-12_lr_1e-12_mu_1e-14	31001	mmseqs2	0.9873617370154469	1.0	0.9945809351495108	9.999000099990002e-05	0.997258997579775	1.0	0.9986276179386117	1910	1056	15	aa	0.5	1.0
True	PROKKA_06122025__gr_1e-12_lr_1e-12_mu_1e-14	31001	cdhit	0.973637378884815	0.9998703655690951	0.9916344304971958	9.999000099990002e-05	0.9958092432093604	0.9999477251133904	0.9978741933001278	1905	1057	14	aa	0.6	0.0
True	PROKKA_06122025__gr_1e-12_lr_1e-12_mu_1e-14	31001	panaroo	0.9988296054477023	1.0	0.9995318987942022	9.999000099990002e-05	0.9997624246369388	1.0	0.9998811982062797	1889	1037	5	aa	0.8	30.0
True	PROKKA_06122025__gr_1e-12_lr_1e-12_mu_1e-14	31001	cdhit	0.9944656250332012	0.9990925589836661	0.997678587101706	9.999000099990002e-05	0.9991321555945729	0.9996984898205462	0.9994152424770367	1936	1077	13	aa	0.9	0.0
True	PROKKA_06122025__gr_1e-12_lr_1e-12_mu_1e-14	31001	cdhit	0.9914004178036895	1.0	0.9973736908973021	9.999000099990002e-05	0.9986752907474123	1.0	0.9993372063692786	1930	1074	13	aa	0.85	0.0
True	PROKKA_06122025__gr_1e-12_lr_1e-12_mu_1e-14	31001	panta	0.9996956966765311	0.9996055745464107	0.9998077553876213	9.999000099990002e-05	1.0	0.9999023180034824	0.9999511566161816	1880	1032	5	aa	0.85	8.0
True	PROKKA_06122025__gr_1e-12_lr_1e-12_mu_1e-14	31001	mmseqs2	0.9977510151790152	1.0	0.9991239774419429	9.999000099990002e-05	0.9995588969611624	1.0000000000000002	0.9997793998268779	1937	1079	12	nt	0.85	1.0
True	PROKKA_06122025__gr_1e-12_lr_1e-12_mu_1e-14	31001	mmseqs2	0.9917903238476259	0.9928701063002333	0.9943710127410449	9.999000099990002e-05	0.9998779579598847	0.9973114587021097	0.9985930592839951	1984	1118	16	aa	0.95	0.0
True	PROKKA_06122025__gr_1e-12_lr_1e-12_mu_1e-14	31001	diamond	0.99269225400149	0.9981851179673321	0.9967827520643404	9.999000099990002e-05	0.9988902147224524	0.9994890119291927	0.9991895236135973	1943	1089	12	aa	0.9	1.0
True	PROKKA_06122025__gr_1e-12_lr_1e-12_mu_1e-14	31001	mmseqs2	0.9950751518831703	0.9964998703655691	0.9971181024437352	9.999000099990002e-05	0.9997988906281126	0.9987555403576336	0.999276943151082	1957	1092	16	nt	0.95	1.0
True	PROKKA_06122025__gr_1e-12_lr_1e-12_mu_1e-14	31001	hdbscan_dist	0.9684005919023034	0.9954627949183303	0.9781618654503272	9.999000099990002e-05	0.989889086374334	0.9989182883481654	0.9943831910353308	1772	909	0	nt	0.9	0.462
True	PROKKA_06122025__gr_1e-12_lr_1e-12_mu_1e-14	31001	hdbscan_tsne	0.7992912481875901	0.9031630801140783	0.8707372685710872	9.999000099990002e-05	0.9596647323694323	0.9731457220301659	0.9663582135151878	1467	370	0	nt	0.9	23.638
True	PROKKA_06122025__gr_1e-12_lr_1e-12_mu_1e-14	31001	hdbscan_umap	0.7692062902281505	0.9985740212600467	0.8690923934832082	9.999000099990002e-05	0.9247046656462197	0.9996755254495631	0.9607297214893609	825	31	0	nt	0.9	12.148
True	PROKKA_06122025__gr_1e-12_lr_1e-12_mu_1e-14	31001	panx	0.9899880605913743	0.9942287513116475	0.9947601336428511	9.999000099990002e-05	0.9993980674090283	0.9979535582904705	0.9986752905064207	1914	1057	13	aa	0.95	1251.0
True	PROKKA_06122025__gr_1e-12_lr_1e-12_mu_1e-14	31001	diamond	0.9894996068346807	0.9997407311381903	0.9965268450042125	9.999000099990002e-05	0.9983541238696223	0.9998931190045814	0.9991230287912134	1930	1076	13	aa	0.85	1.0
True	PROKKA_06122025__gr_1e-12_lr_1e-12_mu_1e-14	31001	panta	0.9994318175387084	0.999079673941625	0.9993954836932957	9.999000099990002e-05	1.0	0.9996930278562737	0.9998464903665462	1978	1132	5	aa	0.7	10.0
True	PROKKA_06122025__gr_1e-12_lr_1e-12_mu_1e-14	31001	mmseqs2	0.9978512009059297	1.0	0.9991392026250772	9.999000099990002e-05	0.9995665697121813	1.0	0.9997832378804568	1937	1079	12	aa	0.8	1.0
True	PROKKA_06122025__gr_1e-12_lr_1e-12_mu_1e-14	31001	panta	0.9994318175387084	0.999079673941625	0.9993954836932952	9.999000099990002e-05	1.0	0.9996930278562736	0.9998464903665462	1978	1132	5	aa	0.5	10.0
True	PROKKA_06122025__gr_1e-12_lr_1e-12_mu_1e-14	31001	panaroo	0.9979033044402168	1.0	0.9991155605447505	9.999000099990002e-05	0.9995509352198708	1.0	0.9997754171838189	1887	1036	5	aa	0.7	35.0
True	PROKKA_06122025__gr_1e-12_lr_1e-12_mu_1e-14	31001	cdhit	0.9904322833282763	0.9970184080891885	0.9960507059050677	9.999000099990002e-05	0.9990727925328493	0.9989410336929009	0.9990069087684627	1951	1091	14	nt	0.95	1.0
True	PROKKA_06122025__gr_1e-12_lr_1e-12_mu_1e-14	31001	cdhit	0.989500024555988	0.9996110967072854	0.9963511464764063	9.999000099990002e-05	0.9982731064934254	0.9998851899003595	0.9990784978948329	1928	1073	14	aa	0.8	0.0
True	PROKKA_06122025__gr_1e-12_lr_1e-12_mu_1e-14	31001	ppanggolin	0.989959836529577	1.0	0.9969795576039018	9.999000099990002e-05	0.9984631682605664	1.0000000000000002	0.9992309932132645	1881	1034	6	aa	0.9	5.0
True	PROKKA_06122025__gr_1e-12_lr_1e-12_mu_1e-14	31001	cdhit	0.9635883083951181	0.9984443868291418	0.9874796583246039	9.999000099990002e-05	0.99408577638668	0.9995453473360684	0.9968080863272604	1889	1040	18	aa	0.5	2.0
True	PROKKA_06122025__gr_1e-12_lr_1e-12_mu_1e-14	31001	panaroo	0.9984450413222314	0.9993462343096234	0.9993122127119614	9.999000099990002e-05	0.9998220405069832	0.9998290431654026	0.9998255418239314	1892	1039	5	aa	0.9	31.0
True	PROKKA_06122025__gr_1e-12_lr_1e-12_mu_1e-14	31001	ppanggolin	0.9600609449072892	1.0	0.9880636577563813	9.999000099990002e-05	0.9938726695461119	1.0000000000000002	0.9969269198843662	1842	1007	8	aa	0.5	7.0
True	PROKKA_06122025__gr_1e-12_lr_1e-12_mu_1e-14	31001	cdhit	0.9905821725042824	0.9996110967072854	0.9969276104443091	9.999000099990002e-05	0.998590219522658	0.9998600586056584	0.9992247356287277	1932	1076	14	nt	0.85	26.0
True	PROKKA_06122025__gr_1e-12_lr_1e-12_mu_1e-14	31001	embed_hdbscan_raw	0.9387728090213561	0.99144412756028	0.954704435256692	9.999000099990002e-05	0.9787868604498472	0.9975323242813243	0.9880706916412059	1562	663	0	aa	0.9	27.261
True	PROKKA_06122025__gr_1e-12_lr_1e-12_mu_1e-14	31001	embed_hdbscan_tsne	0.8022780902221498	0.902514907959554	0.8669058618507592	9.999000099990002e-05	0.958944861405493	0.971943179031674	0.9654002692973565	1425	288	0	aa	0.9	32.183
True	PROKKA_06122025__gr_1e-12_lr_1e-12_mu_1e-14	31001	embed_hdbscan_umap	0.7591509581563285	0.9949442571947109	0.8654764396300874	9.999000099990002e-05	0.923582548704148	0.9986131152194291	0.9596334685732787	812	12	0	aa	0.9	14.905
True	PROKKA_06122025__gr_1e-12_lr_1e-12_mu_1e-14	31001	diamond	0.963971921206451	0.9997407311381903	0.9877968443673105	9.999000099990002e-05	0.9938951323755896	0.9998926395472747	0.9968848654195317	1883	1035	19	aa	0.5	1.0
True	PROKKA_06122025__gr_1e-12_lr_1e-12_mu_1e-14	31001	mmseqs2	0.9980315858399781	1.0	0.9992561907240021	9.999000099990002e-05	0.9996255193429593	1.0	0.9998127246059734	1938	1080	12	aa	0.9	0.0
True	PROKKA_06122025__gr_1e-12_lr_1e-12_mu_1e-14	31001	panaroo	0.9975815146982113	1.0	0.9988471251928623	9.999000099990002e-05	0.9994144834898426	1.0	0.9997071560124265	1884	1032	6	aa	0.6	42.0
True	PROKKA_06122025__gr_1e-12_lr_1e-12_mu_1e-14	31001	panx	0.9980374908485286	1.0	0.9992950613985642	9.999000099990002e-05	0.9996407778168163	0.9999999999999999	0.9998203566424685	1832	1013	5	aa	0.6	966.0
True	PROKKA_06122025__gr_1e-12_lr_1e-12_mu_1e-14	31001	panaroo	0.9941153480148367	1.0	0.9973931494180165	9.999000099990002e-05	0.9986741346329482	0.9999999999999999	0.9993366275451924	1874	1021	8	aa	0.5	37.0
True	PROKKA_06122025__gr_1e-12_lr_1e-12_mu_1e-14	31001	panx	0.9980275293417229	1.0	0.9992475937431168	9.999000099990002e-05	0.9996172339724122	1.0	0.9998085803517368	1846	1021	6	aa	0.7	963.0
True	PROKKA_06122025__gr_1e-12_lr_1e-12_mu_1e-14	31001	diamond	0.9885344647326191	0.9997407311381903	0.9961004124012641	9.999000099990002e-05	0.9981381068658728	0.999893095875874	0.9990148306155365	1928	1075	13	aa	0.8	1.0
True	PROKKA_06122025__gr_1e-12_lr_1e-12_mu_1e-14	31001	panx	0.997180208200965	0.9990687774378076	0.9987256112266479	9.999000099990002e-05	0.9996479969412491	0.9997053249344228	0.9996766601159454	1870	1033	6	aa	0.85	976.0
True	PROKKA_06122025__gr_1e-12_lr_1e-12_mu_1e-14	31001	panta	0.9996956966765311	0.9996055745464107	0.9998077553876213	9.999000099990002e-05	1.0	0.9999023180034824	0.9999511566161816	1880	1032	5	aa	0.9	8.0
True	PROKKA_06122025__gr_1e-12_lr_1e-12_mu_1e-14	31001	mmseqs2	0.997871240461669	1.0	0.9991432090648189	9.999000099990002e-05	0.999568588736182	1.0	0.9997842478291327	1937	1079	12	nt	0.8	1.0
True	PROKKA_06122025__gr_1e-12_lr_1e-12_mu_1e-14	31001	panx	0.997567716989176	0.9993334222103719	0.9988717014437138	9.999000099990002e-05	0.9996211525335134	0.9998059101684181	0.9997135228146744	1864	1029	6	aa	0.8	912.0
True	PROKKA_06122025__gr_1e-12_lr_1e-12_mu_1e-14	31001	mmseqs2	0.9980315858399781	1.0	0.9992561907240021	9.999000099990002e-05	0.9996255193429593	1.0	0.9998127246059734	1938	1080	12	aa	0.85	0.0
True	PROKKA_06122025__gr_1e-12_lr_1e-12_mu_1e-14	31001	ppanggolin	0.9889905916904617	1.0	0.9965516724026323	9.999000099990002e-05	0.9982447098673082	1.0000000000000002	0.9991215839961822	1879	1033	6	aa	0.8	4.0
True	PROKKA_06122025__gr_1e-12_lr_1e-12_mu_1e-14	31001	mmseqs2	0.9945755499322254	1.0	0.997867233410407	9.999000099990002e-05	0.9989247512084215	1.0	0.9994620864087413	1930	1073	13	nt	0.5	3.0
True	PROKKA_06122025__gr_1e-12_lr_1e-12_mu_1e-14	31001	hdbscan_dist	0.9619402010544579	0.9942960850401866	0.9725566820839142	9.999000099990002e-05	0.9873129567754184	0.9985569889944446	0.992903140926144	1723	848	0	aa	0.9	0.515
True	PROKKA_06122025__gr_1e-12_lr_1e-12_mu_1e-14	31001	hdbscan_tsne	0.8066957662702424	0.9150894477573244	0.8790366585229854	9.999000099990002e-05	0.9603004194971437	0.976460784758017	0.9683131809595007	1474	426	0	aa	0.9	25.691
True	PROKKA_06122025__gr_1e-12_lr_1e-12_mu_1e-14	31001	hdbscan_umap	0.2305904983936504	0.9928701063002333	0.7932838056915605	9.999000099990002e-05	0.8741988721597673	0.9972618542733425	0.9316841929302164	776	27	0	aa	0.9	8.495
True	PROKKA_06122025__gr_1e-12_lr_1e-12_mu_1e-14	31001	cdhit	0.9912203195069791	0.9998703655690951	0.9973821594064766	9.999000099990002e-05	0.9987319049551824	0.999947878081216	0.9993395216263695	1934	1080	12	nt	0.9	1.0
True	PROKKA_06122025__gr_1e-12_lr_1e-12_mu_1e-14	31001	mmseqs2	0.9948145035243449	1.0	0.9981104652619409	9.999000099990002e-05	0.9990476093951935	1.0	0.9995235778275964	1933	1077	12	aa	0.7	0.0
True	PROKKA_06122025__gr_1e-12_lr_1e-12_mu_1e-14	31001	mmseqs2	0.997870557368295	0.9998703655690951	0.9991430164166872	9.999000099990002e-05	0.9996255193429593	0.9999430513091632	0.9997842601139852	1939	1081	12	nt	0.9	3.0
True	PROKKA_06122025__gr_1e-12_lr_1e-12_mu_1e-14	31001	mmseqs2	0.9941775485102967	1.0	0.9976180413499434	9.999000099990002e-05	0.9987988213727514	1.0	0.9993990497620848	1928	1071	13	aa	0.6	1.0
True	PROKKA_06122025__gr_1e-12_lr_1e-12_mu_1e-14	31001	ppanggolin	0.9933414704884198	0.9988232217573222	0.9973160112084078	9.999000099990002e-05	0.9990971354808778	0.9995399226044889	0.9993184799941489	1894	1045	6	aa	0.95	5.0
True	PROKKA_06122025__gr_1e-12_lr_1e-12_mu_1e-14	31001	ppanggolin	0.9763102361232968	1.0	0.9934575471752979	9.999000099990002e-05	0.9966595289875818	1.0	0.9983269701399156	1870	1030	6	aa	0.7	5.0
True	PROKKA_06122025__gr_1e-12_lr_1e-12_mu_1e-14	31001	cdhit	0.9897104068028001	0.9936479128856625	0.9944213203893889	9.999000099990002e-05	0.9994184648226397	0.9977876458689836	0.9986023895230792	1973	1109	15	aa	0.95	0.0
True	PROKKA_06122025__gr_1e-12_lr_1e-12_mu_1e-14	31001	ppanggolin	0.989168474185524	1.0	0.9966684021645276	9.999000099990002e-05	0.9983043257373525	1.0	0.999151443430909	1880	1034	6	aa	0.85	5.0
True	PROKKA_06122025__gr_1e-12_lr_1e-12_mu_1e-14	31001	mmseqs2	0.9946551883952469	1.0	0.997997740251729	9.999000099990002e-05	0.9989906787884164	0.9999999999999999	0.9994950845832882	1932	1076	12	nt	0.6	1.0
True	PROKKA_06122025__gr_1e-12_lr_1e-12_mu_1e-14	31375	panaroo	0.9982006130076427	0.9996375498368975	0.9993569413260918	9.999000099990002e-05	0.9997807484418586	0.999877882879506	0.9998293133015048	1895	1021	4	aa	0.85	31.0
True	PROKKA_06122025__gr_1e-12_lr_1e-12_mu_1e-14	31375	panta	0.9997064171850765	0.9997567205936018	0.9997291713159031	9.999000099990002e-05	0.9999538085929077	0.9999023117975466	0.9999280595321994	1882	1015	4	aa	0.6	8.0
True	PROKKA_06122025__gr_1e-12_lr_1e-12_mu_1e-14	31375	diamond	0.9864226421547397	1.0	0.9944744895842086	9.999000099990002e-05	0.9969954760617439	1.0000000000000002	0.998495477844456	1904	1032	11	aa	0.6	1.0
True	PROKKA_06122025__gr_1e-12_lr_1e-12_mu_1e-14	31375	diamond	0.9691504593814704	0.9680998613037448	0.9830335780132481	9.999000099990002e-05	0.9998480260957433	0.9912003846576803	0.9955054258980117	2042	1089	33	aa	0.95	0.0
True	PROKKA_06122025__gr_1e-12_lr_1e-12_mu_1e-14	31375	diamond	0.9903897277682482	0.9995376791493297	0.9960278014621187	9.999000099990002e-05	0.9979444060239154	0.9998996165797077	0.9989210545583735	1918	1046	8	aa	0.7	1.0
True	PROKKA_06122025__gr_1e-12_lr_1e-12_mu_1e-14	31375	panta	0.9993779842333133	0.9993918014840044	0.9996080030795831	9.999000099990002e-05	1.0000000000000002	0.9997918459462363	0.9998959121399632	1884	1016	4	aa	0.8	8.0
True	PROKKA_06122025__gr_1e-12_lr_1e-12_mu_1e-14	31375	mmseqs2	0.9957636904358577	1.0	0.9984122622362318	9.999000099990002e-05	0.999140027709775	1.0	0.9995698288872689	1932	1057	9	nt	0.7	3.0
True	PROKKA_06122025__gr_1e-12_lr_1e-12_mu_1e-14	31375	cdhit	0.9922189888553006	0.999422098936662	0.9964941917362121	9.999000099990002e-05	0.9982489261050255	0.9998493962921292	0.9990485202128984	1921	1047	9	aa	0.7	0.0
True	PROKKA_06122025__gr_1e-12_lr_1e-12_mu_1e-14	31375	panx	0.998177847294206	1.0	0.9994430658673701	9.999000099990002e-05	0.9997018173662449	1.0	0.9998508864515872	1794	971	3	aa	0.5	925.0
True	PROKKA_06122025__gr_1e-12_lr_1e-12_mu_1e-14	31375	ppanggolin	0.9866596658032261	1.0	0.9945564559832039	9.999000099990002e-05	0.9970952591540784	0.9999999999999999	0.9985455171291368	1862	998	4	aa	0.6	6.0
True	PROKKA_06122025__gr_1e-12_lr_1e-12_mu_1e-14	31375	panx	0.9962693140529709	0.998295177788602	0.9983932901281062	9.999000099990002e-05	0.9996655137038294	0.9994804630536144	0.9995729798141288	1881	1015	5	aa	0.9	1062.0
True	PROKKA_06122025__gr_1e-12_lr_1e-12_mu_1e-14	31375	panaroo	0.9678672309059736	0.9660505013893923	0.9807708952953804	9.999000099990002e-05	0.9999488971860772	0.9901325566602417	0.9950165167228351	2022	1049	46	aa	0.95	33.0
True	PROKKA_06122025__gr_1e-12_lr_1e-12_mu_1e-14	31375	cdhit	0.9954684058696109	0.9998844197873324	0.998007892127634	9.999000099990002e-05	0.9989645524673588	0.9999561496659995	0.9994601051177019	1928	1053	8	nt	0.8	32.0
True	PROKKA_06122025__gr_1e-12_lr_1e-12_mu_1e-14	31375	panta	0.9833941592433864	0.982362243036127	0.9908376253790507	9.999000099990002e-05	1.0000000000000002	0.9951987997334709	0.9975936231180721	1936	1031	12	aa	0.95	8.0
True	PROKKA_06122025__gr_1e-12_lr_1e-12_mu_1e-14	31375	mmseqs2	0.9885274333726874	1.0	0.995465656459329	9.999000099990002e-05	0.9975368588706601	1.0000000000000002	0.9987669107989666	1911	1038	10	aa	0.5	4.0
True	PROKKA_06122025__gr_1e-12_lr_1e-12_mu_1e-14	31375	cdhit	0.9864714383048147	0.9991909385113269	0.9941267928046654	9.999000099990002e-05	0.9969920016724974	0.9998149395281675	0.998401475170035	1907	1037	8	aa	0.6	0.0
True	PROKKA_06122025__gr_1e-12_lr_1e-12_mu_1e-14	31375	panaroo	0.9974989793316675	0.999395916394829	0.9990540271854224	9.999000099990002e-05	0.9996512490741544	0.999846475346933	0.9997488526798258	1894	1021	5	aa	0.8	32.0
True	PROKKA_06122025__gr_1e-12_lr_1e-12_mu_1e-14	31375	cdhit	0.9957189625079645	0.9980351363846509	0.9977800623563993	9.999000099990002e-05	0.999340034211046	0.999459135493714	0.9993995813039706	1939	1059	10	aa	0.9	0.0
True	PROKKA_06122025__gr_1e-12_lr_1e-12_mu_1e-14	31375	cdhit	0.9944738284290722	0.9995376791493297	0.9977213166472728	9.999000099990002e-05	0.9989339675119812	0.9998315863179287	0.9993825753606708	1932	1057	9	aa	0.85	1.0
True	PROKKA_06122025__gr_1e-12_lr_1e-12_mu_1e-14	31375	panta	0.9984088672444503	0.9985403235616105	0.9992743496295999	9.999000099990002e-05	1.0	0.9996148678397234	0.9998073968310245	1885	1016	4	aa	0.85	8.0
True	PROKKA_06122025__gr_1e-12_lr_1e-12_mu_1e-14	31375	mmseqs2	0.9980954487581392	1.0	0.9993082419747262	9.999000099990002e-05	0.9996256525022094	1.0000000000000002	0.9998127912105338	1937	1061	8	nt	0.85	1.0
True	PROKKA_06122025__gr_1e-12_lr_1e-12_mu_1e-14	31375	mmseqs2	0.9744157406945843	0.9751502542764678	0.9850236754825479	9.999000099990002e-05	1.0	0.9920828244199991	0.9960256795134479	2051	1120	34	aa	0.95	0.0
True	PROKKA_06122025__gr_1e-12_lr_1e-12_mu_1e-14	31375	diamond	0.9940511034349443	0.9959546925566343	0.9967176593481414	9.999000099990002e-05	0.9993810808640081	0.9988462493525433	0.9991135935336503	1949	1066	12	aa	0.9	0.0
True	PROKKA_06122025__gr_1e-12_lr_1e-12_mu_1e-14	31375	mmseqs2	0.9859513996230698	0.9863615349052243	0.9920707853515656	9.999000099990002e-05	0.9999381134454361	0.9958236456539403	0.997876638350775	1994	1088	19	nt	0.95	3.0
True	PROKKA_06122025__gr_1e-12_lr_1e-12_mu_1e-14	31375	hdbscan_dist	0.9624310690575859	0.9862459546925566	0.9750569789823055	9.999000099990002e-05	0.9896210850747374	0.9966911210453585	0.9931435205947962	1833	984	0	nt	0.9	0.617
True	PROKKA_06122025__gr_1e-12_lr_1e-12_mu_1e-14	31375	hdbscan_tsne	0.8409489997419359	0.9694868238557559	0.902093632999345	9.999000099990002e-05	0.9497166300498759	0.992804621091511	0.9707827479230453	1082	181	0	nt	0.9	29.309
True	PROKKA_06122025__gr_1e-12_lr_1e-12_mu_1e-14	31375	hdbscan_umap	0.7691415454403159	0.9815071659731854	0.8747787886886829	9.999000099990002e-05	0.9285496949224802	0.9951072515087103	0.9606770443324599	876	64	0	nt	0.9	9.137
True	PROKKA_06122025__gr_1e-12_lr_1e-12_mu_1e-14	31375	panx	0.9858160492972895	0.9862018881626725	0.9919989648744704	9.999000099990002e-05	0.9996913257114306	0.9960999135854358	0.9978923882881574	1936	1041	13	aa	0.95	1108.0
True	PROKKA_06122025__gr_1e-12_lr_1e-12_mu_1e-14	31375	diamond	0.994443903857342	0.9997688395746648	0.9977416070784012	9.999000099990002e-05	0.9988830935072653	0.9998932415650811	0.9993879122802246	1930	1056	8	aa	0.85	1.0
True	PROKKA_06122025__gr_1e-12_lr_1e-12_mu_1e-14	31375	panta	0.9997064171850765	0.9997567205936018	0.9997291713159031	9.999000099990002e-05	0.9999538085929077	0.9999023117975466	0.9999280595321994	1882	1015	4	aa	0.7	8.0
True	PROKKA_06122025__gr_1e-12_lr_1e-12_mu_1e-14	31375	mmseqs2	0.9969748457556343	1.0	0.9990322423744379	9.999000099990002e-05	0.9994761522471948	1.0	0.9997380075015065	1937	1062	8	aa	0.8	1.0
True	PROKKA_06122025__gr_1e-12_lr_1e-12_mu_1e-14	31375	panta	0.9994472305790728	0.9996350808904026	0.9996088192352279	9.999000099990002e-05	0.9999538085929077	0.9998384100715806	0.9998961060026935	1883	1016	4	aa	0.5	8.0
True	PROKKA_06122025__gr_1e-12_lr_1e-12_mu_1e-14	31375	panaroo	0.997159870753497	1.0	0.9991204706617863	9.999000099990002e-05	0.9995327945883435	1.0000000000000002	0.9997663427111969	1891	1020	4	aa	0.7	36.0
True	PROKKA_06122025__gr_1e-12_lr_1e-12_mu_1e-14	31375	cdhit	0.9901304131383282	0.9930651872399445	0.9944899296429448	9.999000099990002e-05	0.999483948722014	0.9975516438151641	0.9985168614324081	1972	1082	17	nt	0.95	1.0
True	PROKKA_06122025__gr_1e-12_lr_1e-12_mu_1e-14	31375	cdhit	0.9928659799715761	0.999422098936662	0.9971369765546431	9.999000099990002e-05	0.9986068942116236	0.9998411421170714	0.9992236370266185	1928	1054	8	aa	0.8	0.0
True	PROKKA_06122025__gr_1e-12_lr_1e-12_mu_1e-14	31375	ppanggolin	0.9952347502327951	0.9998791832789659	0.9981356075707276	9.999000099990002e-05	0.9990575205839642	0.9999512839838571	0.9995042024816353	1885	1015	4	aa	0.9	4.0
True	PROKKA_06122025__gr_1e-12_lr_1e-12_mu_1e-14	31375	cdhit	0.9788964144729749	0.9998844197873324	0.9915654914901851	9.999000099990002e-05	0.9954500702305308	0.9999509360310431	0.9976954270100246	1888	1020	10	aa	0.5	2.0
True	PROKKA_06122025__gr_1e-12_lr_1e-12_mu_1e-14	31375	panaroo	0.994616957886631	0.9961338649269059	0.9973232002250215	9.999000099990002e-05	0.9997807484418586	0.9988023508002585	0.9992913101359089	1908	1023	7	aa	0.9	39.0
True	PROKKA_06122025__gr_1e-12_lr_1e-12_mu_1e-14	31375	ppanggolin	0.9760672167591385	1.0	0.9911046207475726	9.999000099990002e-05	0.9952370153621205	1.0	0.9976128226365052	1843	983	4	aa	0.5	6.0
True	PROKKA_06122025__gr_1e-12_lr_1e-12_mu_1e-14	31375	cdhit	0.9958707228416772	0.9997688395746648	0.9982816995175202	9.999000099990002e-05	0.9991423368330405	0.9999270436420603	0.9995345362246928	1931	1055	8	nt	0.85	29.0
True	PROKKA_06122025__gr_1e-12_lr_1e-12_mu_1e-14	31375	embed_hdbscan_raw	0.9335809169485557	0.9920249653259362	0.9553980079561113	9.999000099990002e-05	0.9769647194158786	0.9979413200879669	0.9873416175467153	1569	716	0	aa	0.9	38.643
True	PROKKA_06122025__gr_1e-12_lr_1e-12_mu_1e-14	31375	embed_hdbscan_tsne	0.8466693624572788	0.9750346740638003	0.9005203595163779	9.999000099990002e-05	0.947867260051004	0.9934978808485229	0.970146310291769	1010	100	0	aa	0.9	64.632
True	PROKKA_06122025__gr_1e-12_lr_1e-12_mu_1e-14	31375	embed_hdbscan_umap	0.7665267511543004	0.9817383263985205	0.8753404749580884	9.999000099990002e-05	0.9291754096287691	0.9949163570912729	0.9609227892727169	871	42	0	aa	0.9	20.43
True	PROKKA_06122025__gr_1e-12_lr_1e-12_mu_1e-14	31375	diamond	0.9749151692316378	1.0	0.990681899708983	9.999000099990002e-05	0.9949141142494893	1.0000000000000002	0.9974505740802662	1883	1016	11	aa	0.5	1.0
True	PROKKA_06122025__gr_1e-12_lr_1e-12_mu_1e-14	31375	mmseqs2	0.9972336924744049	0.9988441978733241	0.99874754571611	9.999000099990002e-05	0.9996783307356581	0.9996444187444901	0.9996613744524708	1943	1064	9	aa	0.9	0.0
True	PROKKA_06122025__gr_1e-12_lr_1e-12_mu_1e-14	31375	panaroo	0.9968017244570042	1.0	0.9987939282381756	9.999000099990002e-05	0.9993591270222086	1.0	0.9996794607986481	1887	1015	5	aa	0.6	37.0
True	PROKKA_06122025__gr_1e-12_lr_1e-12_mu_1e-14	31375	panx	0.9982199757758218	1.0	0.9994555727693153	9.999000099990002e-05	0.9997091353675057	1.0000000000000002	0.999854546530118	1831	990	3	aa	0.6	919.0
True	PROKKA_06122025__gr_1e-12_lr_1e-12_mu_1e-14	31375	panaroo	0.9934036341063626	1.0	0.9973317286995207	9.999000099990002e-05	0.998580097486849	1.0	0.9992895443545463	1877	1006	5	aa	0.5	37.0
True	PROKKA_06122025__gr_1e-12_lr_1e-12_mu_1e-14	31375	panx	0.9982173424962983	1.0	0.9994153770013471	9.999000099990002e-05	0.9996883056314989	1.0	0.9998441285236187	1849	997	5	aa	0.7	924.0
True	PROKKA_06122025__gr_1e-12_lr_1e-12_mu_1e-14	31375	diamond	0.9923299650450721	0.9998844197873324	0.9971328851909513	9.999000099990002e-05	0.9985012008068345	0.9999441428199627	0.9992221508880554	1927	1055	8	aa	0.8	1.0
True	PROKKA_06122025__gr_1e-12_lr_1e-12_mu_1e-14	31375	panx	0.9964432692480789	0.9985321100917431	0.9985661617487896	9.999000099990002e-05	0.9996638068787518	0.9995736175408335	0.9996187101754879	1872	1010	5	aa	0.85	1163.0
True	PROKKA_06122025__gr_1e-12_lr_1e-12_mu_1e-14	31375	panta	0.9976981460472523	0.9975672059360176	0.9988021726637155	9.999000099990002e-05	1.0	0.9993647211685985	0.9996822596574425	1888	1016	4	aa	0.9	8.0
True	PROKKA_06122025__gr_1e-12_lr_1e-12_mu_1e-14	31375	mmseqs2	0.9979708131411182	1.0	0.9992143051450487	9.999000099990002e-05	0.9995747784974935	1.0000000000000002	0.9997873440358026	1936	1060	8	nt	0.8	1.0
True	PROKKA_06122025__gr_1e-12_lr_1e-12_mu_1e-14	31375	panx	0.9975642884925272	0.9993859002702039	0.9990569598436302	9.999000099990002e-05	0.9996903832277655	0.9998075914407022	0.9997489838989303	1863	1004	6	aa	0.8	925.0
True	PROKKA_06122025__gr_1e-12_lr_1e-12_mu_1e-14	31375	mmseqs2	0.99811055925583	0.9998844197873324	0.9993114450860773	9.999000099990002e-05	0.9996783307356581	0.9999491122151133	0.9998137031413181	1939	1063	8	aa	0.85	0.0
True	PROKKA_06122025__gr_1e-12_lr_1e-12_mu_1e-14	31375	ppanggolin	0.9937593464519748	1.0	0.9976405988069932	9.999000099990002e-05	0.9987448473530779	1.0	0.9993720295771698	1881	1012	4	aa	0.8	5.0
True	PROKKA_06122025__gr_1e-12_lr_1e-12_mu_1e-14	31375	mmseqs2	0.9957481818757683	1.0	0.998370854655381	9.999000099990002e-05	0.9991175634332792	1.0000000000000002	0.9995585869571346	1931	1055	10	nt	0.5	3.0
True	PROKKA_06122025__gr_1e-12_lr_1e-12_mu_1e-14	31375	hdbscan_dist	0.9571360794191525	0.9852057327785483	0.9713568655977131	9.999000099990002e-05	0.9876657607901913	0.996560079642619	0.9920929857648328	1795	944	0	aa	0.9	0.579
True	PROKKA_06122025__gr_1e-12_lr_1e-12_mu_1e-14	31375	hdbscan_tsne	0.8467032687118978	0.9716828478964401	0.9049756253382238	9.999000099990002e-05	0.9513201936451033	0.9930357012469758	0.9717304512908723	1136	254	0	aa	0.9	25.188
True	PROKKA_06122025__gr_1e-12_lr_1e-12_mu_1e-14	31375	hdbscan_umap	0.18397692799128038	0.9652103559870551	0.7983892076229528	9.999000099990002e-05	0.8796592302229251	0.9895330868932951	0.9313668856071474	856	79	0	aa	0.9	9.787
True	PROKKA_06122025__gr_1e-12_lr_1e-12_mu_1e-14	31375	cdhit	0.9960722524854881	0.9997688395746648	0.998468731792497	9.999000099990002e-05	0.9992686434912303	0.9999022518043129	0.9995853472412742	1935	1060	8	nt	0.9	1.0
True	PROKKA_06122025__gr_1e-12_lr_1e-12_mu_1e-14	31375	mmseqs2	0.996741702901496	1.0	0.9988110774197831	9.999000099990002e-05	0.9993562937128567	1.0	0.999678043233631	1934	1058	9	aa	0.7	1.0
True	PROKKA_06122025__gr_1e-12_lr_1e-12_mu_1e-14	31375	mmseqs2	0.9976566587387732	0.999422098936662	0.9990245872595841	9.999000099990002e-05	0.9996783307356581	0.9997940476256458	0.9997361858321689	1941	1063	10	nt	0.9	0.0
True	PROKKA_06122025__gr_1e-12_lr_1e-12_mu_1e-14	31375	mmseqs2	0.9954381119145462	1.0	0.9981063812255201	9.999000099990002e-05	0.9989740394505564	1.0000000000000002	0.9994867564414567	1928	1052	10	aa	0.6	1.0
True	PROKKA_06122025__gr_1e-12_lr_1e-12_mu_1e-14	31375	ppanggolin	0.9900988434343436	0.9900930288751963	0.9944755338240374	9.999000099990002e-05	0.9997149649023347	0.9973720468555304	0.998542131561003	1924	1032	11	aa	0.95	5.0
True	PROKKA_06122025__gr_1e-12_lr_1e-12_mu_1e-14	31375	ppanggolin	0.9917976303337688	1.0	0.9966889615902824	9.999000099990002e-05	0.9982369296165178	1.0	0.9991176870183154	1874	1006	4	aa	0.7	5.0
True	PROKKA_06122025__gr_1e-12_lr_1e-12_mu_1e-14	31375	cdhit	0.9824881495271425	0.9833564493758669	0.9890459841888897	9.999000099990002e-05	0.9997354440045293	0.994428588184328	0.9970749548100403	2024	1112	31	aa	0.95	0.0
True	PROKKA_06122025__gr_1e-12_lr_1e-12_mu_1e-14	31375	ppanggolin	0.9949808646570842	1.0	0.9980144693503771	9.999000099990002e-05	0.9989441287331635	1.0	0.9994717855033268	1882	1012	4	aa	0.85	5.0
True	PROKKA_06122025__gr_1e-12_lr_1e-12_mu_1e-14	31375	mmseqs2	0.9957636904358577	1.0	0.9984122622362318	9.999000099990002e-05	0.999140027709775	1.0	0.9995698288872689	1932	1057	9	nt	0.6	2.0
True	PROKKA_06122025__gr_1e-12_lr_1e-12_mu_1e-14	35787	panaroo	0.9824653445902957	0.9783369062394223	0.9900392367955128	9.999000099990002e-05	1.0	0.9945673743454083	0.9972762887208186	1945	1015	17	aa	0.85	31.0
True	PROKKA_06122025__gr_1e-12_lr_1e-12_mu_1e-14	35787	panta	0.9991278808900143	0.9986351228389445	0.9991502859813733	9.999000099990002e-05	0.9999999999999999	0.9995296506782454	0.9997647700189916	1973	1111	1	aa	0.6	10.0
True	PROKKA_06122025__gr_1e-12_lr_1e-12_mu_1e-14	35787	diamond	0.9767535835006097	0.9994869163673679	0.9929050859847588	9.999000099990002e-05	0.9960006032516205	0.9998562749817158	0.9979247148505015	1905	1042	5	aa	0.6	1.0
True	PROKKA_06122025__gr_1e-12_lr_1e-12_mu_1e-14	35787	diamond	0.8833743597188596	0.8622883530015393	0.9330251536645673	9.999000099990002e-05	0.9998698554573817	0.9649512035433766	0.9821002436741189	2409	1171	98	aa	0.95	1.0
True	PROKKA_06122025__gr_1e-12_lr_1e-12_mu_1e-14	35787	diamond	0.9818928897303074	0.9993842996408414	0.9947225707052704	9.999000099990002e-05	0.9971067413935841	0.9998173479490826	0.9984602049950186	1919	1055	3	aa	0.7	1.0
True	PROKKA_06122025__gr_1e-12_lr_1e-12_mu_1e-14	35787	panta	0.9980129700338549	0.9977252047315741	0.9989120786786668	9.999000099990002e-05	0.9999999999999999	0.9993980133154715	0.9996989160334663	1878	1011	2	aa	0.8	8.0
True	PROKKA_06122025__gr_1e-12_lr_1e-12_mu_1e-14	35787	mmseqs2	0.9975655120919619	1.0	0.9991079328538465	9.999000099990002e-05	0.9994820674187244	1.0	0.9997409666284508	1934	1064	1	nt	0.7	4.0
True	PROKKA_06122025__gr_1e-12_lr_1e-12_mu_1e-14	35787	cdhit	0.9867083390348462	0.9994869163673679	0.995814708098183	9.999000099990002e-05	0.9977202756036906	0.9998428202433223	0.9987804202505541	1921	1055	3	aa	0.7	0.0
True	PROKKA_06122025__gr_1e-12_lr_1e-12_mu_1e-14	35787	panx	0.9991272834675934	0.9997598174612705	0.9996009435053953	9.999000099990002e-05	0.9998348481513653	0.9999427244332539	0.999888783382663	1785	971	1	aa	0.5	949.0
True	PROKKA_06122025__gr_1e-12_lr_1e-12_mu_1e-14	35787	ppanggolin	0.9783180019370905	0.9997743427733273	0.9933895127624067	9.999000099990002e-05	0.9963917151077183	0.9999241320745312	0.9981547983417698	1854	994	3	aa	0.6	5.0
True	PROKKA_06122025__gr_1e-12_lr_1e-12_mu_1e-14	35787	panx	0.9722142199517445	0.966991833030853	0.9845492249329673	9.999000099990002e-05	0.9996224764077327	0.9919881455239663	0.9957906788366067	1957	1007	28	aa	0.9	912.0
True	PROKKA_06122025__gr_1e-12_lr_1e-12_mu_1e-14	35787	panaroo	0.875580917193241	0.8546767460227914	0.9258994951897361	9.999000099990002e-05	1.0	0.9631823140518735	0.9812459160391795	2374	1082	159	aa	0.95	37.0
True	PROKKA_06122025__gr_1e-12_lr_1e-12_mu_1e-14	35787	cdhit	0.9926837631655189	1.0	0.9978400374342166	9.999000099990002e-05	0.9987443661422221	1.0000000000000002	0.9993717886694029	1928	1060	1	nt	0.8	36.0
True	PROKKA_06122025__gr_1e-12_lr_1e-12_mu_1e-14	35787	panta	0.8997108304998943	0.8784121929026387	0.9407959043316395	9.999000099990002e-05	1.0	0.9699380808530518	0.98473966291675	2246	1055	116	aa	0.95	9.0
True	PROKKA_06122025__gr_1e-12_lr_1e-12_mu_1e-14	35787	mmseqs2	0.9860427859705174	1.0	0.9952494303957099	9.999000099990002e-05	0.9972312920698908	1.0	0.9986137269423414	1911	1047	2	aa	0.5	5.0
True	PROKKA_06122025__gr_1e-12_lr_1e-12_mu_1e-14	35787	cdhit	0.9780120382653589	0.9991790661877886	0.9930835322347574	9.999000099990002e-05	0.9962367655269123	0.999726393983361	0.9979785292211861	1909	1047	3	aa	0.6	0.0
True	PROKKA_06122025__gr_1e-12_lr_1e-12_mu_1e-14	35787	panaroo	0.9948637413591283	0.9939072548798376	0.9969351909312811	9.999000099990002e-05	0.9999031301898833	0.9984065246735627	0.9991542670010445	1901	1013	4	aa	0.8	31.0
True	PROKKA_06122025__gr_1e-12_lr_1e-12_mu_1e-14	35787	cdhit	0.9788503775247404	0.9774243201641868	0.9871212892924307	9.999000099990002e-05	0.999421712620898	0.9932294422515725	0.9963159560300415	2032	1094	34	aa	0.9	0.0
True	PROKKA_06122025__gr_1e-12_lr_1e-12_mu_1e-14	35787	cdhit	0.9875351189790846	0.9933299127757824	0.994752049391262	9.999000099990002e-05	0.9986929352252457	0.9982658189084775	0.9984793313903177	1952	1070	5	aa	0.85	0.0
True	PROKKA_06122025__gr_1e-12_lr_1e-12_mu_1e-14	35787	panta	0.9938326918763914	0.9914695177434031	0.9961391841416875	9.999000099990002e-05	0.9999999999999999	0.9978727812433461	0.9989352581522581	1897	1011	10	aa	0.85	10.0
True	PROKKA_06122025__gr_1e-12_lr_1e-12_mu_1e-14	35787	mmseqs2	0.9953040997289234	0.9963057978450487	0.9975147263080326	9.999000099990002e-05	0.9997539925572093	0.9988078004366681	0.9992806725159911	1954	1073	6	nt	0.85	2.0
True	PROKKA_06122025__gr_1e-12_lr_1e-12_mu_1e-14	35787	mmseqs2	0.903229657348842	0.8880451513596717	0.9427828369343718	9.999000099990002e-05	1.0	0.9695483149903311	0.9845387468903912	2368	1190	101	aa	0.95	0.0
True	PROKKA_06122025__gr_1e-12_lr_1e-12_mu_1e-14	35787	diamond	0.9597948512434116	0.9525910723447922	0.9776216341235233	9.999000099990002e-05	0.9995180923779313	0.9879036614558545	0.9936769397303385	2090	1106	28	aa	0.9	0.0
True	PROKKA_06122025__gr_1e-12_lr_1e-12_mu_1e-14	35787	mmseqs2	0.9307819566820775	0.9183170856849666	0.959341303343439	9.999000099990002e-05	0.9999999999999999	0.9778313533419952	0.988791437338403	2244	1158	64	nt	0.95	3.0
True	PROKKA_06122025__gr_1e-12_lr_1e-12_mu_1e-14	35787	hdbscan_dist	0.9589252473369932	0.9644946126218573	0.9794906054459309	9.999000099990002e-05	0.9960199857689731	0.9921909080853285	0.9941017597338171	1924	993	0	nt	0.9	0.762
True	PROKKA_06122025__gr_1e-12_lr_1e-12_mu_1e-14	35787	hdbscan_tsne	0.8103987089196761	0.8822986146741919	0.8929955777800048	9.999000099990002e-05	0.9629879483700873	0.9734970202033577	0.9682139685500684	1379	291	0	nt	0.9	31.319
True	PROKKA_06122025__gr_1e-12_lr_1e-12_mu_1e-14	35787	hdbscan_umap	0.72697462034906	0.8972806567470498	0.8548116309237045	9.999000099990002e-05	0.9331311725508871	0.9753529472908234	0.9537750195500039	1029	82	0	nt	0.9	8.819
True	PROKKA_06122025__gr_1e-12_lr_1e-12_mu_1e-14	35787	panx	0.9108366628426684	0.8935786028664936	0.9474985917049188	9.999000099990002e-05	0.9996422646885864	0.9733957922336841	0.9863444557219251	2215	1061	103	aa	0.95	984.0
True	PROKKA_06122025__gr_1e-12_lr_1e-12_mu_1e-14	35787	diamond	0.9825014435587809	0.9840944073884043	0.9914044506333626	9.999000099990002e-05	0.9989499836441696	0.9960994380207076	0.9975226743890645	1972	1064	6	aa	0.85	1.0
True	PROKKA_06122025__gr_1e-12_lr_1e-12_mu_1e-14	35787	panta	0.9991278808900143	0.9986351228389445	0.9991502859813733	9.999000099990002e-05	0.9999999999999999	0.9995296506782455	0.9997647700189917	1973	1111	1	aa	0.7	10.0
True	PROKKA_06122025__gr_1e-12_lr_1e-12_mu_1e-14	35787	mmseqs2	0.9949385918684849	0.9957927142124167	0.997267692343245	9.999000099990002e-05	0.9996775487299369	0.9987412015902072	0.9992091558001491	1955	1074	5	aa	0.8	0.0
True	PROKKA_06122025__gr_1e-12_lr_1e-12_mu_1e-14	35787	panta	0.9990074694110246	0.9985213830755232	0.9990594798246641	9.999000099990002e-05	0.9999999999999998	0.999479459069479	0.9997396617763887	1974	1112	1	aa	0.5	10.0
True	PROKKA_06122025__gr_1e-12_lr_1e-12_mu_1e-14	35787	panaroo	0.998630390969551	1.0	0.999440172044102	9.999000099990002e-05	0.9996897951764538	1.0	0.999844873527737	1880	1011	1	aa	0.7	38.0
True	PROKKA_06122025__gr_1e-12_lr_1e-12_mu_1e-14	35787	cdhit	0.9424406181730032	0.9335043612108773	0.9637917815437653	9.999000099990002e-05	0.9995317480198397	0.9805376650036698	0.9899436048596479	2237	1180	92	nt	0.95	1.0
True	PROKKA_06122025__gr_1e-12_lr_1e-12_mu_1e-14	35787	cdhit	0.9880292884187449	0.9981528989225243	0.9960050554270525	9.999000099990002e-05	0.9982631999542283	0.999414211266324	0.9988383740184403	1935	1063	6	aa	0.8	0.0
True	PROKKA_06122025__gr_1e-12_lr_1e-12_mu_1e-14	35787	ppanggolin	0.9749440692889505	0.9707773891458874	0.9859869714970032	9.999000099990002e-05	0.9994633479606824	0.9929146907913553	0.9961782571336414	1957	1010	28	aa	0.9	4.0
True	PROKKA_06122025__gr_1e-12_lr_1e-12_mu_1e-14	35787	cdhit	0.9676338200385336	0.9987685992816829	0.9896330851765056	9.999000099990002e-05	0.9943498851666449	0.9995808748294693	0.9969585183623871	1891	1031	5	aa	0.5	3.0
True	PROKKA_06122025__gr_1e-12_lr_1e-12_mu_1e-14	35787	panaroo	0.9538895762332628	0.943585693331829	0.9735076330621694	9.999000099990002e-05	1.0	0.9859057859306133	0.9929028787925194	2051	1023	46	aa	0.9	34.0
True	PROKKA_06122025__gr_1e-12_lr_1e-12_mu_1e-14	35787	ppanggolin	0.9709484865251137	1.0	0.9908944222887073	9.999000099990002e-05	0.9949116759736396	1.0	0.997449348716716	1837	981	2	aa	0.5	5.0
True	PROKKA_06122025__gr_1e-12_lr_1e-12_mu_1e-14	35787	cdhit	0.9926844648257968	0.9991790661877886	0.9976250821504347	9.999000099990002e-05	0.9989197862075573	0.9997005045837439	0.9993099929101621	1936	1067	2	nt	0.85	32.0
True	PROKKA_06122025__gr_1e-12_lr_1e-12_mu_1e-14	35787	embed_hdbscan_raw	0.9255258524529206	0.9691123653155465	0.9535838052995682	9.999000099990002e-05	0.9806628615460725	0.9918014916229817	0.9862007263127412	1648	736	0	aa	0.9	42.32
True	PROKKA_06122025__gr_1e-12_lr_1e-12_mu_1e-14	35787	embed_hdbscan_tsne	0.8132565453454829	0.9029245767060031	0.8915972964032659	9.999000099990002e-05	0.9570498870519545	0.9773530374196009	0.9670949131012524	1237	188	0	aa	0.9	24.291
True	PROKKA_06122025__gr_1e-12_lr_1e-12_mu_1e-14	35787	embed_hdbscan_umap	0.7559566210853512	0.9277578245253977	0.8697227044093486	9.999000099990002e-05	0.9354121595142403	0.982037436121484	0.9581579207474947	976	44	0	aa	0.9	15.348
True	PROKKA_06122025__gr_1e-12_lr_1e-12_mu_1e-14	35787	diamond	0.9666073960682421	0.9994869163673679	0.9897255518114313	9.999000099990002e-05	0.9941251831459987	0.9998560038830856	0.9969823581544157	1885	1026	6	aa	0.5	1.0
True	PROKKA_06122025__gr_1e-12_lr_1e-12_mu_1e-14	35787	mmseqs2	0.9690993737085277	0.9638789122626988	0.9823135728383614	9.999000099990002e-05	0.9998995196572856	0.9901119250135305	0.994981652873605	2065	1096	35	aa	0.9	0.0
True	PROKKA_06122025__gr_1e-12_lr_1e-12_mu_1e-14	35787	panaroo	0.997901143636899	0.9996615141599909	0.999032612848796	9.999000099990002e-05	0.9995608025911854	0.9999030970173178	0.9997319205050295	1879	1009	2	aa	0.6	39.0
True	PROKKA_06122025__gr_1e-12_lr_1e-12_mu_1e-14	35787	panx	0.9991429776015422	0.9997642899233943	0.9996083583160686	9.999000099990002e-05	0.9998383578981022	0.9999439417612062	0.9998911470423628	1818	988	1	aa	0.6	980.0
True	PROKKA_06122025__gr_1e-12_lr_1e-12_mu_1e-14	35787	panaroo	0.9945439435457347	1.0	0.9979089402452044	9.999000099990002e-05	0.9988395719959368	1.0000000000000002	0.9994194491542389	1868	998	2	aa	0.5	42.0
True	PROKKA_06122025__gr_1e-12_lr_1e-12_mu_1e-14	35787	panx	0.9991578833705207	0.9997682502896872	0.99961533182579	9.999000099990002e-05	0.9998414100313817	0.9999450003650046	0.9998932025151672	1841	995	1	aa	0.7	991.0
True	PROKKA_06122025__gr_1e-12_lr_1e-12_mu_1e-14	35787	diamond	0.9845497611351084	0.9937403796818881	0.9943678974459622	9.999000099990002e-05	0.9982565349560971	0.9984748871176363	0.9983656990979385	1944	1064	3	aa	0.8	1.0
True	PROKKA_06122025__gr_1e-12_lr_1e-12_mu_1e-14	35787	panx	0.9927438383953133	0.9910642685301867	0.9957407028266376	9.999000099990002e-05	0.9998434531813295	0.9978083545296916	0.9988248672317842	1882	1000	8	aa	0.85	895.0
True	PROKKA_06122025__gr_1e-12_lr_1e-12_mu_1e-14	35787	panta	0.972191633731643	0.9643994540491356	0.9841293243863042	9.999000099990002e-05	0.9999999999999998	0.991414113968609	0.9956885481672716	1968	1016	28	aa	0.9	8.0
True	PROKKA_06122025__gr_1e-12_lr_1e-12_mu_1e-14	35787	mmseqs2	0.9983300015211535	0.9996921498204208	0.9992875890285201	9.999000099990002e-05	0.9997087170344923	0.9998778833582675	0.9997932930405895	1938	1066	2	nt	0.8	1.0
True	PROKKA_06122025__gr_1e-12_lr_1e-12_mu_1e-14	35787	panx	0.9977986861946279	0.9980491163644709	0.9988829262380885	9.999000099990002e-05	0.9998431276326276	0.9995375908037134	0.9996903358727534	1858	999	1	aa	0.8	881.0
True	PROKKA_06122025__gr_1e-12_lr_1e-12_mu_1e-14	35787	mmseqs2	0.9884205774728059	0.9881990764494613	0.9936636744782827	9.999000099990002e-05	0.9998000782783866	0.9965559695114514	0.9981753880320169	1982	1077	19	aa	0.85	0.0
True	PROKKA_06122025__gr_1e-12_lr_1e-12_mu_1e-14	35787	ppanggolin	0.9880223012599103	0.9976305991199368	0.9960891902897813	9.999000099990002e-05	0.9984207231967002	0.9994090955329116	0.9989146648795484	1877	1006	2	aa	0.8	5.0
True	PROKKA_06122025__gr_1e-12_lr_1e-12_mu_1e-14	35787	mmseqs2	0.9973215425486028	0.9997947665469471	0.9989308684852835	9.999000099990002e-05	0.9994545293261102	0.9999247498352298	0.9996895842866772	1934	1063	1	nt	0.5	3.0
True	PROKKA_06122025__gr_1e-12_lr_1e-12_mu_1e-14	35787	hdbscan_dist	0.9500677255658437	0.9650076962544895	0.9725924051327073	9.999000099990002e-05	0.9917639083063096	0.9923171643086023	0.9920404591704356	1837	906	0	aa	0.9	0.762
True	PROKKA_06122025__gr_1e-12_lr_1e-12_mu_1e-14	35787	hdbscan_tsne	0.8236616985964123	0.9017957927142124	0.9033379626589622	9.999000099990002e-05	0.9640317606054584	0.9781856337257	0.9710571241220856	1383	337	0	aa	0.9	25.142
True	PROKKA_06122025__gr_1e-12_lr_1e-12_mu_1e-14	35787	hdbscan_umap	0.18832330922425236	0.8867111339148281	0.7823201419659588	9.999000099990002e-05	0.8833842054022601	0.9700172371346034	0.9246759893310097	983	109	0	aa	0.9	8.684
True	PROKKA_06122025__gr_1e-12_lr_1e-12_mu_1e-14	35787	cdhit	0.9867268606817626	0.9906618778860954	0.9935368335332566	9.999000099990002e-05	0.9991128990050332	0.9971561345084413	0.9981335577358761	1977	1082	16	nt	0.9	1.0
True	PROKKA_06122025__gr_1e-12_lr_1e-12_mu_1e-14	35787	mmseqs2	0.9956317397012518	0.9990764494612622	0.9982448956494834	9.999000099990002e-05	0.9992708839664893	0.9997101180052342	0.9994904527296401	1938	1067	3	aa	0.7	0.0
True	PROKKA_06122025__gr_1e-12_lr_1e-12_mu_1e-14	35787	mmseqs2	0.9814528712946609	0.9802975885069266	0.9901819784234542	9.999000099990002e-05	0.9997815306498236	0.9946019632001797	0.9971850210573217	2001	1074	20	nt	0.9	2.0
True	PROKKA_06122025__gr_1e-12_lr_1e-12_mu_1e-14	35787	mmseqs2	0.9935729734433794	0.9998973832734736	0.9977241895063536	9.999000099990002e-05	0.998723955505199	0.9999530611011789	0.9993381303780531	1929	1062	2	aa	0.6	1.0
True	PROKKA_06122025__gr_1e-12_lr_1e-12_mu_1e-14	35787	ppanggolin	0.9224581946787604	0.9040956786641092	0.9536511674121173	9.999000099990002e-05	0.9998636766932644	0.9761639863663617	0.9878717091971931	2181	1054	89	aa	0.95	4.0
True	PROKKA_06122025__gr_1e-12_lr_1e-12_mu_1e-14	35787	ppanggolin	0.9863922717236548	0.9997743427733273	0.9956349681961976	9.999000099990002e-05	0.9976484542276837	0.9999242276382186	0.9987850445734587	1864	1001	1	aa	0.7	5.0
True	PROKKA_06122025__gr_1e-12_lr_1e-12_mu_1e-14	35787	cdhit	0.9161396184109933	0.9002565418163161	0.9449994959084005	9.999000099990002e-05	0.9998104987654121	0.9707900122398465	0.9850865671793295	2410	1250	149	aa	0.95	0.0
True	PROKKA_06122025__gr_1e-12_lr_1e-12_mu_1e-14	35787	ppanggolin	0.9885353916317035	0.991425025386438	0.9944697428116211	9.999000099990002e-05	0.9990604226020949	0.997885895603863	0.9984728136971819	1898	1006	9	aa	0.85	4.0
True	PROKKA_06122025__gr_1e-12_lr_1e-12_mu_1e-14	35787	mmseqs2	0.9975655120919619	1.0	0.9991079328538465	9.999000099990002e-05	0.9994820674187244	1.0	0.9997409666284508	1934	1064	1	nt	0.6	1.0
True	PROKKA_06122025__gr_1e-12_lr_1e-12_mu_1e-14	40547	panaroo	1.0	1.0	1.0	9.999000099990002e-05	1.0	1.0	1.0	1890	1018	2	aa	0.85	31.0
True	PROKKA_06122025__gr_1e-12_lr_1e-12_mu_1e-14	40547	panta	0.9995405570055995	0.9996340570870944	0.9996879150724599	9.999000099990002e-05	1.0	0.9998351618546678	0.9999175741338704	1981	1116	2	aa	0.6	10.0
True	PROKKA_06122025__gr_1e-12_lr_1e-12_mu_1e-14	40547	diamond	0.9681654957285684	0.9998841922408801	0.9911768527040273	9.999000099990002e-05	0.9952658149684479	0.9999470186950931	0.9976009252701786	1903	1044	5	aa	0.6	1.0
True	PROKKA_06122025__gr_1e-12_lr_1e-12_mu_1e-14	40547	diamond	0.9620232675653534	0.9620150550086856	0.9785563909298237	9.999000099990002e-05	0.999468756558045	0.989323742284092	0.9943703740935322	2069	1098	48	aa	0.95	0.0
True	PROKKA_06122025__gr_1e-12_lr_1e-12_mu_1e-14	40547	diamond	0.9791076898944481	0.9997683844817603	0.9941613708780878	9.999000099990002e-05	0.996941501862446	0.99990040313702	0.9984187602639003	1919	1057	2	aa	0.7	2.0
True	PROKKA_06122025__gr_1e-12_lr_1e-12_mu_1e-14	40547	panta	0.9989745098005427	0.9989021712612832	0.9992456281458965	9.999000099990002e-05	1.0	0.9996018212262564	0.9998008709686513	1886	1020	2	aa	0.8	9.0
True	PROKKA_06122025__gr_1e-12_lr_1e-12_mu_1e-14	40547	mmseqs2	0.9954008683522383	1.0	0.9984725118518238	9.999000099990002e-05	0.9991770688170809	1.0	0.9995883650349161	1933	1064	2	nt	0.7	3.0
True	PROKKA_06122025__gr_1e-12_lr_1e-12_mu_1e-14	40547	cdhit	0.9792288321939758	0.999189345686161	0.9941936980374029	9.999000099990002e-05	0.9971157616134249	0.9997451495468334	0.9984287244428061	1922	1056	4	aa	0.7	0.0
True	PROKKA_06122025__gr_1e-12_lr_1e-12_mu_1e-14	40547	panx	0.9983396431258712	1.0	0.9995527060231452	9.999000099990002e-05	0.9997628230900725	1.0	0.9998813974801466	1787	975	2	aa	0.5	1502.0
True	PROKKA_06122025__gr_1e-12_lr_1e-12_mu_1e-14	40547	ppanggolin	0.9754473216595507	1.0	0.9930093079319541	9.999000099990002e-05	0.9962798842201078	1.0	0.9981364758472505	1861	1001	3	aa	0.6	5.0
True	PROKKA_06122025__gr_1e-12_lr_1e-12_mu_1e-14	40547	panx	0.9950000269598128	0.9966968436505994	0.9975842889943092	9.999000099990002e-05	0.9996136772678116	0.9991115768725211	0.9993625640037678	1886	1020	3	aa	0.9	1039.0
True	PROKKA_06122025__gr_1e-12_lr_1e-12_mu_1e-14	40547	panaroo	0.9589598763845847	0.9546389258497642	0.9750059915503922	9.999000099990002e-05	1.0	0.9872748954396496	0.9935967064297185	2059	1060	59	aa	0.95	33.0
True	PROKKA_06122025__gr_1e-12_lr_1e-12_mu_1e-14	40547	cdhit	0.9870876263597215	0.9998841922408801	0.9965650238830872	9.999000099990002e-05	0.9981972158605795	0.9999489834647648	0.9990723317784853	1928	1062	2	nt	0.8	32.0
True	PROKKA_06122025__gr_1e-12_lr_1e-12_mu_1e-14	40547	panta	0.9788071399343479	0.9756038058062942	0.9873874705687241	9.999000099990002e-05	0.9999999999999999	0.9934605792258877	0.9967195635357626	1959	1029	35	aa	0.95	9.0
True	PROKKA_06122025__gr_1e-12_lr_1e-12_mu_1e-14	40547	mmseqs2	0.9814682456427132	1.0	0.9942211041815243	9.999000099990002e-05	0.996873513017379	1.0	0.9984343089523499	1911	1046	5	aa	0.5	2.0
True	PROKKA_06122025__gr_1e-12_lr_1e-12_mu_1e-14	40547	cdhit	0.9730683115005648	0.9996525767226404	0.9920457836478234	9.999000099990002e-05	0.9958257879676138	0.9998631866456192	0.9978404033565891	1907	1046	5	aa	0.6	0.0
True	PROKKA_06122025__gr_1e-12_lr_1e-12_mu_1e-14	40547	panaroo	0.9994403644849957	0.9997580742711988	0.9996820982723463	9.999000099990002e-05	0.9999082927804315	0.9999236937018913	0.9999159931818592	1890	1018	2	aa	0.8	30.0
True	PROKKA_06122025__gr_1e-12_lr_1e-12_mu_1e-14	40547	cdhit	0.99197437216709	0.9974522292993631	0.9963734633085439	9.999000099990002e-05	0.9990067175561439	0.9990422918196922	0.9990245043712271	1945	1072	5	aa	0.9	0.0
True	PROKKA_06122025__gr_1e-12_lr_1e-12_mu_1e-14	40547	cdhit	0.9858172034062257	0.9990735379270411	0.9961866938855594	9.999000099990002e-05	0.9982167116218972	0.9997259134955951	0.9989707425498112	1933	1066	3	aa	0.85	0.0
True	PROKKA_06122025__gr_1e-12_lr_1e-12_mu_1e-14	40547	panta	0.9974323314839576	0.9969504757257868	0.9984483015002881	9.999000099990002e-05	0.9999999999999999	0.9991819600876675	0.9995908126780533	1890	1020	3	aa	0.85	9.0
True	PROKKA_06122025__gr_1e-12_lr_1e-12_mu_1e-14	40547	mmseqs2	0.9985472606798961	1.0	0.999448149254724	9.999000099990002e-05	0.9997029776316075	1.0	0.9998514667569559	1937	1066	2	nt	0.85	2.0
True	PROKKA_06122025__gr_1e-12_lr_1e-12_mu_1e-14	40547	mmseqs2	0.9733793568575574	0.9737116386797915	0.9843803595220366	9.999000099990002e-05	1.0	0.9917938164236606	0.9958800034879746	2052	1118	31	aa	0.95	1.0
True	PROKKA_06122025__gr_1e-12_lr_1e-12_mu_1e-14	40547	diamond	0.9868253486993035	0.9943254198031268	0.9945396379692785	9.999000099990002e-05	0.9987160142096514	0.9983493182912218	0.9985326325845634	1956	1078	9	aa	0.9	0.0
True	PROKKA_06122025__gr_1e-12_lr_1e-12_mu_1e-14	40547	mmseqs2	0.9853193934272447	0.9862188766647365	0.9913861099423806	9.999000099990002e-05	1.0	0.9954265736597865	0.9977080457880114	2006	1106	14	nt	0.95	1.0
True	PROKKA_06122025__gr_1e-12_lr_1e-12_mu_1e-14	40547	hdbscan_dist	0.9657477169486535	0.989114070642733	0.9774613922119364	9.999000099990002e-05	0.9902561432477105	0.9974399189630831	0.9938350495851056	1815	955	0	nt	0.9	0.598
True	PROKKA_06122025__gr_1e-12_lr_1e-12_mu_1e-14	40547	hdbscan_tsne	0.8403877951021931	0.961667631731326	0.9011463672359259	9.999000099990002e-05	0.9515888567426768	0.990971009578126	0.9708807295145204	1103	174	0	nt	0.9	21.43
True	PROKKA_06122025__gr_1e-12_lr_1e-12_mu_1e-14	40547	hdbscan_umap	0.7560961318330086	0.9703532136653156	0.8685332846707219	9.999000099990002e-05	0.927545596882248	0.9927045911428131	0.9590195884488479	896	73	0	nt	0.9	7.681
True	PROKKA_06122025__gr_1e-12_lr_1e-12_mu_1e-14	40547	panx	0.9804932008385758	0.9828045531605716	0.989274125887775	9.999000099990002e-05	0.9993810143376735	0.9950181315256373	0.9971948008812684	1953	1043	26	aa	0.95	904.0
True	PROKKA_06122025__gr_1e-12_lr_1e-12_mu_1e-14	40547	diamond	0.9866038387798247	0.9981470758540822	0.9959245253400484	9.999000099990002e-05	0.9983561322548188	0.9994465655132355	0.9989010512959089	1935	1064	3	aa	0.85	0.0
True	PROKKA_06122025__gr_1e-12_lr_1e-12_mu_1e-14	40547	panta	0.9993991051269073	0.9995120761161259	0.9995861297335829	9.999000099990002e-05	0.9999999999999999	0.9997814343607753	0.9998907052363476	1982	1117	2	aa	0.7	10.0
True	PROKKA_06122025__gr_1e-12_lr_1e-12_mu_1e-14	40547	mmseqs2	0.9972723877003342	0.9997683844817603	0.9990457909577605	9.999000099990002e-05	0.9995636928381048	0.9999226386539374	0.9997431335272216	1938	1067	3	aa	0.8	0.0
True	PROKKA_06122025__gr_1e-12_lr_1e-12_mu_1e-14	40547	panta	0.9995405570055995	0.9996340570870944	0.9996879150724604	9.999000099990002e-05	1.0	0.9998351618546679	0.9999175741338705	1981	1116	2	aa	0.5	9.0
True	PROKKA_06122025__gr_1e-12_lr_1e-12_mu_1e-14	40547	panaroo	0.9984631489239426	1.0	0.9994621946244993	9.999000099990002e-05	0.9997156247266619	1.0	0.9998577921431319	1887	1015	3	aa	0.7	35.0
True	PROKKA_06122025__gr_1e-12_lr_1e-12_mu_1e-14	40547	cdhit	0.9864144606862938	0.989229878401853	0.9919799758422677	9.999000099990002e-05	0.9994405495938766	0.9962822501047196	0.9978589007908957	1994	1103	13	nt	0.95	1.0
True	PROKKA_06122025__gr_1e-12_lr_1e-12_mu_1e-14	40547	cdhit	0.9843555234102048	0.9994209612044007	0.9957134718690406	9.999000099990002e-05	0.9978599436659131	0.9998255575382266	0.9988417835735028	1928	1063	2	aa	0.8	0.0
True	PROKKA_06122025__gr_1e-12_lr_1e-12_mu_1e-14	40547	ppanggolin	0.9881431679503834	1.0	0.9972178891863742	9.999000099990002e-05	0.9985256581079585	1.0	0.9992622852320858	1883	1017	2	aa	0.9	5.0
True	PROKKA_06122025__gr_1e-12_lr_1e-12_mu_1e-14	40547	cdhit	0.9601691493110518	0.9994209612044007	0.9882318636611005	9.999000099990002e-05	0.9937550872884638	0.9998429168856158	0.9967897069159154	1889	1033	5	aa	0.5	2.0
True	PROKKA_06122025__gr_1e-12_lr_1e-12_mu_1e-14	40547	panaroo	0.9954139341082455	0.9956453368815773	0.9972615976470761	9.999000099990002e-05	1.0	0.998558788974643	0.9992788748405563	1910	1020	13	aa	0.9	31.0
True	PROKKA_06122025__gr_1e-12_lr_1e-12_mu_1e-14	40547	ppanggolin	0.961663504796932	1.0	0.9888133981961067	9.999000099990002e-05	0.9940221309046825	1.0	0.9970021049402269	1843	990	4	aa	0.5	7.0
True	PROKKA_06122025__gr_1e-12_lr_1e-12_mu_1e-14	40547	cdhit	0.9886808692687746	0.9994209612044007	0.9967987222774419	9.999000099990002e-05	0.9984610168307831	0.9998123947214057	0.9991362488260612	1932	1065	2	nt	0.85	29.0
True	PROKKA_06122025__gr_1e-12_lr_1e-12_mu_1e-14	40547	embed_hdbscan_raw	0.9404734920125779	0.9914302258251303	0.959252670912223	9.999000099990002e-05	0.9795412481576282	0.9977593318027883	0.9885663627879882	1596	730	0	aa	0.9	32.707
True	PROKKA_06122025__gr_1e-12_lr_1e-12_mu_1e-14	40547	embed_hdbscan_tsne	0.84704483735372	0.9676896352055587	0.9012223230851485	9.999000099990002e-05	0.9500249089660971	0.9923269039196074	0.9707152641521059	1043	112	0	aa	0.9	21.42
True	PROKKA_06122025__gr_1e-12_lr_1e-12_mu_1e-14	40547	embed_hdbscan_umap	0.7640933594147332	0.9739432541980313	0.8744121686015343	9.999000099990002e-05	0.9303651228151775	0.993741227305102	0.9610094358146278	875	22	0	aa	0.9	14.969
True	PROKKA_06122025__gr_1e-12_lr_1e-12_mu_1e-14	40547	diamond	0.960210763696901	0.9998841922408801	0.9880662773393896	9.999000099990002e-05	0.9935580607864537	0.9999469276342418	0.9967422565586148	1882	1023	9	aa	0.5	2.0
True	PROKKA_06122025__gr_1e-12_lr_1e-12_mu_1e-14	40547	mmseqs2	0.9972791098077173	0.9981470758540822	0.99838346752007	9.999000099990002e-05	0.9998097743921711	0.999321751100261	0.9995657031786663	1949	1074	5	aa	0.9	0.0
True	PROKKA_06122025__gr_1e-12_lr_1e-12_mu_1e-14	40547	panaroo	0.9973309995398987	1.0	0.9989850508905592	9.999000099990002e-05	0.9994630717617099	1.0	0.9997314637885175	1884	1012	4	aa	0.6	39.0
True	PROKKA_06122025__gr_1e-12_lr_1e-12_mu_1e-14	40547	panx	0.9983907622079672	1.0	0.9995657363629185	9.999000099990002e-05	0.9997699465002919	1.0	0.9998849600174706	1827	993	2	aa	0.6	966.0
True	PROKKA_06122025__gr_1e-12_lr_1e-12_mu_1e-14	40547	panaroo	0.9875457490021518	1.0	0.9964274593639636	9.999000099990002e-05	0.998105283718803	1.0	0.9990517435209068	1874	1005	5	aa	0.5	39.0
True	PROKKA_06122025__gr_1e-12_lr_1e-12_mu_1e-14	40547	panx	0.9984105268423187	1.0	0.9995711949596249	9.999000099990002e-05	0.9997730904510899	1.0000000000000002	0.9998865323520987	1846	1001	2	aa	0.7	963.0
True	PROKKA_06122025__gr_1e-12_lr_1e-12_mu_1e-14	40547	diamond	0.9826013890234727	0.9989577301679212	0.9951673939554222	9.999000099990002e-05	0.9977298287622673	0.9996607236660277	0.998694342907658	1930	1064	3	aa	0.8	1.0
True	PROKKA_06122025__gr_1e-12_lr_1e-12_mu_1e-14	40547	panx	0.9965993916881988	0.9977783263391755	0.9985230366874159	9.999000099990002e-05	0.9997756861445922	0.999444492949132	0.9996100621139326	1871	1015	2	aa	0.85	1010.0
True	PROKKA_06122025__gr_1e-12_lr_1e-12_mu_1e-14	40547	panta	0.9968283511401834	0.9962185898999756	0.998053729249217	9.999000099990002e-05	0.9999999999999999	0.9989745598724705	0.9994870169195175	1893	1021	4	aa	0.9	9.0
True	PROKKA_06122025__gr_1e-12_lr_1e-12_mu_1e-14	40547	mmseqs2	0.9985950860130998	1.0	0.9994572626385222	9.999000099990002e-05	0.9997078853263178	1.0	0.999853921327297	1937	1066	2	nt	0.8	1.0
True	PROKKA_06122025__gr_1e-12_lr_1e-12_mu_1e-14	40547	panx	0.9980648011441134	0.9995050117559708	0.9993138822428173	9.999000099990002e-05	0.999775021531039	0.9998622057229859	0.999818611726397	1861	1009	2	aa	0.8	988.0
True	PROKKA_06122025__gr_1e-12_lr_1e-12_mu_1e-14	40547	mmseqs2	0.9985467511390297	0.9998841922408801	0.9994480355849718	9.999000099990002e-05	0.9997588124878798	0.9999441547926703	0.999851475051057	1939	1068	2	aa	0.85	0.0
True	PROKKA_06122025__gr_1e-12_lr_1e-12_mu_1e-14	40547	ppanggolin	0.9837392790842535	1.0	0.9958264344378875	9.999000099990002e-05	0.9977852276820185	1.0	0.9988913861774065	1878	1015	2	aa	0.8	8.0
True	PROKKA_06122025__gr_1e-12_lr_1e-12_mu_1e-14	40547	mmseqs2	0.9952108139906922	1.0	0.9983665336608744	9.999000099990002e-05	0.9991198806017214	1.0000000000000002	0.9995597465630658	1932	1063	2	nt	0.5	3.0
True	PROKKA_06122025__gr_1e-12_lr_1e-12_mu_1e-14	40547	hdbscan_dist	0.9548219545694391	0.9880718008106543	0.9716092357336615	9.999000099990002e-05	0.9871194624376219	0.9972928198437051	0.9921800635957309	1747	880	0	aa	0.9	0.598
True	PROKKA_06122025__gr_1e-12_lr_1e-12_mu_1e-14	40547	hdbscan_tsne	0.8387849356456052	0.9678054429646786	0.90160087344457	9.999000099990002e-05	0.9501157772861178	0.9924605312675097	0.9708266336194659	1103	200	0	aa	0.9	21.769
True	PROKKA_06122025__gr_1e-12_lr_1e-12_mu_1e-14	40547	hdbscan_umap	0.18216995507369513	0.9554140127388535	0.7961298089045796	9.999000099990002e-05	0.8811596444857814	0.9875885397934117	0.9313434243771629	890	102	0	aa	0.9	8.15
True	PROKKA_06122025__gr_1e-12_lr_1e-12_mu_1e-14	40547	cdhit	0.9883451137932959	0.9996525767226404	0.9970413750752263	9.999000099990002e-05	0.99855930808857	0.9998452133295879	0.9992018469909676	1936	1070	2	nt	0.9	1.0
True	PROKKA_06122025__gr_1e-12_lr_1e-12_mu_1e-14	40547	mmseqs2	0.9954008683522383	1.0	0.9984725118518238	9.999000099990002e-05	0.9991770688170809	1.0	0.9995883650349161	1933	1064	2	aa	0.7	0.0
True	PROKKA_06122025__gr_1e-12_lr_1e-12_mu_1e-14	40547	mmseqs2	0.9982907988604844	0.9996525767226404	0.9992586175424703	9.999000099990002e-05	0.9997588124878798	0.9998422976527208	0.9998005533275095	1941	1070	2	nt	0.9	0.0
True	PROKKA_06122025__gr_1e-12_lr_1e-12_mu_1e-14	40547	mmseqs2	0.9939456341318604	1.0	0.9978793294175251	9.999000099990002e-05	0.9988568211678136	1.0	0.9994280836825928	1929	1060	3	aa	0.6	1.0
True	PROKKA_06122025__gr_1e-12_lr_1e-12_mu_1e-14	40547	ppanggolin	0.9864989748921165	0.9891133422039434	0.9930692289408318	9.999000099990002e-05	0.999381785118336	0.9969792813809316	0.9981790876132944	1926	1027	20	aa	0.95	5.0
True	PROKKA_06122025__gr_1e-12_lr_1e-12_mu_1e-14	40547	ppanggolin	0.9784859673313195	1.0	0.994428343420316	9.999000099990002e-05	0.9970392187565853	1.0000000000000002	0.9985174145727304	1870	1008	2	aa	0.7	6.0
True	PROKKA_06122025__gr_1e-12_lr_1e-12_mu_1e-14	40547	cdhit	0.9757106280191731	0.9770700636942675	0.9848775601105323	9.999000099990002e-05	0.9996519810109106	0.9923790837009274	0.9960022556966794	2059	1142	33	aa	0.95	0.0
True	PROKKA_06122025__gr_1e-12_lr_1e-12_mu_1e-14	40547	ppanggolin	0.9863190377473756	1.0	0.9965947737014539	9.999000099990002e-05	0.9981943325549576	1.0000000000000002	0.9990963504321757	1880	1015	2	aa	0.85	5.0
True	PROKKA_06122025__gr_1e-12_lr_1e-12_mu_1e-14	40547	mmseqs2	0.9954008683522383	1.0	0.9984725118518238	9.999000099990002e-05	0.9991770688170809	1.0	0.9995883650349161	1933	1064	2	nt	0.6	1.0
True	PROKKA_06122025__gr_1e-12_lr_1e-12_mu_1e-14	46118	panaroo	0.9989361968202285	0.9997707473635947	0.9995190104374004	9.999000099990002e-05	0.9998437534033418	0.9998926813344777	0.9998682167703453	1890	1019	2	aa	0.85	36.0
True	PROKKA_06122025__gr_1e-12_lr_1e-12_mu_1e-14	46118	panta	0.9994401313242268	0.999076425767721	0.9994142463867082	9.999000099990002e-05	1.0	0.9996791199762033	0.9998395342429738	1977	1113	1	aa	0.6	10.0
True	PROKKA_06122025__gr_1e-12_lr_1e-12_mu_1e-14	46118	diamond	0.9837236958062026	1.0	0.994284380662448	9.999000099990002e-05	0.9967578639899108	0.9999999999999998	0.9983762998666194	1905	1037	7	aa	0.6	1.0
True	PROKKA_06122025__gr_1e-12_lr_1e-12_mu_1e-14	46118	diamond	0.9717572591904575	0.9684776761699838	0.9811548695371695	9.999000099990002e-05	0.9998207251192193	0.9898408989092372	0.9948057834038407	2100	1133	76	aa	0.95	0.0
True	PROKKA_06122025__gr_1e-12_lr_1e-12_mu_1e-14	46118	diamond	0.9905489011300385	1.0	0.9964983649242408	9.999000099990002e-05	0.9980180754020079	0.9999999999999999	0.9990080547206294	1918	1047	6	aa	0.7	1.0
True	PROKKA_06122025__gr_1e-12_lr_1e-12_mu_1e-14	46118	panta	0.9996579323808787	0.9996536596628954	0.9997658743448837	9.999000099990002e-05	1.0	0.9998716746155597	0.9999358331906647	1878	1012	2	aa	0.8	8.0
True	PROKKA_06122025__gr_1e-12_lr_1e-12_mu_1e-14	46118	mmseqs2	0.9977647927818613	1.0	0.9989471625101205	9.999000099990002e-05	0.9994055346320423	1.0000000000000002	0.9997026789424853	1932	1057	6	nt	0.7	0.0
True	PROKKA_06122025__gr_1e-12_lr_1e-12_mu_1e-14	46118	cdhit	0.9904834918283596	0.9992469069392146	0.9963782138094015	9.999000099990002e-05	0.9980974341537855	0.9998531839828891	0.9989745376134689	1920	1048	7	aa	0.7	0.0
True	PROKKA_06122025__gr_1e-12_lr_1e-12_mu_1e-14	46118	panx	0.9990718338000832	1.0	0.9996008166823073	9.999000099990002e-05	0.9997794297022505	1.0	0.9998897026869698	1786	966	1	aa	0.5	943.0
True	PROKKA_06122025__gr_1e-12_lr_1e-12_mu_1e-14	46118	ppanggolin	0.9848843864193244	1.0	0.9946141295427712	9.999000099990002e-05	0.9970332746201777	1.0	0.998514433676431	1858	994	3	aa	0.6	7.0
True	PROKKA_06122025__gr_1e-12_lr_1e-12_mu_1e-14	46118	panx	0.9967871187970663	0.9974554707379135	0.9980038481448495	9.999000099990002e-05	0.9998163432092423	0.9990905222345715	0.9994533009458606	1882	1012	7	aa	0.9	919.0
True	PROKKA_06122025__gr_1e-12_lr_1e-12_mu_1e-14	46118	panaroo	0.9685750672962228	0.9644658413571756	0.9779939083959324	9.999000099990002e-05	0.9999325701743278	0.9884006129078245	0.9941331499530344	2082	1114	72	aa	0.95	41.0
True	PROKKA_06122025__gr_1e-12_lr_1e-12_mu_1e-14	46118	cdhit	0.9942838433004325	1.0	0.9979767281389416	9.999000099990002e-05	0.9988565046411608	1.0000000000000002	0.999427925238163	1928	1055	5	nt	0.8	36.0
True	PROKKA_06122025__gr_1e-12_lr_1e-12_mu_1e-14	46118	panta	0.9818166579542293	0.9797968136688986	0.9875192825865698	9.999000099990002e-05	1.0000000000000002	0.9932859824439495	0.9966316837547725	1986	1076	34	aa	0.95	8.0
True	PROKKA_06122025__gr_1e-12_lr_1e-12_mu_1e-14	46118	mmseqs2	0.9886853186274377	1.0	0.9956772080553987	9.999000099990002e-05	0.9975513048771089	1.0000000000000002	0.9987741515740235	1910	1037	9	aa	0.5	2.0
True	PROKKA_06122025__gr_1e-12_lr_1e-12_mu_1e-14	46118	cdhit	0.9845500133107624	0.9994620763851533	0.9942466665801802	9.999000099990002e-05	0.9969046996181273	0.9998330614040032	0.998366733182829	1907	1036	7	aa	0.6	0.0
True	PROKKA_06122025__gr_1e-12_lr_1e-12_mu_1e-14	46118	panaroo	0.9991523801355132	1.0	0.9996306007719548	9.999000099990002e-05	0.9997975299743473	1.0	0.9998987547376083	1887	1017	1	aa	0.8	39.0
True	PROKKA_06122025__gr_1e-12_lr_1e-12_mu_1e-14	46118	cdhit	0.9927752559387741	0.994298009682625	0.9956851399932046	9.999000099990002e-05	0.9992998213782351	0.9982725998526256	0.9987859464988328	1956	1068	14	aa	0.9	1.0
True	PROKKA_06122025__gr_1e-12_lr_1e-12_mu_1e-14	46118	cdhit	0.9939084144297924	0.9989241527703067	0.9976064434132835	9.999000099990002e-05	0.9989833984838374	0.9996646952723515	0.9993239307582744	1934	1060	6	aa	0.85	0.0
True	PROKKA_06122025__gr_1e-12_lr_1e-12_mu_1e-14	46118	panta	0.9992845011649204	0.9993073193257908	0.9995253725309978	9.999000099990002e-05	1.0	0.9997399507888269	0.9998699584858168	1880	1013	3	aa	0.85	8.0
True	PROKKA_06122025__gr_1e-12_lr_1e-12_mu_1e-14	46118	mmseqs2	0.9982217936193236	1.0	0.9993212786713037	9.999000099990002e-05	0.9996169150976377	1.0000000000000002	0.9998084208532796	1937	1063	5	nt	0.85	5.0
True	PROKKA_06122025__gr_1e-12_lr_1e-12_mu_1e-14	46118	mmseqs2	0.9770071020507268	0.9763313609467456	0.9848728777142294	9.999000099990002e-05	0.9999367512984956	0.9917238200961104	0.9958133520290103	2078	1149	41	aa	0.95	0.0
True	PROKKA_06122025__gr_1e-12_lr_1e-12_mu_1e-14	46118	diamond	0.9920467101355833	0.9946207638515331	0.9952753048179351	9.999000099990002e-05	0.9991584525138089	0.9981830009710064	0.9986704885493559	1966	1084	15	aa	0.9	1.0
True	PROKKA_06122025__gr_1e-12_lr_1e-12_mu_1e-14	46118	mmseqs2	0.9847574314914569	0.984400215169446	0.9898281374820973	9.999000099990002e-05	0.9999200684935834	0.9944290946526374	0.997167022517184	2035	1127	29	nt	0.95	4.0
True	PROKKA_06122025__gr_1e-12_lr_1e-12_mu_1e-14	46118	hdbscan_dist	0.9657944389070815	0.9875201721355568	0.978726883030146	9.999000099990002e-05	0.9910074913668186	0.9968512217726736	0.9939207671300564	1817	942	0	nt	0.9	0.65
True	PROKKA_06122025__gr_1e-12_lr_1e-12_mu_1e-14	46118	hdbscan_tsne	0.8450861915232548	0.9533082302313072	0.905329811807946	9.999000099990002e-05	0.9545959718525995	0.9883924366926847	0.9712002753354793	1152	209	0	nt	0.9	23.464
True	PROKKA_06122025__gr_1e-12_lr_1e-12_mu_1e-14	46118	hdbscan_umap	0.7850558786277904	0.9837547068316299	0.8851926921440586	9.999000099990002e-05	0.9317816590292894	0.9958795199583483	0.9627649105714892	866	47	0	nt	0.9	7.756
True	PROKKA_06122025__gr_1e-12_lr_1e-12_mu_1e-14	46118	panx	0.9837056694237122	0.9835461972155103	0.9893328344327555	9.999000099990002e-05	0.9997950450096885	0.9944479353838913	0.9971143216667683	1970	1068	26	aa	0.95	917.0
True	PROKKA_06122025__gr_1e-12_lr_1e-12_mu_1e-14	46118	diamond	0.9928202006841171	0.9991393222162452	0.9972417332875823	9.999000099990002e-05	0.9987434920612742	0.9996978458840838	0.9992204410972838	1933	1058	9	aa	0.85	1.0
True	PROKKA_06122025__gr_1e-12_lr_1e-12_mu_1e-14	46118	panta	0.9994401313242268	0.999076425767721	0.9994142463867082	9.999000099990002e-05	1.0	0.9996791199762033	0.9998395342429738	1976	1112	1	aa	0.7	9.0
True	PROKKA_06122025__gr_1e-12_lr_1e-12_mu_1e-14	46118	mmseqs2	0.9977090230598792	0.999677245831092	0.9990509027910468	9.999000099990002e-05	0.9996002322927253	0.9998641531026247	0.9997321752794618	1939	1064	7	aa	0.8	1.0
True	PROKKA_06122025__gr_1e-12_lr_1e-12_mu_1e-14	46118	panta	0.9994245883499536	0.999076425767721	0.9993732088158533	9.999000099990002e-05	0.9999774980290849	0.999679112757925	0.9998282831312401	1976	1111	2	aa	0.5	11.0
True	PROKKA_06122025__gr_1e-12_lr_1e-12_mu_1e-14	46118	panaroo	0.999013815255113	1.0	0.9994977179340154	9.999000099990002e-05	0.9997246596306506	1.0000000000000002	0.9998623108596361	1885	1014	2	aa	0.7	47.0
True	PROKKA_06122025__gr_1e-12_lr_1e-12_mu_1e-14	46118	cdhit	0.985801533818756	0.9847229693383539	0.9905044630653493	9.999000099990002e-05	0.9997030653204617	0.9950090678190255	0.9973505435641485	2017	1108	20	nt	0.95	1.0
True	PROKKA_06122025__gr_1e-12_lr_1e-12_mu_1e-14	46118	cdhit	0.9930488094704214	0.9994620763851533	0.9972771248504301	9.999000099990002e-05	0.9986661441369186	0.9997947723460057	0.9992301395458038	1929	1056	6	aa	0.8	0.0
True	PROKKA_06122025__gr_1e-12_lr_1e-12_mu_1e-14	46118	ppanggolin	0.9925514326463957	0.9985098578633654	0.9968661855054313	9.999000099990002e-05	0.9988593563514387	0.9994215534195471	0.9991403758011305	1888	1017	5	aa	0.9	4.0
True	PROKKA_06122025__gr_1e-12_lr_1e-12_mu_1e-14	46118	cdhit	0.9737278469744775	0.9994620763851533	0.991071356568739	9.999000099990002e-05	0.9951159272439652	0.9998057506319407	0.9974553263297002	1888	1022	7	aa	0.5	3.0
True	PROKKA_06122025__gr_1e-12_lr_1e-12_mu_1e-14	46118	panaroo	0.9951229398122757	0.995644199908299	0.9969568526054792	9.999000099990002e-05	0.9998687704356584	0.9984702480380109	0.9991690198641909	1913	1031	9	aa	0.9	35.0
True	PROKKA_06122025__gr_1e-12_lr_1e-12_mu_1e-14	46118	ppanggolin	0.9760026328043404	1.0	0.9919652225131552	9.999000099990002e-05	0.9955625290415774	1.0	0.9977763307870119	1841	977	6	aa	0.5	5.0
True	PROKKA_06122025__gr_1e-12_lr_1e-12_mu_1e-14	46118	cdhit	0.9939024159985937	0.9992469069392146	0.9979141513992521	9.999000099990002e-05	0.9989682297748607	0.9998533119429055	0.9994105749008079	1932	1059	5	nt	0.85	32.0
True	PROKKA_06122025__gr_1e-12_lr_1e-12_mu_1e-14	46118	embed_hdbscan_raw	0.9433480555546244	0.994298009682625	0.9621746193219113	9.999000099990002e-05	0.9795639616699433	0.9983631182149799	0.9888742018949676	1573	704	0	aa	0.9	38.563
True	PROKKA_06122025__gr_1e-12_lr_1e-12_mu_1e-14	46118	embed_hdbscan_tsne	0.8495549985009064	0.9644970414201184	0.904013900349155	9.999000099990002e-05	0.9504387682354841	0.9911415988721104	0.9703635413066102	1027	87	0	aa	0.9	25.787
True	PROKKA_06122025__gr_1e-12_lr_1e-12_mu_1e-14	46118	embed_hdbscan_umap	0.8057859829298547	0.9810650887573964	0.891726231634419	9.999000099990002e-05	0.9371117894825882	0.9952713318552595	0.9653163376524195	889	32	0	aa	0.9	15.171
True	PROKKA_06122025__gr_1e-12_lr_1e-12_mu_1e-14	46118	diamond	0.9710633203419773	1.0	0.9905457122227806	9.999000099990002e-05	0.9946172296462302	0.9999999999999999	0.9973013517211398	1882	1016	11	aa	0.5	2.0
True	PROKKA_06122025__gr_1e-12_lr_1e-12_mu_1e-14	46118	mmseqs2	0.9959840757953804	0.9969876277568586	0.9975925752478694	9.999000099990002e-05	0.9997294733032974	0.9989154683415423	0.9993223050590909	1956	1075	11	aa	0.9	0.0
True	PROKKA_06122025__gr_1e-12_lr_1e-12_mu_1e-14	46118	panaroo	0.9977531002774856	1.0	0.9990167420148082	9.999000099990002e-05	0.9994607423968465	1.0	0.9997302984791254	1882	1011	3	aa	0.6	38.0
True	PROKKA_06122025__gr_1e-12_lr_1e-12_mu_1e-14	46118	panx	0.999093532580243	1.0	0.999610343373318	9.999000099990002e-05	0.9997854095964229	1.0	0.9998926932847158	1828	987	1	aa	0.6	908.0
True	PROKKA_06122025__gr_1e-12_lr_1e-12_mu_1e-14	46118	panaroo	0.9940051826731365	1.0	0.9976781597690743	9.999000099990002e-05	0.9987249240017011	0.9999999999999999	0.9993620552868544	1873	1002	4	aa	0.5	37.0
True	PROKKA_06122025__gr_1e-12_lr_1e-12_mu_1e-14	46118	panx	0.9991053975678248	1.0	0.9996156317785271	9.999000099990002e-05	0.9997885488409368	1.0	0.9998942632413883	1847	994	1	aa	0.7	1082.0
True	PROKKA_06122025__gr_1e-12_lr_1e-12_mu_1e-14	46118	diamond	0.9928242383417712	0.9994620763851533	0.9973244504709542	9.999000099990002e-05	0.9986745040724847	0.9998131544622904	0.9992435048909261	1930	1056	8	aa	0.8	1.0
True	PROKKA_06122025__gr_1e-12_lr_1e-12_mu_1e-14	46118	panx	0.998425849981361	0.9994205585815275	0.99916146653628	9.999000099990002e-05	0.9997318641754868	0.9998078581577996	0.9997698597225394	1867	1004	3	aa	0.85	930.0
True	PROKKA_06122025__gr_1e-12_lr_1e-12_mu_1e-14	46118	panta	0.9978972605640127	0.9979219579773724	0.9985609030010768	9.999000099990002e-05	1.0	0.999212686162628	0.9996061880545171	1889	1018	7	aa	0.9	8.0
True	PROKKA_06122025__gr_1e-12_lr_1e-12_mu_1e-14	46118	mmseqs2	0.9980738946819346	1.0	0.9992292473487238	9.999000099990002e-05	0.9995649308785235	1.0000000000000002	0.9997824181076805	1936	1062	5	nt	0.8	1.0
True	PROKKA_06122025__gr_1e-12_lr_1e-12_mu_1e-14	46118	panx	0.9986419300204715	0.9996514464970373	0.9993016855130374	9.999000099990002e-05	0.9997310504232213	0.9998852348670875	0.9998081367008033	1860	1001	2	aa	0.8	971.0
True	PROKKA_06122025__gr_1e-12_lr_1e-12_mu_1e-14	46118	mmseqs2	0.9978031505219456	0.999677245831092	0.9991315028263236	9.999000099990002e-05	0.9996457544814218	0.9998641592880241	0.9997549449566351	1940	1065	7	aa	0.85	1.0
True	PROKKA_06122025__gr_1e-12_lr_1e-12_mu_1e-14	46118	ppanggolin	0.993593865694205	1.0	0.997683538104983	9.999000099990002e-05	0.9987278868329897	1.0	0.9993635385910254	1876	1008	2	aa	0.8	5.0
True	PROKKA_06122025__gr_1e-12_lr_1e-12_mu_1e-14	46118	mmseqs2	0.9970129954443261	1.0	0.9986703140691761	9.999000099990002e-05	0.9992490117809004	1.0	0.9996243648416608	1931	1057	6	nt	0.5	4.0
True	PROKKA_06122025__gr_1e-12_lr_1e-12_mu_1e-14	46118	hdbscan_dist	0.967001107867695	0.992361484669177	0.9781822737900663	9.999000099990002e-05	0.9894922048891055	0.9979999392547875	0.9937278628065036	1773	904	0	aa	0.9	0.641
True	PROKKA_06122025__gr_1e-12_lr_1e-12_mu_1e-14	46118	hdbscan_tsne	0.8537641031454102	0.9626681011296396	0.9109367867418797	9.999000099990002e-05	0.955352876645915	0.9909117823532534	0.9728074929545499	1159	233	0	aa	0.9	29.223
True	PROKKA_06122025__gr_1e-12_lr_1e-12_mu_1e-14	46118	hdbscan_umap	0.29731383739473993	0.9633136094674556	0.8295408287702127	9.999000099990002e-05	0.9001560963344192	0.9883336824175775	0.9421862902840321	916	95	0	aa	0.9	8.396
True	PROKKA_06122025__gr_1e-12_lr_1e-12_mu_1e-14	46118	cdhit	0.9945352246960035	0.9983862291554599	0.9977635656728038	9.999000099990002e-05	0.9991741203358431	0.9995634087292842	0.9993687266222699	1938	1062	6	nt	0.9	2.0
True	PROKKA_06122025__gr_1e-12_lr_1e-12_mu_1e-14	46118	mmseqs2	0.9974401851148705	0.999677245831092	0.99883790197049	9.999000099990002e-05	0.9994798962045229	0.9998641367490559	0.9996719795544805	1936	1060	8	aa	0.7	3.0
True	PROKKA_06122025__gr_1e-12_lr_1e-12_mu_1e-14	46118	mmseqs2	0.9976005022002299	0.9994620763851533	0.9989337879282153	9.999000099990002e-05	0.9996457544814218	0.999752718521312	0.99969923364018	1943	1069	6	nt	0.9	5.0
True	PROKKA_06122025__gr_1e-12_lr_1e-12_mu_1e-14	46118	mmseqs2	0.9963016204099024	0.9998924152770307	0.9983165560145147	9.999000099990002e-05	0.9990981414399764	0.9999508615585196	0.9995243196298693	1929	1054	7	aa	0.6	2.0
True	PROKKA_06122025__gr_1e-12_lr_1e-12_mu_1e-14	46118	ppanggolin	0.9877808948053342	0.9880788629069235	0.9917671082058668	9.999000099990002e-05	0.9997391360792002	0.9957990019356816	0.9977651791652041	1956	1061	22	aa	0.95	5.0
True	PROKKA_06122025__gr_1e-12_lr_1e-12_mu_1e-14	46118	ppanggolin	0.9908149825900978	1.0	0.9964583351461737	9.999000099990002e-05	0.9980526849930326	1.0	0.9990253935636466	1867	1001	1	aa	0.7	6.0
True	PROKKA_06122025__gr_1e-12_lr_1e-12_mu_1e-14	46118	cdhit	0.9766438000039781	0.9741796664873588	0.9839545029136629	9.999000099990002e-05	0.9998211344355358	0.9913389780187957	0.9955619896294502	2086	1147	52	aa	0.95	1.0
True	PROKKA_06122025__gr_1e-12_lr_1e-12_mu_1e-14	46118	ppanggolin	0.9937903443940765	0.9998853736817973	0.9977847062554508	9.999000099990002e-05	0.998834339319122	0.9999493941675484	0.999391555717361	1879	1011	2	aa	0.85	5.0
True	PROKKA_06122025__gr_1e-12_lr_1e-12_mu_1e-14	46118	mmseqs2	0.9977647927818613	1.0	0.9989471625101205	9.999000099990002e-05	0.9994055346320423	1.0000000000000002	0.9997026789424853	1932	1057	6	nt	0.6	1.0
True	PROKKA_06122025__gr_1e-12_lr_1e-12_mu_1e-14	49444	panaroo	0.9988512928877904	0.9990045348965823	0.9993471088752537	9.999000099990002e-05	1.0	0.9996329734984134	0.999816453065912	1886	1021	2	aa	0.85	30.0
True	PROKKA_06122025__gr_1e-12_lr_1e-12_mu_1e-14	49444	panta	0.9998287989213154	0.9995547640249333	0.9997656201575651	9.999000099990002e-05	1.0	0.9998680701488627	0.9999340307227729	1970	1116	0	aa	0.6	12.0
True	PROKKA_06122025__gr_1e-12_lr_1e-12_mu_1e-14	49444	diamond	0.9769897022506439	1.0	0.9934344536678736	9.999000099990002e-05	0.9962265373745176	1.0	0.9981097022032152	1904	1044	11	aa	0.6	1.0
True	PROKKA_06122025__gr_1e-12_lr_1e-12_mu_1e-14	49444	diamond	0.9553101822411119	0.9500370487985604	0.9727064712657809	9.999000099990002e-05	0.9998140981158344	0.9852206261263907	0.9924637183681582	2142	1117	92	aa	0.95	0.0
True	PROKKA_06122025__gr_1e-12_lr_1e-12_mu_1e-14	49444	diamond	0.9840173224372402	1.0	0.9954147628035276	9.999000099990002e-05	0.9973698454522784	1.0	0.9986831910205763	1919	1062	7	aa	0.7	1.0
True	PROKKA_06122025__gr_1e-12_lr_1e-12_mu_1e-14	49444	panta	0.9997146323553283	0.9996660730186999	0.9997872867015385	9.999000099990002e-05	1.0	0.9998802618918691	0.9999401273614162	1872	1016	1	aa	0.8	9.0
True	PROKKA_06122025__gr_1e-12_lr_1e-12_mu_1e-14	49444	mmseqs2	0.9972163972131451	1.0	0.9989018292828659	9.999000099990002e-05	0.9993722329922503	1.0	0.9996860179423367	1932	1068	6	nt	0.7	0.0
True	PROKKA_06122025__gr_1e-12_lr_1e-12_mu_1e-14	49444	cdhit	0.9842088477096225	0.9995765851593098	0.9954898355505186	9.999000099990002e-05	0.9975141041223796	0.999899656463236	0.998705455735692	1920	1061	7	aa	0.7	0.0
True	PROKKA_06122025__gr_1e-12_lr_1e-12_mu_1e-14	49444	panx	0.9984890402121473	1.0	0.999590851965663	9.999000099990002e-05	0.9997682538488625	1.0	0.9998841134963057	1777	972	0	aa	0.5	889.0
True	PROKKA_06122025__gr_1e-12_lr_1e-12_mu_1e-14	49444	ppanggolin	0.9764977596153054	1.0	0.9933365227497621	9.999000099990002e-05	0.9962255550170512	1.0	0.9981092091655361	1850	999	4	aa	0.6	8.0
True	PROKKA_06122025__gr_1e-12_lr_1e-12_mu_1e-14	49444	panx	0.995281065894612	0.9963021066786194	0.9974505575474552	9.999000099990002e-05	0.9997810117408865	0.9987865628653054	0.9992835398937567	1878	1022	4	aa	0.9	891.0
True	PROKKA_06122025__gr_1e-12_lr_1e-12_mu_1e-14	49444	panaroo	0.9555595741386794	0.9500055303616857	0.9705165195275556	9.999000099990002e-05	1.0	0.9841365283324562	0.9920048487384706	2129	1085	117	aa	0.95	38.0
True	PROKKA_06122025__gr_1e-12_lr_1e-12_mu_1e-14	49444	cdhit	0.9910700733651089	1.0	0.9974572327436193	9.999000099990002e-05	0.99854437042077	0.9999999999999999	0.9992716551102022	1928	1068	5	nt	0.8	35.0
True	PROKKA_06122025__gr_1e-12_lr_1e-12_mu_1e-14	49444	panta	0.9738290798539418	0.9709483526268923	0.9834115256258558	9.999000099990002e-05	0.9999999999999999	0.9908941172234285	0.9954262345255854	1999	1053	54	aa	0.95	8.0
True	PROKKA_06122025__gr_1e-12_lr_1e-12_mu_1e-14	49444	mmseqs2	0.9870438858796801	1.0	0.9955594222557271	9.999000099990002e-05	0.997453156393635	1.0	0.9987249545261109	1910	1048	8	aa	0.5	6.0
True	PROKKA_06122025__gr_1e-12_lr_1e-12_mu_1e-14	49444	cdhit	0.9754009304367117	0.999788292579655	0.9928741118403519	9.999000099990002e-05	0.995959826000732	0.9999429675310835	0.9979474222696291	1905	1048	9	aa	0.6	0.0
True	PROKKA_06122025__gr_1e-12_lr_1e-12_mu_1e-14	49444	panaroo	0.9989811339044293	1.0	0.9996749613177522	9.999000099990002e-05	0.9998170335827398	1.0	0.9999085084214266	1880	1021	0	aa	0.8	30.0
True	PROKKA_06122025__gr_1e-12_lr_1e-12_mu_1e-14	49444	cdhit	0.991989141043564	0.9948131682015454	0.9956018816226945	9.999000099990002e-05	0.9991151654047898	0.9983778130978558	0.998746353158623	1953	1082	10	aa	0.9	0.0
True	PROKKA_06122025__gr_1e-12_lr_1e-12_mu_1e-14	49444	cdhit	0.989608803797424	0.9992590240287922	0.9969431505124864	9.999000099990002e-05	0.9984354640876603	0.9998145972749357	0.9991245547627968	1933	1074	5	aa	0.85	0.0
True	PROKKA_06122025__gr_1e-12_lr_1e-12_mu_1e-14	49444	panta	0.9991576975498081	0.9989982190560998	0.9994574563727123	9.999000099990002e-05	0.9999999999999999	0.9996947541421528	0.9998473537737622	1874	1016	1	aa	0.85	8.0
True	PROKKA_06122025__gr_1e-12_lr_1e-12_mu_1e-14	49444	mmseqs2	0.9984315086629738	1.0	0.99947061146737	9.999000099990002e-05	0.9996975465969032	1.0	0.9998487504254774	1937	1073	5	nt	0.85	1.0
True	PROKKA_06122025__gr_1e-12_lr_1e-12_mu_1e-14	49444	mmseqs2	0.9692490396631711	0.9680321795278924	0.980096165022526	9.999000099990002e-05	0.9999999999999999	0.9889774199084661	0.9944581673068761	2117	1163	64	aa	0.95	3.0
True	PROKKA_06122025__gr_1e-12_lr_1e-12_mu_1e-14	49444	diamond	0.9855760835349919	0.9915317031861967	0.9935419093364904	9.999000099990002e-05	0.9988046988992861	0.9975190569843045	0.9981614639620666	1962	1080	10	aa	0.9	0.0
True	PROKKA_06122025__gr_1e-12_lr_1e-12_mu_1e-14	49444	mmseqs2	0.9798421363085345	0.9798877950672171	0.9871562082009145	9.999000099990002e-05	0.9999999999999999	0.9928102233447563	0.9963921418251376	2056	1137	46	nt	0.95	1.0
True	PROKKA_06122025__gr_1e-12_lr_1e-12_mu_1e-14	49444	hdbscan_dist	0.9781674903284714	0.9956599978829258	0.9860682548278581	9.999000099990002e-05	0.9931019736468467	0.9988562957612406	0.9959708232289729	1817	952	0	nt	0.9	0.669
True	PROKKA_06122025__gr_1e-12_lr_1e-12_mu_1e-14	49444	hdbscan_tsne	0.8649257288951777	0.9835926749232561	0.9140121076239021	9.999000099990002e-05	0.9513144477433363	0.9955917861724509	0.9729496302813876	1008	111	0	nt	0.9	23.321
True	PROKKA_06122025__gr_1e-12_lr_1e-12_mu_1e-14	49444	hdbscan_umap	0.8027403282245651	0.9876151159098127	0.8934985003442162	9.999000099990002e-05	0.9359910537701949	0.9965733461456991	0.9653326289760872	887	62	0	nt	0.9	7.864
True	PROKKA_06122025__gr_1e-12_lr_1e-12_mu_1e-14	49444	panx	0.9800695916212541	0.9797543976103551	0.9877564397847555	9.999000099990002e-05	0.9996537183798514	0.9935682263825658	0.9966016825946531	1972	1054	41	aa	0.95	874.0
True	PROKKA_06122025__gr_1e-12_lr_1e-12_mu_1e-14	49444	diamond	0.988714558580294	0.9975653646660315	0.9961987224319793	9.999000099990002e-05	0.9985115008139387	0.9993143281113003	0.9989127531543462	1935	1068	7	aa	0.85	1.0
True	PROKKA_06122025__gr_1e-12_lr_1e-12_mu_1e-14	49444	panta	0.9998287989213154	0.9995547640249333	0.9997656201575651	9.999000099990002e-05	1.0	0.9998680701488625	0.9999340307227728	1970	1116	0	aa	0.7	10.0
True	PROKKA_06122025__gr_1e-12_lr_1e-12_mu_1e-14	49444	mmseqs2	0.9975387040692455	0.9998941462898274	0.9991718572366688	9.999000099990002e-05	0.9995751537620724	0.9999516287622735	0.9997633558204306	1938	1075	5	aa	0.8	1.0
True	PROKKA_06122025__gr_1e-12_lr_1e-12_mu_1e-14	49444	panta	0.9998145348061441	0.9995547640249333	0.9997270232903919	9.999000099990002e-05	0.9999782654560361	0.9998680672817435	0.9999231633327471	1970	1115	1	aa	0.5	10.0
True	PROKKA_06122025__gr_1e-12_lr_1e-12_mu_1e-14	49444	panaroo	0.9989104562713902	1.0	0.9995674832523114	9.999000099990002e-05	0.9997565073731186	1.0	0.9998782388625896	1878	1018	1	aa	0.7	34.0
True	PROKKA_06122025__gr_1e-12_lr_1e-12_mu_1e-14	49444	cdhit	0.9845051949947434	0.9857097491267068	0.9903088447336058	9.999000099990002e-05	0.9996283987001254	0.9949075094905868	0.9972623671327857	2019	1118	34	nt	0.95	1.0
True	PROKKA_06122025__gr_1e-12_lr_1e-12_mu_1e-14	49444	cdhit	0.9875247968614188	1.0	0.9965457444635375	9.999000099990002e-05	0.9980208065140556	0.9999999999999999	0.9990094229852402	1926	1068	6	aa	0.8	0.0
True	PROKKA_06122025__gr_1e-12_lr_1e-12_mu_1e-14	49444	ppanggolin	0.9909570111194345	0.9982302842605907	0.9970366773804293	9.999000099990002e-05	0.998859616319456	0.9994707524696019	0.9991650909446671	1880	1020	1	aa	0.9	4.0
True	PROKKA_06122025__gr_1e-12_lr_1e-12_mu_1e-14	49444	cdhit	0.9684231384256438	0.9992590240287922	0.9899928848644177	9.999000099990002e-05	0.9945026192077732	0.9997301548934455	0.997109535511085	1890	1035	10	aa	0.5	3.0
True	PROKKA_06122025__gr_1e-12_lr_1e-12_mu_1e-14	49444	panaroo	0.9947169479904906	0.9940272093794934	0.9965057645965512	9.999000099990002e-05	0.9999999999999999	0.9980443326560792	0.9990212092334703	1911	1027	16	aa	0.9	37.0
True	PROKKA_06122025__gr_1e-12_lr_1e-12_mu_1e-14	49444	ppanggolin	0.9677290437067	1.0	0.9902189512259691	9.999000099990002e-05	0.9944424419372048	1.0000000000000002	0.9972134778392517	1830	983	4	aa	0.5	6.0
True	PROKKA_06122025__gr_1e-12_lr_1e-12_mu_1e-14	49444	cdhit	0.9916035986356969	0.999788292579655	0.9976153975404312	9.999000099990002e-05	0.998717564372189	0.9999178535154847	0.999317348524419	1933	1073	5	nt	0.85	33.0
True	PROKKA_06122025__gr_1e-12_lr_1e-12_mu_1e-14	49444	embed_hdbscan_raw	0.9499450497423965	0.9937546310998201	0.9657815912327166	9.999000099990002e-05	0.9817282425269763	0.9981427848406219	0.9898674695547518	1599	732	0	aa	0.9	38.944
True	PROKKA_06122025__gr_1e-12_lr_1e-12_mu_1e-14	49444	embed_hdbscan_tsne	0.870818577799807	0.981052185879115	0.9144846372338301	9.999000099990002e-05	0.9523646489889106	0.9949521305283257	0.9731926993268025	1002	90	0	aa	0.9	23.396
True	PROKKA_06122025__gr_1e-12_lr_1e-12_mu_1e-14	49444	embed_hdbscan_umap	0.8019488920512494	0.9880385307505029	0.8923374765422379	9.999000099990002e-05	0.9350513601344345	0.9966724759453858	0.9648790751917593	848	13	0	aa	0.9	15.138
True	PROKKA_06122025__gr_1e-12_lr_1e-12_mu_1e-14	49444	diamond	0.9677942146221497	1.0	0.9904141877357607	9.999000099990002e-05	0.9944741348438172	1.0000000000000002	0.9972294124753766	1885	1027	13	aa	0.5	1.0
True	PROKKA_06122025__gr_1e-12_lr_1e-12_mu_1e-14	49444	mmseqs2	0.9953465293286512	0.9956599978829258	0.9971144207462289	9.999000099990002e-05	0.9998941564762083	0.9984643970743673	0.9991787653025234	1962	1087	9	aa	0.9	2.0
True	PROKKA_06122025__gr_1e-12_lr_1e-12_mu_1e-14	49444	panaroo	0.9973298896435843	1.0	0.9990894273464187	9.999000099990002e-05	0.9994871362088155	0.9999999999999999	0.999743502330224	1875	1014	3	aa	0.6	36.0
True	PROKKA_06122025__gr_1e-12_lr_1e-12_mu_1e-14	49444	panx	0.9985297772039868	1.0	0.999601620800182	9.999000099990002e-05	0.9997748958231908	1.0000000000000002	0.9998874352421969	1819	993	0	aa	0.6	1054.0
True	PROKKA_06122025__gr_1e-12_lr_1e-12_mu_1e-14	49444	panaroo	0.9929670629916318	1.0	0.9976311696146402	9.999000099990002e-05	0.9986638757488218	1.0	0.9993314912690471	1865	1005	2	aa	0.5	38.0
True	PROKKA_06122025__gr_1e-12_lr_1e-12_mu_1e-14	49444	panx	0.998527267404045	1.0	0.999565400481998	9.999000099990002e-05	0.9997549794235217	0.9999999999999999	0.9998774747011511	1840	1006	1	aa	0.7	946.0
True	PROKKA_06122025__gr_1e-12_lr_1e-12_mu_1e-14	49444	diamond	0.9867583359156646	0.9990473166084471	0.9961579863238899	9.999000099990002e-05	0.9980208065140556	0.9997782777941545	0.9988987691270963	1928	1068	6	aa	0.8	1.0
True	PROKKA_06122025__gr_1e-12_lr_1e-12_mu_1e-14	49444	panx	0.997756458264808	0.9991016282987086	0.999097999857967	9.999000099990002e-05	0.9997804841362874	0.9997113911327116	0.9997459364407354	1861	1014	0	aa	0.85	895.0
True	PROKKA_06122025__gr_1e-12_lr_1e-12_mu_1e-14	49444	panta	0.9965073712935352	0.9958815672306323	0.997693014174105	9.999000099990002e-05	0.9999999999999999	0.9987055946713108	0.9993523781930965	1888	1018	9	aa	0.9	8.0
True	PROKKA_06122025__gr_1e-12_lr_1e-12_mu_1e-14	49444	mmseqs2	0.9985221139607794	1.0	0.9994920034525897	9.999000099990002e-05	0.9997097744786684	1.0000000000000002	0.9998548661785649	1937	1073	5	nt	0.8	1.0
True	PROKKA_06122025__gr_1e-12_lr_1e-12_mu_1e-14	49444	panx	0.9985591768461055	1.0	0.999609373677397	9.999000099990002e-05	0.9997797186360474	1.0	0.9998898471857177	1852	1010	0	aa	0.8	878.0
True	PROKKA_06122025__gr_1e-12_lr_1e-12_mu_1e-14	49444	mmseqs2	0.9974560442427693	0.9989414628982746	0.9989245855173228	9.999000099990002e-05	0.9997499845168889	0.9996360887619323	0.9996930333953541	1943	1076	7	aa	0.85	1.0
True	PROKKA_06122025__gr_1e-12_lr_1e-12_mu_1e-14	49444	ppanggolin	0.9893349556146572	1.0	0.9970121629789834	9.999000099990002e-05	0.9983137115251127	1.0	0.9991561442704608	1870	1017	0	aa	0.8	5.0
True	PROKKA_06122025__gr_1e-12_lr_1e-12_mu_1e-14	49444	mmseqs2	0.9970223078241726	0.9998941462898274	0.998709428023893	9.999000099990002e-05	0.9993049162352735	0.9999572714705852	0.999630987421828	1931	1066	7	nt	0.5	5.0
True	PROKKA_06122025__gr_1e-12_lr_1e-12_mu_1e-14	49444	hdbscan_dist	0.9677710306633136	0.9976712183762041	0.9791161506888644	9.999000099990002e-05	0.9884457041676465	0.9993952790996865	0.9938903349983517	1720	858	0	aa	0.9	0.662
True	PROKKA_06122025__gr_1e-12_lr_1e-12_mu_1e-14	49444	hdbscan_tsne	0.8611420017227164	0.9833809675029109	0.9141867409549462	9.999000099990002e-05	0.9512766030168205	0.9957294797169705	0.9729955806392576	1032	144	0	aa	0.9	24.522
True	PROKKA_06122025__gr_1e-12_lr_1e-12_mu_1e-14	49444	hdbscan_umap	0.3765602930876223	0.9815814544299778	0.8508876944489351	9.999000099990002e-05	0.9086907448497434	0.9934693812183247	0.9491907853948868	871	71	0	aa	0.9	8.392
True	PROKKA_06122025__gr_1e-12_lr_1e-12_mu_1e-14	49444	cdhit	0.9906347404789523	0.9985180480575844	0.9970896862906411	9.999000099990002e-05	0.998825536612602	0.9995103152985141	0.9991678086274701	1940	1077	6	nt	0.9	1.0
True	PROKKA_06122025__gr_1e-12_lr_1e-12_mu_1e-14	49444	mmseqs2	0.9972293083927145	1.0	0.9989378618776079	9.999000099990002e-05	0.9993928528133936	1.0000000000000002	0.9996963342217854	1933	1070	5	aa	0.7	1.0
True	PROKKA_06122025__gr_1e-12_lr_1e-12_mu_1e-14	49444	mmseqs2	0.9966616643785369	0.9980946332168943	0.9984356157079203	9.999000099990002e-05	0.9997499845168888	0.9993575729458286	0.9995537402174627	1947	1077	10	nt	0.9	1.0
True	PROKKA_06122025__gr_1e-12_lr_1e-12_mu_1e-14	49444	mmseqs2	0.9940760136516763	1.0	0.9980389803556934	9.999000099990002e-05	0.9988780350139999	1.0	0.9994387026290015	1928	1064	8	aa	0.6	1.0
True	PROKKA_06122025__gr_1e-12_lr_1e-12_mu_1e-14	49444	ppanggolin	0.98438625304384	0.984404380046455	0.9903079397025891	9.999000099990002e-05	0.9995989492726993	0.9950144170243165	0.9973014144743149	1953	1046	36	aa	0.95	5.0
True	PROKKA_06122025__gr_1e-12_lr_1e-12_mu_1e-14	49444	ppanggolin	0.9804718118694347	1.0	0.9947890489780723	9.999000099990002e-05	0.9970525735583079	1.0000000000000002	0.9985241117431175	1861	1012	0	aa	0.7	6.0
True	PROKKA_06122025__gr_1e-12_lr_1e-12_mu_1e-14	49444	cdhit	0.9730870511710578	0.971842913094104	0.9819312724669153	9.999000099990002e-05	0.9998945181922754	0.9900645152685226	0.994955237598051	2109	1173	59	aa	0.95	0.0
True	PROKKA_06122025__gr_1e-12_lr_1e-12_mu_1e-14	49444	ppanggolin	0.992025881091759	0.9995575710651476	0.9975992100943398	9.999000099990002e-05	0.9987585840283312	0.9998876360578716	0.999322791137616	1873	1017	0	aa	0.85	8.0
True	PROKKA_06122025__gr_1e-12_lr_1e-12_mu_1e-14	49444	mmseqs2	0.9972163972131451	1.0	0.9989018292828659	9.999000099990002e-05	0.9993722329922503	1.0	0.9996860179423367	1932	1068	6	nt	0.6	0.0
True	PROKKA_06122025__gr_1e-12_lr_1e-12_mu_1e-14	53144	panaroo	0.9985692500049963	0.9997571636716853	0.9994764724704409	9.999000099990002e-05	0.9998134397096488	0.9999112536238407	0.999862344274525	1897	1022	1	aa	0.85	45.0
True	PROKKA_06122025__gr_1e-12_lr_1e-12_mu_1e-14	53144	panta	0.9994131430646953	0.9990230797411161	0.9993703226924384	9.999000099990002e-05	1.0	0.9996689006378575	0.999834422907694	1985	1116	1	aa	0.6	10.0
True	PROKKA_06122025__gr_1e-12_lr_1e-12_mu_1e-14	53144	diamond	0.983643528180691	0.9996425166825548	0.9935552683910536	9.999000099990002e-05	0.9967200250422366	0.9998649485978733	0.998290009954732	1906	1034	7	aa	0.6	1.0
True	PROKKA_06122025__gr_1e-12_lr_1e-12_mu_1e-14	53144	diamond	0.9717382354734556	0.9722354623450906	0.9833800817136303	9.999000099990002e-05	0.9995764338494736	0.9918612190595656	0.9957038813370644	2045	1104	35	aa	0.95	1.0
True	PROKKA_06122025__gr_1e-12_lr_1e-12_mu_1e-14	53144	diamond	0.9875696086596668	0.9996425166825548	0.995242577147793	9.999000099990002e-05	0.9976182393479804	0.9998650701761773	0.9987403911097754	1919	1047	6	aa	0.7	1.0
True	PROKKA_06122025__gr_1e-12_lr_1e-12_mu_1e-14	53144	panta	0.9996977656129289	0.9995115398705581	0.9997090352587106	9.999000099990002e-05	0.9999999999999999	0.9998469249155283	0.9999234565993204	1888	1017	2	aa	0.8	9.0
True	PROKKA_06122025__gr_1e-12_lr_1e-12_mu_1e-14	53144	mmseqs2	0.997865081193191	1.0	0.9989032995486141	9.999000099990002e-05	0.9994217181086281	1.0	0.9997107754276477	1932	1054	5	nt	0.7	2.0
True	PROKKA_06122025__gr_1e-12_lr_1e-12_mu_1e-14	53144	cdhit	0.9904824243081162	0.9996425166825548	0.9961722573280071	9.999000099990002e-05	0.9981242536320197	0.9998528056959197	0.9989877819346042	1921	1045	7	aa	0.7	1.0
True	PROKKA_06122025__gr_1e-12_lr_1e-12_mu_1e-14	53144	panx	0.9985090969319423	1.0	0.9993619144448156	9.999000099990002e-05	0.9996628201475355	0.9999999999999999	0.9998313816464118	1796	976	2	aa	0.5	933.0
True	PROKKA_06122025__gr_1e-12_lr_1e-12_mu_1e-14	53144	ppanggolin	0.98505885220101	1.0	0.9944821213952841	9.999000099990002e-05	0.9970830328609909	1.0	0.9985393861491927	1867	999	4	aa	0.6	5.0
True	PROKKA_06122025__gr_1e-12_lr_1e-12_mu_1e-14	53144	panx	0.9960411258885963	0.9976675669040019	0.9977953361920487	9.999000099990002e-05	0.999565921452699	0.9992757858605714	0.9994208325997748	1887	1018	4	aa	0.9	979.0
True	PROKKA_06122025__gr_1e-12_lr_1e-12_mu_1e-14	53144	panaroo	0.9723684561692464	0.9726809130645945	0.9833309045784044	9.999000099990002e-05	0.9998613294913896	0.9915832679967604	0.9957050935699528	2011	1053	49	aa	0.95	71.0
True	PROKKA_06122025__gr_1e-12_lr_1e-12_mu_1e-14	53144	cdhit	0.9946035128671183	1.0	0.9978276635902472	9.999000099990002e-05	0.9988533245615739	1.0	0.9994263333760731	1928	1053	5	nt	0.8	32.0
True	PROKKA_06122025__gr_1e-12_lr_1e-12_mu_1e-14	53144	panta	0.9874934486286602	0.9873000366345097	0.9929461781015614	9.999000099990002e-05	1.0	0.9963267302656901	0.9981599856984228	1928	1025	14	aa	0.95	8.0
True	PROKKA_06122025__gr_1e-12_lr_1e-12_mu_1e-14	53144	mmseqs2	0.9898011812826003	1.0	0.9954797181487852	9.999000099990002e-05	0.9976083750382798	1.0	0.9988027558396303	1910	1036	6	aa	0.5	4.0
True	PROKKA_06122025__gr_1e-12_lr_1e-12_mu_1e-14	53144	cdhit	0.9835418663845368	0.9991658722592945	0.9935761370669399	9.999000099990002e-05	0.9967586245299997	0.9998377378465226	0.9982958069129708	1905	1033	7	aa	0.6	1.0
True	PROKKA_06122025__gr_1e-12_lr_1e-12_mu_1e-14	53144	panaroo	0.9988875475559008	1.0	0.9996452821832943	9.999000099990002e-05	0.9998134397096488	1.0	0.9999067111528271	1896	1022	1	aa	0.8	43.0
True	PROKKA_06122025__gr_1e-12_lr_1e-12_mu_1e-14	53144	cdhit	0.9931820841075204	0.9973784556720686	0.9966447991013359	9.999000099990002e-05	0.9990759332991719	0.9991564926177161	0.9991162113345579	1943	1063	7	aa	0.9	1.0
True	PROKKA_06122025__gr_1e-12_lr_1e-12_mu_1e-14	53144	cdhit	0.9925030320587086	0.9997616777883699	0.9973799984088821	9.999000099990002e-05	0.9987302421283955	0.9998866320645702	0.9993081025557057	1932	1059	4	aa	0.85	1.0
True	PROKKA_06122025__gr_1e-12_lr_1e-12_mu_1e-14	53144	panta	0.9993419621603642	0.9990230797411161	0.9995076967358154	9.999000099990002e-05	0.9999999999999999	0.9997410808741987	0.9998705236751508	1889	1017	2	aa	0.85	12.0
True	PROKKA_06122025__gr_1e-12_lr_1e-12_mu_1e-14	53144	mmseqs2	0.9982906951239329	0.9998808388941849	0.9992393330034764	9.999000099990002e-05	0.9996565040557789	0.9999426064125527	0.9997995347664235	1938	1061	4	nt	0.85	2.0
True	PROKKA_06122025__gr_1e-12_lr_1e-12_mu_1e-14	53144	mmseqs2	0.9816868546317035	0.9833174451858914	0.9888727799438438	9.999000099990002e-05	0.9998641377403306	0.9943671771132696	0.997108081430999	2023	1111	25	aa	0.95	1.0
True	PROKKA_06122025__gr_1e-12_lr_1e-12_mu_1e-14	53144	diamond	0.9892541569287385	0.9952335557673975	0.9948687931265219	9.999000099990002e-05	0.9988894328727596	0.9984111039009523	0.9986502111098962	1959	1081	6	aa	0.9	1.0
True	PROKKA_06122025__gr_1e-12_lr_1e-12_mu_1e-14	53144	mmseqs2	0.9895601875214987	0.9914204003813155	0.9938109942061203	9.999000099990002e-05	0.9997730492437383	0.9969926184501905	0.9983808980175571	1984	1090	13	nt	0.95	2.0
True	PROKKA_06122025__gr_1e-12_lr_1e-12_mu_1e-14	53144	hdbscan_dist	0.9646778168511957	0.990467111534795	0.976421190762483	9.999000099990002e-05	0.9896518893993139	0.9977208678472718	0.9936699980995698	1802	938	0	nt	0.9	0.535
True	PROKKA_06122025__gr_1e-12_lr_1e-12_mu_1e-14	53144	hdbscan_tsne	0.8479800808151785	0.9823641563393708	0.9023207943210804	9.999000099990002e-05	0.947946275195349	0.9957424547741766	0.971256700214394	1041	151	0	nt	0.9	26.508
True	PROKKA_06122025__gr_1e-12_lr_1e-12_mu_1e-14	53144	hdbscan_umap	0.7628425359580282	0.9871306005719733	0.8723238965797108	9.999000099990002e-05	0.9269799655653012	0.9966896568176352	0.9605717457986498	872	66	0	nt	0.9	7.934
True	PROKKA_06122025__gr_1e-12_lr_1e-12_mu_1e-14	53144	panx	0.9902127839913396	0.9917174177831912	0.9942170425192376	9.999000099990002e-05	0.9995901135091639	0.9973888345515868	0.9984882607904828	1927	1040	8	aa	0.95	1408.0
True	PROKKA_06122025__gr_1e-12_lr_1e-12_mu_1e-14	53144	diamond	0.9915970444779058	0.9989275500476644	0.996747601080379	9.999000099990002e-05	0.9986325243908771	0.999650752039735	0.999141378795744	1933	1058	5	aa	0.85	1.0
True	PROKKA_06122025__gr_1e-12_lr_1e-12_mu_1e-14	53144	panta	0.9994131430646953	0.9990230797411161	0.9993703226924384	9.999000099990002e-05	1.0	0.9996689006378575	0.999834422907694	1985	1116	1	aa	0.7	13.0
True	PROKKA_06122025__gr_1e-12_lr_1e-12_mu_1e-14	53144	mmseqs2	0.9985131331137341	1.0	0.9993557585848541	9.999000099990002e-05	0.9996604492153264	1.0	0.999830195779085	1937	1060	4	aa	0.8	1.0
True	PROKKA_06122025__gr_1e-12_lr_1e-12_mu_1e-14	53144	panta	0.9993063679166272	0.9989009647087557	0.9992767813011625	9.999000099990002e-05	0.9999999999999999	0.9996197684038374	0.9998098480510291	1986	1117	1	aa	0.5	11.0
True	PROKKA_06122025__gr_1e-12_lr_1e-12_mu_1e-14	53144	panaroo	0.9987288274579029	1.0	0.9994989464547991	9.999000099990002e-05	0.9997364374908749	1.0	0.9998682013768495	1894	1019	2	aa	0.7	53.0
True	PROKKA_06122025__gr_1e-12_lr_1e-12_mu_1e-14	53144	cdhit	0.9903427381129646	0.9926120114394662	0.9941137248447128	9.999000099990002e-05	0.9994885373797672	0.9974284431449484	0.9984574276272313	1973	1079	17	nt	0.95	1.0
True	PROKKA_06122025__gr_1e-12_lr_1e-12_mu_1e-14	53144	cdhit	0.9915230787190608	0.9996425166825548	0.9968477039285353	9.999000099990002e-05	0.9984796591490066	0.9998554833287436	0.9991670976215791	1928	1055	4	aa	0.8	1.0
True	PROKKA_06122025__gr_1e-12_lr_1e-12_mu_1e-14	53144	ppanggolin	0.9922562433183572	0.9995143273433705	0.9973405569306795	9.999000099990002e-05	0.9987574473599024	0.9998413194559154	0.999299089507317	1889	1018	1	aa	0.9	8.0
True	PROKKA_06122025__gr_1e-12_lr_1e-12_mu_1e-14	53144	cdhit	0.9754332994659706	0.9995233555767398	0.9906144884839119	9.999000099990002e-05	0.9951326178416876	0.9998792341592952	0.9975002793256499	1887	1019	7	aa	0.5	6.0
True	PROKKA_06122025__gr_1e-12_lr_1e-12_mu_1e-14	53144	panaroo	0.9959977974738284	0.9973288003885381	0.9980473143728578	9.999000099990002e-05	0.9998134397096489	0.9991617369860457	0.9994874821143019	1906	1023	4	aa	0.9	44.0
True	PROKKA_06122025__gr_1e-12_lr_1e-12_mu_1e-14	53144	ppanggolin	0.9729776760606215	1.0	0.990414598882701	9.999000099990002e-05	0.9949122407572111	1.0	0.9974496325508245	1847	986	4	aa	0.5	7.0
True	PROKKA_06122025__gr_1e-12_lr_1e-12_mu_1e-14	53144	cdhit	0.994939168648923	0.9997616777883699	0.997951478523084	9.999000099990002e-05	0.999006108053841	0.9999129804305654	0.9994593385266461	1932	1057	5	nt	0.85	28.0
True	PROKKA_06122025__gr_1e-12_lr_1e-12_mu_1e-14	53144	embed_hdbscan_raw	0.9282012538194232	0.9781935176358436	0.9519673649795415	9.999000099990002e-05	0.9802090429003809	0.9937549399686082	0.9869355135531919	1617	667	0	aa	0.9	30.548
True	PROKKA_06122025__gr_1e-12_lr_1e-12_mu_1e-14	53144	embed_hdbscan_tsne	0.7841355470963263	0.8726167778836987	0.8643911828797536	9.999000099990002e-05	0.9638041380991262	0.9646137710314759	0.9642087846059054	1557	325	0	aa	0.9	25.233
True	PROKKA_06122025__gr_1e-12_lr_1e-12_mu_1e-14	53144	embed_hdbscan_umap	0.7750148478821312	0.9859389895138226	0.876884244314135	9.999000099990002e-05	0.9303695317960842	0.9964524323652334	0.9622777819643905	856	10	0	aa	0.9	14.78
True	PROKKA_06122025__gr_1e-12_lr_1e-12_mu_1e-14	53144	diamond	0.97391459356105	0.9996425166825548	0.9900363179158279	9.999000099990002e-05	0.9948370496268022	0.9998646930142461	0.9973445352359128	1887	1020	9	aa	0.5	2.0
True	PROKKA_06122025__gr_1e-12_lr_1e-12_mu_1e-14	53144	mmseqs2	0.9972786294235723	0.9990467111534795	0.9987440967789796	9.999000099990002e-05	0.999710693967002	0.9996279328079636	0.999669311674564	1943	1064	5	aa	0.9	1.0
True	PROKKA_06122025__gr_1e-12_lr_1e-12_mu_1e-14	53144	panaroo	0.9973377756579994	1.0	0.999071225909818	9.999000099990002e-05	0.9995112430819839	1.0	0.9997555618055627	1892	1017	3	aa	0.6	57.0
True	PROKKA_06122025__gr_1e-12_lr_1e-12_mu_1e-14	53144	panx	0.9985475280844429	1.0	0.9993789258716206	9.999000099990002e-05	0.9996727171738659	1.0	0.999836331804038	1837	993	2	aa	0.6	913.0
True	PROKKA_06122025__gr_1e-12_lr_1e-12_mu_1e-14	53144	panaroo	0.9947246475853132	1.0	0.997857061149498	9.999000099990002e-05	0.9988709429390568	1.0	0.9994351525970541	1883	1009	2	aa	0.5	50.0
True	PROKKA_06122025__gr_1e-12_lr_1e-12_mu_1e-14	53144	panx	0.9985116569963148	0.9998754514883547	0.9993112211462639	9.999000099990002e-05	0.9996765933472814	0.9999606095525524	0.9998185812799569	1856	1004	2	aa	0.7	944.0
True	PROKKA_06122025__gr_1e-12_lr_1e-12_mu_1e-14	53144	diamond	0.9914504875629238	0.9991658722592945	0.9967742377583932	9.999000099990002e-05	0.9985591288869683	0.9997377392404949	0.9991480864871559	1931	1057	4	aa	0.8	1.0
True	PROKKA_06122025__gr_1e-12_lr_1e-12_mu_1e-14	53144	panx	0.9979433870097293	0.999381800197824	0.9989256680770984	9.999000099990002e-05	0.9996792828562594	0.9997556332386931	0.9997174565897192	1872	1013	3	aa	0.85	910.0
True	PROKKA_06122025__gr_1e-12_lr_1e-12_mu_1e-14	53144	panta	0.9985048285624637	0.9982903895469533	0.9989835354747215	9.999000099990002e-05	0.9999999999999999	0.9994658316762087	0.9997328444850975	1893	1019	4	aa	0.9	9.0
True	PROKKA_06122025__gr_1e-12_lr_1e-12_mu_1e-14	53144	mmseqs2	0.9986155339267176	1.0	0.9994072140702863	9.999000099990002e-05	0.9996875850457395	0.9999999999999999	0.9998437681182816	1937	1059	5	nt	0.8	0.0
True	PROKKA_06122025__gr_1e-12_lr_1e-12_mu_1e-14	53144	panx	0.9985204129264572	0.9998762376237624	0.9993156376436824	9.999000099990002e-05	0.9996789129316627	0.9999608921541578	0.9998198826612592	1866	1008	2	aa	0.8	1014.0
True	PROKKA_06122025__gr_1e-12_lr_1e-12_mu_1e-14	53144	mmseqs2	0.9986326027674863	1.0	0.9994510376313482	9.999000099990002e-05	0.999710693967002	1.0	0.9998553260559786	1938	1061	4	aa	0.85	1.0
True	PROKKA_06122025__gr_1e-12_lr_1e-12_mu_1e-14	53144	ppanggolin	0.9907871006130693	1.0	0.9969204597774247	9.999000099990002e-05	0.9983759757611014	1.0	0.999187327981022	1883	1014	1	aa	0.8	7.0
True	PROKKA_06122025__gr_1e-12_lr_1e-12_mu_1e-14	53144	mmseqs2	0.9955169978245669	0.9998808388941849	0.9982647009645556	9.999000099990002e-05	0.9991419888795627	0.9999425768590192	0.9995421225606367	1931	1053	6	nt	0.5	10.0
True	PROKKA_06122025__gr_1e-12_lr_1e-12_mu_1e-14	53144	hdbscan_dist	0.9564901340114674	0.9921353670162059	0.9711802676224617	9.999000099990002e-05	0.9863451787055774	0.9981151062939265	0.992195238501803	1733	869	0	aa	0.9	0.5
True	PROKKA_06122025__gr_1e-12_lr_1e-12_mu_1e-14	53144	hdbscan_tsne	0.8499556517113014	0.98069590085796	0.9056821984794097	9.999000099990002e-05	0.950576193627666	0.9953226622885055	0.9724349494045043	1097	206	0	aa	0.9	35.612
True	PROKKA_06122025__gr_1e-12_lr_1e-12_mu_1e-14	53144	hdbscan_umap	0.27638277949098267	0.977001906577693	0.8185166714278534	9.999000099990002e-05	0.8932909534325268	0.99310353298624	0.9405566102164193	852	60	0	aa	0.9	9.951
True	PROKKA_06122025__gr_1e-12_lr_1e-12_mu_1e-14	53144	cdhit	0.9951946844461048	0.9998808388941849	0.9981896122361588	9.999000099990002e-05	0.9991023082822569	0.9999425745785185	0.9995222648341905	1934	1060	4	nt	0.9	1.0
True	PROKKA_06122025__gr_1e-12_lr_1e-12_mu_1e-14	53144	mmseqs2	0.9981037394359992	1.0	0.9990193330917632	9.999000099990002e-05	0.9994829612565055	0.9999999999999998	0.9997414137787052	1933	1055	5	aa	0.7	2.0
True	PROKKA_06122025__gr_1e-12_lr_1e-12_mu_1e-14	53144	mmseqs2	0.9978275145346478	0.9994041944709247	0.9989741087503728	9.999000099990002e-05	0.999710693967002	0.9997489021381064	0.9997297976874895	1942	1064	5	nt	0.9	4.0
True	PROKKA_06122025__gr_1e-12_lr_1e-12_mu_1e-14	53144	mmseqs2	0.9955017128118195	1.0	0.9980786661646336	9.999000099990002e-05	0.9989860683115456	1.0000000000000002	0.9994927770110421	1928	1051	6	aa	0.6	2.0
True	PROKKA_06122025__gr_1e-12_lr_1e-12_mu_1e-14	53144	ppanggolin	0.9930668876569027	0.9951432734337057	0.9961873238823047	9.999000099990002e-05	0.9995818064132105	0.9984199064057482	0.9990005185690213	1915	1032	6	aa	0.95	5.0
True	PROKKA_06122025__gr_1e-12_lr_1e-12_mu_1e-14	53144	ppanggolin	0.988121773666178	1.0	0.9957808551880999	9.999000099990002e-05	0.9977724738955702	0.9999999999999999	0.9988849950965205	1876	1008	2	aa	0.7	5.0
True	PROKKA_06122025__gr_1e-12_lr_1e-12_mu_1e-14	53144	cdhit	0.9829716473238762	0.9854623450905624	0.9894824685389556	9.999000099990002e-05	0.9996718595357555	0.9948636830890359	0.9972619758376478	2017	1110	24	aa	0.95	3.0
True	PROKKA_06122025__gr_1e-12_lr_1e-12_mu_1e-14	53144	ppanggolin	0.9922643797472974	1.0	0.99740856982647	9.999000099990002e-05	0.9986340452772507	1.0	0.9993165558617512	1885	1015	1	aa	0.85	5.0
True	PROKKA_06122025__gr_1e-12_lr_1e-12_mu_1e-14	53144	mmseqs2	0.997865081193191	1.0	0.9989032995486141	9.999000099990002e-05	0.9994217181086281	1.0	0.9997107754276477	1932	1054	5	nt	0.6	1.0
True	PROKKA_06122025__gr_1e-12_lr_1e-12_mu_1e-14	54634	panaroo	0.9984388261434046	0.998382064024038	0.9990543924301086	9.999000099990002e-05	1.0	0.999489391308538	0.9997446304573149	1910	1016	5	aa	0.85	35.0
True	PROKKA_06122025__gr_1e-12_lr_1e-12_mu_1e-14	54634	panta	1.0	1.0	1.0	9.999000099990002e-05	1.0	0.9999999999999999	0.9999999999999999	1991	1110	0	aa	0.6	10.0
True	PROKKA_06122025__gr_1e-12_lr_1e-12_mu_1e-14	54634	diamond	0.9850186344920921	0.999675148890092	0.9943984081105037	9.999000099990002e-05	0.9969445604133955	0.999906982586958	0.9984235740546117	1905	1020	6	aa	0.6	1.0
True	PROKKA_06122025__gr_1e-12_lr_1e-12_mu_1e-14	54634	diamond	0.9595358497833846	0.955711965349215	0.9765832136124861	9.999000099990002e-05	0.9999070313072579	0.987452168275475	0.9936405722181998	2102	1088	58	aa	0.95	0.0
True	PROKKA_06122025__gr_1e-12_lr_1e-12_mu_1e-14	54634	diamond	0.9896010911393217	0.999350297780184	0.9960603458325186	9.999000099990002e-05	0.9979632242586517	0.99982658379485	0.9988940350392459	1919	1032	4	aa	0.7	1.0
True	PROKKA_06122025__gr_1e-12_lr_1e-12_mu_1e-14	54634	panta	0.9999038633367039	0.9998836262073781	0.9999133697843802	9.999000099990002e-05	1.0	0.9999531195656746	0.9999765592333806	1893	1012	0	aa	0.8	9.0
True	PROKKA_06122025__gr_1e-12_lr_1e-12_mu_1e-14	54634	mmseqs2	0.9969801942628611	1.0	0.9989630626345026	9.999000099990002e-05	0.9994196646074976	1.0	0.9997097480820185	1934	1045	4	nt	0.7	3.0
True	PROKKA_06122025__gr_1e-12_lr_1e-12_mu_1e-14	54634	cdhit	0.9917643117425649	0.999675148890092	0.9967407857803442	9.999000099990002e-05	0.9982704062029317	0.9999019843700464	0.999085529165956	1920	1033	4	aa	0.7	0.0
True	PROKKA_06122025__gr_1e-12_lr_1e-12_mu_1e-14	54634	panx	0.9998477566837657	1.0	0.9998961887457348	9.999000099990002e-05	0.9999433696804264	1.0	0.9999716840384423	1792	963	1	aa	0.5	1084.0
True	PROKKA_06122025__gr_1e-12_lr_1e-12_mu_1e-14	54634	ppanggolin	0.9839271036263751	1.0	0.9942429436479278	9.999000099990002e-05	0.9968689965277612	0.9999999999999999	0.998432043625454	1870	990	3	aa	0.6	5.0
True	PROKKA_06122025__gr_1e-12_lr_1e-12_mu_1e-14	54634	panx	0.9965334167017295	0.9961547424842694	0.9977799034044593	9.999000099990002e-05	0.9998954503986902	0.9989039873993305	0.9993994730016831	1895	1005	7	aa	0.9	914.0
True	PROKKA_06122025__gr_1e-12_lr_1e-12_mu_1e-14	54634	panaroo	0.9626127651912442	0.9594360337455218	0.9766239389066405	9.999000099990002e-05	1.0	0.987796658155189	0.9938608701273618	2074	1057	76	aa	0.95	33.0
True	PROKKA_06122025__gr_1e-12_lr_1e-12_mu_1e-14	54634	cdhit	0.9979572215061593	1.0	0.9989175414478618	9.999000099990002e-05	0.9993941577497081	1.0	0.9996969870858411	1928	1036	4	nt	0.8	33.0
True	PROKKA_06122025__gr_1e-12_lr_1e-12_mu_1e-14	54634	panta	0.9735409127471147	0.9709065518445246	0.9842077774960026	9.999000099990002e-05	1.0000000000000002	0.9916549616212316	0.9958099979466447	1996	1032	39	aa	0.95	9.0
True	PROKKA_06122025__gr_1e-12_lr_1e-12_mu_1e-14	54634	mmseqs2	0.9882586329388907	1.0	0.9955986887533254	9.999000099990002e-05	0.9975285259807194	1.0000000000000002	0.9987627340550409	1911	1025	7	aa	0.5	1.0
True	PROKKA_06122025__gr_1e-12_lr_1e-12_mu_1e-14	54634	cdhit	0.983104463510851	0.9997834325933946	0.9939700799567645	9.999000099990002e-05	0.9967029707389582	0.9999064002687106	0.9983021156569477	1906	1024	5	aa	0.6	0.0
True	PROKKA_06122025__gr_1e-12_lr_1e-12_mu_1e-14	54634	panaroo	0.9980766188385292	0.9994221657228707	0.9992449236175301	9.999000099990002e-05	0.9997996563731396	0.9997920350610842	0.9997958457025878	1905	1015	2	aa	0.8	37.0
True	PROKKA_06122025__gr_1e-12_lr_1e-12_mu_1e-14	54634	cdhit	0.9955072949428644	0.9961017866811045	0.9971318616031921	9.999000099990002e-05	0.9996407578602857	0.9987593008336278	0.9991998349498225	1951	1050	9	aa	0.9	0.0
True	PROKKA_06122025__gr_1e-12_lr_1e-12_mu_1e-14	54634	cdhit	0.9966607933615474	0.9995668651867894	0.9985395793011278	9.999000099990002e-05	0.9993600267557762	0.9998227170337178	0.9995913183522948	1933	1041	5	aa	0.85	0.0
True	PROKKA_06122025__gr_1e-12_lr_1e-12_mu_1e-14	54634	panta	0.9998077082184009	0.9997672524147562	0.9998267246313715	9.999000099990002e-05	1.0	0.9999062435266933	0.9999531195656747	1894	1013	0	aa	0.85	8.0
True	PROKKA_06122025__gr_1e-12_lr_1e-12_mu_1e-14	54634	mmseqs2	0.9989071132259761	0.999350297780184	0.9993812001671063	9.999000099990002e-05	0.9998459927136651	0.9998080726330002	0.9998270323137873	1939	1047	4	nt	0.85	2.0
True	PROKKA_06122025__gr_1e-12_lr_1e-12_mu_1e-14	54634	mmseqs2	0.9693834958340285	0.9685977260422306	0.9815435432579253	9.999000099990002e-05	1.0	0.9899684354256013	0.9949589328173172	2087	1119	36	aa	0.95	0.0
True	PROKKA_06122025__gr_1e-12_lr_1e-12_mu_1e-14	54634	diamond	0.9896889264218036	0.9896047644829453	0.9938621194698471	9.999000099990002e-05	0.9995462961640912	0.9970447707795684	0.9982939663934849	1976	1067	10	aa	0.9	1.0
True	PROKKA_06122025__gr_1e-12_lr_1e-12_mu_1e-14	54634	mmseqs2	0.979901263003455	0.9799675148890092	0.9880423732865782	9.999000099990002e-05	0.9999491249363387	0.9934850730954022	0.9967066186182121	2033	1092	25	nt	0.95	1.0
True	PROKKA_06122025__gr_1e-12_lr_1e-12_mu_1e-14	54634	hdbscan_dist	0.9661370687854878	0.9860314022739578	0.9780275276326286	9.999000099990002e-05	0.9909671413888211	0.9966055012798748	0.9937783238650786	1817	926	0	nt	0.9	0.696
True	PROKKA_06122025__gr_1e-12_lr_1e-12_mu_1e-14	54634	hdbscan_tsne	0.8563082398819125	0.9678397401191121	0.9091071200808019	9.999000099990002e-05	0.953734018381171	0.9916753051171389	0.9723346775967731	1102	160	0	nt	0.9	27.449
True	PROKKA_06122025__gr_1e-12_lr_1e-12_mu_1e-14	54634	hdbscan_umap	0.782417384432965	0.9781266919328641	0.8832759962754436	9.999000099990002e-05	0.9332978266237851	0.9940155424494704	0.9627002648193553	909	64	0	nt	0.9	9.293
True	PROKKA_06122025__gr_1e-12_lr_1e-12_mu_1e-14	54634	panx	0.9795398959961995	0.978145235892692	0.9878433166674472	9.999000099990002e-05	0.9999248076659217	0.9936131879133501	0.9967590063713662	1979	1032	27	aa	0.95	917.0
True	PROKKA_06122025__gr_1e-12_lr_1e-12_mu_1e-14	54634	diamond	0.9966938542968453	0.9978343259339469	0.9980963988697826	9.999000099990002e-05	0.9994743742858894	0.9994613715404145	0.9994678728708617	1935	1037	7	aa	0.85	1.0
True	PROKKA_06122025__gr_1e-12_lr_1e-12_mu_1e-14	54634	panta	1.0	1.0	0.9999999999999996	9.999000099990002e-05	1.0	0.9999999999999998	0.9999999999999999	1991	1110	0	aa	0.7	11.0
True	PROKKA_06122025__gr_1e-12_lr_1e-12_mu_1e-14	54634	mmseqs2	0.9976648258437749	0.999350297780184	0.999043448616955	9.999000099990002e-05	0.9996893024745422	0.9997757990479502	0.9997325488903316	1940	1049	4	aa	0.8	2.0
True	PROKKA_06122025__gr_1e-12_lr_1e-12_mu_1e-14	54634	panta	1.0	1.0	1.0	9.999000099990002e-05	1.0	0.9999999999999999	0.9999999999999999	1991	1110	0	aa	0.5	10.0
True	PROKKA_06122025__gr_1e-12_lr_1e-12_mu_1e-14	54634	panaroo	0.9986974404327793	1.0	0.9995466484716582	9.999000099990002e-05	0.9997547346887472	1.0000000000000002	0.9998773523037611	1900	1011	3	aa	0.7	36.0
True	PROKKA_06122025__gr_1e-12_lr_1e-12_mu_1e-14	54634	cdhit	0.9832592023235653	0.9832160259880888	0.9896381003127648	9.999000099990002e-05	0.9998569936895486	0.9944361532943992	0.997139206091992	2021	1091	23	nt	0.95	1.0
True	PROKKA_06122025__gr_1e-12_lr_1e-12_mu_1e-14	54634	cdhit	0.9946705271489593	0.9994585814834868	0.9978477792740557	9.999000099990002e-05	0.9989835697789847	0.9998112303673936	0.999397228714416	1929	1037	6	aa	0.8	0.0
True	PROKKA_06122025__gr_1e-12_lr_1e-12_mu_1e-14	54634	ppanggolin	0.9959244242059648	0.9967641280480758	0.9974760954225812	9.999000099990002e-05	0.9995208639173523	0.9991156797249546	0.9993182307495964	1906	1007	8	aa	0.9	7.0
True	PROKKA_06122025__gr_1e-12_lr_1e-12_mu_1e-14	54634	cdhit	0.9723096274104616	0.9989171629669734	0.9901495564807464	9.999000099990002e-05	0.994824580986487	0.9996197118834449	0.9972163821024144	1890	1011	7	aa	0.5	3.0
True	PROKKA_06122025__gr_1e-12_lr_1e-12_mu_1e-14	54634	panaroo	0.9920805340235213	0.9913324858430602	0.9952786663971174	9.999000099990002e-05	1.0	0.9974652311397444	0.998731007268242	1935	1018	16	aa	0.9	42.0
True	PROKKA_06122025__gr_1e-12_lr_1e-12_mu_1e-14	54634	ppanggolin	0.9777448443132392	1.0	0.9918306392171384	9.999000099990002e-05	0.995546371860657	0.9999999999999999	0.997768216162679	1852	972	6	aa	0.5	6.0
True	PROKKA_06122025__gr_1e-12_lr_1e-12_mu_1e-14	54634	cdhit	0.999460890559598	1.0	0.9994523084055318	9.999000099990002e-05	0.9996936238658737	1.0	0.9998467884627575	1931	1038	4	nt	0.85	33.0
True	PROKKA_06122025__gr_1e-12_lr_1e-12_mu_1e-14	54634	embed_hdbscan_raw	0.941677343220662	0.9887384948565241	0.9601993902976879	9.999000099990002e-05	0.9800876586195321	0.9969402599333536	0.9884421317194373	1599	712	0	aa	0.9	38.678
True	PROKKA_06122025__gr_1e-12_lr_1e-12_mu_1e-14	54634	embed_hdbscan_tsne	0.8522968811512529	0.9674066053059015	0.9052227738828543	9.999000099990002e-05	0.9511848465695832	0.9916435709515328	0.9709929393463751	1046	102	0	aa	0.9	28.781
True	PROKKA_06122025__gr_1e-12_lr_1e-12_mu_1e-14	54634	embed_hdbscan_umap	0.7717794836398112	0.9786681104493774	0.8815743855440051	9.999000099990002e-05	0.9317622498045344	0.994294940023995	0.9620134803665935	881	31	0	aa	0.9	17.416
True	PROKKA_06122025__gr_1e-12_lr_1e-12_mu_1e-14	54634	diamond	0.9751283851456459	0.999675148890092	0.9911138227591717	9.999000099990002e-05	0.9950822586585515	0.9999068085205964	0.9974886999031256	1884	1000	11	aa	0.5	1.0
True	PROKKA_06122025__gr_1e-12_lr_1e-12_mu_1e-14	54634	mmseqs2	0.9958079448867247	0.9959935029778019	0.9975696624079764	9.999000099990002e-05	0.9998982498726772	0.9987471939220735	0.9993223904404365	1955	1054	9	aa	0.9	1.0
True	PROKKA_06122025__gr_1e-12_lr_1e-12_mu_1e-14	54634	panaroo	0.9970944966379164	0.9994221657228707	0.9988535435614192	9.999000099990002e-05	0.9995116878198458	0.999867900873253	0.9996897626147712	1898	1008	4	aa	0.6	37.0
True	PROKKA_06122025__gr_1e-12_lr_1e-12_mu_1e-14	54634	panx	0.9998514114427096	1.0	0.9998987416243097	9.999000099990002e-05	0.9999449409694817	0.9999999999999999	0.9999724697268457	1834	983	1	aa	0.6	1081.0
True	PROKKA_06122025__gr_1e-12_lr_1e-12_mu_1e-14	54634	panaroo	0.9946998325146266	1.0	0.9979342009887883	9.999000099990002e-05	0.9988806068834721	0.9999999999999999	0.9994399900060698	1887	996	6	aa	0.5	38.0
True	PROKKA_06122025__gr_1e-12_lr_1e-12_mu_1e-14	54634	panx	0.9998541845401802	1.0	0.9999006606754669	9.999000099990002e-05	0.9999460424121928	1.0	0.9999730204782213	1859	991	1	aa	0.7	918.0
True	PROKKA_06122025__gr_1e-12_lr_1e-12_mu_1e-14	54634	diamond	0.9942516411189265	0.9972929074174337	0.997400712592546	9.999000099990002e-05	0.9992424478605391	0.9993041182898716	0.9992732821237034	1935	1037	6	aa	0.8	1.0
True	PROKKA_06122025__gr_1e-12_lr_1e-12_mu_1e-14	54634	panx	0.9988461337669353	0.999066728884741	0.999268225157923	9.999000099990002e-05	0.9998934825233707	0.9997097561632307	0.9998016109027824	1881	1000	2	aa	0.85	921.0
True	PROKKA_06122025__gr_1e-12_lr_1e-12_mu_1e-14	54634	panta	0.9966403303127347	0.996392412428721	0.9980104239724605	9.999000099990002e-05	1.0000000000000002	0.9989264623190642	0.9994629428840068	1906	1016	4	aa	0.9	8.0
True	PROKKA_06122025__gr_1e-12_lr_1e-12_mu_1e-14	54634	mmseqs2	0.9981349329188614	0.999675148890092	0.9992838458309836	9.999000099990002e-05	0.9997019159791852	0.9998975310321164	0.9997997139374223	1938	1048	3	nt	0.8	0.0
True	PROKKA_06122025__gr_1e-12_lr_1e-12_mu_1e-14	54634	panx	0.9996133204422427	0.9998826979472141	0.9997152126835113	9.999000099990002e-05	0.99989283136895	0.9999526767517716	0.9999227531649242	1872	998	2	aa	0.8	917.0
True	PROKKA_06122025__gr_1e-12_lr_1e-12_mu_1e-14	54634	mmseqs2	0.9984216804294572	0.9987005955603682	0.9990437247185118	9.999000099990002e-05	0.9998982498726773	0.9995675627332973	0.9997328789571874	1944	1050	6	aa	0.85	2.0
True	PROKKA_06122025__gr_1e-12_lr_1e-12_mu_1e-14	54634	ppanggolin	0.9943147311620844	0.9993065988674448	0.9977912301596163	9.999000099990002e-05	0.9989978808943862	0.9998057802159679	0.9994016672821837	1892	1002	3	aa	0.8	5.0
True	PROKKA_06122025__gr_1e-12_lr_1e-12_mu_1e-14	54634	mmseqs2	0.9968839710512828	1.0	0.9988813879536066	9.999000099990002e-05	0.9993739034073906	1.0	0.9996868536737714	1933	1044	4	nt	0.5	3.0
True	PROKKA_06122025__gr_1e-12_lr_1e-12_mu_1e-14	54634	hdbscan_dist	0.9634003995130501	0.991553871142393	0.976149011600817	9.999000099990002e-05	0.9884893403069002	0.9979321011937936	0.9931882769397576	1752	867	0	aa	0.9	0.686
True	PROKKA_06122025__gr_1e-12_lr_1e-12_mu_1e-14	54634	hdbscan_tsne	0.859388481416056	0.9701136978884678	0.9128128533131419	9.999000099990002e-05	0.9551826273489074	0.9925324512909425	0.9734994249930915	1143	216	0	aa	0.9	29.58
True	PROKKA_06122025__gr_1e-12_lr_1e-12_mu_1e-14	54634	hdbscan_umap	0.15883588380918306	0.9675148890092041	0.8032824173598346	9.999000099990002e-05	0.8794599680437437	0.9896424595912826	0.9313036171999793	866	66	0	aa	0.9	8.64
True	PROKKA_06122025__gr_1e-12_lr_1e-12_mu_1e-14	54634	cdhit	0.9980199317765284	0.9982674607471576	0.9985762595975732	9.999000099990002e-05	0.9997601889204475	0.9994444326467786	0.9996022858481904	1941	1044	6	nt	0.9	1.0
True	PROKKA_06122025__gr_1e-12_lr_1e-12_mu_1e-14	54634	mmseqs2	0.9965385629176262	0.9997834325933946	0.9987206928478263	9.999000099990002e-05	0.999366140807793	0.9999178692742856	0.9996419289127105	1934	1044	5	aa	0.7	0.0
True	PROKKA_06122025__gr_1e-12_lr_1e-12_mu_1e-14	54634	mmseqs2	0.9968522896120271	0.997184623714131	0.9982162324548219	9.999000099990002e-05	0.9998982498726772	0.9991065723581115	0.9995022543490675	1949	1049	11	nt	0.9	3.0
True	PROKKA_06122025__gr_1e-12_lr_1e-12_mu_1e-14	54634	mmseqs2	0.99493600990562	1.0	0.9982482205579137	9.999000099990002e-05	0.9990189012319176	1.0	0.9995092098591576	1929	1040	5	aa	0.6	0.0
True	PROKKA_06122025__gr_1e-12_lr_1e-12_mu_1e-14	54634	ppanggolin	0.9826930502201167	0.9812781694210101	0.9898557635272667	9.999000099990002e-05	0.9999024081355158	0.9946925001394724	0.9972906499635702	1965	1021	28	aa	0.95	7.0
True	PROKKA_06122025__gr_1e-12_lr_1e-12_mu_1e-14	54634	ppanggolin	0.9880920422971621	0.9995377325782966	0.9956854592659679	9.999000099990002e-05	0.9977746964014393	0.999882931365113	0.9988277014167053	1881	998	2	aa	0.7	4.0
True	PROKKA_06122025__gr_1e-12_lr_1e-12_mu_1e-14	54634	cdhit	0.9696201973992669	0.9675148890092041	0.9802911355295729	9.999000099990002e-05	0.9999579063709191	0.9893471906222222	0.9946242503514369	2111	1142	53	aa	0.95	1.0
True	PROKKA_06122025__gr_1e-12_lr_1e-12_mu_1e-14	54634	ppanggolin	0.9954167579980354	0.9990754651565931	0.998034916427865	9.999000099990002e-05	0.9991982245212466	0.9997379432303608	0.9994680110129757	1894	1002	4	aa	0.85	5.0
True	PROKKA_06122025__gr_1e-12_lr_1e-12_mu_1e-14	54634	mmseqs2	0.9969801942628611	1.0	0.9989630626345026	9.999000099990002e-05	0.9994196646074976	1.0	0.9997097480820185	1934	1045	4	nt	0.6	1.0
True	PROKKA_06122025__gr_1e-12_lr_1e-12_mu_1e-14	56065	panaroo	0.9989069056568404	1.0	0.9996260998425798	9.999000099990002e-05	0.999817612889634	1.0	0.9999087981277941	1889	1015	7	aa	0.85	33.0
True	PROKKA_06122025__gr_1e-12_lr_1e-12_mu_1e-14	56065	panta	0.9996073296050277	0.9997242520336412	0.9997468664136373	9.999000099990002e-05	0.9999999999999999	0.9998767043180127	0.9999383483583156	1980	1114	7	aa	0.6	11.0
True	PROKKA_06122025__gr_1e-12_lr_1e-12_mu_1e-14	56065	diamond	0.9768406514523092	0.9995981245813798	0.9914045497081071	9.999000099990002e-05	0.9959530679788703	0.9998235540280854	0.9978845579125527	1907	1044	9	aa	0.6	1.0
True	PROKKA_06122025__gr_1e-12_lr_1e-12_mu_1e-14	56065	diamond	0.9805434166513903	0.9828533154722037	0.988228234669508	9.999000099990002e-05	0.999687258182144	0.9946607688407675	0.9971676792120364	2009	1104	25	aa	0.95	0.0
True	PROKKA_06122025__gr_1e-12_lr_1e-12_mu_1e-14	56065	diamond	0.9853073736814385	0.9995981245813798	0.9943183331308005	9.999000099990002e-05	0.9973926096527845	0.9998238086485571	0.9986067294090407	1920	1054	7	aa	0.7	1.0
True	PROKKA_06122025__gr_1e-12_lr_1e-12_mu_1e-14	56065	panta	0.9993993206122583	0.9995863780504619	0.9996180455260334	9.999000099990002e-05	1.0	0.9998139940306687	0.9999069883649747	1882	1016	7	aa	0.8	8.0
True	PROKKA_06122025__gr_1e-12_lr_1e-12_mu_1e-14	56065	mmseqs2	0.9927271555223139	1.0	0.9975033940758875	9.999000099990002e-05	0.9987800368316461	1.0	0.999389646111191	1932	1062	7	nt	0.7	0.0
True	PROKKA_06122025__gr_1e-12_lr_1e-12_mu_1e-14	56065	cdhit	0.9874935503654008	0.9998660415271265	0.9951141149555782	9.999000099990002e-05	0.9976660836311989	0.9999411914225991	0.9988023419480515	1919	1051	7	aa	0.7	0.0
True	PROKKA_06122025__gr_1e-12_lr_1e-12_mu_1e-14	56065	panx	0.9983297537586842	1.0	0.9993094831682624	9.999000099990002e-05	0.9996633737167614	1.0000000000000002	0.9998316585242982	1783	976	7	aa	0.5	922.0
True	PROKKA_06122025__gr_1e-12_lr_1e-12_mu_1e-14	56065	ppanggolin	0.977557122877716	1.0	0.9921237375190559	9.999000099990002e-05	0.9961292631946794	1.0	0.9980608786832142	1858	996	9	aa	0.6	7.0
True	PROKKA_06122025__gr_1e-12_lr_1e-12_mu_1e-14	56065	panx	0.9962363656400998	0.9982056590752243	0.9980363509380236	9.999000099990002e-05	0.9996211534414124	0.9994214970930057	0.999521315296772	1876	1007	11	aa	0.9	927.0
True	PROKKA_06122025__gr_1e-12_lr_1e-12_mu_1e-14	56065	panaroo	0.9833357636637989	0.98458179833538	0.9896843193315922	9.999000099990002e-05	0.9999999999999999	0.9950456197194146	0.9975166581497609	1958	1046	32	aa	0.95	35.0
True	PROKKA_06122025__gr_1e-12_lr_1e-12_mu_1e-14	56065	cdhit	0.9927053432030318	1.0	0.9972283009877544	9.999000099990002e-05	0.9986452394627006	1.0000000000000002	0.9993221605762994	1928	1057	7	nt	0.8	28.0
True	PROKKA_06122025__gr_1e-12_lr_1e-12_mu_1e-14	56065	panta	0.9931420492471278	0.9935199227905694	0.9958277202881598	9.999000099990002e-05	1.0	0.9979794980476911	0.9989887273846989	1904	1024	16	aa	0.95	8.0
True	PROKKA_06122025__gr_1e-12_lr_1e-12_mu_1e-14	56065	mmseqs2	0.9815124278866545	1.0	0.9932554026700473	9.999000099990002e-05	0.9966903140394003	1.0	0.9983424139751026	1911	1045	10	aa	0.5	2.0
True	PROKKA_06122025__gr_1e-12_lr_1e-12_mu_1e-14	56065	cdhit	0.9787722050308892	0.9994641661085064	0.9917247946977218	9.999000099990002e-05	0.9960875081469105	0.9998474373560202	0.9979639312864268	1906	1042	10	aa	0.6	0.0
True	PROKKA_06122025__gr_1e-12_lr_1e-12_mu_1e-14	56065	panaroo	0.9974531523906607	1.0	0.9991927240762184	9.999000099990002e-05	0.9996060452290862	1.0	0.9998029838068085	1888	1015	7	aa	0.8	31.0
True	PROKKA_06122025__gr_1e-12_lr_1e-12_mu_1e-14	56065	cdhit	0.9961135149524353	0.9991962491627595	0.9978901033346671	9.999000099990002e-05	0.9992350059104878	0.999735361398285	0.9994851210332445	1935	1061	7	aa	0.9	0.0
True	PROKKA_06122025__gr_1e-12_lr_1e-12_mu_1e-14	56065	cdhit	0.9943439270855029	1.0	0.9977873132203747	9.999000099990002e-05	0.9989190743350141	1.0	0.9994592449094792	1930	1058	7	aa	0.85	0.0
True	PROKKA_06122025__gr_1e-12_lr_1e-12_mu_1e-14	56065	panta	0.9993993206122583	0.9995863780504619	0.9996180455260334	9.999000099990002e-05	1.0	0.9998139940306687	0.9999069883649747	1882	1016	7	aa	0.85	8.0
True	PROKKA_06122025__gr_1e-12_lr_1e-12_mu_1e-14	56065	mmseqs2	0.9971529523016311	1.0	0.9989688226635919	9.999000099990002e-05	0.9994968469979083	1.0000000000000002	0.999748360192292	1937	1064	7	nt	0.85	1.0
True	PROKKA_06122025__gr_1e-12_lr_1e-12_mu_1e-14	56065	mmseqs2	0.987543182486038	0.9894172806430007	0.9922278418660745	9.999000099990002e-05	0.9999532392051145	0.9963001649779986	0.9981233595922323	1994	1103	18	aa	0.95	1.0
True	PROKKA_06122025__gr_1e-12_lr_1e-12_mu_1e-14	56065	diamond	0.9917982443745733	0.9961152042866711	0.9953751829590659	9.999000099990002e-05	0.9990906549325558	0.9986576100958738	0.9988740855794148	1957	1085	8	aa	0.9	1.0
True	PROKKA_06122025__gr_1e-12_lr_1e-12_mu_1e-14	56065	mmseqs2	0.9932090538827301	0.9945077026121902	0.9958336662678151	9.999000099990002e-05	0.9998804582313652	0.9980994718719244	0.9989891712717963	1966	1082	13	nt	0.95	1.0
True	PROKKA_06122025__gr_1e-12_lr_1e-12_mu_1e-14	56065	hdbscan_dist	0.9471464513552469	0.9744139316811788	0.9643797845988874	9.999000099990002e-05	0.9899188930144737	0.99260209602325	0.9912586787553904	1813	799	111	nt	0.9	0.478
True	PROKKA_06122025__gr_1e-12_lr_1e-12_mu_1e-14	56065	hdbscan_tsne	0.6287443820527274	0.7198928332217013	0.7697414506502155	9.999000099990002e-05	0.9812952201268899	0.9249645660166809	0.9522975976481634	2455	547	765	nt	0.9	25.838
True	PROKKA_06122025__gr_1e-12_lr_1e-12_mu_1e-14	56065	hdbscan_umap	0.7577585532635205	0.999330207635633	0.8652094131088486	9.999000099990002e-05	0.9243410436141223	0.9998467814238711	0.9606124780228393	847	21	31	nt	0.9	9.461
True	PROKKA_06122025__gr_1e-12_lr_1e-12_mu_1e-14	56065	panx	0.9902387621428993	0.9920765027322405	0.9942184181483352	9.999000099990002e-05	0.9996254913023892	0.9975719219018008	0.998597650835836	1916	1027	17	aa	0.95	930.0
True	PROKKA_06122025__gr_1e-12_lr_1e-12_mu_1e-14	56065	diamond	0.992435707364225	0.9995981245813798	0.9969173910833307	9.999000099990002e-05	0.9986696471696812	0.9998240339116098	0.9992465071373521	1931	1060	7	aa	0.85	0.0
True	PROKKA_06122025__gr_1e-12_lr_1e-12_mu_1e-14	56065	panta	0.9996073296050277	0.9997242520336412	0.9997468664136373	9.999000099990002e-05	0.9999999999999999	0.9998767043180127	0.9999383483583156	1980	1114	7	aa	0.7	10.0
True	PROKKA_06122025__gr_1e-12_lr_1e-12_mu_1e-14	56065	mmseqs2	0.9959429387222648	0.9998660415271265	0.9985775918518531	9.999000099990002e-05	0.9993594866442308	0.9999463150551632	0.9996528147279082	1938	1066	7	aa	0.8	2.0
True	PROKKA_06122025__gr_1e-12_lr_1e-12_mu_1e-14	56065	panta	0.9994224636282198	0.9995863780504619	0.9995725280342947	9.999000099990002e-05	0.99997324934854	0.9998185543762684	0.9998958958791476	1980	1113	8	aa	0.5	10.0
True	PROKKA_06122025__gr_1e-12_lr_1e-12_mu_1e-14	56065	panaroo	0.9972028250629926	0.9998635557374812	0.9989328014876929	9.999000099990002e-05	0.9995366892178063	0.99994247632749	0.9997395415961305	1887	1013	8	aa	0.7	36.0
True	PROKKA_06122025__gr_1e-12_lr_1e-12_mu_1e-14	56065	cdhit	0.9930929648628903	0.9955793703951775	0.9956760123299878	9.999000099990002e-05	0.9995671182409793	0.9983325670092568	0.9989494611953709	1961	1080	13	nt	0.95	1.0
True	PROKKA_06122025__gr_1e-12_lr_1e-12_mu_1e-14	56065	cdhit	0.9913029599018907	0.9994641661085064	0.9964960447919515	9.999000099990002e-05	0.9984476720942324	0.9998393019703561	0.9991430024588228	1928	1056	8	aa	0.8	0.0
True	PROKKA_06122025__gr_1e-12_lr_1e-12_mu_1e-14	56065	ppanggolin	0.9961382820207921	0.9998635557374812	0.9984317845436669	9.999000099990002e-05	0.9992890604825105	0.9999451983043753	0.9996170217230087	1884	1011	7	aa	0.9	5.0
True	PROKKA_06122025__gr_1e-12_lr_1e-12_mu_1e-14	56065	cdhit	0.9612689050536172	0.9985264567983925	0.9858960410909066	9.999000099990002e-05	0.993545548058516	0.9994936281080066	0.9965107122777331	1889	1030	10	aa	0.5	2.0
True	PROKKA_06122025__gr_1e-12_lr_1e-12_mu_1e-14	56065	panaroo	0.997239910432012	0.9984991131122937	0.9987035590516196	9.999000099990002e-05	0.9998176128896339	0.9995506865914503	0.9996841319225022	1894	1016	8	aa	0.9	34.0
True	PROKKA_06122025__gr_1e-12_lr_1e-12_mu_1e-14	56065	ppanggolin	0.9620963618142525	1.0	0.9873129959711949	9.999000099990002e-05	0.9937350746244685	1.0	0.9968576941564258	1838	982	10	aa	0.5	8.0
True	PROKKA_06122025__gr_1e-12_lr_1e-12_mu_1e-14	56065	cdhit	0.9940532489876424	0.9995981245813798	0.9974536170316234	9.999000099990002e-05	0.9989322999212147	0.9998240801708473	0.9993779911043237	1933	1061	7	nt	0.85	25.0
True	PROKKA_06122025__gr_1e-12_lr_1e-12_mu_1e-14	56065	embed_hdbscan_raw	0.9136726961982968	0.9575351640991293	0.9376700174363553	9.999000099990002e-05	0.9819824404257169	0.9872357871603873	0.9846021065321177	1701	592	175	aa	0.9	23.984
True	PROKKA_06122025__gr_1e-12_lr_1e-12_mu_1e-14	56065	embed_hdbscan_tsne	0.6832075395015764	0.7750837240455459	0.7971695895132073	9.999000099990002e-05	0.9749983553732097	0.9368875282345541	0.9555630982270124	2127	381	586	aa	0.9	18.103
True	PROKKA_06122025__gr_1e-12_lr_1e-12_mu_1e-14	56065	embed_hdbscan_umap	0.7723686250736255	0.9942397856664434	0.8679626814956106	9.999000099990002e-05	0.9276211890914118	0.9986035271569329	0.961804490907345	851	7	8	aa	0.9	14.459
True	PROKKA_06122025__gr_1e-12_lr_1e-12_mu_1e-14	56065	diamond	0.9640489473010718	0.9995981245813798	0.9869561799641602	9.999000099990002e-05	0.9937391701607189	0.9998231610031502	0.9967718819633609	1885	1025	13	aa	0.5	1.0
True	PROKKA_06122025__gr_1e-12_lr_1e-12_mu_1e-14	56065	mmseqs2	0.9976546223962671	0.9991962491627595	0.9988879021050929	9.999000099990002e-05	0.9997554288584651	0.9997025624694691	0.999728994965064	1943	1067	9	aa	0.9	0.0
True	PROKKA_06122025__gr_1e-12_lr_1e-12_mu_1e-14	56065	panaroo	0.9965240596670304	1.0	0.9985926650969604	9.999000099990002e-05	0.999312803184091	1.0	0.9996562834916004	1883	1009	9	aa	0.6	38.0
True	PROKKA_06122025__gr_1e-12_lr_1e-12_mu_1e-14	56065	panx	0.9978991766852083	0.9995727104401082	0.9990872114444	9.999000099990002e-05	0.9996765125837447	0.9998777131051645	0.9997771027217859	1827	990	7	aa	0.6	993.0
True	PROKKA_06122025__gr_1e-12_lr_1e-12_mu_1e-14	56065	panaroo	0.9898673919496286	1.0	0.9964009313001732	9.999000099990002e-05	0.9982387673966971	1.0	0.9991186075297712	1873	1001	9	aa	0.5	38.0
True	PROKKA_06122025__gr_1e-12_lr_1e-12_mu_1e-14	56065	panx	0.9979293283418689	0.9995785332958697	0.9991005596135418	9.999000099990002e-05	0.9996814579313924	0.9998795829493432	0.9997805106248329	1847	998	7	aa	0.7	1022.0
True	PROKKA_06122025__gr_1e-12_lr_1e-12_mu_1e-14	56065	diamond	0.9909104301414551	0.9995981245813798	0.9963852591206254	9.999000099990002e-05	0.9984087230275375	0.9998239879327254	0.9991158542935726	1929	1059	7	aa	0.8	1.0
True	PROKKA_06122025__gr_1e-12_lr_1e-12_mu_1e-14	56065	panx	0.997502779587214	0.9994462134847016	0.9988495479198525	9.999000099990002e-05	0.9996198357286155	0.9998184686633278	0.9997191423294399	1866	1004	7	aa	0.85	933.0
True	PROKKA_06122025__gr_1e-12_lr_1e-12_mu_1e-14	56065	panta	0.9975697511588943	0.9976561422859507	0.9985300252253281	9.999000099990002e-05	1.0	0.9992852955891414	0.9996425200483215	1888	1017	10	aa	0.9	8.0
True	PROKKA_06122025__gr_1e-12_lr_1e-12_mu_1e-14	56065	mmseqs2	0.9969769240953263	1.0	0.9988487104165397	9.999000099990002e-05	0.9994381722242287	1.0000000000000002	0.9997190071773282	1936	1063	7	nt	0.8	1.0
True	PROKKA_06122025__gr_1e-12_lr_1e-12_mu_1e-14	56065	panx	0.9974910643373439	0.9994440583738707	0.9988443833690234	9.999000099990002e-05	0.9996182037471087	0.9998176892242066	0.999717936534237	1861	1002	7	aa	0.8	923.0
True	PROKKA_06122025__gr_1e-12_lr_1e-12_mu_1e-14	56065	mmseqs2	0.9973503574921568	0.9998660415271265	0.9990018891213704	9.999000099990002e-05	0.99956675734708	0.9999463261867048	0.9997565057399953	1939	1066	7	aa	0.85	2.0
True	PROKKA_06122025__gr_1e-12_lr_1e-12_mu_1e-14	56065	ppanggolin	0.992398115552283	1.0	0.9971435220901246	9.999000099990002e-05	0.9986031871288531	1.0	0.9993011054519765	1878	1008	7	aa	0.8	5.0
True	PROKKA_06122025__gr_1e-12_lr_1e-12_mu_1e-14	56065	mmseqs2	0.9901174332702136	0.9991962491627595	0.9965605058714543	9.999000099990002e-05	0.9985388760358976	0.9997800760187892	0.9991590905589985	1932	1061	8	nt	0.5	3.0
True	PROKKA_06122025__gr_1e-12_lr_1e-12_mu_1e-14	56065	hdbscan_dist	0.9635884221989675	0.9951774949765573	0.9759267162677915	9.999000099990002e-05	0.9893526447196133	0.998677111882849	0.9939930110008074	1773	897	0	aa	0.9	0.45
True	PROKKA_06122025__gr_1e-12_lr_1e-12_mu_1e-14	56065	hdbscan_tsne	0.8123304689025687	0.9294038847957133	0.8799133664251102	9.999000099990002e-05	0.9582011340658959	0.9801433898360358	0.9690480676752978	1415	383	0	aa	0.9	21.301
True	PROKKA_06122025__gr_1e-12_lr_1e-12_mu_1e-14	56065	hdbscan_umap	0.10610864866293256	0.9915606162089752	0.7659612903811334	9.999000099990002e-05	0.8591531660791865	0.9971090621287022	0.9230047292199511	803	38	0	aa	0.9	8.353
True	PROKKA_06122025__gr_1e-12_lr_1e-12_mu_1e-14	56065	cdhit	0.9952358946057743	0.9994641661085064	0.997982254247824	9.999000099990002e-05	0.999218820093494	0.9997963748502152	0.9995075140383975	1936	1062	8	nt	0.9	1.0
True	PROKKA_06122025__gr_1e-12_lr_1e-12_mu_1e-14	56065	mmseqs2	0.9939048371693623	0.9998660415271265	0.9977973167571871	9.999000099990002e-05	0.9989778630382554	0.9999462945478599	0.9994618442019688	1934	1063	7	aa	0.7	0.0
True	PROKKA_06122025__gr_1e-12_lr_1e-12_mu_1e-14	56065	mmseqs2	0.9973503574921568	0.9998660415271265	0.999001889121371	9.999000099990002e-05	0.99956675734708	0.999946326186705	0.9997565057399953	1939	1066	7	nt	0.9	0.0
True	PROKKA_06122025__gr_1e-12_lr_1e-12_mu_1e-14	56065	mmseqs2	0.9918097072843833	0.9998660415271265	0.996903155174993	9.999000099990002e-05	0.9985398104393953	0.9999462709889105	0.9992425458067088	1929	1058	9	aa	0.6	1.0
True	PROKKA_06122025__gr_1e-12_lr_1e-12_mu_1e-14	56065	ppanggolin	0.9933426926516457	0.9950880065493246	0.9962043378137162	9.999000099990002e-05	0.9996880241397766	0.9984676375092725	0.999077458144969	1908	1027	10	aa	0.95	6.0
True	PROKKA_06122025__gr_1e-12_lr_1e-12_mu_1e-14	56065	ppanggolin	0.9831666768707965	1.0	0.9942519014364362	9.999000099990002e-05	0.9971811179821903	1.0	0.9985885696632975	1868	1004	7	aa	0.7	5.0
True	PROKKA_06122025__gr_1e-12_lr_1e-12_mu_1e-14	56065	cdhit	0.9892338553468752	0.9903549899531146	0.9927872727368857	9.999000099990002e-05	0.9997760021606876	0.9967399822212368	0.9982556838154859	1988	1099	18	aa	0.95	0.0
True	PROKKA_06122025__gr_1e-12_lr_1e-12_mu_1e-14	56065	ppanggolin	0.9938371845094632	1.0	0.9975751418264712	9.999000099990002e-05	0.9988147547894011	1.0	0.9994070259848948	1879	1008	7	aa	0.85	5.0
True	PROKKA_06122025__gr_1e-12_lr_1e-12_mu_1e-14	56065	mmseqs2	0.9927271555223139	1.0	0.9975033940758875	9.999000099990002e-05	0.9987800368316461	1.0	0.999389646111191	1932	1062	7	nt	0.6	2.0
True	PROKKA_06122025__gr_1e-12_lr_1e-12_mu_1e-14	60207	panaroo	0.9976008579452067	0.9974822112753148	0.9986189774948743	9.999000099990002e-05	1.0	0.9992239663391151	0.9996118325540555	1901	1011	3	aa	0.85	31.0
True	PROKKA_06122025__gr_1e-12_lr_1e-12_mu_1e-14	60207	panta	0.9995644058895276	0.9992272877801082	0.999531680550097	9.999000099990002e-05	1.0000000000000002	0.9997363982492682	0.9998681817508736	1982	1109	0	aa	0.6	10.0
True	PROKKA_06122025__gr_1e-12_lr_1e-12_mu_1e-14	60207	diamond	0.9818771981986709	0.9995886043402242	0.9940083267423384	9.999000099990002e-05	0.996620794343798	0.9998892473257527	0.9982523454700959	1905	1026	7	aa	0.6	1.0
True	PROKKA_06122025__gr_1e-12_lr_1e-12_mu_1e-14	60207	diamond	0.9580512447122652	0.9537179882752237	0.9747035058603156	9.999000099990002e-05	0.9998555657240937	0.9860401696576937	0.9928998125072627	2135	1110	70	aa	0.95	0.0
True	PROKKA_06122025__gr_1e-12_lr_1e-12_mu_1e-14	60207	diamond	0.9869351519530324	0.9995886043402242	0.9958283442467815	9.999000099990002e-05	0.9976851650806674	0.9998893654680965	0.9987860491747388	1918	1038	5	aa	0.7	1.0
True	PROKKA_06122025__gr_1e-12_lr_1e-12_mu_1e-14	60207	panta	0.9992972415595809	0.9991169003201237	0.9995766965291476	9.999000099990002e-05	0.9999999999999999	0.9997617192207132	0.9998808454142328	1884	1008	0	aa	0.8	8.0
True	PROKKA_06122025__gr_1e-12_lr_1e-12_mu_1e-14	60207	mmseqs2	0.9955376315470207	1.0	0.9985428246580803	9.999000099990002e-05	0.9991548072949558	1.0	0.9995772249842984	1933	1051	5	nt	0.7	1.0
True	PROKKA_06122025__gr_1e-12_lr_1e-12_mu_1e-14	60207	cdhit	0.988911264351048	0.9992800575953924	0.9962703363855014	9.999000099990002e-05	0.9980181388668101	0.9998147526849384	0.9989156379452431	1921	1039	6	aa	0.7	0.0
True	PROKKA_06122025__gr_1e-12_lr_1e-12_mu_1e-14	60207	panx	0.999866213561836	1.0	0.9999051666738599	9.999000099990002e-05	0.9999462849640168	1.0	0.9999731417606628	1789	962	0	aa	0.5	885.0
True	PROKKA_06122025__gr_1e-12_lr_1e-12_mu_1e-14	60207	ppanggolin	0.9822177282587459	1.0	0.9942443349282801	9.999000099990002e-05	0.9967403037721434	0.9999999999999999	0.9983674911445927	1860	987	2	aa	0.6	5.0
True	PROKKA_06122025__gr_1e-12_lr_1e-12_mu_1e-14	60207	panx	0.9942940166866978	0.994152691968226	0.9964920529412155	9.999000099990002e-05	0.9998974988292033	0.9981357599124454	0.9990158526760428	1902	1012	7	aa	0.9	958.0
True	PROKKA_06122025__gr_1e-12_lr_1e-12_mu_1e-14	60207	panaroo	0.9610701115508016	0.9568691844553914	0.9757986576865465	9.999000099990002e-05	1.0	0.9868659119424178	0.993389544820998	2083	1057	78	aa	0.95	37.0
True	PROKKA_06122025__gr_1e-12_lr_1e-12_mu_1e-14	60207	cdhit	0.9921477230007885	1.0	0.9977414161532598	9.999000099990002e-05	0.9986889429757795	1.0	0.9993440414883826	1928	1047	4	nt	0.8	35.0
True	PROKKA_06122025__gr_1e-12_lr_1e-12_mu_1e-14	60207	panta	0.9769529970710616	0.9747212716635391	0.9863017258678709	9.999000099990002e-05	1.0	0.9924450292234434	0.996208191109041	1980	1030	34	aa	0.95	8.0
True	PROKKA_06122025__gr_1e-12_lr_1e-12_mu_1e-14	60207	mmseqs2	0.9876443731702603	0.9998971510850561	0.9954562039933957	9.999000099990002e-05	0.9974066300233979	0.9999501271813483	0.9986767591175792	1912	1033	7	aa	0.5	1.0
True	PROKKA_06122025__gr_1e-12_lr_1e-12_mu_1e-14	60207	cdhit	0.9825442828005022	0.9997943021701121	0.9941505879174523	9.999000099990002e-05	0.996665612989753	0.9999274426580921	0.9982938634019576	1905	1027	6	aa	0.6	0.0
True	PROKKA_06122025__gr_1e-12_lr_1e-12_mu_1e-14	60207	panaroo	0.9985529425747594	0.9992337164750957	0.9993043335621553	9.999000099990002e-05	0.9998470533968232	0.99976127377035	0.9998041617436901	1894	1011	1	aa	0.8	31.0
True	PROKKA_06122025__gr_1e-12_lr_1e-12_mu_1e-14	60207	cdhit	0.9915846374567199	0.9931091226987555	0.995264602590124	9.999000099990002e-05	0.9994407284132288	0.9978276901500908	0.998633557918925	1962	1058	15	aa	0.9	0.0
True	PROKKA_06122025__gr_1e-12_lr_1e-12_mu_1e-14	60207	cdhit	0.992887118724159	0.9975316260413453	0.9972473887111556	9.999000099990002e-05	0.9990805360965633	0.9993243674956369	0.9992024369207986	1938	1050	4	aa	0.85	0.0
True	PROKKA_06122025__gr_1e-12_lr_1e-12_mu_1e-14	60207	panta	0.9980438888665503	0.9980130257202782	0.9989198970032683	9.999000099990002e-05	1.0	0.9993926213557902	0.9996962184226739	1888	1008	2	aa	0.85	8.0
True	PROKKA_06122025__gr_1e-12_lr_1e-12_mu_1e-14	60207	mmseqs2	0.996269143994695	0.9990743597655045	0.9986144593776577	9.999000099990002e-05	0.9995400979362999	0.9996572167907151	0.9995986539329241	1942	1056	6	nt	0.85	1.0
True	PROKKA_06122025__gr_1e-12_lr_1e-12_mu_1e-14	60207	mmseqs2	0.9702834780788681	0.9685282320271521	0.9812737414744962	9.999000099990002e-05	1.0	0.9894640173632792	0.9947041099789858	2104	1126	57	aa	0.95	0.0
True	PROKKA_06122025__gr_1e-12_lr_1e-12_mu_1e-14	60207	diamond	0.9901434497799506	0.9908464465699887	0.9940440799752096	9.999000099990002e-05	0.9995699018242459	0.9970034566282127	0.998285029739894	1989	1088	13	aa	0.9	0.0
True	PROKKA_06122025__gr_1e-12_lr_1e-12_mu_1e-14	60207	mmseqs2	0.9804125894230976	0.9801501594158182	0.9878484608703556	9.999000099990002e-05	0.9999999999999999	0.9930938336563112	0.9965349517282789	2047	1103	41	nt	0.95	1.0
True	PROKKA_06122025__gr_1e-12_lr_1e-12_mu_1e-14	60207	hdbscan_dist	0.9753341364321302	0.9914635400596524	0.9834456460451856	9.999000099990002e-05	0.9923681935208745	0.9979404832737363	0.9951465379959276	1831	955	0	nt	0.9	0.732
True	PROKKA_06122025__gr_1e-12_lr_1e-12_mu_1e-14	60207	hdbscan_tsne	0.8553616356093297	0.9600946210017485	0.9098426737881418	9.999000099990002e-05	0.9547043744712649	0.9895560052982572	0.9718178253002796	1121	174	0	nt	0.9	25.984
True	PROKKA_06122025__gr_1e-12_lr_1e-12_mu_1e-14	60207	hdbscan_umap	0.7947947035687167	0.9771675408824437	0.8901272266443625	9.999000099990002e-05	0.9356462807348108	0.9939795296824033	0.9639311881641905	895	45	0	nt	0.9	8.103
True	PROKKA_06122025__gr_1e-12_lr_1e-12_mu_1e-14	60207	panx	0.976269298409675	0.9743786269571882	0.9854404243933365	9.999000099990002e-05	0.9998498523163357	0.9921225260716396	0.99597120114206	2000	1049	32	aa	0.95	880.0
True	PROKKA_06122025__gr_1e-12_lr_1e-12_mu_1e-14	60207	diamond	0.9908505143632722	0.9970173814666256	0.9965564653112089	9.999000099990002e-05	0.9988970044806759	0.9991076618937027	0.9990023220819736	1939	1047	6	aa	0.85	1.0
True	PROKKA_06122025__gr_1e-12_lr_1e-12_mu_1e-14	60207	panta	0.9993394348706925	0.99878573794017	0.9993785777525799	9.999000099990002e-05	1.0	0.9996503049406078	0.999825121893299	1982	1108	0	aa	0.7	10.0
True	PROKKA_06122025__gr_1e-12_lr_1e-12_mu_1e-14	60207	mmseqs2	0.9962849988324267	0.9994857554252803	0.9987627551079613	9.999000099990002e-05	0.9994493617982161	0.9998335100508259	0.999641399018818	1939	1055	5	aa	0.8	0.0
True	PROKKA_06122025__gr_1e-12_lr_1e-12_mu_1e-14	60207	panta	0.9995644058895276	0.9992272877801082	0.999531680550097	9.999000099990002e-05	1.0000000000000002	0.9997363982492682	0.9998681817508736	1982	1109	0	aa	0.5	10.0
True	PROKKA_06122025__gr_1e-12_lr_1e-12_mu_1e-14	60207	panaroo	0.9980135243274172	0.9998905309250137	0.9992705677507826	9.999000099990002e-05	0.9996405862367335	0.9999484088019696	0.9997944738257996	1890	1010	1	aa	0.7	35.0
True	PROKKA_06122025__gr_1e-12_lr_1e-12_mu_1e-14	60207	cdhit	0.9803452462426284	0.9799444615859303	0.9878573981781218	9.999000099990002e-05	0.9996179009982651	0.9934643908715816	0.996531646656586	2037	1095	39	nt	0.95	1.0
True	PROKKA_06122025__gr_1e-12_lr_1e-12_mu_1e-14	60207	cdhit	0.9919658294840755	0.9992800575953924	0.997363858455341	9.999000099990002e-05	0.9987181194127908	0.9997521216547252	0.9992348530389977	1929	1045	5	aa	0.8	0.0
True	PROKKA_06122025__gr_1e-12_lr_1e-12_mu_1e-14	60207	ppanggolin	0.9967084289247711	0.9970443349753695	0.9980076445882657	9.999000099990002e-05	0.9998189237404053	0.9990613244536927	0.999439980527498	1900	1008	7	aa	0.9	5.0
True	PROKKA_06122025__gr_1e-12_lr_1e-12_mu_1e-14	60207	cdhit	0.9724575849520749	0.9990743597655045	0.9906781188624867	9.999000099990002e-05	0.9948564918456062	0.9996984702854722	0.9972716038759764	1888	1011	10	aa	0.5	3.0
True	PROKKA_06122025__gr_1e-12_lr_1e-12_mu_1e-14	60207	panaroo	0.9919767701844712	0.9905856595511768	0.9951335736312995	9.999000099990002e-05	1.0	0.9972801394971075	0.9986382178197709	1927	1016	10	aa	0.9	30.0
True	PROKKA_06122025__gr_1e-12_lr_1e-12_mu_1e-14	60207	ppanggolin	0.9723295187556856	1.0	0.9911204504434523	9.999000099990002e-05	0.9949554985184594	0.9999999999999999	0.9974713714239305	1842	973	3	aa	0.5	7.0
True	PROKKA_06122025__gr_1e-12_lr_1e-12_mu_1e-14	60207	cdhit	0.9938232815828066	0.9991772086804485	0.9979164813503384	9.999000099990002e-05	0.999055767331146	0.9997359113879898	0.9993957236406705	1934	1049	6	nt	0.85	32.0
True	PROKKA_06122025__gr_1e-12_lr_1e-12_mu_1e-14	60207	embed_hdbscan_raw	0.9432493719345293	0.9909492954849326	0.9624227968455866	9.999000099990002e-05	0.9800477434470936	0.997491943591978	0.9886929044520953	1582	701	0	aa	0.9	40.772
True	PROKKA_06122025__gr_1e-12_lr_1e-12_mu_1e-14	60207	embed_hdbscan_tsne	0.853315061514278	0.9643114265144502	0.9068343850884377	9.999000099990002e-05	0.9516275721883493	0.9904129902544901	0.9706329801825905	1034	85	0	aa	0.9	23.65
True	PROKKA_06122025__gr_1e-12_lr_1e-12_mu_1e-14	60207	embed_hdbscan_umap	0.8040594084233761	0.9782988789468271	0.8928640360104902	9.999000099990002e-05	0.9373593548001169	0.9941917863431947	0.9649394743362781	892	29	0	aa	0.9	15.182
True	PROKKA_06122025__gr_1e-12_lr_1e-12_mu_1e-14	60207	diamond	0.9751662556631862	1.0	0.9917436144005723	9.999000099990002e-05	0.9951787827960654	1.0	0.997583566322223	1883	1004	10	aa	0.5	1.0
True	PROKKA_06122025__gr_1e-12_lr_1e-12_mu_1e-14	60207	mmseqs2	0.9942142406772995	0.9939319140183072	0.9965557808734691	9.999000099990002e-05	0.9999999999999999	0.9980158826172537	0.9990069561508453	1968	1065	13	aa	0.9	0.0
True	PROKKA_06122025__gr_1e-12_lr_1e-12_mu_1e-14	60207	panaroo	0.9965885251421751	1.0	0.9988134977628215	9.999000099990002e-05	0.9993310576963444	1.0	0.9996654169397907	1886	1007	1	aa	0.6	37.0
True	PROKKA_06122025__gr_1e-12_lr_1e-12_mu_1e-14	60207	panx	0.9998555209539066	1.0	0.9998684780933571	9.999000099990002e-05	0.9999256607763931	1.0	0.9999628290065652	1830	980	1	aa	0.6	895.0
True	PROKKA_06122025__gr_1e-12_lr_1e-12_mu_1e-14	60207	panaroo	0.9930766808483639	1.0	0.9974561545477091	9.999000099990002e-05	0.9985638685011956	1.0	0.9992814182616633	1877	999	2	aa	0.5	38.0
True	PROKKA_06122025__gr_1e-12_lr_1e-12_mu_1e-14	60207	panx	0.999871891755875	1.0	0.9999091587266207	9.999000099990002e-05	0.9999487042881744	1.0	0.9999743514862579	1852	991	0	aa	0.7	944.0
True	PROKKA_06122025__gr_1e-12_lr_1e-12_mu_1e-14	60207	diamond	0.9899548697033554	0.9981487195310089	0.9965745105496229	9.999000099990002e-05	0.9985520214271587	0.9994604349037174	0.9990060216564541	1932	1045	6	aa	0.8	1.0
True	PROKKA_06122025__gr_1e-12_lr_1e-12_mu_1e-14	60207	panx	0.99772404310558	0.997784424504265	0.9986064882359488	9.999000099990002e-05	0.9998970289075542	0.9993190240957134	0.9996079429464917	1880	1003	2	aa	0.85	924.0
True	PROKKA_06122025__gr_1e-12_lr_1e-12_mu_1e-14	60207	panta	0.9960659676860514	0.9953637266806491	0.9977440196282101	9.999000099990002e-05	1.0	0.9987336976009247	0.9993664476660421	1896	1010	3	aa	0.9	8.0
True	PROKKA_06122025__gr_1e-12_lr_1e-12_mu_1e-14	60207	mmseqs2	0.9973931237387818	1.0	0.9992232504442996	9.999000099990002e-05	0.9995497714079201	1.0000000000000002	0.9997748350161034	1937	1054	4	nt	0.8	1.0
True	PROKKA_06122025__gr_1e-12_lr_1e-12_mu_1e-14	60207	panx	0.9991635623985701	0.9993321460373998	0.999408541329361	9.999000099990002e-05	0.9998964608202905	0.9997700972948169	0.9998332750649529	1866	999	0	aa	0.8	928.0
True	PROKKA_06122025__gr_1e-12_lr_1e-12_mu_1e-14	60207	mmseqs2	0.9961938589913901	0.9986629641057286	0.9985351946430651	9.999000099990002e-05	0.9995982016895922	0.9995534898347858	0.9995758452621895	1944	1057	5	aa	0.85	0.0
True	PROKKA_06122025__gr_1e-12_lr_1e-12_mu_1e-14	60207	ppanggolin	0.9915357252516627	0.999671592775041	0.9975672553093436	9.999000099990002e-05	0.9987311142307002	0.9998960198154053	0.9993132275387642	1883	1005	0	aa	0.8	4.0
True	PROKKA_06122025__gr_1e-12_lr_1e-12_mu_1e-14	60207	mmseqs2	0.9955376315470207	1.0	0.9985428246580803	9.999000099990002e-05	0.9991548072949558	1.0	0.9995772249842984	1933	1051	5	nt	0.5	3.0
True	PROKKA_06122025__gr_1e-12_lr_1e-12_mu_1e-14	60207	hdbscan_dist	0.9665146970476378	0.9923891802941479	0.9779299778674009	9.999000099990002e-05	0.9888953175019334	0.9981024438629497	0.9934775492100373	1759	885	0	aa	0.9	0.782
True	PROKKA_06122025__gr_1e-12_lr_1e-12_mu_1e-14	60207	hdbscan_tsne	0.8648857391423899	0.9689396276869279	0.917953386829372	9.999000099990002e-05	0.9570118550532407	0.9922977504144709	0.9743354346847909	1159	235	0	aa	0.9	85.565
True	PROKKA_06122025__gr_1e-12_lr_1e-12_mu_1e-14	60207	hdbscan_umap	0.1509337530850812	0.9642085775995063	0.8075280341964248	9.999000099990002e-05	0.8796095804230688	0.9888174483282526	0.9310219638818835	846	34	0	aa	0.9	16.241
True	PROKKA_06122025__gr_1e-12_lr_1e-12_mu_1e-14	60207	cdhit	0.9929964795888369	0.9978401727861771	0.9974813946781484	9.999000099990002e-05	0.9992616794008423	0.9992795342768751	0.9992706067591014	1943	1053	8	nt	0.9	1.0
True	PROKKA_06122025__gr_1e-12_lr_1e-12_mu_1e-14	60207	mmseqs2	0.9949280788095063	0.9995886043402242	0.9982665698183328	9.999000099990002e-05	0.9991420770011764	0.9998526235286773	0.999497223982359	1935	1052	5	aa	0.7	2.0
True	PROKKA_06122025__gr_1e-12_lr_1e-12_mu_1e-14	60207	mmseqs2	0.9950046386517521	0.9975316260413453	0.9977980257223427	9.999000099990002e-05	0.9995982016895922	0.9991278864664919	0.9993629887436942	1951	1061	8	nt	0.9	1.0
True	PROKKA_06122025__gr_1e-12_lr_1e-12_mu_1e-14	60207	mmseqs2	0.9937838509600145	0.9998971510850561	0.9978227631428032	9.999000099990002e-05	0.9987862173143278	0.9999501960654387	0.9993678677641189	1929	1047	6	aa	0.6	1.0
True	PROKKA_06122025__gr_1e-12_lr_1e-12_mu_1e-14	60207	ppanggolin	0.9825971421343805	0.9808429118773946	0.9891873134460502	9.999000099990002e-05	0.9998957058528527	0.9941119994680873	0.9969954647140604	1972	1033	28	aa	0.95	5.0
True	PROKKA_06122025__gr_1e-12_lr_1e-12_mu_1e-14	60207	ppanggolin	0.9881790526424447	0.999671592775041	0.9961069446035251	9.999000099990002e-05	0.9979039074452931	0.9998959336305907	0.9988989274033342	1872	996	0	aa	0.7	5.0
True	PROKKA_06122025__gr_1e-12_lr_1e-12_mu_1e-14	60207	cdhit	0.9690450841082879	0.9655456134937777	0.9799472212092151	9.999000099990002e-05	0.9998533208529582	0.988876759163052	0.9943347480876126	2118	1137	60	aa	0.95	0.0
True	PROKKA_06122025__gr_1e-12_lr_1e-12_mu_1e-14	60207	ppanggolin	0.9910484868621602	0.9983579638752053	0.9971649065385009	9.999000099990002e-05	0.998884060833877	0.9995173436090237	0.9992006018794789	1888	1005	1	aa	0.85	6.0
True	PROKKA_06122025__gr_1e-12_lr_1e-12_mu_1e-14	60207	mmseqs2	0.9955376315470207	1.0	0.9985428246580803	9.999000099990002e-05	0.9991548072949558	1.0	0.9995772249842984	1933	1051	5	nt	0.6	1.0
True	PROKKA_06122025__gr_1e-12_lr_1e-12_mu_1e-14	62092	panaroo	0.9991184987224658	0.9993017734953219	0.9995515159856198	9.999000099990002e-05	0.9999999999999999	0.9997868528831687	0.9998934150824503	1905	1024	6	aa	0.85	35.0
True	PROKKA_06122025__gr_1e-12_lr_1e-12_mu_1e-14	62092	panta	0.999458305721594	0.99915611814346	0.9994320337817092	9.999000099990002e-05	1.0	0.999729717351025	0.9998648404098665	1991	1121	6	aa	0.6	10.0
True	PROKKA_06122025__gr_1e-12_lr_1e-12_mu_1e-14	62092	diamond	0.9758561260897307	1.0	0.9915460886493838	9.999000099990002e-05	0.9958056237690786	0.9999999999999997	0.9978984044433141	1903	1036	8	aa	0.6	1.0
True	PROKKA_06122025__gr_1e-12_lr_1e-12_mu_1e-14	62092	diamond	0.9737644957093252	0.9719441517386723	0.9851997362993706	9.999000099990002e-05	0.9997069515653438	0.9931535250575907	0.9964194629964123	2015	1076	25	aa	0.95	0.0
True	PROKKA_06122025__gr_1e-12_lr_1e-12_mu_1e-14	62092	diamond	0.9799397381997857	1.0	0.9936655285123416	9.999000099990002e-05	0.9968638271963213	0.9999999999999999	0.9984294508413816	1917	1048	7	aa	0.7	1.0
True	PROKKA_06122025__gr_1e-12_lr_1e-12_mu_1e-14	62092	panta	0.9989653476836338	0.9988748241912799	0.999402118084974	9.999000099990002e-05	1.0	0.9997154931604336	0.9998577263413023	1894	1021	6	aa	0.8	9.0
True	PROKKA_06122025__gr_1e-12_lr_1e-12_mu_1e-14	62092	mmseqs2	0.9961312352192264	1.0	0.9983866525998113	9.999000099990002e-05	0.9992049637075537	1.0	0.9996023237702593	1932	1054	7	nt	0.7	1.0
True	PROKKA_06122025__gr_1e-12_lr_1e-12_mu_1e-14	62092	cdhit	0.978330525428508	0.999868282402529	0.9935098830194106	9.999000099990002e-05	0.9968366075218026	0.9999501688186587	0.9983909607042477	1920	1051	7	aa	0.7	0.0
True	PROKKA_06122025__gr_1e-12_lr_1e-12_mu_1e-14	62092	panx	0.997883586415691	1.0	0.9994532926004688	9.999000099990002e-05	0.9997390042622574	1.0	0.9998694850992123	1792	977	6	aa	0.5	943.0
True	PROKKA_06122025__gr_1e-12_lr_1e-12_mu_1e-14	62092	ppanggolin	0.9750940507435063	1.0	0.9915834071678793	9.999000099990002e-05	0.9959636897247046	1.0	0.9979777636757249	1869	1003	7	aa	0.6	5.0
True	PROKKA_06122025__gr_1e-12_lr_1e-12_mu_1e-14	62092	panx	0.9947265781756064	0.9966048946102702	0.9974465879067442	9.999000099990002e-05	0.999589641000601	0.9991984482032644	0.9993940063207849	1892	1019	8	aa	0.9	895.0
True	PROKKA_06122025__gr_1e-12_lr_1e-12_mu_1e-14	62092	panaroo	0.9737390676721105	0.9713727133081972	0.9842400096367615	9.999000099990002e-05	1.0	0.9926746019574572	0.9963238362975335	1993	1047	37	aa	0.95	33.0
True	PROKKA_06122025__gr_1e-12_lr_1e-12_mu_1e-14	62092	cdhit	0.9894865342740833	0.999868282402529	0.9965269433397418	9.999000099990002e-05	0.9983434643534623	0.9999422175932602	0.9991422014221837	1928	1053	7	nt	0.8	28.0
True	PROKKA_06122025__gr_1e-12_lr_1e-12_mu_1e-14	62092	panta	0.9854950218966216	0.9827004219409282	0.9917540293461112	9.999000099990002e-05	1.0	0.9961196692244808	0.9980560630530599	1932	1026	18	aa	0.95	8.0
True	PROKKA_06122025__gr_1e-12_lr_1e-12_mu_1e-14	62092	mmseqs2	0.9869544742497312	1.0	0.9944326709644616	9.999000099990002e-05	0.9972456853228924	0.9999999999999999	0.9986209434836444	1909	1036	8	aa	0.5	1.0
True	PROKKA_06122025__gr_1e-12_lr_1e-12_mu_1e-14	62092	cdhit	0.971583473120566	1.0	0.9909467879075081	9.999000099990002e-05	0.9955056450034238	1.0	0.9977477613216331	1904	1038	8	aa	0.6	0.0
True	PROKKA_06122025__gr_1e-12_lr_1e-12_mu_1e-14	62092	panaroo	0.9998532338165685	1.0	0.9998824221598401	9.999000099990002e-05	0.9999440764543144	1.0	0.9999720374452746	1902	1023	6	aa	0.8	31.0
True	PROKKA_06122025__gr_1e-12_lr_1e-12_mu_1e-14	62092	cdhit	0.9934439068075824	0.9974973656480506	0.9967577170340214	9.999000099990002e-05	0.9991348229462637	0.9992694505093548	0.999202132193046	1940	1058	8	aa	0.9	0.0
True	PROKKA_06122025__gr_1e-12_lr_1e-12_mu_1e-14	62092	cdhit	0.989144863618278	0.9994731296101159	0.996549034325503	9.999000099990002e-05	0.9984442616633954	0.9998528636696309	0.9991480662039034	1931	1054	8	aa	0.85	0.0
True	PROKKA_06122025__gr_1e-12_lr_1e-12_mu_1e-14	62092	panta	0.9989653476836338	0.9988748241912799	0.999402118084974	9.999000099990002e-05	1.0	0.9997154931604336	0.9998577263413023	1894	1021	6	aa	0.85	8.0
True	PROKKA_06122025__gr_1e-12_lr_1e-12_mu_1e-14	62092	mmseqs2	0.9982649718103022	1.0	0.9993669804439194	9.999000099990002e-05	0.999688359718823	0.9999999999999998	0.9998441555757114	1937	1057	7	nt	0.85	1.0
True	PROKKA_06122025__gr_1e-12_lr_1e-12_mu_1e-14	62092	mmseqs2	0.9789013867997632	0.9794520547945206	0.9880721798164046	9.999000099990002e-05	1.0	0.9942336715038278	0.9971084990798376	2011	1092	21	aa	0.95	1.0
True	PROKKA_06122025__gr_1e-12_lr_1e-12_mu_1e-14	62092	diamond	0.9894718612792299	0.9964436248682824	0.9958374674411625	9.999000099990002e-05	0.998823897612843	0.9991266518026256	0.9989752517692038	1944	1064	8	aa	0.9	1.0
True	PROKKA_06122025__gr_1e-12_lr_1e-12_mu_1e-14	62092	mmseqs2	0.9876841323545202	0.987881981032666	0.9927140723569597	9.999000099990002e-05	1.0	0.9964537103632588	0.9982237055543373	1985	1080	18	nt	0.95	0.0
True	PROKKA_06122025__gr_1e-12_lr_1e-12_mu_1e-14	62092	hdbscan_dist	0.9222326175216797	0.9416491043203372	0.9538371648871226	9.999000099990002e-05	0.9905844771995106	0.9869213418609212	0.9887495167309686	1892	889	0	nt	0.9	0.414
True	PROKKA_06122025__gr_1e-12_lr_1e-12_mu_1e-14	62092	hdbscan_tsne	0.7725896919441998	0.8456269757639621	0.8634172786444059	9.999000099990002e-05	0.9706142026959916	0.9634570330479721	0.9670223750615766	1719	471	0	nt	0.9	22.216
True	PROKKA_06122025__gr_1e-12_lr_1e-12_mu_1e-14	62092	hdbscan_umap	0.7264867477265183	0.976159114857745	0.8512215916415748	9.999000099990002e-05	0.9210666391373222	0.99443513811439	0.9563457903100845	859	39	0	nt	0.9	7.647
True	PROKKA_06122025__gr_1e-12_lr_1e-12_mu_1e-14	62092	panx	0.9836904493295989	0.9829203415931681	0.9907518238366604	9.999000099990002e-05	0.9996467550719496	0.996003141353914	0.9978216219980105	1944	1036	21	aa	0.95	888.0
True	PROKKA_06122025__gr_1e-12_lr_1e-12_mu_1e-14	62092	diamond	0.9883277302677208	0.9988145416227608	0.9961573069794604	9.999000099990002e-05	0.9983777199911374	0.9997261935985243	0.9990515017681785	1930	1053	7	aa	0.85	1.0
True	PROKKA_06122025__gr_1e-12_lr_1e-12_mu_1e-14	62092	panta	0.999458305721594	0.99915611814346	0.9994320337817092	9.999000099990002e-05	1.0	0.9997297173510251	0.9998648404098666	1991	1121	6	aa	0.7	10.0
True	PROKKA_06122025__gr_1e-12_lr_1e-12_mu_1e-14	62092	mmseqs2	0.9982435892707927	1.0	0.9993607343487949	9.999000099990002e-05	0.9996852827785898	0.9999999999999999	0.9998426166236654	1937	1057	7	aa	0.8	0.0
True	PROKKA_06122025__gr_1e-12_lr_1e-12_mu_1e-14	62092	panta	0.9994336971757284	0.99915611814346	0.9993748675584534	9.999000099990002e-05	0.999972771501076	0.9997297099934231	0.999851225975328	1991	1120	7	aa	0.5	10.0
True	PROKKA_06122025__gr_1e-12_lr_1e-12_mu_1e-14	62092	panaroo	0.9987293297671118	0.9998603546990644	0.999358763299326	9.999000099990002e-05	0.9997320956253328	0.9999627934719981	0.9998474312412612	1901	1022	6	aa	0.7	35.0
True	PROKKA_06122025__gr_1e-12_lr_1e-12_mu_1e-14	62092	cdhit	0.9909666132173641	0.9917017913593256	0.9942525598749952	9.999000099990002e-05	0.9997068356286319	0.9974837669738523	0.9985940640547226	1969	1069	20	nt	0.95	1.0
True	PROKKA_06122025__gr_1e-12_lr_1e-12_mu_1e-14	62092	cdhit	0.9869478510080928	0.9994731296101159	0.9958615206072394	9.999000099990002e-05	0.9980776436861291	0.9998786554075253	0.9989773378065449	1928	1052	9	aa	0.8	0.0
True	PROKKA_06122025__gr_1e-12_lr_1e-12_mu_1e-14	62092	ppanggolin	0.9917522260296526	0.9984639016897081	0.9970856632367272	9.999000099990002e-05	0.9989455748823111	0.9996661285034855	0.9993057218033554	1898	1019	8	aa	0.9	5.0
True	PROKKA_06122025__gr_1e-12_lr_1e-12_mu_1e-14	62092	cdhit	0.9644290382610552	0.9988145416227608	0.9874614957774401	9.999000099990002e-05	0.9941032653098275	0.9996570788717454	0.9968724367465734	1889	1020	13	aa	0.5	2.0
True	PROKKA_06122025__gr_1e-12_lr_1e-12_mu_1e-14	62092	panaroo	0.9961196154235115	0.9956709956709957	0.997770144418855	9.999000099990002e-05	0.9999999999999999	0.9989430006893383	0.9994712208850892	1915	1025	12	aa	0.9	32.0
True	PROKKA_06122025__gr_1e-12_lr_1e-12_mu_1e-14	62092	ppanggolin	0.9666990804937885	1.0	0.9879189270182255	9.999000099990002e-05	0.994185030836087	1.0	0.997084037301456	1847	985	7	aa	0.5	5.0
True	PROKKA_06122025__gr_1e-12_lr_1e-12_mu_1e-14	62092	cdhit	0.9908154581176312	1.0	0.9972678147696009	9.999000099990002e-05	0.9986521328882274	1.0	0.999325611951378	1931	1055	7	nt	0.85	25.0
True	PROKKA_06122025__gr_1e-12_lr_1e-12_mu_1e-14	62092	embed_hdbscan_raw	0.9272635264051903	0.9715489989462592	0.9513833153020861	9.999000099990002e-05	0.9825145612976938	0.992981817516254	0.9877204587935644	1688	742	0	aa	0.9	26.401
True	PROKKA_06122025__gr_1e-12_lr_1e-12_mu_1e-14	62092	embed_hdbscan_tsne	0.7953728436919124	0.8958113804004215	0.8680876360979035	9.999000099990002e-05	0.9598901852536247	0.9730599653762988	0.9664302104465058	1412	251	0	aa	0.9	18.891
True	PROKKA_06122025__gr_1e-12_lr_1e-12_mu_1e-14	62092	embed_hdbscan_umap	0.7547937903044702	0.9806375131717597	0.8604782711990039	9.999000099990002e-05	0.92593652827664	0.9954318893325241	0.9594273948682165	854	10	0	aa	0.9	14.364
True	PROKKA_06122025__gr_1e-12_lr_1e-12_mu_1e-14	62092	diamond	0.9655440760474456	1.0	0.9882627271437062	9.999000099990002e-05	0.99415749706677	0.9999999999999999	0.997070189821103	1882	1013	12	aa	0.5	1.0
True	PROKKA_06122025__gr_1e-12_lr_1e-12_mu_1e-14	62092	mmseqs2	0.9973778315493156	0.9981559536354057	0.9986046377640573	9.999000099990002e-05	0.9998581854142939	0.9994560732469681	0.9996570888932174	1944	1060	8	aa	0.9	0.0
True	PROKKA_06122025__gr_1e-12_lr_1e-12_mu_1e-14	62092	panaroo	0.998046076115219	0.9997207093981287	0.9988888056567465	9.999000099990002e-05	0.9995366571723507	0.9999344224783842	0.9997355002605944	1898	1019	7	aa	0.6	37.0
True	PROKKA_06122025__gr_1e-12_lr_1e-12_mu_1e-14	62092	panx	0.9979491125724147	1.0	0.9994688010063757	9.999000099990002e-05	0.9997467890885666	1.0000000000000002	0.9998733785133124	1836	999	6	aa	0.6	931.0
True	PROKKA_06122025__gr_1e-12_lr_1e-12_mu_1e-14	62092	panaroo	0.9954459180632874	1.0	0.9974988904662557	9.999000099990002e-05	0.9988075742695819	0.9999999999999999	0.9994034314529481	1887	1010	7	aa	0.5	38.0
True	PROKKA_06122025__gr_1e-12_lr_1e-12_mu_1e-14	62092	panx	0.9979707551627085	1.0	0.9994745727167148	9.999000099990002e-05	0.9997499625968412	1.0	0.9998749656667906	1856	1009	6	aa	0.7	893.0
True	PROKKA_06122025__gr_1e-12_lr_1e-12_mu_1e-14	62092	diamond	0.9871217183241991	1.0	0.9960721517426087	9.999000099990002e-05	0.9980599797322531	0.9999999999999998	0.9990290480328788	1926	1052	7	aa	0.8	1.0
True	PROKKA_06122025__gr_1e-12_lr_1e-12_mu_1e-14	62092	panx	0.9963241320854668	0.9984346093638822	0.9983665239635967	9.999000099990002e-05	0.9995869235827444	0.9996369881121873	0.9996119552206082	1880	1016	7	aa	0.85	898.0
True	PROKKA_06122025__gr_1e-12_lr_1e-12_mu_1e-14	62092	panta	0.9975082918038976	0.9971870604781997	0.9986072022930319	9.999000099990002e-05	1.0	0.9993379987884784	0.9996688897965613	1898	1022	8	aa	0.9	8.0
True	PROKKA_06122025__gr_1e-12_lr_1e-12_mu_1e-14	62092	mmseqs2	0.9975171266774812	1.0	0.9990630482384071	9.999000099990002e-05	0.9995385926354733	0.9999999999999999	0.9997692430812657	1936	1057	7	nt	0.8	1.0
True	PROKKA_06122025__gr_1e-12_lr_1e-12_mu_1e-14	62092	panx	0.9969479766171484	0.9991448118586089	0.9987372702818514	9.999000099990002e-05	0.9995861652679094	0.9998133627680967	0.9996997511094514	1875	1014	7	aa	0.8	906.0
True	PROKKA_06122025__gr_1e-12_lr_1e-12_mu_1e-14	62092	mmseqs2	0.9981358133407388	0.999868282402529	0.9993392587647284	9.999000099990002e-05	0.9997380357399949	0.9999367379964749	0.9998373769959829	1939	1059	7	aa	0.85	0.0
True	PROKKA_06122025__gr_1e-12_lr_1e-12_mu_1e-14	62092	ppanggolin	0.9877481638735255	1.0	0.9960403257686147	9.999000099990002e-05	0.9981094809672337	1.0	0.9990538461226603	1889	1017	6	aa	0.8	4.0
True	PROKKA_06122025__gr_1e-12_lr_1e-12_mu_1e-14	62092	mmseqs2	0.9942822785021725	1.0	0.9978247850734966	9.999000099990002e-05	0.9989274870071492	0.9999999999999998	0.9994634557782499	1930	1053	7	nt	0.5	7.0
True	PROKKA_06122025__gr_1e-12_lr_1e-12_mu_1e-14	62092	hdbscan_dist	0.9237983534446882	0.9490252897787145	0.954704474531646	9.999000099990002e-05	0.9892227004361549	0.988530525831113	0.9888764920099069	1852	870	0	aa	0.9	0.426
True	PROKKA_06122025__gr_1e-12_lr_1e-12_mu_1e-14	62092	hdbscan_tsne	0.78318594071718	0.8677555321390937	0.8671950492839118	9.999000099990002e-05	0.9658437277498673	0.9683792845687107	0.9671098442391431	1559	336	0	aa	0.9	26.828
True	PROKKA_06122025__gr_1e-12_lr_1e-12_mu_1e-14	62092	hdbscan_umap	0.42334508144948935	0.9681243414120126	0.8082707421458776	9.999000099990002e-05	0.8946866336363996	0.9918339764398081	0.9407589790087577	832	44	0	aa	0.9	9.457
True	PROKKA_06122025__gr_1e-12_lr_1e-12_mu_1e-14	62092	cdhit	0.9926247634923994	0.9997365648050579	0.9976330135257142	9.999000099990002e-05	0.9989527505963485	0.9998804170977355	0.9994163685801674	1935	1058	7	nt	0.9	1.0
True	PROKKA_06122025__gr_1e-12_lr_1e-12_mu_1e-14	62092	mmseqs2	0.9963655003666333	1.0	0.9985942182811427	9.999000099990002e-05	0.9993073926901307	0.9999999999999998	0.9996535763772985	1934	1056	7	aa	0.7	0.0
True	PROKKA_06122025__gr_1e-12_lr_1e-12_mu_1e-14	62092	mmseqs2	0.9971688533913606	0.9989462592202318	0.9989349935651585	9.999000099990002e-05	0.999738035739995	0.9997379828913465	0.99973800931567	1940	1058	7	nt	0.9	0.0
True	PROKKA_06122025__gr_1e-12_lr_1e-12_mu_1e-14	62092	mmseqs2	0.9950465322803567	1.0	0.9978012856325709	9.999000099990002e-05	0.9989158715779403	0.9999999999999999	0.999457641795998	1928	1050	8	aa	0.6	0.0
True	PROKKA_06122025__gr_1e-12_lr_1e-12_mu_1e-14	62092	ppanggolin	0.9863350231805412	0.9877112135176651	0.993043567709098	9.999000099990002e-05	0.9994942111363246	0.9972196191985211	0.9983556195965692	1932	1030	21	aa	0.95	5.0
True	PROKKA_06122025__gr_1e-12_lr_1e-12_mu_1e-14	62092	ppanggolin	0.9803564404942443	1.0	0.9936380309577999	9.999000099990002e-05	0.9969552640544904	1.0	0.9984753108893747	1881	1013	7	aa	0.7	4.0
True	PROKKA_06122025__gr_1e-12_lr_1e-12_mu_1e-14	62092	cdhit	0.9825011198992469	0.981822971548999	0.9885347618204442	9.999000099990002e-05	0.9998895570170033	0.994559784898873	0.9972175495760524	2018	1103	32	aa	0.95	0.0
True	PROKKA_06122025__gr_1e-12_lr_1e-12_mu_1e-14	62092	ppanggolin	0.9899011171939655	1.0	0.9966655684393099	9.999000099990002e-05	0.9984089845496599	1.0	0.9992038589384651	1891	1018	6	aa	0.85	5.0
True	PROKKA_06122025__gr_1e-12_lr_1e-12_mu_1e-14	62092	mmseqs2	0.9961312352192264	1.0	0.9983866525998113	9.999000099990002e-05	0.9992049637075537	1.0	0.9996023237702593	1932	1054	7	nt	0.6	1.0
