simulations	assembly	seed	clusterer	adj_rand_index	purity	adj_mutual_info	adj_rand_index_p	homogeneity	completeness	v_measure	n_clusters	n_singletons	n_pairs	st	c	runtime
True	PROKKA_06122025__gr_1e-12_lr_1e-13_mu_1e-14	34	panaroo	0.9984472404289476	0.9988233316523786	0.9992995923143293	9.999000099990002e-05	0.9999999999999999	0.9996640545036104	0.999831999032221	1850	1276	14	aa	0.85	34.0
True	PROKKA_06122025__gr_1e-12_lr_1e-13_mu_1e-14	34	panta	0.9994199721175332	0.9996605566870332	0.9995703834998462	9.999000099990002e-05	0.9999536966787077	0.999840426832743	0.9998970585478806	1836	1268	13	aa	0.6	7.0
True	PROKKA_06122025__gr_1e-12_lr_1e-13_mu_1e-14	34	diamond	0.985297976895823	1.0	0.9932703056962722	9.999000099990002e-05	0.9966715792093039	1.0000000000000002	0.9983330153915377	1902	1292	51	aa	0.6	1.0
True	PROKKA_06122025__gr_1e-12_lr_1e-13_mu_1e-14	34	diamond	0.9566833108622659	0.9574268273595242	0.9756170279353042	9.999000099990002e-05	0.999829662219081	0.9885950633452613	0.994180625042685	2035	1350	76	aa	0.95	1.0
True	PROKKA_06122025__gr_1e-12_lr_1e-13_mu_1e-14	34	diamond	0.9897701477260795	1.0	0.995704476276503	9.999000099990002e-05	0.9978806297946872	1.0000000000000002	0.9989391907736097	1917	1307	51	aa	0.7	1.0
True	PROKKA_06122025__gr_1e-12_lr_1e-13_mu_1e-14	34	panta	0.9994751839375832	0.9996605566870332	0.999666967233834	9.999000099990002e-05	0.9999999999999999	0.9998404342203318	0.9999202107443484	1837	1269	14	aa	0.8	7.0
True	PROKKA_06122025__gr_1e-12_lr_1e-13_mu_1e-14	34	mmseqs2	0.9964251212257507	1.0	0.9985209470768311	9.999000099990002e-05	0.9992722811938284	1.0000000000000002	0.9996360081550588	1932	1323	49	nt	0.7	2.0
True	PROKKA_06122025__gr_1e-12_lr_1e-13_mu_1e-14	34	cdhit	0.9866377007825222	1.0	0.9952061559784149	9.999000099990002e-05	0.9976336200827418	1.0	0.9988154084445374	1919	1311	52	aa	0.7	0.0
True	PROKKA_06122025__gr_1e-12_lr_1e-13_mu_1e-14	34	panx	0.9999707356530143	1.0	0.9999255253828855	9.999000099990002e-05	0.9999641872551157	1.0	0.9999820933069139	1751	1216	14	aa	0.5	826.0
True	PROKKA_06122025__gr_1e-12_lr_1e-13_mu_1e-14	34	ppanggolin	0.9884924054691038	1.0	0.994951183426434	9.999000099990002e-05	0.997563729282721	1.0000000000000002	0.9987803789778693	1822	1248	17	aa	0.6	5.0
True	PROKKA_06122025__gr_1e-12_lr_1e-13_mu_1e-14	34	panx	0.9962064523019041	0.9965806120704394	0.9975591943362104	9.999000099990002e-05	0.9999322225892434	0.9989018319190881	0.9994167616731059	1837	1267	19	aa	0.9	788.0
True	PROKKA_06122025__gr_1e-12_lr_1e-13_mu_1e-14	34	panaroo	0.9550699211178795	0.9559589847033115	0.9732379014193296	9.999000099990002e-05	1.0	0.9876373697811581	0.9937802385853699	1959	1296	53	aa	0.95	37.0
True	PROKKA_06122025__gr_1e-12_lr_1e-13_mu_1e-14	34	cdhit	0.9963543555380987	1.0	0.9980679445756783	9.999000099990002e-05	0.9990489653143009	1.0	0.9995242564328335	1928	1318	51	nt	0.8	24.0
True	PROKKA_06122025__gr_1e-12_lr_1e-13_mu_1e-14	34	panta	0.9725729320364694	0.971826205023761	0.984195339584092	9.999000099990002e-05	0.9999999999999999	0.9925958658588284	0.9962841767023438	1894	1275	32	aa	0.95	8.0
True	PROKKA_06122025__gr_1e-12_lr_1e-13_mu_1e-14	34	mmseqs2	0.9872626062972345	1.0	0.9949161934188879	9.999000099990002e-05	0.9974897459905276	1.0000000000000002	0.9987432956717246	1911	1299	51	aa	0.5	2.0
True	PROKKA_06122025__gr_1e-12_lr_1e-13_mu_1e-14	34	cdhit	0.9845330066668598	0.9996869619658788	0.9933362595400206	9.999000099990002e-05	0.9967966949184243	0.9999086691070647	0.9983502569220112	1906	1295	53	aa	0.6	0.0
True	PROKKA_06122025__gr_1e-12_lr_1e-13_mu_1e-14	34	panaroo	0.9981230989215709	0.9989914271306102	0.9990664292884127	9.999000099990002e-05	0.9998254436299105	0.9997264347149707	0.9997759367212001	1849	1276	14	aa	0.8	40.0
True	PROKKA_06122025__gr_1e-12_lr_1e-13_mu_1e-14	34	cdhit	0.994071948234932	0.996713100641728	0.9966888656184858	9.999000099990002e-05	0.9993824323464229	0.998992479916375	0.99918741808476	1940	1324	54	aa	0.9	0.0
True	PROKKA_06122025__gr_1e-12_lr_1e-13_mu_1e-14	34	cdhit	0.9933994387195171	0.998904366880576	0.9971758815837642	9.999000099990002e-05	0.9989068118460238	0.9997032488176457	0.9993048716435888	1932	1322	51	aa	0.85	0.0
True	PROKKA_06122025__gr_1e-12_lr_1e-13_mu_1e-14	34	panta	0.9977587960884868	0.998133061778683	0.9986416555703157	9.999000099990002e-05	0.9999999999999999	0.9993501566012006	0.999674972692175	1841	1269	16	aa	0.85	7.0
True	PROKKA_06122025__gr_1e-12_lr_1e-13_mu_1e-14	34	mmseqs2	0.999406084017972	0.9998434809829394	0.9995391261793849	9.999000099990002e-05	0.9998481399101309	0.9999253922081583	0.9998867645669963	1938	1328	50	nt	0.85	1.0
True	PROKKA_06122025__gr_1e-12_lr_1e-13_mu_1e-14	34	mmseqs2	0.9631487110863586	0.9669744874002191	0.9789991602931785	9.999000099990002e-05	1.0	0.9899937236124414	0.9949717045492013	2034	1369	70	aa	0.95	1.0
True	PROKKA_06122025__gr_1e-12_lr_1e-13_mu_1e-14	34	diamond	0.9892465424977855	0.9918610111128502	0.9937616269541651	9.999000099990002e-05	0.9992481789394712	0.9977000700124382	0.9984735244000009	1952	1331	55	aa	0.9	1.0
True	PROKKA_06122025__gr_1e-12_lr_1e-13_mu_1e-14	34	mmseqs2	0.97516472376336	0.9776177805603381	0.9860998094753468	9.999000099990002e-05	1.0	0.9933086685009765	0.9966431031958258	2001	1357	59	nt	0.95	1.0
True	PROKKA_06122025__gr_1e-12_lr_1e-13_mu_1e-14	34	hdbscan_dist	0.8598221028831331	0.886367193614024	0.9105728451630208	9.999000099990002e-05	0.9892726377687531	0.9692535499564533	0.9791607812462725	1990	1042	223	nt	0.9	0.386
True	PROKKA_06122025__gr_1e-12_lr_1e-13_mu_1e-14	34	hdbscan_tsne	0.5402693095025287	0.6614493660979809	0.7147468952244102	9.999000099990002e-05	0.976520699362664	0.9103685802627035	0.9422850320633928	2280	600	633	nt	0.9	21.094
True	PROKKA_06122025__gr_1e-12_lr_1e-13_mu_1e-14	34	hdbscan_umap	0.6853785309682319	0.9588354985130694	0.81160210023525	9.999000099990002e-05	0.9000600470844935	0.9895657744306365	0.9426931061019167	702	40	33	nt	0.9	9.052
True	PROKKA_06122025__gr_1e-12_lr_1e-13_mu_1e-14	34	panx	0.9737392707816754	0.9738308289718048	0.9841801506300413	9.999000099990002e-05	0.9998881816423497	0.9926842101205727	0.9962731732164125	1907	1297	26	aa	0.95	783.0
True	PROKKA_06122025__gr_1e-12_lr_1e-13_mu_1e-14	34	diamond	0.995405698315844	0.9993739239317577	0.9976567372871911	9.999000099990002e-05	0.9990073492107767	0.9998393460419422	0.9994231744718278	1929	1318	52	aa	0.85	1.0
True	PROKKA_06122025__gr_1e-12_lr_1e-13_mu_1e-14	34	panta	0.9994199721175332	0.9996605566870332	0.9995703834998462	9.999000099990002e-05	0.9999536966787077	0.999840426832743	0.9998970585478806	1836	1268	13	aa	0.7	7.0
True	PROKKA_06122025__gr_1e-12_lr_1e-13_mu_1e-14	34	mmseqs2	0.9968956814209815	0.9998434809829394	0.998976456398469	9.999000099990002e-05	0.9995713813350385	0.9999253715524999	0.999748345108616	1938	1329	51	aa	0.8	1.0
True	PROKKA_06122025__gr_1e-12_lr_1e-13_mu_1e-14	34	panta	0.9993647663842878	0.9996605566870332	0.9994301804984215	9.999000099990002e-05	0.9998864658807083	0.9998404161050056	0.9998634404626391	1834	1263	16	aa	0.5	9.0
True	PROKKA_06122025__gr_1e-12_lr_1e-13_mu_1e-14	34	panaroo	0.9975309667251362	1.0	0.9991895912183572	9.999000099990002e-05	0.9996105829654127	1.0	0.9998052535639166	1845	1273	14	aa	0.7	37.0
True	PROKKA_06122025__gr_1e-12_lr_1e-13_mu_1e-14	34	cdhit	0.9831439493104174	0.9863828455157302	0.9896505426787129	9.999000099990002e-05	0.9996765741176538	0.9953044332174005	0.997485712740701	1985	1354	60	nt	0.95	1.0
True	PROKKA_06122025__gr_1e-12_lr_1e-13_mu_1e-14	34	cdhit	0.9907254166739697	1.0	0.9966538743698372	9.999000099990002e-05	0.9983506176258883	1.0000000000000002	0.999174628136042	1926	1318	52	aa	0.8	1.0
True	PROKKA_06122025__gr_1e-12_lr_1e-13_mu_1e-14	34	ppanggolin	0.9947353488325716	0.9983190452176837	0.9974972198400271	9.999000099990002e-05	0.9991940417415953	0.9996031109525794	0.9993985344875072	1843	1269	15	aa	0.9	5.0
True	PROKKA_06122025__gr_1e-12_lr_1e-13_mu_1e-14	34	cdhit	0.9715331744646357	0.998904366880576	0.9884006310247251	9.999000099990002e-05	0.9946282458214916	0.9996140447551579	0.9971149127981392	1890	1280	55	aa	0.5	2.0
True	PROKKA_06122025__gr_1e-12_lr_1e-13_mu_1e-14	34	panaroo	0.9910815710283002	0.9922676080013447	0.9952350131569699	9.999000099990002e-05	1.0	0.997728074713446	0.9988627454780702	1867	1280	17	aa	0.9	33.0
True	PROKKA_06122025__gr_1e-12_lr_1e-13_mu_1e-14	34	ppanggolin	0.9775839402207035	1.0	0.9905405194330918	9.999000099990002e-05	0.9954153417600152	1.0	0.9977024040338685	1800	1225	19	aa	0.5	6.0
True	PROKKA_06122025__gr_1e-12_lr_1e-13_mu_1e-14	34	cdhit	0.9965902801809877	1.0	0.9983528602562295	9.999000099990002e-05	0.9991894425059634	1.0	0.9995945569355246	1931	1322	51	nt	0.85	22.0
True	PROKKA_06122025__gr_1e-12_lr_1e-13_mu_1e-14	34	embed_hdbscan_raw	0.9005508433753453	0.9876349976522147	0.9315007742604474	9.999000099990002e-05	0.9676789816176574	0.9965980898234257	0.9819256546480145	1562	998	0	aa	0.9	19.62
True	PROKKA_06122025__gr_1e-12_lr_1e-13_mu_1e-14	34	embed_hdbscan_tsne	0.7679478534178951	0.9691657536390671	0.8406979920599865	9.999000099990002e-05	0.9170880979883269	0.9920985830959997	0.9531197882353525	816	181	0	aa	0.9	14.882
True	PROKKA_06122025__gr_1e-12_lr_1e-13_mu_1e-14	34	embed_hdbscan_umap	0.6847381503877765	0.9715135388949757	0.808223533110336	9.999000099990002e-05	0.89338148712509	0.9926742710430032	0.9404142084925299	628	41	0	aa	0.9	13.558
True	PROKKA_06122025__gr_1e-12_lr_1e-13_mu_1e-14	34	diamond	0.9751838015277993	1.0	0.9894910316768418	9.999000099990002e-05	0.9947828444253308	1.0	0.997384599737636	1883	1270	57	aa	0.5	1.0
True	PROKKA_06122025__gr_1e-12_lr_1e-13_mu_1e-14	34	mmseqs2	0.9939563290990833	0.9953044294881828	0.9969016804543385	9.999000099990002e-05	0.9998906513597086	0.9985929587874756	0.9992413837526456	1949	1331	53	aa	0.9	1.0
True	PROKKA_06122025__gr_1e-12_lr_1e-13_mu_1e-14	34	panaroo	0.9971251508006037	1.0	0.9988715809705756	9.999000099990002e-05	0.9994576014532105	0.9999999999999999	0.9997287271576074	1842	1268	16	aa	0.6	38.0
True	PROKKA_06122025__gr_1e-12_lr_1e-13_mu_1e-14	34	panx	0.999971295184659	1.0	0.9999270381678069	9.999000099990002e-05	0.9999650143724458	1.0	0.999982506880219	1785	1238	14	aa	0.6	803.0
True	PROKKA_06122025__gr_1e-12_lr_1e-13_mu_1e-14	34	panaroo	0.9875630432077935	1.0	0.9959288476882816	9.999000099990002e-05	0.9980374323543223	1.0	0.9990177523133963	1832	1259	17	aa	0.5	39.0
True	PROKKA_06122025__gr_1e-12_lr_1e-13_mu_1e-14	34	panx	0.999971760354533	1.0	0.9999281819794025	9.999000099990002e-05	0.9999655705631788	1.0	0.9999827849852377	1806	1251	14	aa	0.7	796.0
True	PROKKA_06122025__gr_1e-12_lr_1e-13_mu_1e-14	34	diamond	0.990297602211469	0.9996869619658788	0.9964174817269716	9.999000099990002e-05	0.9983506176258883	0.9998837101962614	0.9991165757986606	1927	1318	53	aa	0.8	1.0
True	PROKKA_06122025__gr_1e-12_lr_1e-13_mu_1e-14	34	panx	0.9992728530111639	0.9994846246349425	0.9994397310846828	9.999000099990002e-05	0.9999318655157918	0.9997999051080443	0.9998658809579468	1824	1262	17	aa	0.85	779.0
True	PROKKA_06122025__gr_1e-12_lr_1e-13_mu_1e-14	34	panta	0.9963425173054732	0.9969450101832994	0.9976963952064377	9.999000099990002e-05	0.9999999999999999	0.9988994637839482	0.9994494289302732	1846	1271	19	aa	0.9	7.0
True	PROKKA_06122025__gr_1e-12_lr_1e-13_mu_1e-14	34	mmseqs2	0.9994775644924946	1.0	0.9995545146112537	9.999000099990002e-05	0.9997810367346983	1.0	0.9998905063798088	1936	1326	50	nt	0.8	2.0
True	PROKKA_06122025__gr_1e-12_lr_1e-13_mu_1e-14	34	panx	0.9999436687936285	1.0	0.9998567375305654	9.999000099990002e-05	0.9999314613907977	1.0	0.9999657295209734	1817	1259	16	aa	0.8	756.0
True	PROKKA_06122025__gr_1e-12_lr_1e-13_mu_1e-14	34	mmseqs2	0.9996912222523564	1.0	0.9997774785152774	9.999000099990002e-05	0.9998906513597087	1.0000000000000004	0.9999453226904099	1938	1328	51	aa	0.85	1.0
True	PROKKA_06122025__gr_1e-12_lr_1e-13_mu_1e-14	34	ppanggolin	0.9907033149820244	1.0	0.9968009341311834	9.999000099990002e-05	0.9984591596197867	1.0	0.9992289858049906	1837	1267	15	aa	0.8	4.0
True	PROKKA_06122025__gr_1e-12_lr_1e-13_mu_1e-14	34	mmseqs2	0.9960227453958523	0.9998434809829394	0.9981742252803771	9.999000099990002e-05	0.9991715253296242	0.9999300536424445	0.99955064558009	1931	1321	50	nt	0.5	5.0
True	PROKKA_06122025__gr_1e-12_lr_1e-13_mu_1e-14	34	hdbscan_dist	0.860422422110432	0.8905932070746596	0.9093153900815553	9.999000099990002e-05	0.9877572210943538	0.9698956206740424	0.9787449363730611	1969	1019	245	aa	0.9	0.348
True	PROKKA_06122025__gr_1e-12_lr_1e-13_mu_1e-14	34	hdbscan_tsne	0.5472394941409562	0.6736578494287055	0.7203670035633926	9.999000099990002e-05	0.9759941636043649	0.9121510016718168	0.9429932298953823	2296	669	645	aa	0.9	19.013
True	PROKKA_06122025__gr_1e-12_lr_1e-13_mu_1e-14	34	hdbscan_umap	0.1292933420867597	0.9441227109093755	0.710084539285774	9.999000099990002e-05	0.8301975055623401	0.983450893500124	0.9003492397411895	623	28	24	aa	0.9	8.104
True	PROKKA_06122025__gr_1e-12_lr_1e-13_mu_1e-14	34	cdhit	0.9958242762856283	0.998904366880576	0.9978656570401307	9.999000099990002e-05	0.9993477942872235	0.9996029679409589	0.9994753648271484	1937	1326	52	nt	0.9	1.0
True	PROKKA_06122025__gr_1e-12_lr_1e-13_mu_1e-14	34	mmseqs2	0.9967082843186258	1.0	0.9987586809537166	9.999000099990002e-05	0.9993893946711943	1.0000000000000002	0.9996946040974145	1934	1325	50	aa	0.7	1.0
True	PROKKA_06122025__gr_1e-12_lr_1e-13_mu_1e-14	34	mmseqs2	0.9975960200268083	0.9984348098293943	0.9987717863674401	9.999000099990002e-05	0.9998906513597087	0.9995065847168331	0.9996985811503569	1942	1330	51	nt	0.9	2.0
True	PROKKA_06122025__gr_1e-12_lr_1e-13_mu_1e-14	34	mmseqs2	0.9959299719667418	1.0	0.9981033811338789	9.999000099990002e-05	0.9990664438915731	1.0	0.9995330039622847	1928	1317	51	aa	0.6	1.0
True	PROKKA_06122025__gr_1e-12_lr_1e-13_mu_1e-14	34	ppanggolin	0.9810323276700842	0.9811733064380568	0.9891538957494008	9.999000099990002e-05	0.9998496595560179	0.9950190819276643	0.9974285221163806	1886	1282	23	aa	0.95	7.0
True	PROKKA_06122025__gr_1e-12_lr_1e-13_mu_1e-14	34	ppanggolin	0.9901163300618351	1.0	0.9961864151952584	9.999000099990002e-05	0.9981620473231799	1.0	0.999080178367274	1831	1258	17	aa	0.7	5.0
True	PROKKA_06122025__gr_1e-12_lr_1e-13_mu_1e-14	34	cdhit	0.9667379983561464	0.9697918297073095	0.9788970439748619	9.999000099990002e-05	0.9998605247857333	0.9900764559317713	0.994944437334896	2046	1384	80	aa	0.95	0.0
True	PROKKA_06122025__gr_1e-12_lr_1e-13_mu_1e-14	34	ppanggolin	0.9924050431109737	0.9993276180870735	0.9971071346191955	9.999000099990002e-05	0.9987694867441358	0.9998383251441589	0.9993036201413205	1839	1267	15	aa	0.85	4.0
True	PROKKA_06122025__gr_1e-12_lr_1e-13_mu_1e-14	34	mmseqs2	0.9964251212257507	1.0	0.9985209470768311	9.999000099990002e-05	0.9992722811938284	1.0000000000000002	0.9996360081550588	1932	1323	49	nt	0.6	3.0
True	PROKKA_06122025__gr_1e-12_lr_1e-13_mu_1e-14	1274	panaroo	0.9988938920259943	0.9987193853049464	0.9992259174849213	9.999000099990002e-05	0.9999347767943016	0.9996941562346842	0.9998144520372435	1882	1253	16	aa	0.85	34.0
True	PROKKA_06122025__gr_1e-12_lr_1e-13_mu_1e-14	1274	panta	1.0	1.0	1.0	9.999000099990002e-05	1.0	1.0	1.0	1872	1250	18	aa	0.6	8.0
True	PROKKA_06122025__gr_1e-12_lr_1e-13_mu_1e-14	1274	diamond	0.9745035212882289	1.0	0.9914934245394237	9.999000099990002e-05	0.9957911158016821	1.0000000000000002	0.9978911198847445	1902	1245	50	aa	0.6	2.0
True	PROKKA_06122025__gr_1e-12_lr_1e-13_mu_1e-14	1274	diamond	0.9555331478571203	0.9544973544973545	0.9728838547896862	9.999000099990002e-05	0.9997734744719109	0.9874164502690524	0.9935565422765469	2065	1315	85	aa	0.95	1.0
True	PROKKA_06122025__gr_1e-12_lr_1e-13_mu_1e-14	1274	diamond	0.9828493727998949	1.0	0.994797515145726	9.999000099990002e-05	0.9974343519637529	1.0000000000000002	0.9987155282306402	1918	1261	47	aa	0.7	1.0
True	PROKKA_06122025__gr_1e-12_lr_1e-13_mu_1e-14	1274	panta	0.9994706029506303	0.999355150733516	0.9997051870569033	9.999000099990002e-05	1.0	0.9998583945535741	0.9999291922634065	1869	1247	17	aa	0.8	7.0
True	PROKKA_06122025__gr_1e-12_lr_1e-13_mu_1e-14	1274	mmseqs2	0.997610249483196	1.0	0.9986835609428308	9.999000099990002e-05	0.9993532650863669	1.0000000000000002	0.999676527942847	1933	1274	46	nt	0.7	1.0
True	PROKKA_06122025__gr_1e-12_lr_1e-13_mu_1e-14	1274	cdhit	0.9830309088825595	1.0	0.994892293554752	9.999000099990002e-05	0.9974813303131206	1.0	0.9987390772325845	1919	1263	46	aa	0.7	0.0
True	PROKKA_06122025__gr_1e-12_lr_1e-13_mu_1e-14	1274	panx	0.9992816208845405	1.0	0.999510087363698	9.999000099990002e-05	0.9997649575616928	1.0	0.999882464967986	1770	1195	16	aa	0.5	843.0
True	PROKKA_06122025__gr_1e-12_lr_1e-13_mu_1e-14	1274	ppanggolin	0.9772149760568665	1.0	0.9926077815080834	9.999000099990002e-05	0.9964279650228339	1.0	0.998210786945611	1851	1228	21	aa	0.6	4.0
True	PROKKA_06122025__gr_1e-12_lr_1e-13_mu_1e-14	1274	panx	0.996495149431508	0.9970693585151417	0.9976731324968061	9.999000099990002e-05	0.9997807571231282	0.9991071914956947	0.9994438608236469	1865	1242	22	aa	0.9	816.0
True	PROKKA_06122025__gr_1e-12_lr_1e-13_mu_1e-14	1274	panaroo	0.9429348621341992	0.9386905714743077	0.963296146763652	9.999000099990002e-05	0.999948896308997	0.9833410128395977	0.9915754181459464	2052	1293	76	aa	0.95	36.0
True	PROKKA_06122025__gr_1e-12_lr_1e-13_mu_1e-14	1274	cdhit	0.9861875149206917	0.999697656840514	0.9962510397987326	9.999000099990002e-05	0.998280777648094	0.999873799066536	0.9990766533420692	1928	1269	47	nt	0.8	25.0
True	PROKKA_06122025__gr_1e-12_lr_1e-13_mu_1e-14	1274	panta	0.9735796713752389	0.9721102692245688	0.9836244375038455	9.999000099990002e-05	0.9999999999999999	0.9923163293388142	0.9961433480476788	1941	1262	45	aa	0.95	7.0
True	PROKKA_06122025__gr_1e-12_lr_1e-13_mu_1e-14	1274	mmseqs2	0.9897721089102951	1.0	0.9949243878438013	9.999000099990002e-05	0.9974971513857093	1.0000000000000002	0.9987470076677936	1910	1251	45	aa	0.5	2.0
True	PROKKA_06122025__gr_1e-12_lr_1e-13_mu_1e-14	1274	cdhit	0.9758527629886116	0.999697656840514	0.9918409435650813	9.999000099990002e-05	0.9960893887508647	0.9998766018624844	0.9979794023138029	1906	1248	50	aa	0.6	0.0
True	PROKKA_06122025__gr_1e-12_lr_1e-13_mu_1e-14	1274	panaroo	0.9995264018648322	0.9998399231631183	0.9995921530782355	9.999000099990002e-05	0.9998695535886032	0.9999347725399576	0.9999021620007984	1879	1253	16	aa	0.8	34.0
True	PROKKA_06122025__gr_1e-12_lr_1e-13_mu_1e-14	1274	cdhit	0.9881383063556318	0.9951625094482237	0.9945749387131532	9.999000099990002e-05	0.9988136148523945	0.9985266658864922	0.9986701197571045	1945	1279	50	aa	0.9	0.0
True	PROKKA_06122025__gr_1e-12_lr_1e-13_mu_1e-14	1274	cdhit	0.9881952689956968	0.999546485260771	0.9967950143111202	9.999000099990002e-05	0.9985679561611525	0.9998553356756426	0.9992112312549923	1931	1273	45	aa	0.85	0.0
True	PROKKA_06122025__gr_1e-12_lr_1e-13_mu_1e-14	1274	panta	0.9994706029506303	0.999355150733516	0.9997051870569033	9.999000099990002e-05	1.0	0.9998583945535741	0.9999291922634065	1869	1248	16	aa	0.85	8.0
True	PROKKA_06122025__gr_1e-12_lr_1e-13_mu_1e-14	1274	mmseqs2	0.9991083664316249	1.0	0.9994284076311557	9.999000099990002e-05	0.9997193975587175	1.0000000000000002	0.9998596790921642	1937	1278	45	nt	0.85	1.0
True	PROKKA_06122025__gr_1e-12_lr_1e-13_mu_1e-14	1274	mmseqs2	0.9659335410963865	0.9678004535147392	0.9785487684268469	9.999000099990002e-05	0.9999591158703245	0.9898376847143066	0.9948726581239151	2054	1336	76	aa	0.95	1.0
True	PROKKA_06122025__gr_1e-12_lr_1e-13_mu_1e-14	1274	diamond	0.9889192636889248	0.9927437641723356	0.9939139359804611	9.999000099990002e-05	0.9990756152285668	0.9979475526926941	0.9985112653551417	1961	1296	48	aa	0.9	1.0
True	PROKKA_06122025__gr_1e-12_lr_1e-13_mu_1e-14	1274	mmseqs2	0.9800364078591984	0.98140589569161	0.987460696967932	9.999000099990002e-05	0.9998781452595994	0.994076794825657	0.9969690306174986	2004	1309	63	nt	0.95	1.0
True	PROKKA_06122025__gr_1e-12_lr_1e-13_mu_1e-14	1274	hdbscan_dist	0.9487792810857798	0.9711262282690855	0.9653895443461118	9.999000099990002e-05	0.9901697004938719	0.9927410949127029	0.9914537304398702	1873	1195	15	nt	0.9	0.36
True	PROKKA_06122025__gr_1e-12_lr_1e-13_mu_1e-14	1274	hdbscan_tsne	0.7162639981398718	0.8297808012093726	0.8195218956498431	9.999000099990002e-05	0.9555784875278835	0.9558015624504425	0.9556900119717568	1582	562	21	nt	0.9	19.206
True	PROKKA_06122025__gr_1e-12_lr_1e-13_mu_1e-14	1274	hdbscan_umap	0.7077068409028601	0.9718820861678005	0.8280899735410829	9.999000099990002e-05	0.9074548174441163	0.992932984932763	0.9482715258953339	765	104	6	nt	0.9	7.336
True	PROKKA_06122025__gr_1e-12_lr_1e-13_mu_1e-14	1274	panx	0.978483532338333	0.9783515073765234	0.9856515170634407	9.999000099990002e-05	0.9995898357021465	0.9936521455756447	0.9966121467141817	1943	1281	34	aa	0.95	834.0
True	PROKKA_06122025__gr_1e-12_lr_1e-13_mu_1e-14	1274	diamond	0.9864433840365368	0.999697656840514	0.9964895111582066	9.999000099990002e-05	0.9983442336887293	0.9999278383640778	0.9991354085333303	1929	1271	46	aa	0.85	1.0
True	PROKKA_06122025__gr_1e-12_lr_1e-13_mu_1e-14	1274	panta	1.0	1.0	1.0	9.999000099990002e-05	1.0	1.0	1.0	1871	1250	17	aa	0.7	8.0
True	PROKKA_06122025__gr_1e-12_lr_1e-13_mu_1e-14	1274	mmseqs2	0.998218318375212	1.0	0.9991555258484511	9.999000099990002e-05	0.9995853248192935	1.0000000000000002	0.9997926194118554	1937	1279	45	aa	0.8	1.0
True	PROKKA_06122025__gr_1e-12_lr_1e-13_mu_1e-14	1274	panta	0.9994441477825471	0.999677575366758	0.9996761153741063	9.999000099990002e-05	0.9999682442802196	0.9998761598259298	0.9999221999330231	1872	1248	19	aa	0.5	8.0
True	PROKKA_06122025__gr_1e-12_lr_1e-13_mu_1e-14	1274	panaroo	0.9985547542218742	1.0	0.9992380323809256	9.999000099990002e-05	0.9996342098502998	1.0	0.9998170714684225	1876	1250	17	aa	0.7	37.0
True	PROKKA_06122025__gr_1e-12_lr_1e-13_mu_1e-14	1274	cdhit	0.987523512206296	0.9885109599395314	0.9915699174485442	9.999000099990002e-05	0.9996238224084187	0.9962806469309614	0.9979494347305033	1979	1293	68	nt	0.95	1.0
True	PROKKA_06122025__gr_1e-12_lr_1e-13_mu_1e-14	1274	cdhit	0.985024625135508	0.999697656840514	0.9958366102300403	9.999000099990002e-05	0.9980692477497266	0.9998804377914721	0.9989740218266608	1928	1272	45	aa	0.8	0.0
True	PROKKA_06122025__gr_1e-12_lr_1e-13_mu_1e-14	1274	ppanggolin	0.9882634867244641	0.9996798463262366	0.9969930461014527	9.999000099990002e-05	0.9986561234569268	0.9998976655524663	0.9992765088691475	1872	1247	17	aa	0.9	5.0
True	PROKKA_06122025__gr_1e-12_lr_1e-13_mu_1e-14	1274	cdhit	0.9636862178007016	0.999244142101285	0.987366642170126	9.999000099990002e-05	0.9939799874033667	0.9997484140618891	0.9968558558783112	1889	1235	47	aa	0.5	2.0
True	PROKKA_06122025__gr_1e-12_lr_1e-13_mu_1e-14	1274	panaroo	0.9910018845886691	0.9910356971346246	0.9943736166390238	9.999000099990002e-05	0.9999347767943016	0.9973871932612878	0.9986593603068045	1906	1261	22	aa	0.9	34.0
True	PROKKA_06122025__gr_1e-12_lr_1e-13_mu_1e-14	1274	ppanggolin	0.9617311783480671	1.0	0.9873659765313897	9.999000099990002e-05	0.9938631216274669	1.0	0.9969221165154387	1831	1212	21	aa	0.5	5.0
True	PROKKA_06122025__gr_1e-12_lr_1e-13_mu_1e-14	1274	cdhit	0.9919618764133274	0.999092970521542	0.9969162435157745	9.999000099990002e-05	0.9987862313529827	0.999697720357519	0.9992417679946362	1932	1274	45	nt	0.85	22.0
True	PROKKA_06122025__gr_1e-12_lr_1e-13_mu_1e-14	1274	embed_hdbscan_raw	0.8689439577146261	0.9111111111111111	0.9027659147875375	9.999000099990002e-05	0.9780865055759297	0.974633488133385	0.9763569438492349	1748	712	259	aa	0.9	19.587
True	PROKKA_06122025__gr_1e-12_lr_1e-13_mu_1e-14	1274	embed_hdbscan_tsne	0.6202027070489232	0.7307634164777022	0.7560539595396766	9.999000099990002e-05	0.9686029900855856	0.9261529122496014	0.9469024257698205	1954	331	549	aa	0.9	15.825
True	PROKKA_06122025__gr_1e-12_lr_1e-13_mu_1e-14	1274	embed_hdbscan_umap	0.6833342672344029	0.9764172335600907	0.8189142065791953	9.999000099990002e-05	0.899477634065366	0.9940544003425726	0.9444040913012341	660	6	6	aa	0.9	13.755
True	PROKKA_06122025__gr_1e-12_lr_1e-13_mu_1e-14	1274	diamond	0.9636732778600396	1.0	0.9875886036019611	9.999000099990002e-05	0.9938351620902798	1.0000000000000002	0.9969080503609651	1883	1227	50	aa	0.5	1.0
True	PROKKA_06122025__gr_1e-12_lr_1e-13_mu_1e-14	1274	mmseqs2	0.9963511962094246	0.9969765684051398	0.9975606193006986	9.999000099990002e-05	0.9997930929459437	0.9990127236449877	0.9994027559604463	1950	1287	47	aa	0.9	1.0
True	PROKKA_06122025__gr_1e-12_lr_1e-13_mu_1e-14	1274	panaroo	0.9984760425357307	1.0	0.9990413965906155	9.999000099990002e-05	0.9995397224800707	1.0	0.9997698082639946	1873	1244	20	aa	0.6	39.0
True	PROKKA_06122025__gr_1e-12_lr_1e-13_mu_1e-14	1274	panx	0.9993145064120048	1.0	0.9995321389446453	9.999000099990002e-05	0.9997751596821995	1.0	0.9998875672013867	1820	1220	16	aa	0.6	832.0
True	PROKKA_06122025__gr_1e-12_lr_1e-13_mu_1e-14	1274	panaroo	0.9957810997896974	1.0	0.9975690822089961	9.999000099990002e-05	0.9988310771014683	0.9999999999999999	0.9994151967557824	1864	1235	19	aa	0.5	39.0
True	PROKKA_06122025__gr_1e-12_lr_1e-13_mu_1e-14	1274	panx	0.9992933858437753	1.0	0.999468927360447	9.999000099990002e-05	0.9997453497212565	1.0	0.9998726586468727	1839	1231	17	aa	0.7	815.0
True	PROKKA_06122025__gr_1e-12_lr_1e-13_mu_1e-14	1274	diamond	0.9841897765891403	1.0	0.9957671853768281	9.999000099990002e-05	0.9979145710656107	1.0000000000000002	0.998956197144467	1926	1271	45	aa	0.8	1.0
True	PROKKA_06122025__gr_1e-12_lr_1e-13_mu_1e-14	1274	panx	0.9986247544850817	0.9991839399379794	0.9991021871430047	9.999000099990002e-05	0.9997801544700369	0.9997898807820856	0.9997850176024059	1855	1240	16	aa	0.85	809.0
True	PROKKA_06122025__gr_1e-12_lr_1e-13_mu_1e-14	1274	panta	0.9973740041387581	0.9970981783008221	0.9983722571701941	9.999000099990002e-05	1.0	0.9992196888574106	0.9996096921479223	1875	1248	19	aa	0.9	8.0
True	PROKKA_06122025__gr_1e-12_lr_1e-13_mu_1e-14	1274	mmseqs2	0.9993428529515249	1.0	0.9995180227775997	9.999000099990002e-05	0.9997634117849937	1.0000000000000002	0.9998816918973457	1937	1277	46	nt	0.8	1.0
True	PROKKA_06122025__gr_1e-12_lr_1e-13_mu_1e-14	1274	panx	0.9987574027767383	0.9993455497382199	0.9991723427906775	9.999000099990002e-05	0.9997472685248397	0.9998560888947768	0.9998016757487528	1849	1235	17	aa	0.8	814.0
True	PROKKA_06122025__gr_1e-12_lr_1e-13_mu_1e-14	1274	mmseqs2	0.9990374107521142	0.999697656840514	0.9993703821049424	9.999000099990002e-05	0.9997930929459437	0.9998979181518531	0.999845502801393	1939	1279	46	aa	0.85	1.0
True	PROKKA_06122025__gr_1e-12_lr_1e-13_mu_1e-14	1274	ppanggolin	0.9851705142743626	1.0	0.9959677253532673	9.999000099990002e-05	0.9980580376833978	1.0	0.999028075120954	1867	1245	16	aa	0.8	4.0
True	PROKKA_06122025__gr_1e-12_lr_1e-13_mu_1e-14	1274	mmseqs2	0.9975868769832884	1.0	0.9986232274920006	9.999000099990002e-05	0.9993235839254169	1.0000000000000002	0.9996616775393331	1932	1272	47	nt	0.5	3.0
True	PROKKA_06122025__gr_1e-12_lr_1e-13_mu_1e-14	1274	hdbscan_dist	0.9303718694859515	0.9889644746787604	0.9545723596707919	9.999000099990002e-05	0.9792318612997433	0.997606112493662	0.9883335946917237	1707	1096	0	aa	0.9	0.336
True	PROKKA_06122025__gr_1e-12_lr_1e-13_mu_1e-14	1274	hdbscan_tsne	0.7776925711582824	0.9732426303854875	0.8541673441758418	9.999000099990002e-05	0.9245089425283011	0.993445541576788	0.9577383558517103	935	289	0	aa	0.9	19.115
True	PROKKA_06122025__gr_1e-12_lr_1e-13_mu_1e-14	1274	hdbscan_umap	0.08225577967081114	0.9603930461073318	0.6913200698385135	9.999000099990002e-05	0.8099178212764856	0.9871313950624818	0.8897867699265268	618	60	0	aa	0.9	7.424
True	PROKKA_06122025__gr_1e-12_lr_1e-13_mu_1e-14	1274	cdhit	0.9879718191911717	0.999697656840514	0.9971433014741625	9.999000099990002e-05	0.9987296734828348	0.9998654114974407	0.9992972197882439	1935	1278	45	nt	0.9	1.0
True	PROKKA_06122025__gr_1e-12_lr_1e-13_mu_1e-14	1274	mmseqs2	0.997610249483196	1.0	0.9986835609428308	9.999000099990002e-05	0.9993532650863669	1.0000000000000002	0.999676527942847	1933	1274	46	aa	0.7	1.0
True	PROKKA_06122025__gr_1e-12_lr_1e-13_mu_1e-14	1274	mmseqs2	0.9987553273310221	0.999395313681028	0.9991240350356972	9.999000099990002e-05	0.9997930929459437	0.9997771454361646	0.9997851191274598	1941	1281	46	nt	0.9	1.0
True	PROKKA_06122025__gr_1e-12_lr_1e-13_mu_1e-14	1274	mmseqs2	0.9975167660412605	1.0	0.9984422707853662	9.999000099990002e-05	0.9992345404425668	1.0	0.9996171236831154	1929	1266	50	aa	0.6	1.0
True	PROKKA_06122025__gr_1e-12_lr_1e-13_mu_1e-14	1274	ppanggolin	0.9831614124909729	0.9815911637586041	0.9888158068524132	9.999000099990002e-05	0.9998014362974826	0.9949130765789627	0.9973512665934143	1930	1269	33	aa	0.95	4.0
True	PROKKA_06122025__gr_1e-12_lr_1e-13_mu_1e-14	1274	ppanggolin	0.9826991470531158	1.0	0.9946850832345532	9.999000099990002e-05	0.9974370422438634	1.0	0.9987168768266872	1860	1238	17	aa	0.7	4.0
True	PROKKA_06122025__gr_1e-12_lr_1e-13_mu_1e-14	1274	cdhit	0.9726599995810351	0.9747543461829176	0.982082795244431	9.999000099990002e-05	0.9996752628504506	0.9917422727640859	0.9956929669190605	2039	1338	73	aa	0.95	0.0
True	PROKKA_06122025__gr_1e-12_lr_1e-13_mu_1e-14	1274	ppanggolin	0.9874746564292274	1.0	0.9968392872000859	9.999000099990002e-05	0.9984790994014738	1.0	0.9992389709759879	1869	1245	16	aa	0.85	4.0
True	PROKKA_06122025__gr_1e-12_lr_1e-13_mu_1e-14	1274	mmseqs2	0.997610249483196	1.0	0.9986835609428308	9.999000099990002e-05	0.9993532650863669	1.0000000000000002	0.999676527942847	1933	1274	46	nt	0.6	1.0
True	PROKKA_06122025__gr_1e-12_lr_1e-13_mu_1e-14	1681	panaroo	0.9959828667338457	0.9982081772275615	0.9983938385488312	9.999000099990002e-05	0.9997133817606315	0.9995142611726262	0.9996138115505474	1875	1275	15	aa	0.85	34.0
True	PROKKA_06122025__gr_1e-12_lr_1e-13_mu_1e-14	1681	panta	0.9977303744740866	0.9975373501888032	0.9980558932946709	9.999000099990002e-05	0.9999216340126668	0.9991445758984522	0.9995329539302182	1962	1368	16	aa	0.6	9.0
True	PROKKA_06122025__gr_1e-12_lr_1e-13_mu_1e-14	1681	diamond	0.9801194656830036	0.9998472349526428	0.9923171442936396	9.999000099990002e-05	0.9962373574007578	0.9999316193678827	0.9980810699433864	1905	1281	44	aa	0.6	1.0
True	PROKKA_06122025__gr_1e-12_lr_1e-13_mu_1e-14	1681	diamond	0.9557648313257536	0.9579896119767797	0.9740270994802743	9.999000099990002e-05	0.9996983608586364	0.9878978381862972	0.9937630691839586	2053	1351	74	aa	0.95	1.0
True	PROKKA_06122025__gr_1e-12_lr_1e-13_mu_1e-14	1681	diamond	0.98450776234438	0.9993889398105713	0.9942205397040468	9.999000099990002e-05	0.997258659565545	0.9998654835485515	0.9985603702278391	1918	1297	40	aa	0.7	2.0
True	PROKKA_06122025__gr_1e-12_lr_1e-13_mu_1e-14	1681	panta	0.9986394573524212	0.9988507634214415	0.9990096558790267	9.999000099990002e-05	0.9999216340126668	0.9996020225442025	0.9997618027344781	1864	1268	17	aa	0.8	7.0
True	PROKKA_06122025__gr_1e-12_lr_1e-13_mu_1e-14	1681	mmseqs2	0.9958099151803774	1.0	0.9983170714452095	9.999000099990002e-05	0.9991656145318576	1.0	0.9995826331435089	1932	1309	38	nt	0.7	1.0
True	PROKKA_06122025__gr_1e-12_lr_1e-13_mu_1e-14	1681	cdhit	0.9870394792831083	0.999083409715857	0.9947037159192154	9.999000099990002e-05	0.9976428176356013	0.9997242361319645	0.998682442380324	1921	1297	42	aa	0.7	0.0
True	PROKKA_06122025__gr_1e-12_lr_1e-13_mu_1e-14	1681	panx	0.9976863761720494	1.0	0.9992208287141069	9.999000099990002e-05	0.999624152051819	1.0000000000000002	0.9998120407038517	1778	1217	15	aa	0.5	826.0
True	PROKKA_06122025__gr_1e-12_lr_1e-13_mu_1e-14	1681	ppanggolin	0.9810931622504343	1.0	0.9933432348980965	9.999000099990002e-05	0.9967760722183752	0.9999999999999999	0.9983854334862682	1845	1249	18	aa	0.6	4.0
True	PROKKA_06122025__gr_1e-12_lr_1e-13_mu_1e-14	1681	panx	0.9942254852919816	0.9967191601049868	0.9973247242924366	9.999000099990002e-05	0.9996461688725737	0.9990653009692599	0.9993556505146567	1859	1260	17	aa	0.9	839.0
True	PROKKA_06122025__gr_1e-12_lr_1e-13_mu_1e-14	1681	panaroo	0.9506853594309298	0.9512949991855351	0.9694575303103926	9.999000099990002e-05	0.9999029280308852	0.9860252252909999	0.9929155878389743	2011	1309	59	aa	0.95	37.0
True	PROKKA_06122025__gr_1e-12_lr_1e-13_mu_1e-14	1681	cdhit	0.9925843666599122	0.9996944699052857	0.9970078668715848	9.999000099990002e-05	0.998606017084521	0.9999090028159363	0.9992570851918957	1928	1305	39	nt	0.8	25.0
True	PROKKA_06122025__gr_1e-12_lr_1e-13_mu_1e-14	1681	panta	0.9728560883398274	0.9737317353472337	0.98442962938089	9.999000099990002e-05	0.999902062609406	0.9927647967530694	0.9963206476741339	1921	1282	29	aa	0.95	7.0
True	PROKKA_06122025__gr_1e-12_lr_1e-13_mu_1e-14	1681	mmseqs2	0.9866329245546928	1.0	0.9945620046360542	9.999000099990002e-05	0.9972938298690749	1.0	0.9986450816147054	1910	1283	43	aa	0.5	2.0
True	PROKKA_06122025__gr_1e-12_lr_1e-13_mu_1e-14	1681	cdhit	0.9781788350800644	0.999083409715857	0.9920465279904311	9.999000099990002e-05	0.9962299573424792	0.9998045968718118	0.9980140762487892	1905	1279	45	aa	0.6	0.0
True	PROKKA_06122025__gr_1e-12_lr_1e-13_mu_1e-14	1681	panaroo	0.9961969028128713	0.9988597491448119	0.9984933910543633	9.999000099990002e-05	0.9996380300535587	0.9996370981830303	0.9996375641180774	1873	1274	14	aa	0.8	34.0
True	PROKKA_06122025__gr_1e-12_lr_1e-13_mu_1e-14	1681	cdhit	0.9939388750835411	0.9970974641002138	0.9965805375850331	9.999000099990002e-05	0.9993208835403037	0.9989880544165229	0.999154441261171	1943	1316	39	aa	0.9	0.0
True	PROKKA_06122025__gr_1e-12_lr_1e-13_mu_1e-14	1681	cdhit	0.9924911558374164	0.9996944699052857	0.9970215029924754	9.999000099990002e-05	0.9986572034185958	0.9998648212672409	0.999260647488078	1931	1311	37	aa	0.85	0.0
True	PROKKA_06122025__gr_1e-12_lr_1e-13_mu_1e-14	1681	panta	0.9989332201404842	0.9993432933836809	0.9993048310328603	9.999000099990002e-05	0.9999216340126668	0.9997438562655309	0.9998327372365452	1862	1268	15	aa	0.85	7.0
True	PROKKA_06122025__gr_1e-12_lr_1e-13_mu_1e-14	1681	mmseqs2	0.9980617504598804	1.0	0.9992531616221292	9.999000099990002e-05	0.9996300646388309	0.9999999999999999	0.999814998100043	1937	1315	36	nt	0.85	1.0
True	PROKKA_06122025__gr_1e-12_lr_1e-13_mu_1e-14	1681	mmseqs2	0.9683625006862797	0.9717384662389246	0.9813673216561485	9.999000099990002e-05	0.999899898255876	0.991119727978969	0.9954904533408849	2030	1361	53	aa	0.95	1.0
True	PROKKA_06122025__gr_1e-12_lr_1e-13_mu_1e-14	1681	diamond	0.9881489716324394	0.9905285670638558	0.9928336560693348	9.999000099990002e-05	0.9993171824031148	0.9971572379157233	0.9982360417597289	1964	1330	43	aa	0.9	1.0
True	PROKKA_06122025__gr_1e-12_lr_1e-13_mu_1e-14	1681	mmseqs2	0.9798647502663199	0.9822792545065689	0.9883344315071071	9.999000099990002e-05	0.9998175229028029	0.9944995978553937	0.9971514701509406	1994	1340	54	nt	0.95	1.0
True	PROKKA_06122025__gr_1e-12_lr_1e-13_mu_1e-14	1681	hdbscan_dist	0.9569501415424111	0.9857928505957837	0.970758094849459	9.999000099990002e-05	0.9885649773584501	0.9966976958499856	0.9926146785793237	1849	1268	0	nt	0.9	0.393
True	PROKKA_06122025__gr_1e-12_lr_1e-13_mu_1e-14	1681	hdbscan_tsne	0.7635536072380176	0.9666972196761381	0.8459744605554964	9.999000099990002e-05	0.920043166072666	0.9920511550151848	0.9546912780400237	856	206	0	nt	0.9	20.498
True	PROKKA_06122025__gr_1e-12_lr_1e-13_mu_1e-14	1681	hdbscan_umap	0.6725683401148647	0.9633363886342805	0.8112376926746144	9.999000099990002e-05	0.8977830453424869	0.9904172998027939	0.9418278752707466	729	135	0	nt	0.9	7.526
True	PROKKA_06122025__gr_1e-12_lr_1e-13_mu_1e-14	1681	panx	0.9789220035769124	0.9817470664928292	0.988102929084728	9.999000099990002e-05	0.9995931707294471	0.9947636744838294	0.9971725750989461	1915	1286	28	aa	0.95	861.0
True	PROKKA_06122025__gr_1e-12_lr_1e-13_mu_1e-14	1681	diamond	0.9909105202153851	0.998166819431714	0.9962455327143146	9.999000099990002e-05	0.9987274629450652	0.99941126135798	0.999069245147567	1934	1308	41	aa	0.85	1.0
True	PROKKA_06122025__gr_1e-12_lr_1e-13_mu_1e-14	1681	panta	0.9977303744740866	0.9975373501888032	0.9980558932946709	9.999000099990002e-05	0.9999216340126668	0.9991445758984522	0.9995329539302182	1962	1368	16	aa	0.7	8.0
True	PROKKA_06122025__gr_1e-12_lr_1e-13_mu_1e-14	1681	mmseqs2	0.9976230631957617	0.9998472349526428	0.9990398608992233	9.999000099990002e-05	0.9996009582400417	0.9999234715699072	0.9997621888950776	1938	1316	37	aa	0.8	1.0
True	PROKKA_06122025__gr_1e-12_lr_1e-13_mu_1e-14	1681	panta	0.9975697770585242	0.9972089968806436	0.9978918276202183	9.999000099990002e-05	0.9999216340126668	0.9990660156740545	0.9994936417299878	1963	1368	17	aa	0.5	9.0
True	PROKKA_06122025__gr_1e-12_lr_1e-13_mu_1e-14	1681	panaroo	0.9957883235273765	1.0	0.9986278701067938	9.999000099990002e-05	0.9993389323324753	1.0	0.9996693568774988	1868	1272	14	aa	0.7	43.0
True	PROKKA_06122025__gr_1e-12_lr_1e-13_mu_1e-14	1681	cdhit	0.9827990926078392	0.9873205010693553	0.9898966008826234	9.999000099990002e-05	0.9994659873421854	0.9955893233098357	0.9975238888830604	1985	1342	51	nt	0.95	1.0
True	PROKKA_06122025__gr_1e-12_lr_1e-13_mu_1e-14	1681	cdhit	0.9919687163298765	0.9995417048579285	0.9966780633276029	9.999000099990002e-05	0.9984547520156957	0.9998961148466009	0.9991749136208276	1927	1305	39	aa	0.8	0.0
True	PROKKA_06122025__gr_1e-12_lr_1e-13_mu_1e-14	1681	ppanggolin	0.9949915292531286	0.9988597491448119	0.9976913212154369	9.999000099990002e-05	0.9992255266402906	0.9996625545269286	0.9994439928087054	1867	1265	19	aa	0.9	5.0
True	PROKKA_06122025__gr_1e-12_lr_1e-13_mu_1e-14	1681	cdhit	0.9653070861894929	0.9995417048579285	0.9881360257987754	9.999000099990002e-05	0.9942214810956643	0.9998397201470153	0.9970226859670607	1889	1264	47	aa	0.5	2.0
True	PROKKA_06122025__gr_1e-12_lr_1e-13_mu_1e-14	1681	panaroo	0.9885187691518932	0.9916924580550578	0.9943599733944184	9.999000099990002e-05	0.999733035504944	0.9975707557324005	0.9986507251773413	1891	1277	20	aa	0.9	34.0
True	PROKKA_06122025__gr_1e-12_lr_1e-13_mu_1e-14	1681	ppanggolin	0.9678883768756386	1.0	0.989084625648502	9.999000099990002e-05	0.9946912020945161	1.0	0.9973385364612279	1825	1227	22	aa	0.5	5.0
True	PROKKA_06122025__gr_1e-12_lr_1e-13_mu_1e-14	1681	cdhit	0.9932715835453695	1.0	0.997613983089121	9.999000099990002e-05	0.9988162100227103	1.0	0.9994077544641904	1931	1310	38	nt	0.85	22.0
True	PROKKA_06122025__gr_1e-12_lr_1e-13_mu_1e-14	1681	embed_hdbscan_raw	0.8957569615998321	0.987931561258784	0.929412903858258	9.999000099990002e-05	0.96592762705997	0.9968637235003732	0.9811518791011492	1502	901	0	aa	0.9	20.1
True	PROKKA_06122025__gr_1e-12_lr_1e-13_mu_1e-14	1681	embed_hdbscan_tsne	0.7818879697125344	0.9651695692025665	0.8502362026935024	9.999000099990002e-05	0.9241031488140335	0.9911145830277819	0.9564365364669963	865	186	0	aa	0.9	19.287
True	PROKKA_06122025__gr_1e-12_lr_1e-13_mu_1e-14	1681	embed_hdbscan_umap	0.6862885493924722	0.9705163458600672	0.8118326377823779	9.999000099990002e-05	0.8958152323083	0.9921940129952574	0.9415446587003811	645	32	0	aa	0.9	14.203
True	PROKKA_06122025__gr_1e-12_lr_1e-13_mu_1e-14	1681	diamond	0.9679191400715876	0.9998472349526428	0.9885533742226978	9.999000099990002e-05	0.9943393505042485	0.999931488851053	0.9971275792151938	1884	1256	49	aa	0.5	1.0
True	PROKKA_06122025__gr_1e-12_lr_1e-13_mu_1e-14	1681	mmseqs2	0.9948839463698456	0.997250229147571	0.9974793245064879	9.999000099990002e-05	0.9996715023744992	0.9990828547132862	0.9993770918633889	1947	1320	39	aa	0.9	1.0
True	PROKKA_06122025__gr_1e-12_lr_1e-13_mu_1e-14	1681	panaroo	0.9946788444135332	0.999185535103437	0.9979720372952704	9.999000099990002e-05	0.9992120039282281	0.9998109686900928	0.9995113965756279	1866	1267	16	aa	0.6	41.0
True	PROKKA_06122025__gr_1e-12_lr_1e-13_mu_1e-14	1681	panx	0.997744905414045	1.0	0.9992407158772515	9.999000099990002e-05	0.9996341415252215	1.0	0.9998170372933823	1813	1237	15	aa	0.6	829.0
True	PROKKA_06122025__gr_1e-12_lr_1e-13_mu_1e-14	1681	panaroo	0.9907029683940163	1.0	0.9964756162764572	9.999000099990002e-05	0.9982983917733491	1.0	0.9991484714026414	1856	1257	17	aa	0.5	41.0
True	PROKKA_06122025__gr_1e-12_lr_1e-13_mu_1e-14	1681	panx	0.9977777757751558	1.0	0.9992514103737723	9.999000099990002e-05	0.9996393197993468	0.9999999999999999	0.9998196273712554	1832	1249	15	aa	0.7	824.0
True	PROKKA_06122025__gr_1e-12_lr_1e-13_mu_1e-14	1681	diamond	0.9900830134908774	0.9989306446684999	0.9959883468261417	9.999000099990002e-05	0.9983697220073895	0.9996391506062863	0.9990040330431212	1929	1306	39	aa	0.8	1.0
True	PROKKA_06122025__gr_1e-12_lr_1e-13_mu_1e-14	1681	panx	0.9976028231937056	0.9998341625207297	0.9991081505450309	9.999000099990002e-05	0.9996420563681099	0.9999287081150489	0.9997853616948637	1845	1258	15	aa	0.85	845.0
True	PROKKA_06122025__gr_1e-12_lr_1e-13_mu_1e-14	1681	panta	0.99386180818116	0.9947463470694468	0.996771648261218	9.999000099990002e-05	0.9999216340126668	0.9985306277367679	0.999225646775473	1871	1269	18	aa	0.9	7.0
True	PROKKA_06122025__gr_1e-12_lr_1e-13_mu_1e-14	1681	mmseqs2	0.9980387212244523	1.0	0.9991924778193166	9.999000099990002e-05	0.9995999815696414	0.9999999999999999	0.9997999507731318	1936	1313	37	nt	0.8	2.0
True	PROKKA_06122025__gr_1e-12_lr_1e-13_mu_1e-14	1681	panx	0.9977856965610056	1.0	0.999254113571226	9.999000099990002e-05	0.9996407496336251	1.0	0.9998203425458094	1838	1253	15	aa	0.8	841.0
True	PROKKA_06122025__gr_1e-12_lr_1e-13_mu_1e-14	1681	mmseqs2	0.9961852572940408	0.9986251145737856	0.9982358035913459	9.999000099990002e-05	0.9996715023744994	0.9994557708116221	0.9995636249529546	1944	1320	38	aa	0.85	1.0
True	PROKKA_06122025__gr_1e-12_lr_1e-13_mu_1e-14	1681	ppanggolin	0.9912221564358142	1.0	0.9968208232281399	9.999000099990002e-05	0.9984655886538513	1.0	0.9992322052704533	1860	1264	16	aa	0.8	4.0
True	PROKKA_06122025__gr_1e-12_lr_1e-13_mu_1e-14	1681	mmseqs2	0.9954186388922359	0.9998472349526428	0.9979816931331515	9.999000099990002e-05	0.9990674034637945	0.9999318130556584	0.9994994213652203	1931	1307	39	nt	0.5	5.0
True	PROKKA_06122025__gr_1e-12_lr_1e-13_mu_1e-14	1681	hdbscan_dist	0.9259922175285915	0.9634891536816377	0.9513346801796086	9.999000099990002e-05	0.9845079449620739	0.9910265865902795	0.98775651104423	1789	1120	20	aa	0.9	0.34
True	PROKKA_06122025__gr_1e-12_lr_1e-13_mu_1e-14	1681	hdbscan_tsne	0.7216857610802461	0.8516651390161931	0.8278427117718584	9.999000099990002e-05	0.9525065846205087	0.9605138450298983	0.9564934569750859	1549	658	9	aa	0.9	21.11
True	PROKKA_06122025__gr_1e-12_lr_1e-13_mu_1e-14	1681	hdbscan_umap	0.04362499308181829	0.9474488237091353	0.6438627579836624	9.999000099990002e-05	0.7754437617365819	0.9826582420354326	0.866839582766582	607	40	0	aa	0.9	7.264
True	PROKKA_06122025__gr_1e-12_lr_1e-13_mu_1e-14	1681	cdhit	0.9953213915764175	0.9992361747632141	0.9979555184604719	9.999000099990002e-05	0.9992056457775791	0.9997811103391525	0.999493295226536	1935	1312	38	nt	0.9	1.0
True	PROKKA_06122025__gr_1e-12_lr_1e-13_mu_1e-14	1681	mmseqs2	0.9958786984405981	1.0	0.9984611051724122	9.999000099990002e-05	0.9992371353367155	0.9999999999999999	0.9996184221222181	1934	1312	38	aa	0.7	1.0
True	PROKKA_06122025__gr_1e-12_lr_1e-13_mu_1e-14	1681	mmseqs2	0.9968810058063294	0.999083409715857	0.9985433743981035	9.999000099990002e-05	0.9996715023744994	0.9996076317884987	0.9996395660612684	1943	1320	38	nt	0.9	1.0
True	PROKKA_06122025__gr_1e-12_lr_1e-13_mu_1e-14	1681	mmseqs2	0.9952599902678229	1.0	0.9978966372977213	9.999000099990002e-05	0.998956729604647	1.0	0.9994780925570312	1928	1303	40	aa	0.6	1.0
True	PROKKA_06122025__gr_1e-12_lr_1e-13_mu_1e-14	1681	ppanggolin	0.9825928273501942	0.9851767388825542	0.9903141343317624	9.999000099990002e-05	0.9996255505718438	0.9957678892090381	0.9976929909137656	1909	1288	23	aa	0.95	4.0
True	PROKKA_06122025__gr_1e-12_lr_1e-13_mu_1e-14	1681	ppanggolin	0.9863374054597088	1.0	0.9950573327856745	9.999000099990002e-05	0.9976102826472475	1.0	0.998803711928442	1853	1258	16	aa	0.7	5.0
True	PROKKA_06122025__gr_1e-12_lr_1e-13_mu_1e-14	1681	cdhit	0.9711484315070189	0.975863122517568	0.9825425074855496	9.999000099990002e-05	0.999667500697172	0.99189086774845	0.9957640011327803	2028	1363	64	aa	0.95	0.0
True	PROKKA_06122025__gr_1e-12_lr_1e-13_mu_1e-14	1681	ppanggolin	0.9914559682721502	1.0	0.9969764774885556	9.999000099990002e-05	0.9985409403609241	1.0	0.9992699375781553	1861	1265	16	aa	0.85	4.0
True	PROKKA_06122025__gr_1e-12_lr_1e-13_mu_1e-14	1681	mmseqs2	0.9958099151803774	1.0	0.9983170714452095	9.999000099990002e-05	0.9991656145318576	1.0	0.9995826331435089	1932	1309	38	nt	0.6	1.0
True	PROKKA_06122025__gr_1e-12_lr_1e-13_mu_1e-14	1894	panaroo	1.0	1.0	1.0	9.999000099990002e-05	1.0	1.0	1.0	1884	1299	25	aa	0.85	33.0
True	PROKKA_06122025__gr_1e-12_lr_1e-13_mu_1e-14	1894	panta	0.9999630465746303	1.0	0.9999136748892511	9.999000099990002e-05	0.9999631441155398	1.0	0.9999815717181746	1970	1386	27	aa	0.6	8.0
True	PROKKA_06122025__gr_1e-12_lr_1e-13_mu_1e-14	1894	diamond	0.986286418408502	1.0	0.9927084322048788	9.999000099990002e-05	0.9968086990874474	1.0	0.9984017993741658	1902	1286	57	aa	0.6	1.0
True	PROKKA_06122025__gr_1e-12_lr_1e-13_mu_1e-14	1894	diamond	0.9708850657070965	0.9726076129491285	0.9824072105618493	9.999000099990002e-05	0.9996778073387973	0.992847347704454	0.9962508699708582	1999	1345	65	aa	0.95	0.0
True	PROKKA_06122025__gr_1e-12_lr_1e-13_mu_1e-14	1894	diamond	0.9928132623537186	0.9998221273568125	0.9959058272355846	9.999000099990002e-05	0.9982770817964033	0.9999371302712037	0.9991064164778685	1919	1304	54	aa	0.7	1.0
True	PROKKA_06122025__gr_1e-12_lr_1e-13_mu_1e-14	1894	panta	0.9999630465746303	1.0	0.9999136748892511	9.999000099990002e-05	0.9999631441155398	1.0	0.9999815717181746	1871	1288	26	aa	0.8	7.0
True	PROKKA_06122025__gr_1e-12_lr_1e-13_mu_1e-14	1894	mmseqs2	0.9970936632725003	1.0	0.9984227909940023	9.999000099990002e-05	0.9993136197445948	0.9999999999999999	0.9996566920523989	1932	1320	52	nt	0.7	2.0
True	PROKKA_06122025__gr_1e-12_lr_1e-13_mu_1e-14	1894	cdhit	0.991133765642456	1.0	0.9957503523411831	9.999000099990002e-05	0.9981456969945438	1.0	0.9990719880896346	1919	1305	54	aa	0.7	0.0
True	PROKKA_06122025__gr_1e-12_lr_1e-13_mu_1e-14	1894	panx	0.9998813078499081	1.0	0.9997228062729641	9.999000099990002e-05	0.9998816642126742	1.0	0.9999408286052903	1781	1234	27	aa	0.5	843.0
True	PROKKA_06122025__gr_1e-12_lr_1e-13_mu_1e-14	1894	ppanggolin	0.9871657450457508	1.0	0.9936580800297757	9.999000099990002e-05	0.9972814974223738	0.9999999999999999	0.9986388986323987	1855	1266	33	aa	0.6	5.0
True	PROKKA_06122025__gr_1e-12_lr_1e-13_mu_1e-14	1894	panx	0.9967159653092531	0.9977324263038548	0.9975699520650417	9.999000099990002e-05	0.9996935864365265	0.9992725808041688	0.9994830392859948	1872	1290	29	aa	0.9	784.0
True	PROKKA_06122025__gr_1e-12_lr_1e-13_mu_1e-14	1894	panaroo	0.9701517258916136	0.9689719626168224	0.9805606299391677	9.999000099990002e-05	1.0	0.9919418824143641	0.99595464222286	1961	1319	54	aa	0.95	34.0
True	PROKKA_06122025__gr_1e-12_lr_1e-13_mu_1e-14	1894	cdhit	0.9966608304651241	1.0	0.9978958808579598	9.999000099990002e-05	0.9990838338050025	1.0	0.9995417069662088	1928	1315	53	nt	0.8	22.0
True	PROKKA_06122025__gr_1e-12_lr_1e-13_mu_1e-14	1894	panta	0.9885249431156864	0.9877865464111236	0.9926225009578493	9.999000099990002e-05	1.0	0.9968831535068368	0.9984391442795791	1900	1297	35	aa	0.95	7.0
True	PROKKA_06122025__gr_1e-12_lr_1e-13_mu_1e-14	1894	mmseqs2	0.9891301231547168	1.0	0.9941592339335164	9.999000099990002e-05	0.9974473685956492	0.9999999999999999	0.998722053234301	1910	1297	54	aa	0.5	1.0
True	PROKKA_06122025__gr_1e-12_lr_1e-13_mu_1e-14	1894	cdhit	0.9836949437328597	0.9985770188545002	0.9918877362270621	9.999000099990002e-05	0.9967820921666334	0.9996689052001285	0.9982234115574006	1906	1291	55	aa	0.6	0.0
True	PROKKA_06122025__gr_1e-12_lr_1e-13_mu_1e-14	1894	panaroo	0.9999631719103704	1.0	0.9999140227321526	9.999000099990002e-05	0.9999633738046723	1.0	0.9999816865669604	1883	1297	26	aa	0.8	37.0
True	PROKKA_06122025__gr_1e-12_lr_1e-13_mu_1e-14	1894	cdhit	0.9972848661547357	0.9983991462113126	0.9978126556287056	9.999000099990002e-05	0.9995387012845933	0.9995109567331671	0.9995248288163486	1937	1321	53	aa	0.9	0.0
True	PROKKA_06122025__gr_1e-12_lr_1e-13_mu_1e-14	1894	cdhit	0.9980939417396715	1.0	0.9985080089887376	9.999000099990002e-05	0.9993507579584794	1.0000000000000002	0.9996752735662133	1930	1317	51	aa	0.85	0.0
True	PROKKA_06122025__gr_1e-12_lr_1e-13_mu_1e-14	1894	panta	0.9991493810070934	0.9990605035700865	0.9993548607734327	9.999000099990002e-05	0.9999631441155399	0.9997616192090748	0.999862371507838	1873	1288	27	aa	0.85	7.0
True	PROKKA_06122025__gr_1e-12_lr_1e-13_mu_1e-14	1894	mmseqs2	0.999966497763108	1.0	0.9999199694815738	9.999000099990002e-05	0.9999652234864489	0.9999999999999999	0.9999826114408676	1939	1328	49	nt	0.85	2.0
True	PROKKA_06122025__gr_1e-12_lr_1e-13_mu_1e-14	1894	mmseqs2	0.9804623700465589	0.9834578441835645	0.9881781821089064	9.999000099990002e-05	1.0	0.9949485731452791	0.9974678911914221	1989	1354	60	aa	0.95	1.0
True	PROKKA_06122025__gr_1e-12_lr_1e-13_mu_1e-14	1894	diamond	0.9965163498102203	0.9980434009249377	0.9971342916000719	9.999000099990002e-05	0.9993986606497546	0.9993563218288636	0.999377490790886	1941	1329	52	aa	0.9	1.0
True	PROKKA_06122025__gr_1e-12_lr_1e-13_mu_1e-14	1894	mmseqs2	0.9905993035096305	0.991817858413376	0.9939702526887594	9.999000099990002e-05	0.9999652234864489	0.9974364922212177	0.9986992571538437	1965	1341	57	nt	0.95	4.0
True	PROKKA_06122025__gr_1e-12_lr_1e-13_mu_1e-14	1894	hdbscan_dist	0.8967189898815304	0.9372109569548204	0.9281220515166381	9.999000099990002e-05	0.9845213676722603	0.984266549778293	0.9843939422348873	1785	941	181	nt	0.9	0.261
True	PROKKA_06122025__gr_1e-12_lr_1e-13_mu_1e-14	1894	hdbscan_tsne	0.5981200207706315	0.7305229455709712	0.733643076856832	9.999000099990002e-05	0.9700929201273963	0.9289905067194658	0.9490969176961677	1986	458	650	nt	0.9	14.814
True	PROKKA_06122025__gr_1e-12_lr_1e-13_mu_1e-14	1894	hdbscan_umap	0.6446205734119554	0.9793667733902526	0.7881272979023102	9.999000099990002e-05	0.8902856400132393	0.9950247153960224	0.9397457697441418	677	42	41	nt	0.9	7.261
True	PROKKA_06122025__gr_1e-12_lr_1e-13_mu_1e-14	1894	panx	0.9887056998583342	0.9887598351442488	0.991641397033135	9.999000099990002e-05	0.9998163918374968	0.9966581721015328	0.9982347839782855	1913	1311	39	aa	0.95	798.0
True	PROKKA_06122025__gr_1e-12_lr_1e-13_mu_1e-14	1894	diamond	0.9964250630903178	0.9996442547136251	0.9975735719692351	9.999000099990002e-05	0.9990565541391625	0.9998870524879259	0.9994716307905412	1928	1314	53	aa	0.85	1.0
True	PROKKA_06122025__gr_1e-12_lr_1e-13_mu_1e-14	1894	panta	0.9999630465746303	1.0	0.9999136748892511	9.999000099990002e-05	0.9999631441155398	1.0	0.9999815717181746	1970	1387	26	aa	0.7	9.0
True	PROKKA_06122025__gr_1e-12_lr_1e-13_mu_1e-14	1894	mmseqs2	0.9988621795116787	1.0	0.9993992987780347	9.999000099990002e-05	0.9997388362077968	0.9999999999999999	0.9998694010500399	1937	1326	50	aa	0.8	1.0
True	PROKKA_06122025__gr_1e-12_lr_1e-13_mu_1e-14	1894	panta	0.9998152056102618	0.9998121007140173	0.9997578360127047	9.999000099990002e-05	0.9999631441155399	0.9999334837268954	0.9999483137012716	1971	1387	27	aa	0.5	9.0
True	PROKKA_06122025__gr_1e-12_lr_1e-13_mu_1e-14	1894	panaroo	0.9997790720667193	1.0	0.9996729505527773	9.999000099990002e-05	0.9998606439108045	1.0	0.999930317100034	1881	1294	27	aa	0.7	39.0
True	PROKKA_06122025__gr_1e-12_lr_1e-13_mu_1e-14	1894	cdhit	0.9927272812762117	0.9943080754180007	0.9950181727698637	9.999000099990002e-05	0.999633826786003	0.9982111411485356	0.998921977412843	1955	1338	52	nt	0.95	1.0
True	PROKKA_06122025__gr_1e-12_lr_1e-13_mu_1e-14	1894	cdhit	0.9967939698370705	1.0	0.9977536806161116	9.999000099990002e-05	0.9990217776256114	1.0	0.999510649465985	1926	1312	53	aa	0.8	0.0
True	PROKKA_06122025__gr_1e-12_lr_1e-13_mu_1e-14	1894	ppanggolin	0.9964005058973664	0.9994392523364486	0.9977419754098124	9.999000099990002e-05	0.9992015009097743	0.9998351424272035	0.9995182212447239	1877	1290	29	aa	0.9	5.0
True	PROKKA_06122025__gr_1e-12_lr_1e-13_mu_1e-14	1894	cdhit	0.9716527846377094	0.9987548914976877	0.9871397624564843	9.999000099990002e-05	0.994773672818898	0.9995753121596657	0.9971687122220034	1891	1279	55	aa	0.5	2.0
True	PROKKA_06122025__gr_1e-12_lr_1e-13_mu_1e-14	1894	panaroo	0.996785558396189	0.996822429906542	0.997819130257858	9.999000099990002e-05	1.0000000000000002	0.9990738991437651	0.9995367350568524	1893	1300	28	aa	0.9	34.0
True	PROKKA_06122025__gr_1e-12_lr_1e-13_mu_1e-14	1894	ppanggolin	0.9718997532270233	1.0	0.9881856037133943	9.999000099990002e-05	0.9949079985422512	1.0	0.9974475006058076	1835	1247	35	aa	0.5	5.0
True	PROKKA_06122025__gr_1e-12_lr_1e-13_mu_1e-14	1894	cdhit	0.9980262719914631	0.9998221273568125	0.9984632839800566	9.999000099990002e-05	0.9994071104959226	0.9999243477619836	0.999665662222991	1932	1319	52	nt	0.85	19.0
True	PROKKA_06122025__gr_1e-12_lr_1e-13_mu_1e-14	1894	embed_hdbscan_raw	0.8559084582724126	0.9295624332977588	0.8894255633482507	9.999000099990002e-05	0.9708295345188064	0.9799142414087048	0.9753507340069176	1615	688	250	aa	0.9	15.051
True	PROKKA_06122025__gr_1e-12_lr_1e-13_mu_1e-14	1894	embed_hdbscan_tsne	0.6023548290887846	0.7511561721807186	0.7349022033494994	9.999000099990002e-05	0.9623707679003262	0.9328584922477597	0.9473848493207305	1794	307	586	aa	0.9	16.919
True	PROKKA_06122025__gr_1e-12_lr_1e-13_mu_1e-14	1894	embed_hdbscan_umap	0.6393061420876569	0.9827463536108146	0.7786724788936794	9.999000099990002e-05	0.8829376088867066	0.9955710206382568	0.9358776240080712	605	10	15	aa	0.9	14.866
True	PROKKA_06122025__gr_1e-12_lr_1e-13_mu_1e-14	1894	diamond	0.9711069888980997	1.0	0.9871973954729926	9.999000099990002e-05	0.9943658036836868	0.9999999999999997	0.9971749433800424	1882	1268	60	aa	0.5	1.0
True	PROKKA_06122025__gr_1e-12_lr_1e-13_mu_1e-14	1894	mmseqs2	0.997346402082657	0.9976876556385628	0.9982480493837805	9.999000099990002e-05	0.9999652234864489	0.9992752448289445	0.9996201150948437	1946	1331	51	aa	0.9	1.0
True	PROKKA_06122025__gr_1e-12_lr_1e-13_mu_1e-14	1894	panaroo	0.9992639522665419	1.0	0.9992224472536168	9.999000099990002e-05	0.9996685353959427	0.9999999999999999	0.9998342402262225	1878	1290	28	aa	0.6	40.0
True	PROKKA_06122025__gr_1e-12_lr_1e-13_mu_1e-14	1894	panx	0.9998849932629426	1.0	0.9997319135180162	9.999000099990002e-05	0.9998856734317773	1.0	0.9999428334480607	1825	1258	28	aa	0.6	841.0
True	PROKKA_06122025__gr_1e-12_lr_1e-13_mu_1e-14	1894	panaroo	0.9975751397519809	1.0	0.9978247511880982	9.999000099990002e-05	0.9990714166491553	1.0	0.9995354926576854	1869	1279	29	aa	0.5	40.0
True	PROKKA_06122025__gr_1e-12_lr_1e-13_mu_1e-14	1894	panx	0.9998869513960066	1.0	0.9997362254244572	9.999000099990002e-05	0.9998874102152999	0.9999999999999999	0.9999437019383567	1844	1269	28	aa	0.7	841.0
True	PROKKA_06122025__gr_1e-12_lr_1e-13_mu_1e-14	1894	diamond	0.9963917727901779	0.9996442547136251	0.997493886586667	9.999000099990002e-05	0.9990217776256114	0.9998870485566033	0.9994542258154862	1927	1312	54	aa	0.8	1.0
True	PROKKA_06122025__gr_1e-12_lr_1e-13_mu_1e-14	1894	panx	0.9978737069332422	0.9990539262062441	0.9985297011420031	9.999000099990002e-05	0.9996931024633485	0.9996802453190693	0.9996866738498694	1864	1284	29	aa	0.85	785.0
True	PROKKA_06122025__gr_1e-12_lr_1e-13_mu_1e-14	1894	panta	0.998000606646011	0.9975573092822247	0.9983708698752696	9.999000099990002e-05	0.9999631441155398	0.9993427837651881	0.9996528676952223	1878	1291	28	aa	0.9	7.0
True	PROKKA_06122025__gr_1e-12_lr_1e-13_mu_1e-14	1894	mmseqs2	0.9988621795116787	1.0	0.9993992987780352	9.999000099990002e-05	0.9997388362077969	1.0	0.9998694010500399	1937	1326	50	nt	0.8	2.0
True	PROKKA_06122025__gr_1e-12_lr_1e-13_mu_1e-14	1894	panx	0.998581249124073	0.9996205653576171	0.9989959492191175	9.999000099990002e-05	0.9996921096859996	0.9998790845268662	0.999785588364661	1854	1276	28	aa	0.8	845.0
True	PROKKA_06122025__gr_1e-12_lr_1e-13_mu_1e-14	1894	mmseqs2	0.9988956079312196	1.0	0.9994792464456818	9.999000099990002e-05	0.9997736127213479	1.0	0.9998867935464235	1938	1328	49	aa	0.85	1.0
True	PROKKA_06122025__gr_1e-12_lr_1e-13_mu_1e-14	1894	ppanggolin	0.9965499535819496	1.0	0.9977583244446933	9.999000099990002e-05	0.9990430006460183	1.0	0.9995212712514576	1872	1285	28	aa	0.8	5.0
True	PROKKA_06122025__gr_1e-12_lr_1e-13_mu_1e-14	1894	mmseqs2	0.9970603551198113	1.0	0.9983430114312244	9.999000099990002e-05	0.9992788432310437	0.9999999999999999	0.9996392915518523	1931	1318	53	nt	0.5	3.0
True	PROKKA_06122025__gr_1e-12_lr_1e-13_mu_1e-14	1894	hdbscan_dist	0.891597621914661	0.9350764852365706	0.9239854685543499	9.999000099990002e-05	0.9832567558928366	0.9836724369395156	0.9834645524921921	1779	931	188	aa	0.9	0.261
True	PROKKA_06122025__gr_1e-12_lr_1e-13_mu_1e-14	1894	hdbscan_tsne	0.5794222430339198	0.7299893276414088	0.7296412062831982	9.999000099990002e-05	0.970482474592298	0.9277278146114608	0.9486236487000623	2078	633	612	aa	0.9	13.577
True	PROKKA_06122025__gr_1e-12_lr_1e-13_mu_1e-14	1894	hdbscan_umap	0.030501450587236165	0.9649590892920669	0.5870777908456177	9.999000099990002e-05	0.7447157114176097	0.9881041371266884	0.8493169974399374	568	25	17	aa	0.9	6.923
True	PROKKA_06122025__gr_1e-12_lr_1e-13_mu_1e-14	1894	cdhit	0.9985280180987428	1.0	0.9988907680224713	9.999000099990002e-05	0.9995175001143729	1.0	0.9997586918416069	1933	1321	51	nt	0.9	1.0
True	PROKKA_06122025__gr_1e-12_lr_1e-13_mu_1e-14	1894	mmseqs2	0.9973268825491004	1.0	0.9985962972735495	9.999000099990002e-05	0.9993892328494938	0.9999999999999999	0.9996945231371303	1933	1321	52	aa	0.7	1.0
True	PROKKA_06122025__gr_1e-12_lr_1e-13_mu_1e-14	1894	mmseqs2	0.999966497763108	1.0	0.9999199694815738	9.999000099990002e-05	0.9999652234864489	0.9999999999999999	0.9999826114408676	1939	1328	49	nt	0.9	1.0
True	PROKKA_06122025__gr_1e-12_lr_1e-13_mu_1e-14	1894	mmseqs2	0.9963281372905285	1.0	0.9978157300986948	9.999000099990002e-05	0.9990488599549	0.9999999999999999	0.9995242037029942	1928	1315	53	aa	0.6	1.0
True	PROKKA_06122025__gr_1e-12_lr_1e-13_mu_1e-14	1894	ppanggolin	0.9934878556895186	0.9938317757009346	0.9954341160202121	9.999000099990002e-05	0.999733923052047	0.9983299137612976	0.9990314251186071	1897	1300	33	aa	0.95	5.0
True	PROKKA_06122025__gr_1e-12_lr_1e-13_mu_1e-14	1894	ppanggolin	0.991745124361007	1.0	0.9957910017803994	9.999000099990002e-05	0.9981996146283968	1.0	0.9990989962372013	1864	1276	30	aa	0.7	5.0
True	PROKKA_06122025__gr_1e-12_lr_1e-13_mu_1e-14	1894	cdhit	0.9813279637226935	0.9841693347563145	0.9875109733173317	9.999000099990002e-05	0.9997821368794505	0.9948777152448952	0.997323896625238	1995	1364	66	aa	0.95	0.0
True	PROKKA_06122025__gr_1e-12_lr_1e-13_mu_1e-14	1894	ppanggolin	0.9965865311581291	1.0	0.9978439330303466	9.999000099990002e-05	0.9990796268413461	1.0	0.9995396015514859	1873	1287	27	aa	0.85	5.0
True	PROKKA_06122025__gr_1e-12_lr_1e-13_mu_1e-14	1894	mmseqs2	0.9970936632725003	1.0	0.9984227909940023	9.999000099990002e-05	0.9993136197445948	0.9999999999999999	0.9996566920523989	1932	1320	52	nt	0.6	2.0
True	PROKKA_06122025__gr_1e-12_lr_1e-13_mu_1e-14	5319	panaroo	0.9995647134065783	0.9994714587737844	0.9997158235300423	9.999000099990002e-05	1.0	0.9998667829507999	0.9999333870384088	1869	1342	12	aa	0.85	37.0
True	PROKKA_06122025__gr_1e-12_lr_1e-13_mu_1e-14	5319	panta	0.9999415530023029	1.0	0.9998500801608341	9.999000099990002e-05	0.9999296243998642	1.0	0.9999648109617073	1854	1330	14	aa	0.6	6.0
True	PROKKA_06122025__gr_1e-12_lr_1e-13_mu_1e-14	5319	diamond	0.9862194126557073	1.0	0.9936582298958011	9.999000099990002e-05	0.9969951952579648	0.9999999999999999	0.9984953370197532	1904	1327	62	aa	0.6	1.0
True	PROKKA_06122025__gr_1e-12_lr_1e-13_mu_1e-14	5319	diamond	0.9687093236790212	0.9721518987341772	0.9822056220193421	9.999000099990002e-05	0.9997369869064924	0.9920817303058556	0.9958946476906887	2000	1379	74	aa	0.95	0.0
True	PROKKA_06122025__gr_1e-12_lr_1e-13_mu_1e-14	5319	diamond	0.9959814174693112	1.0	0.9971944104525607	9.999000099990002e-05	0.998675320945276	0.9999999999999999	0.9993372214882317	1918	1342	57	aa	0.7	1.0
True	PROKKA_06122025__gr_1e-12_lr_1e-13_mu_1e-14	5319	panta	0.9996784383670089	0.9998225377107365	0.9997437792789987	9.999000099990002e-05	0.9999648121999322	0.999914947114946	0.9999398790357701	1856	1333	13	aa	0.8	6.0
True	PROKKA_06122025__gr_1e-12_lr_1e-13_mu_1e-14	5319	mmseqs2	0.9986208745390769	1.0	0.9988849483000434	9.999000099990002e-05	0.9994744038079155	1.0	0.9997371328229642	1932	1363	53	nt	0.7	1.0
True	PROKKA_06122025__gr_1e-12_lr_1e-13_mu_1e-14	5319	cdhit	0.9909833408730769	1.0	0.9964145644810172	9.999000099990002e-05	0.9983058328326015	0.9999999999999999	0.9991521982573623	1919	1345	57	aa	0.7	0.0
True	PROKKA_06122025__gr_1e-12_lr_1e-13_mu_1e-14	5319	panx	0.9996538579838005	1.0	0.9997253957547084	9.999000099990002e-05	0.9998710401830837	1.0000000000000002	0.9999355159336153	1760	1270	12	aa	0.5	799.0
True	PROKKA_06122025__gr_1e-12_lr_1e-13_mu_1e-14	5319	ppanggolin	0.9922575326644587	1.0	0.995758375385927	9.999000099990002e-05	0.9980023856915275	1.0	0.9990001942326104	1843	1310	19	aa	0.6	5.0
True	PROKKA_06122025__gr_1e-12_lr_1e-13_mu_1e-14	5319	panx	0.9964651332793864	0.997867803837953	0.9982932623366342	9.999000099990002e-05	0.9997944631853772	0.9994063729780054	0.9996003804131375	1854	1328	13	aa	0.9	755.0
True	PROKKA_06122025__gr_1e-12_lr_1e-13_mu_1e-14	5319	panaroo	0.9704364161854412	0.9705778717406625	0.9804111431647144	9.999000099990002e-05	1.0	0.9910688353536673	0.9955143868018272	1956	1371	41	aa	0.95	37.0
True	PROKKA_06122025__gr_1e-12_lr_1e-13_mu_1e-14	5319	cdhit	0.997865320523354	1.0	0.9983796566455669	9.999000099990002e-05	0.9992358436945764	1.0	0.9996177758077749	1928	1357	55	nt	0.8	23.0
True	PROKKA_06122025__gr_1e-12_lr_1e-13_mu_1e-14	5319	panta	0.9847797734303182	0.9854480922803904	0.9907784223591538	9.999000099990002e-05	1.0	0.995729350145034	0.9978601057028822	1891	1342	26	aa	0.95	7.0
True	PROKKA_06122025__gr_1e-12_lr_1e-13_mu_1e-14	5319	mmseqs2	0.9854298646750796	1.0	0.9937193094598901	9.999000099990002e-05	0.9970243315906561	0.9999999999999999	0.9985099488462548	1910	1341	57	aa	0.5	1.0
True	PROKKA_06122025__gr_1e-12_lr_1e-13_mu_1e-14	5319	cdhit	0.9864214852813185	0.999493670886076	0.9936652698544326	9.999000099990002e-05	0.9971522760446853	0.9998477868077714	0.9984982122529572	1906	1329	58	aa	0.6	0.0
True	PROKKA_06122025__gr_1e-12_lr_1e-13_mu_1e-14	5319	panaroo	1.0	1.0	1.0	9.999000099990002e-05	1.0	1.0	1.0	1868	1342	12	aa	0.8	37.0
True	PROKKA_06122025__gr_1e-12_lr_1e-13_mu_1e-14	5319	cdhit	0.9984304392471672	0.999662447257384	0.998724315561357	9.999000099990002e-05	0.9995524453085093	0.9998464896446644	0.9996994458545707	1934	1363	55	aa	0.9	0.0
True	PROKKA_06122025__gr_1e-12_lr_1e-13_mu_1e-14	5319	cdhit	0.9988099414752885	1.0	0.9988825995543519	9.999000099990002e-05	0.9994732949050259	0.9999999999999999	0.9997365780796791	1930	1358	55	aa	0.85	0.0
True	PROKKA_06122025__gr_1e-12_lr_1e-13_mu_1e-14	5319	panta	0.999707662715317	0.9998225377107365	0.9998187447109046	9.999000099990002e-05	1.0000000000000002	0.9999149501075153	0.9999574732453098	1857	1335	12	aa	0.85	7.0
True	PROKKA_06122025__gr_1e-12_lr_1e-13_mu_1e-14	5319	mmseqs2	0.9997563487746023	1.0	0.9997692160772422	9.999000099990002e-05	0.9998913121059089	1.0	0.9999456530995293	1938	1369	54	nt	0.85	1.0
True	PROKKA_06122025__gr_1e-12_lr_1e-13_mu_1e-14	5319	mmseqs2	0.9776035328182738	0.9790717299578059	0.9860861798491639	9.999000099990002e-05	1.0	0.9935793936722567	0.9967793575976344	2000	1394	75	aa	0.95	1.0
True	PROKKA_06122025__gr_1e-12_lr_1e-13_mu_1e-14	5319	diamond	0.995658453151727	0.9969620253164557	0.9971038458329439	9.999000099990002e-05	0.9995191530787995	0.9991187120782895	0.9993188924629743	1938	1360	59	aa	0.9	0.0
True	PROKKA_06122025__gr_1e-12_lr_1e-13_mu_1e-14	5319	mmseqs2	0.9831779366949073	0.9848101265822785	0.9897821361389216	9.999000099990002e-05	0.9999667077702902	0.9952919543150244	0.9976238547301665	1982	1388	64	nt	0.95	1.0
True	PROKKA_06122025__gr_1e-12_lr_1e-13_mu_1e-14	5319	hdbscan_dist	0.9271313057832204	0.949535864978903	0.9445740150535091	9.999000099990002e-05	0.9874040541853666	0.9865553378509876	0.9869795135626971	1802	1019	173	nt	0.9	0.303
True	PROKKA_06122025__gr_1e-12_lr_1e-13_mu_1e-14	5319	hdbscan_tsne	0.5338971512007007	0.6810126582278481	0.7029537267268513	9.999000099990002e-05	0.9710607211731421	0.9132023780010071	0.9412432479809743	2152	578	645	nt	0.9	17.046
True	PROKKA_06122025__gr_1e-12_lr_1e-13_mu_1e-14	5319	hdbscan_umap	0.6688766293353176	0.9750210970464135	0.8009532117590455	9.999000099990002e-05	0.8917325427802224	0.993690499300519	0.9399547325993207	667	48	59	nt	0.9	6.748
True	PROKKA_06122025__gr_1e-12_lr_1e-13_mu_1e-14	5319	panx	0.9835988828511278	0.9857243567148396	0.9899699245141372	9.999000099990002e-05	0.9997962845933439	0.9955587711282664	0.9976730282805637	1904	1356	23	aa	0.95	757.0
True	PROKKA_06122025__gr_1e-12_lr_1e-13_mu_1e-14	5319	diamond	0.9980522109413369	0.999493670886076	0.9982895447322074	9.999000099990002e-05	0.999331314781225	0.9998623523725523	0.999596763048223	1928	1353	57	aa	0.85	0.0
True	PROKKA_06122025__gr_1e-12_lr_1e-13_mu_1e-14	5319	panta	0.9999415530023029	1.0	0.9998500801608341	9.999000099990002e-05	0.9999296243998642	1.0	0.9999648109617073	1854	1330	14	aa	0.7	6.0
True	PROKKA_06122025__gr_1e-12_lr_1e-13_mu_1e-14	5319	mmseqs2	0.9997292837297146	1.0	0.9996985458324396	9.999000099990002e-05	0.9998580198761988	0.9999999999999998	0.9999290048981526	1937	1367	55	aa	0.8	1.0
True	PROKKA_06122025__gr_1e-12_lr_1e-13_mu_1e-14	5319	panta	0.9992104359783451	0.999645075421473	0.9994645339120529	9.999000099990002e-05	0.9998944365997964	0.9998542682105958	0.9998743520017705	1854	1328	16	aa	0.5	6.0
True	PROKKA_06122025__gr_1e-12_lr_1e-13_mu_1e-14	5319	panaroo	0.9999709943324099	1.0	0.9999255906329194	9.999000099990002e-05	0.9999651010971062	1.0000000000000002	0.9999825502440646	1867	1340	13	aa	0.7	41.0
True	PROKKA_06122025__gr_1e-12_lr_1e-13_mu_1e-14	5319	cdhit	0.9897058412561965	0.9915611814345991	0.9932483140023797	9.999000099990002e-05	0.9996856142273487	0.9971595571752928	0.9984209879399316	1965	1385	58	nt	0.95	0.0
True	PROKKA_06122025__gr_1e-12_lr_1e-13_mu_1e-14	5319	cdhit	0.9985123063863987	0.999831223628692	0.9984467177374657	9.999000099990002e-05	0.9993401259861867	0.9999275715599311	0.9996337624683828	1927	1351	59	aa	0.8	0.0
True	PROKKA_06122025__gr_1e-12_lr_1e-13_mu_1e-14	5319	ppanggolin	0.9987528284886722	0.9994714587737844	0.9988485350022459	9.999000099990002e-05	0.9996520951071565	0.9998076849691322	0.9997298839844578	1863	1332	16	aa	0.9	4.0
True	PROKKA_06122025__gr_1e-12_lr_1e-13_mu_1e-14	5319	cdhit	0.9759313247328257	0.9984810126582279	0.9891106031045899	9.999000099990002e-05	0.995216816233783	0.9996070427615077	0.9974070984723702	1888	1310	61	aa	0.5	2.0
True	PROKKA_06122025__gr_1e-12_lr_1e-13_mu_1e-14	5319	panaroo	0.9956007902491708	0.9957716701902748	0.9970959684773764	9.999000099990002e-05	1.0	0.9986438275605793	0.9993214536673721	1881	1343	17	aa	0.9	37.0
True	PROKKA_06122025__gr_1e-12_lr_1e-13_mu_1e-14	5319	ppanggolin	0.974474283290935	1.0	0.9894843793627406	9.999000099990002e-05	0.9950167149239822	1.0	0.9975021336719939	1822	1292	22	aa	0.5	5.0
True	PROKKA_06122025__gr_1e-12_lr_1e-13_mu_1e-14	5319	cdhit	0.9988639737223227	1.0	0.9989797883351238	9.999000099990002e-05	0.9995191530787995	1.0	0.9997595187220587	1931	1359	56	nt	0.85	20.0
True	PROKKA_06122025__gr_1e-12_lr_1e-13_mu_1e-14	5319	embed_hdbscan_raw	0.874260426685593	0.9380590717299578	0.9048141389109601	9.999000099990002e-05	0.9732631671510719	0.9810160096069966	0.9771242101856673	1620	739	241	aa	0.9	16.033
True	PROKKA_06122025__gr_1e-12_lr_1e-13_mu_1e-14	5319	embed_hdbscan_tsne	0.5864474929668257	0.7292827004219409	0.7254909170349705	9.999000099990002e-05	0.9628398295040849	0.9229544399425429	0.9424753378374471	1875	376	571	aa	0.9	17.136
True	PROKKA_06122025__gr_1e-12_lr_1e-13_mu_1e-14	5319	embed_hdbscan_umap	0.6618101354214689	0.9770464135021097	0.7945424964651623	9.999000099990002e-05	0.8865583591437527	0.9940702395677301	0.9372411767731594	601	19	20	aa	0.9	13.497
True	PROKKA_06122025__gr_1e-12_lr_1e-13_mu_1e-14	5319	diamond	0.978717411436044	1.0	0.9902603583494307	9.999000099990002e-05	0.9953696062403441	0.9999999999999999	0.9976794305450104	1887	1310	62	aa	0.5	2.0
True	PROKKA_06122025__gr_1e-12_lr_1e-13_mu_1e-14	5319	mmseqs2	0.9973393616862326	0.9978059071729958	0.9983668868070045	9.999000099990002e-05	0.9999667077702902	0.9992660015006201	0.9996162318410265	1946	1374	55	aa	0.9	1.0
True	PROKKA_06122025__gr_1e-12_lr_1e-13_mu_1e-14	5319	panaroo	0.9972230913928719	1.0	0.9988668049189142	9.999000099990002e-05	0.9994679622993313	1.0	0.9997339103648067	1863	1336	14	aa	0.6	40.0
True	PROKKA_06122025__gr_1e-12_lr_1e-13_mu_1e-14	5319	panx	0.9996690163116523	1.0	0.9997367535544527	9.999000099990002e-05	0.999876155036041	0.9999999999999999	0.9999380736833892	1808	1298	13	aa	0.6	806.0
True	PROKKA_06122025__gr_1e-12_lr_1e-13_mu_1e-14	5319	panaroo	0.9904187608137532	0.9996476391825229	0.9961579679213228	9.999000099990002e-05	0.9983407279000037	0.9998514964101979	0.9990955410334982	1854	1327	14	aa	0.5	40.0
True	PROKKA_06122025__gr_1e-12_lr_1e-13_mu_1e-14	5319	panx	0.9996751721898453	1.0	0.9997417731026873	9.999000099990002e-05	0.999878381578568	0.9999999999999999	0.9999391870912989	1827	1307	13	aa	0.7	769.0
True	PROKKA_06122025__gr_1e-12_lr_1e-13_mu_1e-14	5319	diamond	0.9985128683555453	1.0	0.9985113118459411	9.999000099990002e-05	0.9992980225515152	0.9999999999999999	0.9996488880394184	1926	1351	58	aa	0.8	0.0
True	PROKKA_06122025__gr_1e-12_lr_1e-13_mu_1e-14	5319	panx	0.9965793280852516	0.9980416592487092	0.9983626551461195	9.999000099990002e-05	0.9997586687482338	0.9994737540745811	0.999616191109523	1847	1321	14	aa	0.85	753.0
True	PROKKA_06122025__gr_1e-12_lr_1e-13_mu_1e-14	5319	panta	0.9985659158117769	0.9984028393966282	0.9989753870364693	9.999000099990002e-05	1.0000000000000002	0.9995198156933436	0.9997598501885866	1861	1337	12	aa	0.9	7.0
True	PROKKA_06122025__gr_1e-12_lr_1e-13_mu_1e-14	5319	mmseqs2	0.9989720557190677	1.0	0.9993280334106218	9.999000099990002e-05	0.999683398386067	0.9999999999999998	0.9998416741299203	1936	1368	53	nt	0.8	1.0
True	PROKKA_06122025__gr_1e-12_lr_1e-13_mu_1e-14	5319	panx	0.9972889647116174	0.9987531172069826	0.9987287138772931	9.999000099990002e-05	0.9997584909683785	0.9996448087110199	0.9997016466078211	1843	1318	14	aa	0.8	771.0
True	PROKKA_06122025__gr_1e-12_lr_1e-13_mu_1e-14	5319	mmseqs2	0.9997563487746023	1.0	0.9997692160772422	9.999000099990002e-05	0.9998913121059089	0.9999999999999999	0.9999456530995293	1938	1369	54	aa	0.85	1.0
True	PROKKA_06122025__gr_1e-12_lr_1e-13_mu_1e-14	5319	ppanggolin	0.9992463979399272	1.0	0.9990820850986288	9.999000099990002e-05	0.9995691249285517	1.0000000000000002	0.9997845160409428	1859	1328	15	aa	0.8	5.0
True	PROKKA_06122025__gr_1e-12_lr_1e-13_mu_1e-14	5319	mmseqs2	0.998593870807366	1.0	0.9988144024357689	9.999000099990002e-05	0.9994411115782057	1.0	0.9997204776782082	1931	1361	54	nt	0.5	3.0
True	PROKKA_06122025__gr_1e-12_lr_1e-13_mu_1e-14	5319	hdbscan_dist	0.896827474473861	0.9421097046413502	0.9251034939498755	9.999000099990002e-05	0.9810953378132872	0.9834215618873313	0.9822570725858929	1756	964	183	aa	0.9	0.32
True	PROKKA_06122025__gr_1e-12_lr_1e-13_mu_1e-14	5319	hdbscan_tsne	0.551444365003234	0.6933333333333334	0.720334391265665	9.999000099990002e-05	0.9785811324141347	0.9149284648635513	0.9456849170570094	2324	833	674	aa	0.9	17.756
True	PROKKA_06122025__gr_1e-12_lr_1e-13_mu_1e-14	5319	hdbscan_umap	0.047662275462722364	0.9505485232067511	0.6290736731198554	9.999000099990002e-05	0.7697469522772468	0.9838628070025636	0.8637331004136133	549	13	16	aa	0.9	7.015
True	PROKKA_06122025__gr_1e-12_lr_1e-13_mu_1e-14	5319	cdhit	0.9989720557190677	1.0	0.9991648811098222	9.999000099990002e-05	0.9996064638238654	1.0	0.9998031931866322	1933	1362	55	nt	0.9	1.0
True	PROKKA_06122025__gr_1e-12_lr_1e-13_mu_1e-14	5319	mmseqs2	0.998999079865334	1.0	0.9991880602585858	9.999000099990002e-05	0.9996173954404229	0.9999999999999999	0.9998086611166468	1934	1365	53	aa	0.7	0.0
True	PROKKA_06122025__gr_1e-12_lr_1e-13_mu_1e-14	5319	mmseqs2	0.9990518014434269	0.999493670886076	0.9993428898336733	9.999000099990002e-05	0.9998913121059089	0.9997993703795407	0.9998453391290775	1940	1370	55	nt	0.9	1.0
True	PROKKA_06122025__gr_1e-12_lr_1e-13_mu_1e-14	5319	mmseqs2	0.9959545559939781	1.0	0.9978591941237059	9.999000099990002e-05	0.9989898768257867	1.0	0.9994946831967868	1928	1359	54	aa	0.6	1.0
True	PROKKA_06122025__gr_1e-12_lr_1e-13_mu_1e-14	5319	ppanggolin	0.9936405034298034	0.9936575052854123	0.9957862235251386	9.999000099990002e-05	0.9998807423024281	0.9981535169617909	0.9990163830714928	1883	1346	17	aa	0.95	5.0
True	PROKKA_06122025__gr_1e-12_lr_1e-13_mu_1e-14	5319	ppanggolin	0.9965600740545578	1.0	0.9977068090955481	9.999000099990002e-05	0.9989220937642692	0.9999999999999999	0.9994607562550369	1852	1320	17	aa	0.7	4.0
True	PROKKA_06122025__gr_1e-12_lr_1e-13_mu_1e-14	5319	cdhit	0.9808607033164969	0.9816033755274262	0.9872692790034493	9.999000099990002e-05	0.9998840464564616	0.9942264852519865	0.9970472402211729	1999	1405	64	aa	0.95	0.0
True	PROKKA_06122025__gr_1e-12_lr_1e-13_mu_1e-14	5319	ppanggolin	0.9992463979399272	1.0	0.9990820850986288	9.999000099990002e-05	0.9995691249285517	1.0000000000000002	0.9997845160409428	1859	1328	15	aa	0.85	4.0
True	PROKKA_06122025__gr_1e-12_lr_1e-13_mu_1e-14	5319	mmseqs2	0.9986208745390769	1.0	0.9988849483000434	9.999000099990002e-05	0.9994744038079155	1.0	0.9997371328229642	1932	1363	53	nt	0.6	2.0
True	PROKKA_06122025__gr_1e-12_lr_1e-13_mu_1e-14	5455	panaroo	1.0	1.0	0.9999999999999994	9.999000099990002e-05	1.0	0.9999999999999999	0.9999999999999999	1848	1245	15	aa	0.85	35.0
True	PROKKA_06122025__gr_1e-12_lr_1e-13_mu_1e-14	5455	panta	0.9997580498191612	0.9993647768778784	0.9996341690640115	9.999000099990002e-05	1.0	0.9998173613857092	0.9999086723528772	1937	1337	16	aa	0.6	8.0
True	PROKKA_06122025__gr_1e-12_lr_1e-13_mu_1e-14	5455	diamond	0.9857005734052213	1.0	0.9938803570206697	9.999000099990002e-05	0.9969390203734652	0.9999999999999998	0.9984671641971508	1904	1262	52	aa	0.6	2.0
True	PROKKA_06122025__gr_1e-12_lr_1e-13_mu_1e-14	5455	diamond	0.9748556072165745	0.9760714826593972	0.9847636634464371	9.999000099990002e-05	0.9997075750073864	0.9928705076582116	0.9962773114311345	2006	1320	69	aa	0.95	1.0
True	PROKKA_06122025__gr_1e-12_lr_1e-13_mu_1e-14	5455	diamond	0.9920945392529069	1.0	0.9963862771951199	9.999000099990002e-05	0.9981969380962926	1.0	0.9990976555567014	1918	1278	48	aa	0.7	1.0
True	PROKKA_06122025__gr_1e-12_lr_1e-13_mu_1e-14	5455	panta	1.0	1.0	1.0	9.999000099990002e-05	1.0	1.0	1.0	1837	1236	16	aa	0.8	7.0
True	PROKKA_06122025__gr_1e-12_lr_1e-13_mu_1e-14	5455	mmseqs2	0.9989114980358178	1.0	0.9991297095675137	9.999000099990002e-05	0.9995669463069793	0.9999999999999998	0.9997834262594604	1932	1290	50	nt	0.7	1.0
True	PROKKA_06122025__gr_1e-12_lr_1e-13_mu_1e-14	5455	cdhit	0.9939381699932315	0.9989398758140239	0.996367524414835	9.999000099990002e-05	0.9984771130949304	0.999712133690355	0.9990942417281248	1920	1277	50	aa	0.7	0.0
True	PROKKA_06122025__gr_1e-12_lr_1e-13_mu_1e-14	5455	panx	0.999435938109558	1.0	0.9996709239127288	9.999000099990002e-05	0.9998348495657225	1.0000000000000002	0.9999174179636318	1748	1188	13	aa	0.5	748.0
True	PROKKA_06122025__gr_1e-12_lr_1e-13_mu_1e-14	5455	ppanggolin	0.9885654195596778	1.0	0.9948727151762257	9.999000099990002e-05	0.9974307590735845	1.0000000000000002	0.9987137271643864	1819	1213	20	aa	0.6	6.0
True	PROKKA_06122025__gr_1e-12_lr_1e-13_mu_1e-14	5455	panx	0.9995141957509643	0.999681224099458	0.9996514189409234	9.999000099990002e-05	0.9999284435546854	0.999897467494207	0.9999129552845464	1831	1233	16	aa	0.9	898.0
True	PROKKA_06122025__gr_1e-12_lr_1e-13_mu_1e-14	5455	panaroo	0.9712963672004061	0.9704581358609795	0.9822353205678671	9.999000099990002e-05	1.0000000000000002	0.9913717317398058	0.9956671734751121	1936	1273	41	aa	0.95	36.0
True	PROKKA_06122025__gr_1e-12_lr_1e-13_mu_1e-14	5455	cdhit	0.9958176991576864	1.0	0.9980004184147377	9.999000099990002e-05	0.9990039052797389	1.0	0.9995017044650938	1928	1289	47	nt	0.8	24.0
True	PROKKA_06122025__gr_1e-12_lr_1e-13_mu_1e-14	5455	panta	0.9894648592139812	0.9895188184849929	0.9940954411205757	9.999000099990002e-05	1.0	0.9970762960765143	0.9985360078985316	1861	1243	20	aa	0.95	7.0
True	PROKKA_06122025__gr_1e-12_lr_1e-13_mu_1e-14	5455	mmseqs2	0.986119862375442	1.0	0.994334423280922	9.999000099990002e-05	0.9971674270132328	1.0	0.9985817047942729	1910	1272	49	aa	0.5	1.0
True	PROKKA_06122025__gr_1e-12_lr_1e-13_mu_1e-14	5455	cdhit	0.9885295837059356	0.9998485536877177	0.9943602016985237	9.999000099990002e-05	0.997239159350439	0.9999416907096107	0.9985885965336855	1905	1261	53	aa	0.6	0.0
True	PROKKA_06122025__gr_1e-12_lr_1e-13_mu_1e-14	5455	panaroo	0.9997350029823772	1.0	0.9998442726500191	9.999000099990002e-05	0.9999223495830479	1.0	0.9999611732840685	1847	1244	15	aa	0.8	36.0
True	PROKKA_06122025__gr_1e-12_lr_1e-13_mu_1e-14	5455	cdhit	0.99732021794193	0.998485536877177	0.9980585521574322	9.999000099990002e-05	0.999538116901393	0.9994967593931231	0.9995174377194408	1938	1295	50	aa	0.9	0.0
True	PROKKA_06122025__gr_1e-12_lr_1e-13_mu_1e-14	5455	cdhit	0.9959033211115825	0.9993942147508709	0.9979417132595757	9.999000099990002e-05	0.9991680238710645	0.9998072419707853	0.9994875307186151	1932	1291	49	aa	0.85	0.0
True	PROKKA_06122025__gr_1e-12_lr_1e-13_mu_1e-14	5455	panta	1.0	1.0	1.0	9.999000099990002e-05	1.0	1.0	1.0	1837	1237	15	aa	0.85	8.0
True	PROKKA_06122025__gr_1e-12_lr_1e-13_mu_1e-14	5455	mmseqs2	0.9996369030571476	1.0	0.9996738760018778	9.999000099990002e-05	0.9998378094653394	0.9999999999999998	0.9999188981556939	1937	1297	48	nt	0.85	1.0
True	PROKKA_06122025__gr_1e-12_lr_1e-13_mu_1e-14	5455	mmseqs2	0.9830785817651606	0.9845524761472059	0.9897786537159534	9.999000099990002e-05	1.0	0.994994440253937	0.9974909405033601	1994	1331	56	aa	0.95	1.0
True	PROKKA_06122025__gr_1e-12_lr_1e-13_mu_1e-14	5455	diamond	0.9946253312084058	0.9954566106315311	0.9963242441910674	9.999000099990002e-05	0.9995015489881185	0.998675095406704	0.9990881512852139	1946	1300	50	aa	0.9	1.0
True	PROKKA_06122025__gr_1e-12_lr_1e-13_mu_1e-14	5455	mmseqs2	0.9909753478186286	0.9916704528244737	0.9944746941949061	9.999000099990002e-05	0.999970179644795	0.9973046641463107	0.9986356432287622	1967	1312	55	nt	0.95	1.0
True	PROKKA_06122025__gr_1e-12_lr_1e-13_mu_1e-14	5455	hdbscan_dist	0.9236969976527779	0.9518400726942299	0.9449734966381089	9.999000099990002e-05	0.9865283642609579	0.9861389747740045	0.9863336310862238	1800	954	170	nt	0.9	0.361
True	PROKKA_06122025__gr_1e-12_lr_1e-13_mu_1e-14	5455	hdbscan_tsne	0.5648090985339916	0.6821141905194609	0.7274107378832965	9.999000099990002e-05	0.97622885815731	0.9129799524206929	0.9435456488258512	2309	621	669	nt	0.9	19.349
True	PROKKA_06122025__gr_1e-12_lr_1e-13_mu_1e-14	5455	hdbscan_umap	0.7078613049750961	0.985158261396335	0.8319929576709351	9.999000099990002e-05	0.9048441792765419	0.996044630075277	0.948256606477253	706	45	42	nt	0.9	7.252
True	PROKKA_06122025__gr_1e-12_lr_1e-13_mu_1e-14	5455	panx	0.9948895842696002	0.9946202531645569	0.9963642003886165	9.999000099990002e-05	0.9997995819786437	0.9983939240401138	0.9990962585942398	1859	1247	22	aa	0.95	866.0
True	PROKKA_06122025__gr_1e-12_lr_1e-13_mu_1e-14	5455	diamond	0.9962681558843522	1.0	0.9981745935350637	9.999000099990002e-05	0.9990908273663323	1.0	0.9995452069404643	1928	1287	49	aa	0.85	1.0
True	PROKKA_06122025__gr_1e-12_lr_1e-13_mu_1e-14	5455	panta	0.9997580498191612	0.9993647768778784	0.999634169064012	9.999000099990002e-05	1.0	0.9998173613857093	0.9999086723528772	1936	1336	16	aa	0.7	8.0
True	PROKKA_06122025__gr_1e-12_lr_1e-13_mu_1e-14	5455	mmseqs2	0.9995688516738521	1.0	0.9996607944775772	9.999000099990002e-05	0.9998313015129072	0.9999999999999999	0.9999156436410586	1937	1297	48	aa	0.8	1.0
True	PROKKA_06122025__gr_1e-12_lr_1e-13_mu_1e-14	5455	panta	0.9997580498191612	0.9993647768778784	0.9996341690640115	9.999000099990002e-05	1.0	0.9998173613857092	0.9999086723528772	1937	1337	15	aa	0.5	9.0
True	PROKKA_06122025__gr_1e-12_lr_1e-13_mu_1e-14	5455	panaroo	0.9995905182198993	1.0	0.9996593074493655	9.999000099990002e-05	0.9998300889799208	1.0	0.9999150372719084	1845	1241	16	aa	0.7	39.0
True	PROKKA_06122025__gr_1e-12_lr_1e-13_mu_1e-14	5455	cdhit	0.9927506119398205	0.994850825382402	0.9955883137986505	9.999000099990002e-05	0.9995977804202371	0.9982173935718316	0.998907110108113	1956	1310	52	nt	0.95	1.0
True	PROKKA_06122025__gr_1e-12_lr_1e-13_mu_1e-14	5455	cdhit	0.995705148486908	1.0	0.9978208064495342	9.999000099990002e-05	0.9989142365492863	1.0	0.9994568233939901	1926	1286	48	aa	0.8	0.0
True	PROKKA_06122025__gr_1e-12_lr_1e-13_mu_1e-14	5455	ppanggolin	0.9985082094925012	1.0	0.9989267589445068	9.999000099990002e-05	0.9994643612106386	1.0	0.9997321088588761	1840	1236	16	aa	0.9	4.0
True	PROKKA_06122025__gr_1e-12_lr_1e-13_mu_1e-14	5455	cdhit	0.9821428084993665	0.9992427684385885	0.9905551258618533	9.999000099990002e-05	0.9955220127414767	0.9997417824096948	0.997627435394671	1888	1247	52	aa	0.5	2.0
True	PROKKA_06122025__gr_1e-12_lr_1e-13_mu_1e-14	5455	panaroo	0.9966392822329895	0.996998420221169	0.9980067175160825	9.999000099990002e-05	1.0000000000000002	0.9990091835000027	0.9995043461990194	1858	1246	20	aa	0.9	35.0
True	PROKKA_06122025__gr_1e-12_lr_1e-13_mu_1e-14	5455	ppanggolin	0.9765837506421069	1.0	0.9901481731621365	9.999000099990002e-05	0.9950401040722126	1.0000000000000002	0.9975138866042526	1799	1200	17	aa	0.5	6.0
True	PROKKA_06122025__gr_1e-12_lr_1e-13_mu_1e-14	5455	cdhit	0.9964709941238763	1.0	0.9984241238740531	9.999000099990002e-05	0.9992153052158346	1.0	0.9996074986110209	1931	1292	47	nt	0.85	22.0
True	PROKKA_06122025__gr_1e-12_lr_1e-13_mu_1e-14	5455	embed_hdbscan_raw	0.9117347254793234	0.976980160533091	0.9362428380792172	9.999000099990002e-05	0.9732099687260775	0.9936587084958627	0.9833280399640357	1589	916	0	aa	0.9	21.686
True	PROKKA_06122025__gr_1e-12_lr_1e-13_mu_1e-14	5455	embed_hdbscan_tsne	0.7604371604337677	0.8877782825988187	0.834441709847888	9.999000099990002e-05	0.9459397910374384	0.9673667582708282	0.9565332952067764	1288	374	0	aa	0.9	19.014
True	PROKKA_06122025__gr_1e-12_lr_1e-13_mu_1e-14	5455	embed_hdbscan_umap	0.713592671570914	0.9856126003331819	0.8274579092035034	9.999000099990002e-05	0.9013995507752823	0.9961998978469075	0.9464317045977076	650	26	0	aa	0.9	14.28
True	PROKKA_06122025__gr_1e-12_lr_1e-13_mu_1e-14	5455	diamond	0.980696719437103	1.0	0.9910914344792334	9.999000099990002e-05	0.9955316152788702	0.9999999999999999	0.9977608048467298	1885	1241	55	aa	0.5	1.0
True	PROKKA_06122025__gr_1e-12_lr_1e-13_mu_1e-14	5455	mmseqs2	0.9985905734112192	0.9989398758140239	0.9990794253192443	9.999000099990002e-05	0.9999701796447948	0.9995726740908193	0.9997713873561094	1944	1302	50	aa	0.9	1.0
True	PROKKA_06122025__gr_1e-12_lr_1e-13_mu_1e-14	5455	panaroo	0.9976920150246921	1.0	0.9989904541171165	9.999000099990002e-05	0.9994961848643468	1.0	0.9997480289587612	1842	1237	18	aa	0.6	38.0
True	PROKKA_06122025__gr_1e-12_lr_1e-13_mu_1e-14	5455	panx	0.9994532628224672	1.0	0.9996814875684636	9.999000099990002e-05	0.9998403192226183	1.0	0.9999201532363124	1787	1206	14	aa	0.6	751.0
True	PROKKA_06122025__gr_1e-12_lr_1e-13_mu_1e-14	5455	panaroo	0.9915890473410496	1.0	0.9966843725334692	9.999000099990002e-05	0.9983415583674307	0.9999999999999999	0.9991700910059018	1832	1229	17	aa	0.5	39.0
True	PROKKA_06122025__gr_1e-12_lr_1e-13_mu_1e-14	5455	panx	0.9998029885127764	1.0	0.9998546643748061	9.999000099990002e-05	0.9999272351945828	1.0	0.999963616273564	1804	1217	14	aa	0.7	827.0
True	PROKKA_06122025__gr_1e-12_lr_1e-13_mu_1e-14	5455	diamond	0.995705148486908	1.0	0.9978208064495339	9.999000099990002e-05	0.9989142365492863	0.9999999999999999	0.9994568233939901	1926	1286	48	aa	0.8	1.0
True	PROKKA_06122025__gr_1e-12_lr_1e-13_mu_1e-14	5455	panx	0.9997567545169608	1.0	0.9997691310564032	9.999000099990002e-05	0.9998845488209155	1.0	0.9999422710780216	1823	1228	14	aa	0.85	948.0
True	PROKKA_06122025__gr_1e-12_lr_1e-13_mu_1e-14	5455	panta	1.0	1.0	1.0	9.999000099990002e-05	1.0	1.0	1.0	1837	1237	15	aa	0.9	7.0
True	PROKKA_06122025__gr_1e-12_lr_1e-13_mu_1e-14	5455	mmseqs2	0.9995008095365239	1.0	0.9996507668446021	9.999000099990002e-05	0.9998263127490624	0.9999999999999999	0.9999131488320608	1937	1297	48	nt	0.8	2.0
True	PROKKA_06122025__gr_1e-12_lr_1e-13_mu_1e-14	5455	panx	0.9997559234353963	1.0	0.9997683447754724	9.999000099990002e-05	0.999884131081407	1.0	0.9999420621841075	1818	1225	14	aa	0.8	760.0
True	PROKKA_06122025__gr_1e-12_lr_1e-13_mu_1e-14	5455	mmseqs2	0.9998184186294429	1.0	0.9998096421400572	9.999000099990002e-05	0.9999053425057026	0.9999999999999998	0.9999526690127348	1938	1298	48	aa	0.85	1.0
True	PROKKA_06122025__gr_1e-12_lr_1e-13_mu_1e-14	5455	ppanggolin	0.9958962858786711	1.0	0.9979035255357854	9.999000099990002e-05	0.9989526223880546	1.0	0.999476036800365	1835	1231	16	aa	0.8	4.0
True	PROKKA_06122025__gr_1e-12_lr_1e-13_mu_1e-14	5455	mmseqs2	0.9971702905374027	1.0	0.9986104348427645	9.999000099990002e-05	0.999308203766069	0.9999999999999999	0.9996539821961276	1931	1290	50	nt	0.5	4.0
True	PROKKA_06122025__gr_1e-12_lr_1e-13_mu_1e-14	5455	hdbscan_dist	0.9072399723650862	0.9430561865818567	0.935527335575282	9.999000099990002e-05	0.9842694988476265	0.9837194043399533	0.983994374712267	1796	926	189	aa	0.9	0.363
True	PROKKA_06122025__gr_1e-12_lr_1e-13_mu_1e-14	5455	hdbscan_tsne	0.5610309031319929	0.6889292745721641	0.7284913325421288	9.999000099990002e-05	0.9766938071894415	0.9131058068187834	0.9438300020996224	2396	804	644	aa	0.9	19.631
True	PROKKA_06122025__gr_1e-12_lr_1e-13_mu_1e-14	5455	hdbscan_umap	0.057821921232801575	0.9753142510979858	0.683400423626003	9.999000099990002e-05	0.7977137190068402	0.9910410964821527	0.8839300634360858	595	18	11	aa	0.9	7.496
True	PROKKA_06122025__gr_1e-12_lr_1e-13_mu_1e-14	5455	cdhit	0.9964455637093849	0.9995456610631531	0.9984270782432557	9.999000099990002e-05	0.9993403911734946	0.9998767062817656	0.9996084767909966	1934	1294	48	nt	0.9	1.0
True	PROKKA_06122025__gr_1e-12_lr_1e-13_mu_1e-14	5455	mmseqs2	0.9989341510385785	1.0	0.9991895898565637	9.999000099990002e-05	0.9995967666621843	0.9999999999999998	0.9997983426736137	1933	1292	49	aa	0.7	1.0
True	PROKKA_06122025__gr_1e-12_lr_1e-13_mu_1e-14	5455	mmseqs2	0.999250552438902	0.9995456610631531	0.9993982381404495	9.999000099990002e-05	0.9999053425057026	0.9997955695066428	0.9998504529931943	1941	1301	48	nt	0.9	1.0
True	PROKKA_06122025__gr_1e-12_lr_1e-13_mu_1e-14	5455	mmseqs2	0.9967190194937461	1.0	0.9983218481602597	9.999000099990002e-05	0.9991642911384578	1.0	0.9995819708939148	1928	1285	52	aa	0.6	1.0
True	PROKKA_06122025__gr_1e-12_lr_1e-13_mu_1e-14	5455	ppanggolin	0.9970054898970491	0.9971563981042654	0.997902673690931	9.999000099990002e-05	0.9998564053937078	0.9991002211578993	0.9994781702475379	1856	1248	17	aa	0.95	4.0
True	PROKKA_06122025__gr_1e-12_lr_1e-13_mu_1e-14	5455	ppanggolin	0.9919208767912071	1.0	0.9963539130548349	9.999000099990002e-05	0.9981756578991419	1.0	0.9990869961338753	1827	1223	16	aa	0.7	4.0
True	PROKKA_06122025__gr_1e-12_lr_1e-13_mu_1e-14	5455	cdhit	0.9872034794830455	0.9886415265788278	0.9915326938642814	9.999000099990002e-05	0.9998630801014692	0.9959757469336551	0.9979156278012625	1987	1330	60	aa	0.95	0.0
True	PROKKA_06122025__gr_1e-12_lr_1e-13_mu_1e-14	5455	ppanggolin	0.9961592557056053	1.0	0.9980586548523187	9.999000099990002e-05	0.9990302728050067	1.0	0.9995149011957519	1836	1232	16	aa	0.85	4.0
True	PROKKA_06122025__gr_1e-12_lr_1e-13_mu_1e-14	5455	mmseqs2	0.9989114980358178	1.0	0.9991297095675137	9.999000099990002e-05	0.9995669463069793	0.9999999999999998	0.9997834262594604	1932	1290	50	nt	0.6	1.0
True	PROKKA_06122025__gr_1e-12_lr_1e-13_mu_1e-14	6032	panaroo	0.9975718517820333	0.9981293842556508	0.9989076823238834	9.999000099990002e-05	1.0	0.9994348717845573	0.9997173560272367	1839	1274	18	aa	0.85	32.0
True	PROKKA_06122025__gr_1e-12_lr_1e-13_mu_1e-14	6032	panta	0.9996244478434091	0.9996869619658788	0.9997227848503788	9.999000099990002e-05	1.0	0.9998561549785743	0.9999280723160675	1826	1265	19	aa	0.6	7.0
True	PROKKA_06122025__gr_1e-12_lr_1e-13_mu_1e-14	6032	diamond	0.9840913330266585	0.9998527245949926	0.9937596493782459	9.999000099990002e-05	0.9967976316615579	0.9999313430321658	0.9983620282883019	1906	1305	57	aa	0.6	2.0
True	PROKKA_06122025__gr_1e-12_lr_1e-13_mu_1e-14	6032	diamond	0.956214896180325	0.9565537555228277	0.974507225846234	9.999000099990002e-05	0.9997639066830244	0.9874253807589939	0.9935563385572938	2051	1360	96	aa	0.95	1.0
True	PROKKA_06122025__gr_1e-12_lr_1e-13_mu_1e-14	6032	diamond	0.9893050856654804	0.9998527245949926	0.995715932927655	9.999000099990002e-05	0.9978273354428662	0.9999314138775797	0.9988782666320236	1918	1319	55	aa	0.7	1.0
True	PROKKA_06122025__gr_1e-12_lr_1e-13_mu_1e-14	6032	panta	0.9987839597560068	0.9985913288464549	0.9992056611904927	9.999000099990002e-05	1.0	0.9995881444120395	0.999794029791029	1828	1266	18	aa	0.8	7.0
True	PROKKA_06122025__gr_1e-12_lr_1e-13_mu_1e-14	6032	mmseqs2	0.9957079359015224	1.0	0.9983196233286653	9.999000099990002e-05	0.9991229813926866	0.9999999999999999	0.9995612983215757	1932	1334	53	nt	0.7	1.0
True	PROKKA_06122025__gr_1e-12_lr_1e-13_mu_1e-14	6032	cdhit	0.9912232020190667	0.9991163475699558	0.9961007763878913	9.999000099990002e-05	0.9981369204638729	0.9998245846436378	0.9989800397746612	1920	1320	53	aa	0.7	0.0
True	PROKKA_06122025__gr_1e-12_lr_1e-13_mu_1e-14	6032	panx	0.9997888279039387	1.0	0.999791864104153	9.999000099990002e-05	0.9998916957279808	1.0000000000000002	0.999945844931378	1740	1209	18	aa	0.5	916.0
True	PROKKA_06122025__gr_1e-12_lr_1e-13_mu_1e-14	6032	ppanggolin	0.983070676605131	1.0	0.9940482402071117	9.999000099990002e-05	0.9968975509202862	1.0000000000000002	0.9984463654240631	1807	1245	22	aa	0.6	6.0
True	PROKKA_06122025__gr_1e-12_lr_1e-13_mu_1e-14	6032	panx	0.9961372937713013	0.9965233881163085	0.9972871912728393	9.999000099990002e-05	0.9998655344172825	0.9987339504844708	0.9992994221060034	1829	1268	23	aa	0.9	747.0
True	PROKKA_06122025__gr_1e-12_lr_1e-13_mu_1e-14	6032	panaroo	0.9444780765813938	0.9437256430241622	0.9665615170163006	9.999000099990002e-05	1.0	0.9835037120503051	0.9916832583425603	1992	1302	80	aa	0.95	35.0
True	PROKKA_06122025__gr_1e-12_lr_1e-13_mu_1e-14	6032	cdhit	0.9927136842613841	0.9997054491899853	0.997195502919814	9.999000099990002e-05	0.9986212438844082	0.9999137862883628	0.9992670971137604	1928	1330	53	nt	0.8	25.0
True	PROKKA_06122025__gr_1e-12_lr_1e-13_mu_1e-14	6032	panta	0.9715209902817047	0.972139614963218	0.9837739475417041	9.999000099990002e-05	1.0	0.9917781546295215	0.9958721078693586	1895	1281	41	aa	0.95	7.0
True	PROKKA_06122025__gr_1e-12_lr_1e-13_mu_1e-14	6032	mmseqs2	0.9899175969558411	1.0	0.9951593057390745	9.999000099990002e-05	0.9974656216242089	0.9999999999999999	0.9987312030062723	1910	1310	56	aa	0.5	1.0
True	PROKKA_06122025__gr_1e-12_lr_1e-13_mu_1e-14	6032	cdhit	0.9844349643781093	0.9997054491899853	0.9936878744154652	9.999000099990002e-05	0.9968307715646814	0.9998610138068929	0.9983435932903286	1906	1304	57	aa	0.6	0.0
True	PROKKA_06122025__gr_1e-12_lr_1e-13_mu_1e-14	6032	panaroo	0.9997137243072167	0.9998441153546376	0.9997455808965209	9.999000099990002e-05	0.9999356840222294	0.9999324727786048	0.9999340783978388	1835	1273	18	aa	0.8	33.0
True	PROKKA_06122025__gr_1e-12_lr_1e-13_mu_1e-14	6032	cdhit	0.9923874892434462	0.9970544918998527	0.9962465726207264	9.999000099990002e-05	0.999096355046299	0.9989486251788186	0.9990224846511917	1943	1340	57	aa	0.9	1.0
True	PROKKA_06122025__gr_1e-12_lr_1e-13_mu_1e-14	6032	cdhit	0.9912899999470983	0.9997054491899853	0.9971004329061475	9.999000099990002e-05	0.9985858031691489	0.9998994977604634	0.9992422186894314	1931	1334	54	aa	0.85	0.0
True	PROKKA_06122025__gr_1e-12_lr_1e-13_mu_1e-14	6032	panta	0.9987618772472489	0.9985913288464549	0.9991455435741092	9.999000099990002e-05	0.9999687902523873	0.9995881315630236	0.9997784246744189	1827	1264	19	aa	0.85	7.0
True	PROKKA_06122025__gr_1e-12_lr_1e-13_mu_1e-14	6032	mmseqs2	0.9980989623569547	1.0	0.9993013643123401	9.999000099990002e-05	0.9996357225029876	0.9999999999999999	0.9998178280709266	1937	1339	52	nt	0.85	1.0
True	PROKKA_06122025__gr_1e-12_lr_1e-13_mu_1e-14	6032	mmseqs2	0.965897178479	0.9689248895434462	0.9796168686460313	9.999000099990002e-05	1.0	0.9896966340229814	0.9948216397410362	2048	1395	78	aa	0.95	1.0
True	PROKKA_06122025__gr_1e-12_lr_1e-13_mu_1e-14	6032	diamond	0.9899885621102297	0.9949926362297496	0.9949822287052019	9.999000099990002e-05	0.9989842179715006	0.9984050750463607	0.9986945625476997	1947	1343	54	aa	0.9	1.0
True	PROKKA_06122025__gr_1e-12_lr_1e-13_mu_1e-14	6032	mmseqs2	0.980987489349468	0.9848306332842416	0.9897068542301722	9.999000099990002e-05	0.9997232821340923	0.9949858236921748	0.9973489271523589	1989	1365	66	nt	0.95	2.0
True	PROKKA_06122025__gr_1e-12_lr_1e-13_mu_1e-14	6032	hdbscan_dist	0.945357544385638	0.9812960235640648	0.964295660403568	9.999000099990002e-05	0.9851602194388495	0.9958126752831397	0.9904578061777111	1797	1237	0	nt	0.9	0.374
True	PROKKA_06122025__gr_1e-12_lr_1e-13_mu_1e-14	6032	hdbscan_tsne	0.766693969902785	0.9558173784977909	0.8471014634328401	9.999000099990002e-05	0.920590573620201	0.9885367958468299	0.9533545749620287	881	250	0	nt	0.9	18.594
True	PROKKA_06122025__gr_1e-12_lr_1e-13_mu_1e-14	6032	hdbscan_umap	0.6998262297673907	0.9748159057437408	0.8210482609981811	9.999000099990002e-05	0.8955734555577501	0.993130997895885	0.9418326493388218	660	100	0	nt	0.9	6.983
True	PROKKA_06122025__gr_1e-12_lr_1e-13_mu_1e-14	6032	panx	0.976209248021988	0.9775140537164272	0.9861957102462301	9.999000099990002e-05	0.9996794302039353	0.9932983811876496	0.9964786903822261	1889	1291	32	aa	0.95	747.0
True	PROKKA_06122025__gr_1e-12_lr_1e-13_mu_1e-14	6032	diamond	0.9903478957853471	0.9992636229749632	0.9966098233512658	9.999000099990002e-05	0.9984872272595083	0.9997418069551819	0.9991141232660522	1929	1330	54	aa	0.85	1.0
True	PROKKA_06122025__gr_1e-12_lr_1e-13_mu_1e-14	6032	panta	0.9996244478434091	0.9996869619658788	0.9997227848503788	9.999000099990002e-05	1.0	0.9998561549785743	0.9999280723160675	1826	1266	18	aa	0.7	7.0
True	PROKKA_06122025__gr_1e-12_lr_1e-13_mu_1e-14	6032	mmseqs2	0.9980390470556836	1.0	0.9992762882996487	9.999000099990002e-05	0.999622638219923	0.9999999999999999	0.9998112835027648	1937	1339	52	aa	0.8	1.0
True	PROKKA_06122025__gr_1e-12_lr_1e-13_mu_1e-14	6032	panta	0.9998233046262038	0.9998434809829394	0.9998638264762905	9.999000099990002e-05	1.0	0.9999293254499896	0.9999646614762278	1826	1264	20	aa	0.5	7.0
True	PROKKA_06122025__gr_1e-12_lr_1e-13_mu_1e-14	6032	panaroo	0.9998458786415473	1.0	0.999815991607141	9.999000099990002e-05	0.9999046263256209	1.0000000000000002	0.9999523108886678	1833	1271	18	aa	0.7	37.0
True	PROKKA_06122025__gr_1e-12_lr_1e-13_mu_1e-14	6032	cdhit	0.9847521423281602	0.9891016200294551	0.9915653498120617	9.999000099990002e-05	0.999458031722602	0.9961870095413584	0.9978198398982101	1974	1355	64	nt	0.95	1.0
True	PROKKA_06122025__gr_1e-12_lr_1e-13_mu_1e-14	6032	cdhit	0.9913733092292688	0.9998527245949926	0.9969546400489835	9.999000099990002e-05	0.9984378024461122	0.9999707686443086	0.9992036975810176	1927	1329	55	aa	0.8	0.0
True	PROKKA_06122025__gr_1e-12_lr_1e-13_mu_1e-14	6032	ppanggolin	0.9944498540387346	0.9992205767731879	0.9979640293464485	9.999000099990002e-05	0.9992362401841118	0.9997076120208044	0.9994718705252572	1832	1270	19	aa	0.9	5.0
True	PROKKA_06122025__gr_1e-12_lr_1e-13_mu_1e-14	6032	cdhit	0.9801985234430335	0.9997054491899853	0.9914034059603667	9.999000099990002e-05	0.995584510425935	0.999899194816582	0.9977371879624236	1888	1284	57	aa	0.5	2.0
True	PROKKA_06122025__gr_1e-12_lr_1e-13_mu_1e-14	6032	panaroo	0.9897895134537362	0.9897116134060795	0.9948571381162258	9.999000099990002e-05	1.0	0.997355371605531	0.998675934972782	1854	1277	19	aa	0.9	33.0
True	PROKKA_06122025__gr_1e-12_lr_1e-13_mu_1e-14	6032	ppanggolin	0.9775258946309408	1.0	0.9908913878384249	9.999000099990002e-05	0.9952370295606963	1.0	0.997612829769728	1786	1223	23	aa	0.5	5.0
True	PROKKA_06122025__gr_1e-12_lr_1e-13_mu_1e-14	6032	cdhit	0.9934668126898795	1.0	0.9978735370344803	9.999000099990002e-05	0.9988896798985638	1.0	0.9994445315754031	1931	1333	54	nt	0.85	23.0
True	PROKKA_06122025__gr_1e-12_lr_1e-13_mu_1e-14	6032	embed_hdbscan_raw	0.895283423103185	0.9873343151693668	0.9284639777514962	9.999000099990002e-05	0.9636571213759566	0.9966134818346633	0.9798582679924747	1476	909	0	aa	0.9	20.843
True	PROKKA_06122025__gr_1e-12_lr_1e-13_mu_1e-14	6032	embed_hdbscan_tsne	0.771670660090682	0.9634756995581738	0.8470693298195427	9.999000099990002e-05	0.9178682700953336	0.9906234176564456	0.9528590651095448	795	157	0	aa	0.9	20.168
True	PROKKA_06122025__gr_1e-12_lr_1e-13_mu_1e-14	6032	embed_hdbscan_umap	0.6987821432966629	0.9709867452135493	0.8217900849346027	9.999000099990002e-05	0.8969281851691782	0.9925256831590683	0.9423085417981818	619	29	0	aa	0.9	13.778
True	PROKKA_06122025__gr_1e-12_lr_1e-13_mu_1e-14	6032	diamond	0.9790859257888853	0.9998527245949926	0.9909116517265755	9.999000099990002e-05	0.9952913438802037	0.9999312391328992	0.9976058964623746	1885	1281	60	aa	0.5	2.0
True	PROKKA_06122025__gr_1e-12_lr_1e-13_mu_1e-14	6032	mmseqs2	0.9939506213675514	0.996759941089838	0.9973073174895036	9.999000099990002e-05	0.9997232821340922	0.9988768966238019	0.9992999101614027	1949	1345	56	aa	0.9	1.0
True	PROKKA_06122025__gr_1e-12_lr_1e-13_mu_1e-14	6032	panaroo	0.9993178222325548	1.0	0.9994551042069374	9.999000099990002e-05	0.9997174731345382	0.9999999999999999	0.9998587166090922	1830	1267	19	aa	0.6	38.0
True	PROKKA_06122025__gr_1e-12_lr_1e-13_mu_1e-14	6032	panx	0.9994234247896786	0.9996757983465716	0.9995698188289285	9.999000099990002e-05	0.9998940784118862	0.9998828869534201	0.9998884826513375	1775	1232	19	aa	0.6	920.0
True	PROKKA_06122025__gr_1e-12_lr_1e-13_mu_1e-14	6032	panaroo	0.9966421176160021	1.0	0.9979902809494161	9.999000099990002e-05	0.9989564538958227	1.0	0.9994779545586681	1820	1255	21	aa	0.5	38.0
True	PROKKA_06122025__gr_1e-12_lr_1e-13_mu_1e-14	6032	panx	0.9994140432675118	0.9996812749003984	0.9995172421990199	9.999000099990002e-05	0.9998641853145065	0.9998850430926748	0.9998746140948154	1795	1243	20	aa	0.7	916.0
True	PROKKA_06122025__gr_1e-12_lr_1e-13_mu_1e-14	6032	diamond	0.9909123492186913	0.9995581737849779	0.996665551551575	9.999000099990002e-05	0.9984267861675764	0.9998309505877371	0.999128375028455	1928	1329	55	aa	0.8	1.0
True	PROKKA_06122025__gr_1e-12_lr_1e-13_mu_1e-14	6032	panx	0.9984051807031346	0.9985743703469032	0.9987995059778837	9.999000099990002e-05	0.9998651667335612	0.99951341713558	0.9996892609930119	1815	1258	21	aa	0.85	910.0
True	PROKKA_06122025__gr_1e-12_lr_1e-13_mu_1e-14	6032	panta	0.9951628783089704	0.9954609485052434	0.997169172527926	9.999000099990002e-05	0.9999687902523873	0.9985676374319831	0.9992677226754496	1836	1267	22	aa	0.9	7.0
True	PROKKA_06122025__gr_1e-12_lr_1e-13_mu_1e-14	6032	mmseqs2	0.9978393812137251	1.0	0.9991560253060766	9.999000099990002e-05	0.9995598775833129	0.9999999999999999	0.9997798903540618	1936	1338	52	nt	0.8	1.0
True	PROKKA_06122025__gr_1e-12_lr_1e-13_mu_1e-14	6032	panx	0.9988991479849882	0.9990477701952071	0.9991472579603695	9.999000099990002e-05	0.9998648392379059	0.9996928811877004	0.9997788528187753	1806	1251	20	aa	0.8	906.0
True	PROKKA_06122025__gr_1e-12_lr_1e-13_mu_1e-14	6032	mmseqs2	0.9979182405387185	0.9998527245949926	0.9992496633888066	9.999000099990002e-05	0.9996830793118548	0.9999257581738494	0.9998044040167144	1939	1341	52	aa	0.85	1.0
True	PROKKA_06122025__gr_1e-12_lr_1e-13_mu_1e-14	6032	ppanggolin	0.9912468125188071	1.0	0.9969505009472285	9.999000099990002e-05	0.9984149485061328	0.9999999999999999	0.9992068456578289	1822	1262	19	aa	0.8	5.0
True	PROKKA_06122025__gr_1e-12_lr_1e-13_mu_1e-14	6032	mmseqs2	0.99550919957354	1.0	0.9981846906775822	9.999000099990002e-05	0.9990524307036014	0.9999999999999999	0.999525990773506	1931	1333	53	nt	0.5	9.0
True	PROKKA_06122025__gr_1e-12_lr_1e-13_mu_1e-14	6032	hdbscan_dist	0.932910431921609	0.98100147275405	0.9548243035701247	9.999000099990002e-05	0.9798784075044235	0.9957997683294149	0.9877749353303237	1720	1158	0	aa	0.9	0.367
True	PROKKA_06122025__gr_1e-12_lr_1e-13_mu_1e-14	6032	hdbscan_tsne	0.7687433251741467	0.9602356406480118	0.8554018998532393	9.999000099990002e-05	0.9248795666931093	0.9897234349575317	0.9562034331716428	999	401	0	aa	0.9	19.885
True	PROKKA_06122025__gr_1e-12_lr_1e-13_mu_1e-14	6032	hdbscan_umap	0.06787473796484328	0.9468335787923416	0.673113659523017	9.999000099990002e-05	0.7916502271976639	0.9807197428428902	0.8761003857688289	584	63	0	aa	0.9	7.232
True	PROKKA_06122025__gr_1e-12_lr_1e-13_mu_1e-14	6032	cdhit	0.9928995052093027	0.9992636229749632	0.9975903913334121	9.999000099990002e-05	0.9990305890020192	0.9997120742983976	0.9993712154716183	1936	1336	56	nt	0.9	1.0
True	PROKKA_06122025__gr_1e-12_lr_1e-13_mu_1e-14	6032	mmseqs2	0.9975599829206919	1.0	0.9989399073587933	9.999000099990002e-05	0.9994470560674616	0.9999999999999999	0.9997234515758442	1934	1335	53	aa	0.7	2.0
True	PROKKA_06122025__gr_1e-12_lr_1e-13_mu_1e-14	6032	mmseqs2	0.9977577469094416	0.9997054491899853	0.9991736216483399	9.999000099990002e-05	0.9996830793118548	0.9998861454304631	0.9997846020599759	1939	1340	53	nt	0.9	1.0
True	PROKKA_06122025__gr_1e-12_lr_1e-13_mu_1e-14	6032	mmseqs2	0.9949333116146647	1.0	0.9978318982557035	9.999000099990002e-05	0.9988678812017452	1.0	0.999433619996148	1928	1329	54	aa	0.6	3.0
True	PROKKA_06122025__gr_1e-12_lr_1e-13_mu_1e-14	6032	ppanggolin	0.987282257971028	0.9879968823070927	0.993020980764447	9.999000099990002e-05	0.9997814300138919	0.9966343457653871	0.9982054074095243	1859	1277	25	aa	0.95	5.0
True	PROKKA_06122025__gr_1e-12_lr_1e-13_mu_1e-14	6032	ppanggolin	0.9900797465374579	1.0	0.9963191692021434	9.999000099990002e-05	0.9980855997046904	1.0	0.9990418827423646	1817	1256	19	aa	0.7	4.0
True	PROKKA_06122025__gr_1e-12_lr_1e-13_mu_1e-14	6032	cdhit	0.9741706383369595	0.9771723122238586	0.983878651393762	9.999000099990002e-05	0.9998591908979411	0.9919327644432692	0.9958802058837544	2028	1387	80	aa	0.95	0.0
True	PROKKA_06122025__gr_1e-12_lr_1e-13_mu_1e-14	6032	ppanggolin	0.9913766559981184	1.0	0.9970738794472745	9.999000099990002e-05	0.9984792644839033	1.0	0.9992390536428761	1823	1263	19	aa	0.85	5.0
True	PROKKA_06122025__gr_1e-12_lr_1e-13_mu_1e-14	6032	mmseqs2	0.9957079359015224	1.0	0.9983196233286653	9.999000099990002e-05	0.9991229813926866	0.9999999999999999	0.9995612983215757	1932	1334	53	nt	0.6	1.0
True	PROKKA_06122025__gr_1e-12_lr_1e-13_mu_1e-14	11998	panaroo	0.9974865561105566	0.9974949115390638	0.998279799858505	9.999000099990002e-05	1.0	0.9991313906400388	0.99956550661751	1869	1282	15	aa	0.85	36.0
True	PROKKA_06122025__gr_1e-12_lr_1e-13_mu_1e-14	11998	panta	0.9999072519792367	1.0	0.999829661249603	9.999000099990002e-05	0.999913701150782	1.0	0.9999568487134378	1848	1273	7	aa	0.6	7.0
True	PROKKA_06122025__gr_1e-12_lr_1e-13_mu_1e-14	11998	diamond	0.98717587265931	1.0	0.9942278100717371	9.999000099990002e-05	0.9969496494018621	1.0	0.9984724949880176	1905	1287	48	aa	0.6	1.0
True	PROKKA_06122025__gr_1e-12_lr_1e-13_mu_1e-14	11998	diamond	0.952574806841804	0.9554725653547831	0.9707424795822296	9.999000099990002e-05	0.9996931608356733	0.9855564364526714	0.9925744656843889	2090	1376	97	aa	0.95	0.0
True	PROKKA_06122025__gr_1e-12_lr_1e-13_mu_1e-14	11998	diamond	0.9896499950407122	1.0	0.9957367357727185	9.999000099990002e-05	0.9977504309761256	1.0	0.998873948923252	1917	1301	46	aa	0.7	1.0
True	PROKKA_06122025__gr_1e-12_lr_1e-13_mu_1e-14	11998	panta	0.9994200430803573	0.9995267392333176	0.9995570842364775	9.999000099990002e-05	0.999913701150782	0.999861971757861	0.9998878357852639	1847	1271	7	aa	0.8	8.0
True	PROKKA_06122025__gr_1e-12_lr_1e-13_mu_1e-14	11998	mmseqs2	0.9979743587835868	1.0	0.9990409586328665	9.999000099990002e-05	0.9994955972956557	1.0000000000000002	0.9997477350262605	1934	1316	46	nt	0.7	1.0
True	PROKKA_06122025__gr_1e-12_lr_1e-13_mu_1e-14	11998	cdhit	0.9917351833214194	0.9998563631140477	0.9963765198418552	9.999000099990002e-05	0.9981485343115786	0.9999410108252053	0.9990439685573655	1920	1302	46	aa	0.7	1.0
True	PROKKA_06122025__gr_1e-12_lr_1e-13_mu_1e-14	11998	panx	0.9999510904496823	1.0	0.9999100729355132	9.999000099990002e-05	0.9999542972257968	1.0	0.9999771480907006	1769	1226	7	aa	0.5	773.0
True	PROKKA_06122025__gr_1e-12_lr_1e-13_mu_1e-14	11998	ppanggolin	0.9890796252845849	1.0	0.9949756183192241	9.999000099990002e-05	0.9974437330011813	1.0000000000000002	0.9987202307846851	1831	1250	15	aa	0.6	5.0
True	PROKKA_06122025__gr_1e-12_lr_1e-13_mu_1e-14	11998	panx	0.991819655837648	0.9927146024707	0.9950735632926455	9.999000099990002e-05	0.9999566524719288	0.9975632953931669	0.99875854011505	1862	1276	14	aa	0.9	939.0
True	PROKKA_06122025__gr_1e-12_lr_1e-13_mu_1e-14	11998	panaroo	0.9495808639175208	0.9524033192422108	0.9660065506219371	9.999000099990002e-05	0.9999999999999999	0.9836247342844123	0.9917447764022286	2052	1374	88	aa	0.95	45.0
True	PROKKA_06122025__gr_1e-12_lr_1e-13_mu_1e-14	11998	cdhit	0.9942532075442988	1.0	0.9977340316252856	9.999000099990002e-05	0.998806691472264	1.0	0.9994029895272879	1928	1311	46	nt	0.8	27.0
True	PROKKA_06122025__gr_1e-12_lr_1e-13_mu_1e-14	11998	panta	0.9631187143462874	0.9663984855655466	0.9760817279276319	9.999000099990002e-05	1.0	0.9883033680158161	0.9941172800024695	1976	1336	54	aa	0.95	7.0
True	PROKKA_06122025__gr_1e-12_lr_1e-13_mu_1e-14	11998	mmseqs2	0.9905406763290585	1.0	0.99550191403611	9.999000099990002e-05	0.9976259514907281	1.0000000000000002	0.9988115650442466	1910	1289	50	aa	0.5	2.0
True	PROKKA_06122025__gr_1e-12_lr_1e-13_mu_1e-14	11998	cdhit	0.9875522115209068	0.9992818155702384	0.9940335906224549	9.999000099990002e-05	0.9971079225964845	0.9997408570638555	0.9984226540092155	1907	1286	48	aa	0.6	1.0
True	PROKKA_06122025__gr_1e-12_lr_1e-13_mu_1e-14	11998	panaroo	0.9981388919538897	0.9996868639423829	0.9992276333985346	9.999000099990002e-05	0.9997515221749129	0.999857374432171	0.999804445501819	1860	1280	11	aa	0.8	39.0
True	PROKKA_06122025__gr_1e-12_lr_1e-13_mu_1e-14	11998	cdhit	0.9893117722326391	0.9932490663602414	0.9943265885534099	9.999000099990002e-05	0.999170827371127	0.9978583155246021	0.9985141401353439	1953	1327	46	aa	0.9	0.0
True	PROKKA_06122025__gr_1e-12_lr_1e-13_mu_1e-14	11998	cdhit	0.993667862337432	0.9988509049123815	0.997391682961638	9.999000099990002e-05	0.998944116621459	0.9996832250636899	0.9993135341784555	1933	1314	46	aa	0.85	1.0
True	PROKKA_06122025__gr_1e-12_lr_1e-13_mu_1e-14	11998	panta	0.9985372218441937	0.9990534784666352	0.9991366591795651	9.999000099990002e-05	0.999913701150782	0.9996492960435148	0.9997814811158136	1849	1272	8	aa	0.85	7.0
True	PROKKA_06122025__gr_1e-12_lr_1e-13_mu_1e-14	11998	mmseqs2	0.9991108817398162	0.9997127262280954	0.9994064263209866	9.999000099990002e-05	0.9998253644133251	0.9998627172126959	0.9998440404641482	1939	1321	45	nt	0.85	1.0
True	PROKKA_06122025__gr_1e-12_lr_1e-13_mu_1e-14	11998	mmseqs2	0.9563456969775574	0.9606434932490664	0.9724944741831857	9.999000099990002e-05	1.0	0.9861258926212368	0.9930144874349065	2101	1408	90	aa	0.95	2.0
True	PROKKA_06122025__gr_1e-12_lr_1e-13_mu_1e-14	11998	diamond	0.9823855997656518	0.9879345015800057	0.9910051521922713	9.999000099990002e-05	0.9989744182013235	0.9963326503760411	0.9976517854507835	1964	1321	55	aa	0.9	1.0
True	PROKKA_06122025__gr_1e-12_lr_1e-13_mu_1e-14	11998	mmseqs2	0.9751591371638824	0.9775926457914392	0.9844487256462846	9.999000099990002e-05	0.9999715656385092	0.9920437487256719	0.9959918816304293	2029	1368	69	nt	0.95	1.0
True	PROKKA_06122025__gr_1e-12_lr_1e-13_mu_1e-14	11998	hdbscan_dist	0.9630311746379783	0.9925308819304798	0.9722928441187301	9.999000099990002e-05	0.9866867002530039	0.9984137154244735	0.9925155690658721	1792	1219	0	nt	0.9	0.385
True	PROKKA_06122025__gr_1e-12_lr_1e-13_mu_1e-14	11998	hdbscan_tsne	0.7919186902235624	0.9872163171502442	0.8589483629199424	9.999000099990002e-05	0.9183194684582269	0.9963350157519805	0.9557378102598968	768	147	0	nt	0.9	16.572
True	PROKKA_06122025__gr_1e-12_lr_1e-13_mu_1e-14	11998	hdbscan_umap	0.7268549425595934	0.9854926745188164	0.8347695237900826	9.999000099990002e-05	0.9020148533179053	0.9954055544225531	0.9464118668708913	684	107	0	nt	0.9	6.978
True	PROKKA_06122025__gr_1e-12_lr_1e-13_mu_1e-14	11998	panx	0.9659834048699849	0.9696162881754111	0.9777304461880539	9.999000099990002e-05	0.9996573860579288	0.9894025384555616	0.9945035271810464	1977	1347	47	aa	0.95	943.0
True	PROKKA_06122025__gr_1e-12_lr_1e-13_mu_1e-14	11998	diamond	0.9903767158371695	0.9964090778511921	0.9955443467463193	9.999000099990002e-05	0.9987324734789077	0.9989252840486815	0.9988288694589185	1936	1311	48	aa	0.85	0.0
True	PROKKA_06122025__gr_1e-12_lr_1e-13_mu_1e-14	11998	panta	0.9999072519792367	1.0	0.999829661249603	9.999000099990002e-05	0.999913701150782	0.9999999999999999	0.9999568487134378	1848	1273	7	aa	0.7	7.0
True	PROKKA_06122025__gr_1e-12_lr_1e-13_mu_1e-14	11998	mmseqs2	0.9981468792898054	0.9998563631140477	0.9992154784668882	9.999000099990002e-05	0.9996581662346072	0.9999293811382847	0.9997937552932717	1938	1321	45	aa	0.8	2.0
True	PROKKA_06122025__gr_1e-12_lr_1e-13_mu_1e-14	11998	panta	0.9999072519792367	1.0	0.999829661249603	9.999000099990002e-05	0.999913701150782	0.9999999999999999	0.9999568487134378	1849	1274	7	aa	0.5	9.0
True	PROKKA_06122025__gr_1e-12_lr_1e-13_mu_1e-14	11998	panaroo	0.9984842019109301	1.0	0.9993868427950018	9.999000099990002e-05	0.999689402718641	1.0	0.9998446772379066	1856	1276	11	aa	0.7	41.0
True	PROKKA_06122025__gr_1e-12_lr_1e-13_mu_1e-14	11998	cdhit	0.9755898545651219	0.9807526572823901	0.9854220338588212	9.999000099990002e-05	0.9993380676758383	0.9931351634861555	0.9962269602391371	2017	1369	62	nt	0.95	1.0
True	PROKKA_06122025__gr_1e-12_lr_1e-13_mu_1e-14	11998	cdhit	0.9922828676702096	0.9997127262280954	0.9968795431589228	9.999000099990002e-05	0.9984934395588532	0.9998625341116223	0.9991775178447477	1928	1312	46	aa	0.8	1.0
True	PROKKA_06122025__gr_1e-12_lr_1e-13_mu_1e-14	11998	ppanggolin	0.9900674862860159	0.995459527164553	0.9951160783629679	9.999000099990002e-05	0.9990236236434312	0.9985072052057458	0.9987653476701737	1866	1279	14	aa	0.9	5.0
True	PROKKA_06122025__gr_1e-12_lr_1e-13_mu_1e-14	11998	cdhit	0.9769335298655125	0.9992818155702384	0.9902445992127534	9.999000099990002e-05	0.9951424933955401	0.9996864555273945	0.997409299182688	1888	1268	48	aa	0.5	2.0
True	PROKKA_06122025__gr_1e-12_lr_1e-13_mu_1e-14	11998	panaroo	0.9878005279130354	0.9884139658681698	0.9925479478070661	9.999000099990002e-05	0.9999999999999999	0.9962690364409756	0.9981310316941668	1895	1288	24	aa	0.9	36.0
True	PROKKA_06122025__gr_1e-12_lr_1e-13_mu_1e-14	11998	ppanggolin	0.9791218951694473	1.0	0.9913977595642397	9.999000099990002e-05	0.9956078775536795	1.0	0.9977991054777231	1815	1236	15	aa	0.5	6.0
True	PROKKA_06122025__gr_1e-12_lr_1e-13_mu_1e-14	11998	cdhit	0.995148827142685	0.9995690893421431	0.9980106624298601	9.999000099990002e-05	0.9990706203250392	0.9998824043258315	0.9994763474908305	1932	1314	46	nt	0.85	24.0
True	PROKKA_06122025__gr_1e-12_lr_1e-13_mu_1e-14	11998	embed_hdbscan_raw	0.9071350583871612	0.9929617925883367	0.9363185863689767	9.999000099990002e-05	0.9662413526711099	0.9982195885385264	0.9819701937146696	1486	901	0	aa	0.9	22.45
True	PROKKA_06122025__gr_1e-12_lr_1e-13_mu_1e-14	11998	embed_hdbscan_tsne	0.7933386420215355	0.9850617638609594	0.8581533084241055	9.999000099990002e-05	0.9188634654620031	0.9954378218987562	0.9556191104514106	754	114	0	aa	0.9	16.853
True	PROKKA_06122025__gr_1e-12_lr_1e-13_mu_1e-14	11998	embed_hdbscan_umap	0.726793443408017	0.9900890548692904	0.833760562896962	9.999000099990002e-05	0.8993721135964802	0.9968925074444583	0.9456246891920059	608	20	0	aa	0.9	14.003
True	PROKKA_06122025__gr_1e-12_lr_1e-13_mu_1e-14	11998	diamond	0.9804956506007023	1.0	0.9913291317220528	9.999000099990002e-05	0.9954046140887282	1.0000000000000002	0.9976970154930856	1883	1260	53	aa	0.5	1.0
True	PROKKA_06122025__gr_1e-12_lr_1e-13_mu_1e-14	11998	mmseqs2	0.9913236095517345	0.9925308819304798	0.9949111946334017	9.999000099990002e-05	0.9999715656385093	0.9973744896905236	0.9986713392231316	1966	1333	52	aa	0.9	1.0
True	PROKKA_06122025__gr_1e-12_lr_1e-13_mu_1e-14	11998	panaroo	0.9982774626950478	0.9998434319711915	0.9990221331716787	9.999000099990002e-05	0.9995651638060976	0.9999394087635656	0.9997522512613337	1853	1269	15	aa	0.6	39.0
True	PROKKA_06122025__gr_1e-12_lr_1e-13_mu_1e-14	11998	panx	0.9999526306171901	1.0	0.9999128405469483	9.999000099990002e-05	0.999955651205784	1.0	0.9999778251111773	1802	1243	7	aa	0.6	933.0
True	PROKKA_06122025__gr_1e-12_lr_1e-13_mu_1e-14	11998	panaroo	0.9963332371145224	1.0	0.9981334930289184	9.999000099990002e-05	0.9990533376388172	1.0000000000000002	0.9995264446709058	1846	1262	14	aa	0.5	45.0
True	PROKKA_06122025__gr_1e-12_lr_1e-13_mu_1e-14	11998	panx	0.9999528408785444	1.0	0.9999133214798281	9.999000099990002e-05	0.9999560267235791	1.0	0.9999780128783667	1819	1255	7	aa	0.7	934.0
True	PROKKA_06122025__gr_1e-12_lr_1e-13_mu_1e-14	11998	diamond	0.9911793542459174	0.9984199942545245	0.9962727128971814	9.999000099990002e-05	0.9984913850209802	0.9995457826279952	0.9990183056128679	1930	1311	46	aa	0.8	0.0
True	PROKKA_06122025__gr_1e-12_lr_1e-13_mu_1e-14	11998	panx	0.9992062682864027	0.9992060971737059	0.9993894112638546	9.999000099990002e-05	0.9999249730635431	0.9997656455548233	0.9998453029618874	1836	1263	9	aa	0.85	944.0
True	PROKKA_06122025__gr_1e-12_lr_1e-13_mu_1e-14	11998	panta	0.9918190559390365	0.9927433349108692	0.9951106555579721	9.999000099990002e-05	0.999913701150782	0.9976261693450337	0.9987686254363143	1868	1276	16	aa	0.9	7.0
True	PROKKA_06122025__gr_1e-12_lr_1e-13_mu_1e-14	11998	mmseqs2	0.9993624862822529	1.0	0.9995501850368484	9.999000099990002e-05	0.9997635407818392	1.0	0.9998817564110263	1936	1318	45	nt	0.8	1.0
True	PROKKA_06122025__gr_1e-12_lr_1e-13_mu_1e-14	11998	panx	0.9999298320412149	1.0	0.9998515705348118	9.999000099990002e-05	0.9999247462133211	1.0	0.9999623716908242	1831	1262	8	aa	0.8	936.0
True	PROKKA_06122025__gr_1e-12_lr_1e-13_mu_1e-14	11998	mmseqs2	0.9977731240487532	0.9981327204826199	0.9985751651655761	9.999000099990002e-05	0.9998992546925345	0.9993531949464248	0.9996261502462945	1945	1323	47	aa	0.85	1.0
True	PROKKA_06122025__gr_1e-12_lr_1e-13_mu_1e-14	11998	ppanggolin	0.9926705426015223	1.0	0.9970786674226323	9.999000099990002e-05	0.9985168106307638	1.0	0.9992578549445535	1846	1268	11	aa	0.8	5.0
True	PROKKA_06122025__gr_1e-12_lr_1e-13_mu_1e-14	11998	mmseqs2	0.996282975359219	1.0	0.998537354397813	9.999000099990002e-05	0.9992303491323412	1.0000000000000002	0.9996150264185452	1933	1316	46	nt	0.5	3.0
True	PROKKA_06122025__gr_1e-12_lr_1e-13_mu_1e-14	11998	hdbscan_dist	0.951212585098374	0.9933927032461937	0.9660913715809654	9.999000099990002e-05	0.9829855652629891	0.9986493700102775	0.9907555604773494	1736	1162	0	aa	0.9	0.375
True	PROKKA_06122025__gr_1e-12_lr_1e-13_mu_1e-14	11998	hdbscan_tsne	0.7898455526336781	0.988509049123815	0.8657421737796253	9.999000099990002e-05	0.9225365008739627	0.9967789454843602	0.9582218100278901	878	276	0	aa	0.9	16.79
True	PROKKA_06122025__gr_1e-12_lr_1e-13_mu_1e-14	11998	hdbscan_umap	0.06980951737500318	0.9576271186440678	0.6886683363876626	9.999000099990002e-05	0.8007201542672966	0.9836585168728279	0.88281171717155	596	49	0	aa	0.9	7.098
True	PROKKA_06122025__gr_1e-12_lr_1e-13_mu_1e-14	11998	cdhit	0.9937357053430174	0.9982763573685722	0.9973447975656412	9.999000099990002e-05	0.9991648839641204	0.9994390906513666	0.9993019684972867	1939	1319	47	nt	0.9	1.0
True	PROKKA_06122025__gr_1e-12_lr_1e-13_mu_1e-14	11998	mmseqs2	0.9977241346619727	1.0	0.9989006208501797	9.999000099990002e-05	0.9994217070164462	1.0000000000000002	0.9997107698783482	1933	1315	46	aa	0.7	1.0
True	PROKKA_06122025__gr_1e-12_lr_1e-13_mu_1e-14	11998	mmseqs2	0.9968781510778384	0.997270899166906	0.9978838486845205	9.999000099990002e-05	0.9999715656385092	0.9989198546381974	0.9994454334609868	1953	1332	46	nt	0.9	1.0
True	PROKKA_06122025__gr_1e-12_lr_1e-13_mu_1e-14	11998	mmseqs2	0.9975509759127618	1.0	0.9986268862230642	9.999000099990002e-05	0.9992775205001271	1.0	0.9996386297087498	1929	1308	49	aa	0.6	1.0
True	PROKKA_06122025__gr_1e-12_lr_1e-13_mu_1e-14	11998	ppanggolin	0.9727485864613424	0.9758885235634883	0.9820486134954096	9.999000099990002e-05	0.9997825819030487	0.9913544306129187	0.9955506687777593	1958	1335	46	aa	0.95	8.0
True	PROKKA_06122025__gr_1e-12_lr_1e-13_mu_1e-14	11998	ppanggolin	0.9903413897707514	1.0	0.9960905237805746	9.999000099990002e-05	0.9980131779494206	0.9999999999999999	0.9990056011279073	1841	1263	12	aa	0.7	4.0
True	PROKKA_06122025__gr_1e-12_lr_1e-13_mu_1e-14	11998	cdhit	0.9595948217866339	0.9610744039069233	0.9732566022204	9.999000099990002e-05	0.9996547582443802	0.986809832668824	0.9931907663717655	2101	1420	82	aa	0.95	0.0
True	PROKKA_06122025__gr_1e-12_lr_1e-13_mu_1e-14	11998	ppanggolin	0.9943708482087577	0.9996868639423829	0.9976808092399551	9.999000099990002e-05	0.9989174853021786	0.9999060781250584	0.9994115372408727	1850	1270	12	aa	0.85	6.0
True	PROKKA_06122025__gr_1e-12_lr_1e-13_mu_1e-14	11998	mmseqs2	0.9979743587835868	1.0	0.9990409586328665	9.999000099990002e-05	0.9994955972956557	1.0000000000000002	0.9997477350262605	1934	1316	46	nt	0.6	1.0
True	PROKKA_06122025__gr_1e-12_lr_1e-13_mu_1e-14	13478	panaroo	0.9971969859021313	0.999321688994404	0.9990571646697899	9.999000099990002e-05	0.9997244272428344	0.9998520509974629	0.9997882350473305	1889	1230	19	aa	0.85	33.0
True	PROKKA_06122025__gr_1e-12_lr_1e-13_mu_1e-14	13478	panta	0.9999687257986004	1.0	0.9999258731294871	9.999000099990002e-05	0.9999666257247255	1.0000000000000002	0.9999833125838976	1875	1220	19	aa	0.6	10.0
True	PROKKA_06122025__gr_1e-12_lr_1e-13_mu_1e-14	13478	diamond	0.9811037739090518	1.0	0.9917714771836025	9.999000099990002e-05	0.9961997619753215	1.0	0.9980962636620505	1902	1231	33	aa	0.6	2.0
True	PROKKA_06122025__gr_1e-12_lr_1e-13_mu_1e-14	13478	diamond	0.9732385710025159	0.9757085020242915	0.9841031381722859	9.999000099990002e-05	0.9998599819316127	0.9930149341159238	0.9964257024742298	2009	1290	55	aa	0.95	1.0
True	PROKKA_06122025__gr_1e-12_lr_1e-13_mu_1e-14	13478	diamond	0.987876962984197	1.0	0.9946418341383966	9.999000099990002e-05	0.9975324637971456	1.0	0.998764707834503	1917	1248	29	aa	0.7	2.0
True	PROKKA_06122025__gr_1e-12_lr_1e-13_mu_1e-14	13478	panta	0.9995619560704769	0.9996591102778252	0.9997450002218998	9.999000099990002e-05	1.0	0.9998852416989311	0.9999426175569097	1877	1222	18	aa	0.8	7.0
True	PROKKA_06122025__gr_1e-12_lr_1e-13_mu_1e-14	13478	mmseqs2	0.9966028004276274	1.0	0.9983253099515902	9.999000099990002e-05	0.9992315888159636	1.0	0.9996156467373091	1932	1258	31	nt	0.7	1.0
True	PROKKA_06122025__gr_1e-12_lr_1e-13_mu_1e-14	13478	cdhit	0.9900401783508929	0.9998380566801619	0.9951319920362526	9.999000099990002e-05	0.9978287035491932	0.9999310930956583	0.9988787920728626	1919	1249	29	aa	0.7	0.0
True	PROKKA_06122025__gr_1e-12_lr_1e-13_mu_1e-14	13478	panx	0.9969914711272021	1.0	0.9989647731511188	9.999000099990002e-05	0.9995315921880282	1.0	0.9997657412296952	1783	1165	17	aa	0.5	949.0
True	PROKKA_06122025__gr_1e-12_lr_1e-13_mu_1e-14	13478	ppanggolin	0.9823493303850207	1.0	0.9924063711599753	9.999000099990002e-05	0.9965642157282727	1.0000000000000002	0.9982791516322586	1857	1202	23	aa	0.6	5.0
True	PROKKA_06122025__gr_1e-12_lr_1e-13_mu_1e-14	13478	panx	0.9939249693628809	0.9976043805612594	0.9970079325683006	9.999000099990002e-05	0.9994585162235915	0.9991975302793769	0.999328006211618	1876	1219	22	aa	0.9	906.0
True	PROKKA_06122025__gr_1e-12_lr_1e-13_mu_1e-14	13478	panaroo	0.9637009618269287	0.9676106494827879	0.9782464642713466	9.999000099990002e-05	0.9999999999999999	0.9905285375186269	0.9952417348946023	1985	1257	55	aa	0.95	36.0
True	PROKKA_06122025__gr_1e-12_lr_1e-13_mu_1e-14	13478	cdhit	0.9934236548720013	0.9998380566801619	0.9969302468190535	9.999000099990002e-05	0.9986411593898089	0.9999486186379887	0.9992944613499267	1928	1256	30	nt	0.8	23.0
True	PROKKA_06122025__gr_1e-12_lr_1e-13_mu_1e-14	13478	panta	0.9859829655598823	0.988750639168229	0.9921685077474628	9.999000099990002e-05	1.0	0.9965136555920215	0.9982537838405394	1908	1232	31	aa	0.95	7.0
True	PROKKA_06122025__gr_1e-12_lr_1e-13_mu_1e-14	13478	mmseqs2	0.9923885631782955	1.0	0.9952276985265035	9.999000099990002e-05	0.9978035139834075	1.0	0.9989005495279097	1910	1233	34	aa	0.5	1.0
True	PROKKA_06122025__gr_1e-12_lr_1e-13_mu_1e-14	13478	cdhit	0.9815839263075719	0.9996761133603239	0.9917511068525758	9.999000099990002e-05	0.996317818255626	0.9998740768090932	0.9980927797570244	1906	1237	31	aa	0.6	0.0
True	PROKKA_06122025__gr_1e-12_lr_1e-13_mu_1e-14	13478	panaroo	0.9975728338157842	1.0	0.9992196505617742	9.999000099990002e-05	0.999649309834764	1.0	0.999824624166092	1887	1229	19	aa	0.8	34.0
True	PROKKA_06122025__gr_1e-12_lr_1e-13_mu_1e-14	13478	cdhit	0.9928195124616097	0.997246963562753	0.9959816998416511	9.999000099990002e-05	0.9991009223748979	0.9990586063318656	0.9990797639053075	1942	1265	32	aa	0.9	0.0
True	PROKKA_06122025__gr_1e-12_lr_1e-13_mu_1e-14	13478	cdhit	0.9934528017834109	1.0	0.9973095908266932	9.999000099990002e-05	0.9987642987629309	1.0	0.999381767406075	1930	1259	29	aa	0.85	0.0
True	PROKKA_06122025__gr_1e-12_lr_1e-13_mu_1e-14	13478	panta	0.9995619560704769	0.9996591102778252	0.9997450002218998	9.999000099990002e-05	1.0	0.999885241698931	0.9999426175569096	1877	1222	18	aa	0.85	7.0
True	PROKKA_06122025__gr_1e-12_lr_1e-13_mu_1e-14	13478	mmseqs2	0.9973934179619445	1.0	0.9989784235023575	9.999000099990002e-05	0.9995315668164	1.0	0.9997657285379365	1937	1264	30	nt	0.85	1.0
True	PROKKA_06122025__gr_1e-12_lr_1e-13_mu_1e-14	13478	mmseqs2	0.979488192959681	0.9836437246963563	0.9877890032718001	9.999000099990002e-05	0.999904461781574	0.9945955067523715	0.9972429185853616	1998	1295	49	aa	0.95	1.0
True	PROKKA_06122025__gr_1e-12_lr_1e-13_mu_1e-14	13478	diamond	0.9928165684375461	0.9978947368421053	0.996208333985627	9.999000099990002e-05	0.9988807701246308	0.9993801869221058	0.9991304161148183	1942	1272	29	aa	0.9	1.0
True	PROKKA_06122025__gr_1e-12_lr_1e-13_mu_1e-14	13478	mmseqs2	0.9880638415554794	0.9912550607287449	0.9928580144303283	9.999000099990002e-05	0.9998257505193492	0.9969321616172094	0.998376859455394	1975	1289	38	nt	0.95	1.0
True	PROKKA_06122025__gr_1e-12_lr_1e-13_mu_1e-14	13478	hdbscan_dist	0.9159257972445335	0.95417004048583	0.9393575744568385	9.999000099990002e-05	0.9855600363192754	0.9865826220530399	0.9860710640730893	1788	889	195	nt	0.9	0.312
True	PROKKA_06122025__gr_1e-12_lr_1e-13_mu_1e-14	13478	hdbscan_tsne	0.5718733472653358	0.7088259109311741	0.7250745384155066	9.999000099990002e-05	0.9720178585547797	0.9213575849610619	0.9460099736310558	2164	490	727	nt	0.9	14.799
True	PROKKA_06122025__gr_1e-12_lr_1e-13_mu_1e-14	13478	hdbscan_umap	0.6984868467309694	0.9959514170040485	0.8227888260811314	9.999000099990002e-05	0.9029406279985391	0.9989043620859039	0.9485014149047752	714	34	37	nt	0.9	6.806
True	PROKKA_06122025__gr_1e-12_lr_1e-13_mu_1e-14	13478	panx	0.9838317959024099	0.9894701086956522	0.9912162179254667	9.999000099990002e-05	0.9993086509175761	0.9967746599030782	0.9980400469828565	1913	1238	31	aa	0.95	806.0
True	PROKKA_06122025__gr_1e-12_lr_1e-13_mu_1e-14	13478	diamond	0.993144498484169	1.0	0.9970335429429981	9.999000099990002e-05	0.9986371350279433	1.0000000000000002	0.9993181028470997	1928	1257	29	aa	0.85	1.0
True	PROKKA_06122025__gr_1e-12_lr_1e-13_mu_1e-14	13478	panta	1.0	1.0	1.0	9.999000099990002e-05	1.0	1.0000000000000002	1.0000000000000002	1876	1222	18	aa	0.7	7.0
True	PROKKA_06122025__gr_1e-12_lr_1e-13_mu_1e-14	13478	mmseqs2	0.9973086490561244	1.0	0.9989595364696874	9.999000099990002e-05	0.9995228975272413	1.0	0.9997613918433499	1937	1264	30	aa	0.8	1.0
True	PROKKA_06122025__gr_1e-12_lr_1e-13_mu_1e-14	13478	panta	0.9999687257986004	1.0	0.9999258731294871	9.999000099990002e-05	0.9999666257247255	1.0000000000000002	0.9999833125838976	1875	1220	19	aa	0.5	9.0
True	PROKKA_06122025__gr_1e-12_lr_1e-13_mu_1e-14	13478	panaroo	0.9972935327469132	1.0	0.9989789375778375	9.999000099990002e-05	0.9995410230657601	1.0	0.9997704588558347	1885	1226	20	aa	0.7	38.0
True	PROKKA_06122025__gr_1e-12_lr_1e-13_mu_1e-14	13478	cdhit	0.9896224363562814	0.9936842105263158	0.9940016182461976	9.999000099990002e-05	0.9993517762389632	0.9979121273598576	0.9986314329423651	1959	1274	40	nt	0.95	1.0
True	PROKKA_06122025__gr_1e-12_lr_1e-13_mu_1e-14	13478	cdhit	0.9927507561418168	0.9998380566801619	0.9966793950501195	9.999000099990002e-05	0.9985313483718193	0.9999428409435015	0.9992365961995642	1927	1255	30	aa	0.8	0.0
True	PROKKA_06122025__gr_1e-12_lr_1e-13_mu_1e-14	13478	ppanggolin	0.9941698265666654	1.0	0.9976551350329592	9.999000099990002e-05	0.9989445775225066	1.0000000000000002	0.9994720101350677	1880	1223	19	aa	0.9	5.0
True	PROKKA_06122025__gr_1e-12_lr_1e-13_mu_1e-14	13478	cdhit	0.9752362990697101	0.9995141700404858	0.9884597579546722	9.999000099990002e-05	0.994811469323701	0.9998439243686131	0.9973213484804546	1887	1217	32	aa	0.5	2.0
True	PROKKA_06122025__gr_1e-12_lr_1e-13_mu_1e-14	13478	panaroo	0.9951314531916159	0.9971171782262167	0.99759515543583	9.999000099990002e-05	0.9997244272428344	0.9991973536210632	0.9994608209428358	1896	1231	22	aa	0.9	33.0
True	PROKKA_06122025__gr_1e-12_lr_1e-13_mu_1e-14	13478	ppanggolin	0.9754738613641221	1.0	0.9888201953473458	9.999000099990002e-05	0.994923441577236	1.0	0.9974552615318659	1837	1181	25	aa	0.5	6.0
True	PROKKA_06122025__gr_1e-12_lr_1e-13_mu_1e-14	13478	cdhit	0.9941822787235113	1.0	0.9976099430475822	9.999000099990002e-05	0.9989025770004031	1.0	0.9994509872505923	1931	1259	30	nt	0.85	21.0
True	PROKKA_06122025__gr_1e-12_lr_1e-13_mu_1e-14	13478	embed_hdbscan_raw	0.879628923161421	0.9382995951417004	0.9078280886388475	9.999000099990002e-05	0.9762553368145875	0.980985488600745	0.9786146969225596	1686	702	258	aa	0.9	18.0
True	PROKKA_06122025__gr_1e-12_lr_1e-13_mu_1e-14	13478	embed_hdbscan_tsne	0.6384700838622649	0.7645344129554655	0.7606269016850022	9.999000099990002e-05	0.9666565281681088	0.9342061283713164	0.950154341280845	1892	365	563	aa	0.9	15.551
True	PROKKA_06122025__gr_1e-12_lr_1e-13_mu_1e-14	13478	embed_hdbscan_umap	0.6577282305343113	0.9941700404858299	0.8095222492851886	9.999000099990002e-05	0.8945156137397716	0.9984364096244525	0.9436234481506518	650	13	5	aa	0.9	14.154
True	PROKKA_06122025__gr_1e-12_lr_1e-13_mu_1e-14	13478	diamond	0.9765041165486773	1.0	0.9890705004970867	9.999000099990002e-05	0.9949386749062107	1.0000000000000002	0.9974629169520577	1883	1207	38	aa	0.5	2.0
True	PROKKA_06122025__gr_1e-12_lr_1e-13_mu_1e-14	13478	mmseqs2	0.9963400469864503	0.9990283400809716	0.9984254958921168	9.999000099990002e-05	0.9995970586668035	0.9996815420725146	0.9996392985846536	1941	1266	31	aa	0.9	0.0
True	PROKKA_06122025__gr_1e-12_lr_1e-13_mu_1e-14	13478	panaroo	0.9971384329302042	1.0	0.9987722226788266	9.999000099990002e-05	0.9994479889709583	1.0000000000000002	0.9997239182854036	1883	1223	21	aa	0.6	38.0
True	PROKKA_06122025__gr_1e-12_lr_1e-13_mu_1e-14	13478	panx	0.9970802566979503	1.0	0.9989933838195255	9.999000099990002e-05	0.9995452574171395	0.9999999999999999	0.9997725769991083	1827	1193	18	aa	0.6	937.0
True	PROKKA_06122025__gr_1e-12_lr_1e-13_mu_1e-14	13478	panaroo	0.9958065596198894	1.0	0.9975939008666521	9.999000099990002e-05	0.9989169418035246	1.0	0.9994581774891066	1874	1212	22	aa	0.5	39.0
True	PROKKA_06122025__gr_1e-12_lr_1e-13_mu_1e-14	13478	panx	0.9970409689357347	1.0	0.9988982527764926	9.999000099990002e-05	0.9995035103478274	1.0	0.999751693533118	1846	1204	18	aa	0.7	938.0
True	PROKKA_06122025__gr_1e-12_lr_1e-13_mu_1e-14	13478	diamond	0.9927523885958016	1.0	0.996738842675245	9.999000099990002e-05	0.998501302003797	1.0	0.9992500890568846	1926	1255	29	aa	0.8	1.0
True	PROKKA_06122025__gr_1e-12_lr_1e-13_mu_1e-14	13478	panx	0.9963764992411106	0.9996567112941984	0.998511280671493	9.999000099990002e-05	0.999456637726385	0.9998734333345243	0.9996649920862577	1864	1212	21	aa	0.85	899.0
True	PROKKA_06122025__gr_1e-12_lr_1e-13_mu_1e-14	13478	panta	0.9984337965060956	0.998806885972388	0.9991591229931819	9.999000099990002e-05	1.0	0.9996218969044345	0.9998109127049714	1879	1222	19	aa	0.9	7.0
True	PROKKA_06122025__gr_1e-12_lr_1e-13_mu_1e-14	13478	mmseqs2	0.9973934179619445	1.0	0.9989784235023575	9.999000099990002e-05	0.9995315668164	1.0	0.9997657285379365	1937	1264	30	nt	0.8	1.0
True	PROKKA_06122025__gr_1e-12_lr_1e-13_mu_1e-14	13478	panx	0.9970324737090589	1.0	0.9988324034123569	9.999000099990002e-05	0.9994742354720396	1.0	0.9997370486107633	1858	1209	19	aa	0.8	939.0
True	PROKKA_06122025__gr_1e-12_lr_1e-13_mu_1e-14	13478	mmseqs2	0.9975629989317352	1.0	0.999121125707995	9.999000099990002e-05	0.9995970586668035	1.0	0.9997984887347928	1938	1265	30	aa	0.85	1.0
True	PROKKA_06122025__gr_1e-12_lr_1e-13_mu_1e-14	13478	ppanggolin	0.9931534387710521	1.0	0.9969902625709862	9.999000099990002e-05	0.9986444214534085	1.0	0.9993217510168189	1876	1219	19	aa	0.8	5.0
True	PROKKA_06122025__gr_1e-12_lr_1e-13_mu_1e-14	13478	mmseqs2	0.9965463756174844	1.0	0.9982305368311905	9.999000099990002e-05	0.9991880264458011	1.0000000000000002	0.9995938483306934	1931	1257	30	nt	0.5	5.0
True	PROKKA_06122025__gr_1e-12_lr_1e-13_mu_1e-14	13478	hdbscan_dist	0.922009922449195	0.9808906882591093	0.9467856312354791	9.999000099990002e-05	0.9795522828605583	0.9951654606109142	0.9872971486565087	1675	969	0	aa	0.9	0.301
True	PROKKA_06122025__gr_1e-12_lr_1e-13_mu_1e-14	13478	hdbscan_tsne	0.7423910281082746	0.9122267206477733	0.8348936217564739	9.999000099990002e-05	0.9418820877741241	0.9759210928718559	0.958599511913762	1289	438	0	aa	0.9	17.695
True	PROKKA_06122025__gr_1e-12_lr_1e-13_mu_1e-14	13478	hdbscan_umap	0.054590229430258055	0.982834008097166	0.6668450192420803	9.999000099990002e-05	0.7938845423321848	0.9940448983197416	0.8827606517542033	609	27	0	aa	0.9	7.344
True	PROKKA_06122025__gr_1e-12_lr_1e-13_mu_1e-14	13478	cdhit	0.9942008752133045	0.9993522267206477	0.99753215416657	9.999000099990002e-05	0.9990765076525134	0.9997911381949537	0.9994336951772033	1935	1262	30	nt	0.9	1.0
True	PROKKA_06122025__gr_1e-12_lr_1e-13_mu_1e-14	13478	mmseqs2	0.9966310152244167	1.0	0.9983941247272001	9.999000099990002e-05	0.9992632143325254	1.0	0.9996314714029685	1933	1260	30	aa	0.7	1.0
True	PROKKA_06122025__gr_1e-12_lr_1e-13_mu_1e-14	13478	mmseqs2	0.9975629989317352	1.0	0.999121125707995	9.999000099990002e-05	0.9995970586668035	1.0	0.9997984887347928	1938	1265	30	nt	0.9	1.0
True	PROKKA_06122025__gr_1e-12_lr_1e-13_mu_1e-14	13478	mmseqs2	0.996010657821953	1.0	0.9978237324961005	9.999000099990002e-05	0.9990009468208824	0.9999999999999999	0.9995002237589199	1928	1253	32	aa	0.6	1.0
True	PROKKA_06122025__gr_1e-12_lr_1e-13_mu_1e-14	13478	ppanggolin	0.9886376409090866	0.9937256231982364	0.9941468510248342	9.999000099990002e-05	0.9993812936725518	0.998001136497213	0.9986907382523541	1905	1236	26	aa	0.95	5.0
True	PROKKA_06122025__gr_1e-12_lr_1e-13_mu_1e-14	13478	ppanggolin	0.9863694691304836	1.0	0.9941571788400729	9.999000099990002e-05	0.9973609875231068	1.0	0.9986787503644167	1866	1213	19	aa	0.7	6.0
True	PROKKA_06122025__gr_1e-12_lr_1e-13_mu_1e-14	13478	cdhit	0.981126832410659	0.9846153846153847	0.9888156806738696	9.999000099990002e-05	0.9995925877067979	0.9953512802303014	0.9974674253983089	1989	1289	48	aa	0.95	0.0
True	PROKKA_06122025__gr_1e-12_lr_1e-13_mu_1e-14	13478	ppanggolin	0.9933996452835351	1.0	0.9971565716378785	9.999000099990002e-05	0.9987195388614788	1.0	0.9993593592729619	1877	1220	19	aa	0.85	5.0
True	PROKKA_06122025__gr_1e-12_lr_1e-13_mu_1e-14	13478	mmseqs2	0.9966028004276274	1.0	0.9983253099515902	9.999000099990002e-05	0.9992315888159636	1.0	0.9996156467373091	1932	1258	31	nt	0.6	1.0
True	PROKKA_06122025__gr_1e-12_lr_1e-13_mu_1e-14	14557	panaroo	0.9997334097991476	1.0	0.9998245789014306	9.999000099990002e-05	0.9999184864586824	0.9999999999999999	0.9999592415681591	1863	1312	15	aa	0.85	37.0
True	PROKKA_06122025__gr_1e-12_lr_1e-13_mu_1e-14	14557	panta	0.9996417345017836	0.999822852081488	0.9997138920834564	9.999000099990002e-05	0.9999517134675404	0.9999152665464476	0.9999334896748774	1951	1404	14	aa	0.6	7.0
True	PROKKA_06122025__gr_1e-12_lr_1e-13_mu_1e-14	14557	diamond	0.9889031001276074	1.0	0.9936196768487591	9.999000099990002e-05	0.9970364736541594	1.0	0.9985160379467591	1903	1315	51	aa	0.6	1.0
True	PROKKA_06122025__gr_1e-12_lr_1e-13_mu_1e-14	14557	diamond	0.9748224167714072	0.9797481279782164	0.9859081048303382	9.999000099990002e-05	0.9995315223768324	0.9940736925399885	0.9967951365944939	1987	1367	63	aa	0.95	0.0
True	PROKKA_06122025__gr_1e-12_lr_1e-13_mu_1e-14	14557	diamond	0.993604573724035	1.0	0.9959171544314401	9.999000099990002e-05	0.9981079319444701	0.9999999999999999	0.9990530701443696	1917	1333	47	aa	0.7	1.0
True	PROKKA_06122025__gr_1e-12_lr_1e-13_mu_1e-14	14557	panta	0.9997014276276566	0.999822852081488	0.9998177285707095	9.999000099990002e-05	1.0	0.9999152706375856	0.9999576335239505	1853	1306	15	aa	0.8	6.0
True	PROKKA_06122025__gr_1e-12_lr_1e-13_mu_1e-14	14557	mmseqs2	0.9989189231248448	1.0	0.9989886763362988	9.999000099990002e-05	0.9995327614910421	0.9999999999999999	0.9997663261548114	1933	1348	46	nt	0.7	0.0
True	PROKKA_06122025__gr_1e-12_lr_1e-13_mu_1e-14	14557	cdhit	0.9927593040181719	0.9998298162014976	0.9957957460282086	9.999000099990002e-05	0.998121342185069	0.9999305540839125	0.9990251290247115	1920	1336	48	aa	0.7	0.0
True	PROKKA_06122025__gr_1e-12_lr_1e-13_mu_1e-14	14557	panx	0.9979192059078699	1.0	0.9991362681589102	9.999000099990002e-05	0.9995962218979538	1.0	0.9997980701815575	1760	1245	15	aa	0.5	895.0
True	PROKKA_06122025__gr_1e-12_lr_1e-13_mu_1e-14	14557	ppanggolin	0.9900263974276537	1.0	0.9945814407601764	9.999000099990002e-05	0.997468995900582	1.0	0.9987328944255894	1834	1279	20	aa	0.6	5.0
True	PROKKA_06122025__gr_1e-12_lr_1e-13_mu_1e-14	14557	panx	0.9965929959861328	0.9987546699875467	0.9981816802260215	9.999000099990002e-05	0.9996187380957194	0.9995345308193332	0.999576632684059	1845	1300	18	aa	0.9	779.0
True	PROKKA_06122025__gr_1e-12_lr_1e-13_mu_1e-14	14557	panaroo	0.9747407283578491	0.9781958853525584	0.9847881967307212	9.999000099990002e-05	0.9999184864586825	0.9931632920063896	0.9965294414704369	1927	1330	43	aa	0.95	35.0
True	PROKKA_06122025__gr_1e-12_lr_1e-13_mu_1e-14	14557	cdhit	0.9952945013042805	1.0	0.9974483413072509	9.999000099990002e-05	0.9988193177780692	1.0000000000000002	0.9994093101805506	1928	1345	46	nt	0.8	22.0
True	PROKKA_06122025__gr_1e-12_lr_1e-13_mu_1e-14	14557	panta	0.9907519932004922	0.9914968999114261	0.9947254238324633	9.999000099990002e-05	1.0	0.9975661362556131	0.9987815854002466	1871	1310	21	aa	0.95	7.0
True	PROKKA_06122025__gr_1e-12_lr_1e-13_mu_1e-14	14557	mmseqs2	0.9902697703650565	1.0	0.9946959259437412	9.999000099990002e-05	0.9975390166695718	1.0	0.998767992359653	1910	1321	52	aa	0.5	2.0
True	PROKKA_06122025__gr_1e-12_lr_1e-13_mu_1e-14	14557	cdhit	0.9898720698461004	0.9996596324029953	0.9935859502304639	9.999000099990002e-05	0.9971307116133108	0.9998910716473717	0.9985089838926337	1905	1318	50	aa	0.6	0.0
True	PROKKA_06122025__gr_1e-12_lr_1e-13_mu_1e-14	14557	panaroo	0.9997037974212412	1.0	0.9997497904383197	9.999000099990002e-05	0.999883725560102	1.0	0.9999418593999182	1862	1310	16	aa	0.8	41.0
True	PROKKA_06122025__gr_1e-12_lr_1e-13_mu_1e-14	14557	cdhit	0.9968748258966158	0.9994894486044928	0.997952557527835	9.999000099990002e-05	0.999204284692685	0.999849327974387	0.9995267022640821	1933	1349	46	aa	0.9	0.0
True	PROKKA_06122025__gr_1e-12_lr_1e-13_mu_1e-14	14557	cdhit	0.9958025988035131	1.0	0.9977924126974135	9.999000099990002e-05	0.9989788731530018	1.0000000000000002	0.9994891757683325	1930	1347	46	aa	0.85	0.0
True	PROKKA_06122025__gr_1e-12_lr_1e-13_mu_1e-14	14557	panta	1.0	1.0	1.0	9.999000099990002e-05	1.0	1.0	1.0	1851	1304	15	aa	0.85	6.0
True	PROKKA_06122025__gr_1e-12_lr_1e-13_mu_1e-14	14557	mmseqs2	0.9992885026078663	1.0	0.9994357744302145	9.999000099990002e-05	0.9997394400087162	0.9999999999999999	0.9998697030292693	1937	1353	46	nt	0.85	0.0
True	PROKKA_06122025__gr_1e-12_lr_1e-13_mu_1e-14	14557	mmseqs2	0.981592319726152	0.9851940095302927	0.9891847534597461	9.999000099990002e-05	0.9999215036708495	0.9951612295836728	0.9975356876122992	1987	1383	55	aa	0.95	1.0
True	PROKKA_06122025__gr_1e-12_lr_1e-13_mu_1e-14	14557	diamond	0.99491895533405	0.9988087134104833	0.9969665615800056	9.999000099990002e-05	0.9989784380444621	0.9996193371303337	0.999298784827442	1936	1353	47	aa	0.9	0.0
True	PROKKA_06122025__gr_1e-12_lr_1e-13_mu_1e-14	14557	mmseqs2	0.9918215675519524	0.9943839346494214	0.9950339538908226	9.999000099990002e-05	0.9998880294419981	0.9978345175740447	0.9988602180784278	1962	1370	52	nt	0.95	1.0
True	PROKKA_06122025__gr_1e-12_lr_1e-13_mu_1e-14	14557	hdbscan_dist	0.9301901938771933	0.9652825051055139	0.9450447594484991	9.999000099990002e-05	0.9839291515856214	0.9902917499234312	0.9871001979359139	1730	948	182	nt	0.9	0.279
True	PROKKA_06122025__gr_1e-12_lr_1e-13_mu_1e-14	14557	hdbscan_tsne	0.5373141221882173	0.6837985023825732	0.7027201348792669	9.999000099990002e-05	0.9718554170416118	0.914674168015264	0.9423982025565361	2154	528	727	nt	0.9	16.123
True	PROKKA_06122025__gr_1e-12_lr_1e-13_mu_1e-14	14557	hdbscan_umap	0.7009744658946033	0.9872362151123213	0.8108968809305025	9.999000099990002e-05	0.896731473529279	0.9968532423436266	0.9441454289381132	675	52	49	nt	0.9	6.8
True	PROKKA_06122025__gr_1e-12_lr_1e-13_mu_1e-14	14557	panx	0.9905480409748442	0.9934824731372204	0.9944996832340072	9.999000099990002e-05	0.9995473359644977	0.9979081137677455	0.9987270522480137	1877	1319	21	aa	0.95	786.0
True	PROKKA_06122025__gr_1e-12_lr_1e-13_mu_1e-14	14557	diamond	0.9951816610108781	1.0	0.9973151040686403	9.999000099990002e-05	0.9987575021174514	0.9999999999999999	0.9993783648685584	1927	1344	46	aa	0.85	1.0
True	PROKKA_06122025__gr_1e-12_lr_1e-13_mu_1e-14	14557	panta	0.9997014276276566	0.999822852081488	0.9998177285707095	9.999000099990002e-05	1.0	0.9999152706375856	0.9999576335239505	1952	1405	15	aa	0.7	7.0
True	PROKKA_06122025__gr_1e-12_lr_1e-13_mu_1e-14	14557	mmseqs2	0.999487620009553	1.0	0.9995274022322241	9.999000099990002e-05	0.9997817736108783	1.0	0.9998908748984507	1937	1352	47	aa	0.8	0.0
True	PROKKA_06122025__gr_1e-12_lr_1e-13_mu_1e-14	14557	panta	0.9996118906063881	0.999822852081488	0.9996385221114957	9.999000099990002e-05	0.999916658292023	0.9999152635761057	0.9999159609335779	1951	1403	15	aa	0.5	7.0
True	PROKKA_06122025__gr_1e-12_lr_1e-13_mu_1e-14	14557	panaroo	0.999466961404214	1.0	0.9995124661645384	9.999000099990002e-05	0.999773385507593	1.0	0.9998866799138096	1860	1307	17	aa	0.7	44.0
True	PROKKA_06122025__gr_1e-12_lr_1e-13_mu_1e-14	14557	cdhit	0.9944019861369052	0.9964261402314499	0.9962113061817024	9.999000099990002e-05	0.9995615608715392	0.9986941957029034	0.9991276900424652	1950	1362	49	nt	0.95	1.0
True	PROKKA_06122025__gr_1e-12_lr_1e-13_mu_1e-14	14557	cdhit	0.9951534549270885	1.0	0.9972429691064655	9.999000099990002e-05	0.9987240278886	1.0	0.9993616066582499	1926	1342	47	aa	0.8	0.0
True	PROKKA_06122025__gr_1e-12_lr_1e-13_mu_1e-14	14557	ppanggolin	0.9956340109389934	1.0	0.997721797946573	9.999000099990002e-05	0.9989391716329624	1.0	0.9994693043279695	1853	1302	16	aa	0.9	5.0
True	PROKKA_06122025__gr_1e-12_lr_1e-13_mu_1e-14	14557	cdhit	0.9787893104412506	0.9991490810074881	0.9890256159645807	9.999000099990002e-05	0.9952116427174947	0.9996732784252131	0.9974374712627033	1889	1302	51	aa	0.5	2.0
True	PROKKA_06122025__gr_1e-12_lr_1e-13_mu_1e-14	14557	panaroo	0.9989921366717176	0.9992966414629858	0.9992661227467847	9.999000099990002e-05	0.9999184864586825	0.999740735276013	0.999829602967131	1866	1313	15	aa	0.9	34.0
True	PROKKA_06122025__gr_1e-12_lr_1e-13_mu_1e-14	14557	ppanggolin	0.9725934324883351	1.0	0.9890123608060535	9.999000099990002e-05	0.9948392730111868	1.0	0.9974129610046111	1815	1262	22	aa	0.5	5.0
True	PROKKA_06122025__gr_1e-12_lr_1e-13_mu_1e-14	14557	cdhit	0.9959155796725908	1.0	0.997925776793823	9.999000099990002e-05	0.9990406888136196	1.0000000000000002	0.9995201142269148	1931	1348	46	nt	0.85	20.0
True	PROKKA_06122025__gr_1e-12_lr_1e-13_mu_1e-14	14557	embed_hdbscan_raw	0.882067139251802	0.9436691626957113	0.9071016977515726	9.999000099990002e-05	0.9736366852061553	0.9824915608258322	0.9780440811750769	1611	720	238	aa	0.9	17.041
True	PROKKA_06122025__gr_1e-12_lr_1e-13_mu_1e-14	14557	embed_hdbscan_tsne	0.6058939068492694	0.7477876106194691	0.7354434595053043	9.999000099990002e-05	0.961014166563272	0.928522398610018	0.9444889244085111	1797	317	552	aa	0.9	18.974
True	PROKKA_06122025__gr_1e-12_lr_1e-13_mu_1e-14	14557	embed_hdbscan_umap	0.6686224725463754	0.9831518039482642	0.7957444047605162	9.999000099990002e-05	0.8874041303654919	0.9958432590469019	0.9385016819809191	599	13	14	aa	0.9	14.374
True	PROKKA_06122025__gr_1e-12_lr_1e-13_mu_1e-14	14557	diamond	0.975901570782295	1.0	0.9885857614798033	9.999000099990002e-05	0.994671699079293	0.9999999999999998	0.9973287328821245	1882	1293	57	aa	0.5	1.0
True	PROKKA_06122025__gr_1e-12_lr_1e-13_mu_1e-14	14557	mmseqs2	0.9988320828011374	0.9994894486044928	0.9991076108811351	9.999000099990002e-05	0.9998152478397295	0.9997729238505187	0.9997940853972018	1941	1357	46	aa	0.9	1.0
True	PROKKA_06122025__gr_1e-12_lr_1e-13_mu_1e-14	14557	panaroo	0.9991119172691308	1.0	0.9991823968042981	9.999000099990002e-05	0.9996198385043931	1.0	0.9998098831146368	1857	1302	19	aa	0.6	42.0
True	PROKKA_06122025__gr_1e-12_lr_1e-13_mu_1e-14	14557	panx	0.9979845138528317	1.0	0.9991633108180893	9.999000099990002e-05	0.9996090234815632	1.0000000000000002	0.9998044735176501	1801	1270	15	aa	0.6	808.0
True	PROKKA_06122025__gr_1e-12_lr_1e-13_mu_1e-14	14557	panaroo	0.9953697383666951	1.0	0.9974570992184925	9.999000099990002e-05	0.9988156039885375	1.0	0.9994074510879848	1848	1292	19	aa	0.5	41.0
True	PROKKA_06122025__gr_1e-12_lr_1e-13_mu_1e-14	14557	panx	0.9979861285673023	1.0	0.9990992844358932	9.999000099990002e-05	0.9995791486517589	1.0	0.9997895300375957	1821	1282	17	aa	0.7	738.0
True	PROKKA_06122025__gr_1e-12_lr_1e-13_mu_1e-14	14557	diamond	0.9951534549270885	1.0	0.9972429691064657	9.999000099990002e-05	0.9987240278886	1.0	0.9993616066582499	1926	1342	47	aa	0.8	0.0
True	PROKKA_06122025__gr_1e-12_lr_1e-13_mu_1e-14	14557	panx	0.997483403691965	0.9994644769725098	0.9987808559050978	9.999000099990002e-05	0.9996172814835143	0.9998145006684862	0.999715881349385	1837	1295	17	aa	0.85	793.0
True	PROKKA_06122025__gr_1e-12_lr_1e-13_mu_1e-14	14557	panta	0.9990439417349417	0.9991142604074402	0.9993418181871457	9.999000099990002e-05	1.0	0.9996942544627059	0.9998471038576964	1854	1305	17	aa	0.9	7.0
True	PROKKA_06122025__gr_1e-12_lr_1e-13_mu_1e-14	14557	mmseqs2	0.9993169431034087	1.0	0.9994423239574014	9.999000099990002e-05	0.9997424662374611	1.0	0.9998712165356856	1937	1353	46	nt	0.8	0.0
True	PROKKA_06122025__gr_1e-12_lr_1e-13_mu_1e-14	14557	panx	0.9975736420469224	0.9996427933559564	0.9988421757570071	9.999000099990002e-05	0.9995816046726725	0.9998782450306289	0.9997299028468324	1832	1289	18	aa	0.8	744.0
True	PROKKA_06122025__gr_1e-12_lr_1e-13_mu_1e-14	14557	mmseqs2	0.9995160718173441	1.0	0.9995998661021079	9.999000099990002e-05	0.9998152478397295	1.0	0.9999076153857362	1938	1354	46	aa	0.85	0.0
True	PROKKA_06122025__gr_1e-12_lr_1e-13_mu_1e-14	14557	ppanggolin	0.9949589258518045	1.0	0.99715603707473	9.999000099990002e-05	0.9986749825558948	1.0	0.999337052069161	1849	1297	17	aa	0.8	8.0
True	PROKKA_06122025__gr_1e-12_lr_1e-13_mu_1e-14	14557	mmseqs2	0.9986916251666077	1.0	0.9988247840226206	9.999000099990002e-05	0.9994569536600287	1.0	0.9997284030851592	1932	1347	46	nt	0.5	10.0
True	PROKKA_06122025__gr_1e-12_lr_1e-13_mu_1e-14	14557	hdbscan_dist	0.9100743869729165	0.9577944179714091	0.9336820722862585	9.999000099990002e-05	0.9810789037900475	0.9877805591951545	0.984418325857508	1720	930	186	aa	0.9	0.871
True	PROKKA_06122025__gr_1e-12_lr_1e-13_mu_1e-14	14557	hdbscan_tsne	0.5629340661266397	0.7081347855684139	0.7185424025119924	9.999000099990002e-05	0.9702654618872566	0.9196129584977175	0.9442604162362322	2155	668	661	aa	0.9	31.207
True	PROKKA_06122025__gr_1e-12_lr_1e-13_mu_1e-14	14557	hdbscan_umap	0.07298679857886074	0.9705582028590878	0.6724620469794869	9.999000099990002e-05	0.8022365906269058	0.9898527403632237	0.8862237768169228	595	37	30	aa	0.9	11.019
True	PROKKA_06122025__gr_1e-12_lr_1e-13_mu_1e-14	14557	cdhit	0.9962808379680014	0.9996596324029953	0.9980742292299084	9.999000099990002e-05	0.9992109882600121	0.9998988073566888	0.9995547794819056	1934	1350	47	nt	0.9	1.0
True	PROKKA_06122025__gr_1e-12_lr_1e-13_mu_1e-14	14557	mmseqs2	0.9987768498026873	1.0	0.9989422016307757	9.999000099990002e-05	0.9995112674792292	1.0	0.9997555740101496	1933	1348	46	aa	0.7	0.0
True	PROKKA_06122025__gr_1e-12_lr_1e-13_mu_1e-14	14557	mmseqs2	0.9992596852637742	0.9998298162014976	0.9994297635541157	9.999000099990002e-05	0.9998152478397295	0.9999214953292705	0.9998683687619963	1939	1355	46	nt	0.9	1.0
True	PROKKA_06122025__gr_1e-12_lr_1e-13_mu_1e-14	14557	mmseqs2	0.9983224860728273	1.0	0.9984329599109195	9.999000099990002e-05	0.9992756159485162	1.0	0.999637676743664	1928	1340	49	aa	0.6	0.0
True	PROKKA_06122025__gr_1e-12_lr_1e-13_mu_1e-14	14557	ppanggolin	0.9943058414679954	0.9968348865834359	0.9966936651670263	9.999000099990002e-05	0.9994726969560555	0.998993266323568	0.9992329241322694	1869	1314	17	aa	0.95	6.0
True	PROKKA_06122025__gr_1e-12_lr_1e-13_mu_1e-14	14557	ppanggolin	0.9938748342348231	1.0	0.9962825081778003	9.999000099990002e-05	0.9982664922038335	1.0	0.9991324941878725	1843	1290	18	aa	0.7	4.0
True	PROKKA_06122025__gr_1e-12_lr_1e-13_mu_1e-14	14557	cdhit	0.9897674303095466	0.992001361470388	0.9929857771123464	9.999000099990002e-05	0.9998152478397295	0.9969758281827928	0.9983935191961519	1973	1377	58	aa	0.95	0.0
True	PROKKA_06122025__gr_1e-12_lr_1e-13_mu_1e-14	14557	ppanggolin	0.9949882583803515	1.0	0.9972304402339446	9.999000099990002e-05	0.9987097434544755	1.0000000000000002	0.99935445526808	1850	1299	16	aa	0.85	5.0
True	PROKKA_06122025__gr_1e-12_lr_1e-13_mu_1e-14	14557	mmseqs2	0.9989189231248448	1.0	0.9989886763362988	9.999000099990002e-05	0.9995327614910421	0.9999999999999999	0.9997663261548114	1933	1348	46	nt	0.6	0.0
True	PROKKA_06122025__gr_1e-12_lr_1e-13_mu_1e-14	14720	panaroo	0.9993252187150906	0.9996263777321128	0.9995418957906206	9.999000099990002e-05	0.9999201289761573	0.9998807959822527	0.9999004620923955	1861	1295	15	aa	0.85	34.0
True	PROKKA_06122025__gr_1e-12_lr_1e-13_mu_1e-14	14720	panta	1.0	1.0	1.0	9.999000099990002e-05	1.0	0.9999999999999999	0.9999999999999999	1948	1388	14	aa	0.6	8.0
True	PROKKA_06122025__gr_1e-12_lr_1e-13_mu_1e-14	14720	diamond	0.972040590512226	1.0	0.9895118623289998	9.999000099990002e-05	0.9954215335202311	0.9999999999999999	0.997705514146832	1904	1311	50	aa	0.6	1.0
True	PROKKA_06122025__gr_1e-12_lr_1e-13_mu_1e-14	14720	diamond	0.9870372819900147	0.9897149043666547	0.9915332357779907	9.999000099990002e-05	0.9997049317838176	0.9966729782885683	0.9981866526810249	1970	1356	58	aa	0.95	0.0
True	PROKKA_06122025__gr_1e-12_lr_1e-13_mu_1e-14	14720	diamond	0.9822339486375355	1.0	0.993229898097614	9.999000099990002e-05	0.9970555150915464	1.0	0.9985255868521419	1917	1324	47	aa	0.7	2.0
True	PROKKA_06122025__gr_1e-12_lr_1e-13_mu_1e-14	14720	panta	0.9989641087665586	0.9992476960692119	0.9993316484625058	9.999000099990002e-05	1.0	0.9997092608714491	0.9998546093003419	1852	1291	15	aa	0.8	6.0
True	PROKKA_06122025__gr_1e-12_lr_1e-13_mu_1e-14	14720	mmseqs2	0.9957345293480635	1.0	0.9980167350654282	9.999000099990002e-05	0.9991415118795435	0.9999999999999999	0.999570571610186	1932	1336	45	nt	0.7	1.0
True	PROKKA_06122025__gr_1e-12_lr_1e-13_mu_1e-14	14720	cdhit	0.9837079356824846	0.9998195597257308	0.9937697014500679	9.999000099990002e-05	0.9973562497043623	0.9999361227768417	0.9986445200486209	1920	1326	47	aa	0.7	0.0
True	PROKKA_06122025__gr_1e-12_lr_1e-13_mu_1e-14	14720	panx	0.9996845111479902	1.0	0.9997036526669492	9.999000099990002e-05	0.9998723399557439	1.0000000000000002	0.9999361659033402	1757	1238	15	aa	0.5	892.0
True	PROKKA_06122025__gr_1e-12_lr_1e-13_mu_1e-14	14720	ppanggolin	0.9724770896729559	1.0	0.9901015172792191	9.999000099990002e-05	0.9956555644019434	1.0	0.997823053398817	1831	1273	16	aa	0.6	5.0
True	PROKKA_06122025__gr_1e-12_lr_1e-13_mu_1e-14	14720	panx	0.9984122608743228	0.9986734887246541	0.9988790112476332	9.999000099990002e-05	0.9998815067353121	0.999631438784568	0.9997564571226369	1842	1286	14	aa	0.9	922.0
True	PROKKA_06122025__gr_1e-12_lr_1e-13_mu_1e-14	14720	panaroo	0.9881858159833118	0.9884177096954978	0.9911324858338754	9.999000099990002e-05	0.9999201289761573	0.9962718656870877	0.9980926635277945	1903	1316	34	aa	0.95	52.0
True	PROKKA_06122025__gr_1e-12_lr_1e-13_mu_1e-14	14720	cdhit	0.9914049626782743	1.0	0.9964858328074028	9.999000099990002e-05	0.9984765298846127	0.9999999999999999	0.9992376842596818	1928	1334	45	nt	0.8	21.0
True	PROKKA_06122025__gr_1e-12_lr_1e-13_mu_1e-14	14720	panta	0.9952675317324665	0.9960504043633628	0.9967873530180891	9.999000099990002e-05	1.0	0.9986075251662528	0.9993032774988518	1863	1297	20	aa	0.95	7.0
True	PROKKA_06122025__gr_1e-12_lr_1e-13_mu_1e-14	14720	mmseqs2	0.9826277382620885	1.0	0.9924501161852511	9.999000099990002e-05	0.9967137826497477	1.0	0.9983541870753797	1910	1316	46	aa	0.5	1.0
True	PROKKA_06122025__gr_1e-12_lr_1e-13_mu_1e-14	14720	cdhit	0.9719763413704411	1.0	0.989334960337833	9.999000099990002e-05	0.9953434781750042	1.0	0.9976663056381377	1904	1314	47	aa	0.6	0.0
True	PROKKA_06122025__gr_1e-12_lr_1e-13_mu_1e-14	14720	panaroo	0.9997515020645715	1.0	0.9998162580852217	9.999000099990002e-05	0.9999201289761573	1.0	0.99996006289317	1860	1295	14	aa	0.8	35.0
True	PROKKA_06122025__gr_1e-12_lr_1e-13_mu_1e-14	14720	cdhit	0.9979283207516153	0.9994586791771923	0.9982725775112885	9.999000099990002e-05	0.9994540694775697	0.9997989945403473	0.9996265022545214	1935	1337	45	aa	0.9	0.0
True	PROKKA_06122025__gr_1e-12_lr_1e-13_mu_1e-14	14720	cdhit	0.9916723696830801	1.0	0.9968162186375086	9.999000099990002e-05	0.9986202152668909	1.0	0.9993096313533861	1930	1336	45	aa	0.85	0.0
True	PROKKA_06122025__gr_1e-12_lr_1e-13_mu_1e-14	14720	panta	0.9989641087665586	0.9992476960692119	0.9993316484625058	9.999000099990002e-05	1.0	0.9997092608714491	0.9998546093003419	1851	1290	15	aa	0.85	6.0
True	PROKKA_06122025__gr_1e-12_lr_1e-13_mu_1e-14	14720	mmseqs2	0.9970509079575354	1.0	0.9988713931928435	9.999000099990002e-05	0.9995118794236676	0.9999999999999999	0.9997558801318683	1937	1342	44	nt	0.85	4.0
True	PROKKA_06122025__gr_1e-12_lr_1e-13_mu_1e-14	14720	mmseqs2	0.9908779959938553	0.9922410682064237	0.9938278430248499	9.999000099990002e-05	0.9999268962314867	0.997428429070202	0.9986760999999538	1967	1359	53	aa	0.95	0.0
True	PROKKA_06122025__gr_1e-12_lr_1e-13_mu_1e-14	14720	diamond	0.9968391810766462	0.998376037531577	0.99727520858396	9.999000099990002e-05	0.9993994470859027	0.9994233219819596	0.9994113843913445	1941	1345	45	aa	0.9	1.0
True	PROKKA_06122025__gr_1e-12_lr_1e-13_mu_1e-14	14720	mmseqs2	0.9966929109938005	0.997473836160231	0.997510139012237	9.999000099990002e-05	0.9998915949775505	0.9990356903699387	0.9994634594322873	1951	1354	44	nt	0.95	0.0
True	PROKKA_06122025__gr_1e-12_lr_1e-13_mu_1e-14	14720	hdbscan_dist	0.9395735384973346	0.9817755322988091	0.9510011764449416	9.999000099990002e-05	0.983443358275905	0.994773213073764	0.9890758408931054	1698	939	171	nt	0.9	0.297
True	PROKKA_06122025__gr_1e-12_lr_1e-13_mu_1e-14	14720	hdbscan_tsne	0.5995180918163772	0.7403464453265969	0.7290472802793142	9.999000099990002e-05	0.9680450760781436	0.9291131006863822	0.9481796228220191	1960	457	675	nt	0.9	16.694
True	PROKKA_06122025__gr_1e-12_lr_1e-13_mu_1e-14	14720	hdbscan_umap	0.6758965461076132	0.9935041501263082	0.8012241449893923	9.999000099990002e-05	0.8952779115209606	0.9983353964629104	0.9440022680178349	695	53	58	nt	0.9	7.281
True	PROKKA_06122025__gr_1e-12_lr_1e-13_mu_1e-14	14720	panx	0.9944957634184242	0.9955022488755623	0.9960148907839113	9.999000099990002e-05	0.9997914071894333	0.9984820241991221	0.9991362867029825	1869	1302	18	aa	0.95	914.0
True	PROKKA_06122025__gr_1e-12_lr_1e-13_mu_1e-14	14720	diamond	0.9891001478131958	0.9998195597257308	0.9958214990631545	9.999000099990002e-05	0.9982610512096419	0.9999267742487332	0.9990932184417918	1929	1336	45	aa	0.85	1.0
True	PROKKA_06122025__gr_1e-12_lr_1e-13_mu_1e-14	14720	panta	0.9997858532629221	0.999811924017303	0.9998238794425203	9.999000099990002e-05	1.0	0.9999233320989971	0.9999616645799504	1949	1389	14	aa	0.7	7.0
True	PROKKA_06122025__gr_1e-12_lr_1e-13_mu_1e-14	14720	mmseqs2	0.9973551811145557	1.0	0.998917801576996	9.999000099990002e-05	0.9995319720635159	1.0	0.9997659312564023	1937	1342	44	aa	0.8	1.0
True	PROKKA_06122025__gr_1e-12_lr_1e-13_mu_1e-14	14720	panta	0.9991071176391855	0.9994357720519089	0.9994151221789348	9.999000099990002e-05	1.0	0.9997455424251311	0.9998727550233415	1951	1391	14	aa	0.5	7.0
True	PROKKA_06122025__gr_1e-12_lr_1e-13_mu_1e-14	14720	panaroo	0.9994676553111951	1.0	0.9995481289048948	9.999000099990002e-05	0.999803523106593	1.0	0.9999017519015558	1858	1292	15	aa	0.7	38.0
True	PROKKA_06122025__gr_1e-12_lr_1e-13_mu_1e-14	14720	cdhit	0.9946942014972736	0.997473836160231	0.9967459831133174	9.999000099990002e-05	0.9994721684458961	0.9991234827748889	0.9992977951936103	1945	1346	47	nt	0.95	0.0
True	PROKKA_06122025__gr_1e-12_lr_1e-13_mu_1e-14	14720	cdhit	0.9874206061290753	0.9990977986286539	0.9948860172145486	9.999000099990002e-05	0.9980345455748075	0.9997470479001305	0.9988900627572823	1928	1334	46	aa	0.8	0.0
True	PROKKA_06122025__gr_1e-12_lr_1e-13_mu_1e-14	14720	ppanggolin	0.993503271514274	0.9996263777321128	0.997166790006783	9.999000099990002e-05	0.9988850731766908	0.9998806724764657	0.9993826248690655	1853	1289	15	aa	0.9	4.0
True	PROKKA_06122025__gr_1e-12_lr_1e-13_mu_1e-14	14720	cdhit	0.9649919750627945	1.0	0.9857964473472318	9.999000099990002e-05	0.9937764609036043	1.0	0.9968785171164198	1887	1296	48	aa	0.5	2.0
True	PROKKA_06122025__gr_1e-12_lr_1e-13_mu_1e-14	14720	panaroo	0.9993252187150906	0.9996263777321128	0.9995418957906206	9.999000099990002e-05	0.9999201289761573	0.9998807959822527	0.9999004620923955	1861	1295	15	aa	0.9	35.0
True	PROKKA_06122025__gr_1e-12_lr_1e-13_mu_1e-14	14720	ppanggolin	0.9660049602106011	1.0	0.9865191847022956	9.999000099990002e-05	0.9940619872963493	1.0000000000000002	0.9970221523997349	1814	1256	17	aa	0.5	5.0
True	PROKKA_06122025__gr_1e-12_lr_1e-13_mu_1e-14	14720	cdhit	0.9943513301743966	0.9998195597257308	0.9973977340244317	9.999000099990002e-05	0.9989532352244291	0.9999199772061934	0.9994363724360866	1932	1337	45	nt	0.85	19.0
True	PROKKA_06122025__gr_1e-12_lr_1e-13_mu_1e-14	14720	embed_hdbscan_raw	0.8891589894212615	0.9615662215806569	0.9106331218532947	9.999000099990002e-05	0.9710993312934708	0.988521339365848	0.9797328901460536	1547	698	203	aa	0.9	14.382
True	PROKKA_06122025__gr_1e-12_lr_1e-13_mu_1e-14	14720	embed_hdbscan_tsne	0.5970441822423028	0.7576687116564417	0.7261496573100511	9.999000099990002e-05	0.9593272074798853	0.9322072574753121	0.945572815801118	1764	322	549	aa	0.9	15.615
True	PROKKA_06122025__gr_1e-12_lr_1e-13_mu_1e-14	14720	embed_hdbscan_umap	0.6505042433715428	0.9936845904005774	0.7842676836617362	9.999000099990002e-05	0.8839387548040867	0.9981807573532727	0.9375925917827502	599	16	14	aa	0.9	13.437
True	PROKKA_06122025__gr_1e-12_lr_1e-13_mu_1e-14	14720	diamond	0.9653403976130762	1.0	0.9856284823682498	9.999000099990002e-05	0.9937017802110549	0.9999999999999999	0.9968409418843582	1884	1290	51	aa	0.5	1.0
True	PROKKA_06122025__gr_1e-12_lr_1e-13_mu_1e-14	14720	mmseqs2	0.9991838341305534	0.9996391194514616	0.9993704495786165	9.999000099990002e-05	0.9998879447203037	0.9998401167956621	0.9998640301860275	1941	1345	44	aa	0.9	1.0
True	PROKKA_06122025__gr_1e-12_lr_1e-13_mu_1e-14	14720	panaroo	0.9963911767878106	1.0	0.9985339406671304	9.999000099990002e-05	0.9993619082948	1.0000000000000002	0.9996808523246579	1855	1289	16	aa	0.6	40.0
True	PROKKA_06122025__gr_1e-12_lr_1e-13_mu_1e-14	14720	panx	0.9993189830421235	1.0	0.9994984083720748	9.999000099990002e-05	0.9997833457443697	1.0	0.9998916611361469	1800	1263	15	aa	0.6	770.0
True	PROKKA_06122025__gr_1e-12_lr_1e-13_mu_1e-14	14720	panaroo	0.993088339945818	1.0	0.9967866166768664	9.999000099990002e-05	0.9985989683083583	1.0	0.9992989930877291	1846	1278	18	aa	0.5	46.0
True	PROKKA_06122025__gr_1e-12_lr_1e-13_mu_1e-14	14720	panx	0.9994825296931592	0.9998070615473664	0.9995394585978519	9.999000099990002e-05	0.999879169867786	0.9999211682924583	0.9999001686391111	1818	1272	15	aa	0.7	846.0
True	PROKKA_06122025__gr_1e-12_lr_1e-13_mu_1e-14	14720	diamond	0.9849910897828859	0.9998195597257308	0.9947759380923072	9.999000099990002e-05	0.9978052949036286	0.9999267408046805	0.9988648914436473	1927	1335	45	aa	0.8	0.0
True	PROKKA_06122025__gr_1e-12_lr_1e-13_mu_1e-14	14720	panx	0.9983891442467977	0.9986618237430701	0.9988645266682207	9.999000099990002e-05	0.9998804218769562	0.9996280652949289	0.9997542276610678	1837	1286	14	aa	0.85	891.0
True	PROKKA_06122025__gr_1e-12_lr_1e-13_mu_1e-14	14720	panta	0.9989641087665586	0.9992476960692119	0.9993316484625058	9.999000099990002e-05	1.0	0.9997092608714491	0.9998546093003419	1851	1290	15	aa	0.9	7.0
True	PROKKA_06122025__gr_1e-12_lr_1e-13_mu_1e-14	14720	mmseqs2	0.9967130439237282	1.0	0.9986743539507872	9.999000099990002e-05	0.9994265480526006	1.0	0.9997131917909373	1936	1341	44	nt	0.8	2.0
True	PROKKA_06122025__gr_1e-12_lr_1e-13_mu_1e-14	14720	panx	0.9991169581239692	0.999424736337488	0.999249734691425	9.999000099990002e-05	0.999880031884699	0.9997953309880981	0.9998376796425469	1832	1283	14	aa	0.8	845.0
True	PROKKA_06122025__gr_1e-12_lr_1e-13_mu_1e-14	14720	mmseqs2	0.9975919661913746	1.0	0.9990951166039389	9.999000099990002e-05	0.9996087260892759	0.9999999999999998	0.9998043247633303	1938	1343	44	aa	0.85	2.0
True	PROKKA_06122025__gr_1e-12_lr_1e-13_mu_1e-14	14720	ppanggolin	0.9853051466898668	1.0	0.9951775866726336	9.999000099990002e-05	0.9978941114056855	1.0	0.9989459458425287	1849	1289	14	aa	0.8	5.0
True	PROKKA_06122025__gr_1e-12_lr_1e-13_mu_1e-14	14720	mmseqs2	0.9928678734271116	0.9992782389029231	0.9970281410883282	9.999000099990002e-05	0.9988706931345317	0.9998424088175774	0.9993563147662234	1932	1336	45	nt	0.5	3.0
True	PROKKA_06122025__gr_1e-12_lr_1e-13_mu_1e-14	14720	hdbscan_dist	0.9214414950849187	0.9718513172140022	0.9379614035705267	9.999000099990002e-05	0.9807378409640611	0.9916865596433646	0.9861818127155545	1700	948	144	aa	0.9	0.285
True	PROKKA_06122025__gr_1e-12_lr_1e-13_mu_1e-14	14720	hdbscan_tsne	0.5857655531826836	0.7439552508119812	0.7297758012505084	9.999000099990002e-05	0.9679160594020587	0.9293754556042747	0.9482543105037601	2024	607	650	aa	0.9	16.825
True	PROKKA_06122025__gr_1e-12_lr_1e-13_mu_1e-14	14720	hdbscan_umap	0.049385574132709914	0.9817755322988091	0.628573265516352	9.999000099990002e-05	0.7751517779040894	0.9917992120518196	0.8701938275775569	568	32	21	aa	0.9	7.317
True	PROKKA_06122025__gr_1e-12_lr_1e-13_mu_1e-14	14720	cdhit	0.9967130439237282	1.0	0.998359788778985	9.999000099990002e-05	0.9992902489518573	1.0	0.9996449984945834	1933	1337	45	nt	0.9	0.0
True	PROKKA_06122025__gr_1e-12_lr_1e-13_mu_1e-14	14720	mmseqs2	0.9960717314804329	1.0	0.9982135167879427	9.999000099990002e-05	0.9992268432506106	1.0	0.9996132721246718	1933	1337	45	aa	0.7	1.0
True	PROKKA_06122025__gr_1e-12_lr_1e-13_mu_1e-14	14720	mmseqs2	0.9975919661913746	1.0	0.9990951166039395	9.999000099990002e-05	0.9996087260892759	0.9999999999999999	0.9998043247633304	1938	1343	44	nt	0.9	0.0
True	PROKKA_06122025__gr_1e-12_lr_1e-13_mu_1e-14	14720	mmseqs2	0.989770230314432	1.0	0.9962809596881075	9.999000099990002e-05	0.9983873935231038	1.0	0.9991930461120188	1928	1333	46	aa	0.6	1.0
True	PROKKA_06122025__gr_1e-12_lr_1e-13_mu_1e-14	14720	ppanggolin	0.9981540807374478	0.9992527554642257	0.9986607028166478	9.999000099990002e-05	0.999679428166483	0.9997384035394513	0.9997089149831904	1860	1294	15	aa	0.95	4.0
True	PROKKA_06122025__gr_1e-12_lr_1e-13_mu_1e-14	14720	ppanggolin	0.9812880283651253	1.0	0.9930638040925598	9.999000099990002e-05	0.9969646600897797	0.9999999999999999	0.9984800232218011	1839	1279	15	aa	0.7	5.0
True	PROKKA_06122025__gr_1e-12_lr_1e-13_mu_1e-14	14720	cdhit	0.9911298891942966	0.9922410682064237	0.9930475405461927	9.999000099990002e-05	0.9997718840344432	0.9972489890660294	0.9985088429266775	1974	1373	50	aa	0.95	0.0
True	PROKKA_06122025__gr_1e-12_lr_1e-13_mu_1e-14	14720	ppanggolin	0.9889035748846791	1.0	0.9960210927467623	9.999000099990002e-05	0.9982639018033682	1.0	0.9991311967377958	1850	1289	14	aa	0.85	5.0
True	PROKKA_06122025__gr_1e-12_lr_1e-13_mu_1e-14	14720	mmseqs2	0.9957345293480635	1.0	0.9980167350654282	9.999000099990002e-05	0.9991415118795435	0.9999999999999999	0.999570571610186	1932	1336	45	nt	0.6	1.0
True	PROKKA_06122025__gr_1e-12_lr_1e-13_mu_1e-14	14928	panaroo	0.9998289921517511	1.0	0.9998267061504799	9.999000099990002e-05	0.9999306853905561	1.0	0.9999653414941077	1905	1322	23	aa	0.85	41.0
True	PROKKA_06122025__gr_1e-12_lr_1e-13_mu_1e-14	14928	panta	0.9990973081338345	0.998812351543943	0.9990514905770127	9.999000099990002e-05	1.0	0.99962049877999	0.9998102133778678	1993	1412	24	aa	0.6	8.0
True	PROKKA_06122025__gr_1e-12_lr_1e-13_mu_1e-14	14928	diamond	0.9770890031190388	1.0	0.9899427797940705	9.999000099990002e-05	0.9959590968953281	1.0	0.9979754579585536	1903	1298	46	aa	0.6	1.0
True	PROKKA_06122025__gr_1e-12_lr_1e-13_mu_1e-14	14928	diamond	0.9899284672447631	0.9941826643397323	0.9941505447624336	9.999000099990002e-05	0.999391183565289	0.9982902794934302	0.9988404281802528	1953	1343	44	aa	0.95	1.0
True	PROKKA_06122025__gr_1e-12_lr_1e-13_mu_1e-14	14928	diamond	0.9840967664147977	0.9996121776226489	0.9927957484376495	9.999000099990002e-05	0.997206500019907	0.9999082036155829	0.9985555243808166	1919	1318	42	aa	0.7	1.0
True	PROKKA_06122025__gr_1e-12_lr_1e-13_mu_1e-14	14928	panta	0.9996992833503577	0.9998020585906572	0.999790266538671	9.999000099990002e-05	1.0	0.9999159984683538	0.9999579974700384	1895	1313	24	aa	0.8	7.0
True	PROKKA_06122025__gr_1e-12_lr_1e-13_mu_1e-14	14928	mmseqs2	0.9950066303546101	1.0	0.9975820513869446	9.999000099990002e-05	0.999035858039853	1.0000000000000002	0.9995176965154131	1932	1329	39	nt	0.7	1.0
True	PROKKA_06122025__gr_1e-12_lr_1e-13_mu_1e-14	14928	cdhit	0.9836761255600036	0.9994182664339732	0.9929261742332869	9.999000099990002e-05	0.9973122836428147	0.9998556471260611	0.9985823459167635	1920	1318	43	aa	0.7	0.0
True	PROKKA_06122025__gr_1e-12_lr_1e-13_mu_1e-14	14928	panx	0.9974383300501206	1.0	0.9988186851913308	9.999000099990002e-05	0.9995292308548234	0.9999999999999999	0.9997645600084699	1801	1261	21	aa	0.5	881.0
True	PROKKA_06122025__gr_1e-12_lr_1e-13_mu_1e-14	14928	ppanggolin	0.9767361582884208	1.0	0.9906164874869314	9.999000099990002e-05	0.9962122216643277	1.0000000000000002	0.9981025172100619	1877	1299	27	aa	0.6	6.0
True	PROKKA_06122025__gr_1e-12_lr_1e-13_mu_1e-14	14928	panx	0.9943232369822563	0.9986116620388734	0.9969699737817679	9.999000099990002e-05	0.9992890276708525	0.9994977064946916	0.9993933561894509	1892	1313	24	aa	0.9	807.0
True	PROKKA_06122025__gr_1e-12_lr_1e-13_mu_1e-14	14928	panaroo	0.9928965150183284	0.9936983064198504	0.9949364026234501	9.999000099990002e-05	0.9999376852883323	0.9980505156485545	0.9989932092196243	1926	1330	30	aa	0.95	36.0
True	PROKKA_06122025__gr_1e-12_lr_1e-13_mu_1e-14	14928	cdhit	0.9929233964761456	1.0	0.9966351896816245	9.999000099990002e-05	0.9986570394546667	1.0	0.9993280685386123	1928	1324	41	nt	0.8	21.0
True	PROKKA_06122025__gr_1e-12_lr_1e-13_mu_1e-14	14928	panta	0.9989682193417114	0.9992082343626286	0.999213833972611	9.999000099990002e-05	1.0	0.9996853812083638	0.9998426658540424	1897	1316	23	aa	0.95	7.0
True	PROKKA_06122025__gr_1e-12_lr_1e-13_mu_1e-14	14928	mmseqs2	0.9837372166744885	1.0	0.9923932402967562	9.999000099990002e-05	0.9969511330837312	1.0	0.9984732390964616	1910	1306	40	aa	0.5	1.0
True	PROKKA_06122025__gr_1e-12_lr_1e-13_mu_1e-14	14928	cdhit	0.9751601191110743	1.0	0.9894727215898264	9.999000099990002e-05	0.9957682564477011	1.0	0.9978796418178175	1904	1302	45	aa	0.6	0.0
True	PROKKA_06122025__gr_1e-12_lr_1e-13_mu_1e-14	14928	panaroo	0.9983351600869511	1.0	0.9992626121925294	9.999000099990002e-05	0.9997048926425374	1.0	0.9998524245459676	1904	1322	23	aa	0.8	47.0
True	PROKKA_06122025__gr_1e-12_lr_1e-13_mu_1e-14	14928	cdhit	0.9957892521665946	0.9990304440566221	0.9972412736209741	9.999000099990002e-05	0.9992212080106193	0.9996799985234402	0.9994505506159197	1935	1331	39	aa	0.9	0.0
True	PROKKA_06122025__gr_1e-12_lr_1e-13_mu_1e-14	14928	cdhit	0.9918020667346531	1.0	0.9964429072028004	9.999000099990002e-05	0.9985800283214454	1.0	0.9992895097226869	1930	1329	40	aa	0.85	0.0
True	PROKKA_06122025__gr_1e-12_lr_1e-13_mu_1e-14	14928	panta	0.9993983861158742	0.9996041171813144	0.9995804455990804	9.999000099990002e-05	1.0	0.9998320110480368	0.9999159984683538	1895	1314	23	aa	0.85	8.0
True	PROKKA_06122025__gr_1e-12_lr_1e-13_mu_1e-14	14928	mmseqs2	0.9994942000214274	1.0	0.9994189196384334	9.999000099990002e-05	0.9997687195035778	1.0000000000000002	0.9998843463775754	1937	1332	39	nt	0.85	1.0
True	PROKKA_06122025__gr_1e-12_lr_1e-13_mu_1e-14	14928	mmseqs2	0.9971250909233355	0.9980608881132441	0.9983059176323978	9.999000099990002e-05	0.9999319313156483	0.9993954108989794	0.9996635991195628	1945	1338	40	aa	0.95	0.0
True	PROKKA_06122025__gr_1e-12_lr_1e-13_mu_1e-14	14928	diamond	0.993914622455854	0.9990304440566221	0.9966861352241956	9.999000099990002e-05	0.9989718483483369	0.9997073095688606	0.9993394436434321	1936	1333	41	aa	0.9	1.0
True	PROKKA_06122025__gr_1e-12_lr_1e-13_mu_1e-14	14928	mmseqs2	0.9981001325587959	0.9990304440566221	0.998776556510998	9.999000099990002e-05	0.9998583846485706	0.9996552611073849	0.9997568125606756	1942	1336	41	nt	0.95	1.0
True	PROKKA_06122025__gr_1e-12_lr_1e-13_mu_1e-14	14928	hdbscan_dist	0.9389252759960214	0.9912739965095986	0.9480021122601946	9.999000099990002e-05	0.9809955644163112	0.9974248336886556	0.9891419827903882	1642	893	142	nt	0.9	0.23
True	PROKKA_06122025__gr_1e-12_lr_1e-13_mu_1e-14	14928	hdbscan_tsne	0.6643533473239533	0.8010471204188482	0.7567335640497131	9.999000099990002e-05	0.9626011762224894	0.9458491636962756	0.9541516469764135	1748	397	595	nt	0.9	14.386
True	PROKKA_06122025__gr_1e-12_lr_1e-13_mu_1e-14	14928	hdbscan_umap	0.6550900268793652	0.9986426216792709	0.7761179785979222	9.999000099990002e-05	0.8860421472447861	0.9996059462472467	0.9394043374989989	651	38	46	nt	0.9	7.029
True	PROKKA_06122025__gr_1e-12_lr_1e-13_mu_1e-14	14928	diamond	0.9916776305790181	1.0	0.9961605606409898	9.999000099990002e-05	0.998466883505777	1.0000000000000002	0.9992328536905584	1927	1323	43	aa	0.85	1.0
True	PROKKA_06122025__gr_1e-12_lr_1e-13_mu_1e-14	14928	panta	0.9990973081338345	0.998812351543943	0.9990514905770127	9.999000099990002e-05	1.0	0.99962049877999	0.9998102133778678	1993	1412	24	aa	0.7	8.0
True	PROKKA_06122025__gr_1e-12_lr_1e-13_mu_1e-14	14928	mmseqs2	0.9981058800030728	1.0	0.9989927702878236	9.999000099990002e-05	0.9995989355703133	1.0000000000000002	0.9997994275639219	1937	1333	40	aa	0.8	0.0
True	PROKKA_06122025__gr_1e-12_lr_1e-13_mu_1e-14	14928	panta	0.9987101634773552	0.9986144101346002	0.9986485149596112	9.999000099990002e-05	0.9999227243526068	0.9995365251922198	0.9997295874748812	1993	1410	25	aa	0.5	11.0
True	PROKKA_06122025__gr_1e-12_lr_1e-13_mu_1e-14	14928	panaroo	0.996208827165577	1.0	0.9984960445711984	9.999000099990002e-05	0.999397650478406	1.0	0.9996987345056398	1902	1320	24	aa	0.7	45.0
True	PROKKA_06122025__gr_1e-12_lr_1e-13_mu_1e-14	14928	cdhit	0.9948585655161547	0.9978669769245685	0.9969483527595808	9.999000099990002e-05	0.9993464939866994	0.999439266481101	0.9993928780809092	1940	1335	40	nt	0.95	0.0
True	PROKKA_06122025__gr_1e-12_lr_1e-13_mu_1e-14	14928	cdhit	0.9902281750748949	1.0	0.9956076769922476	9.999000099990002e-05	0.9982451493660759	1.0000000000000002	0.99912180413175	1926	1323	43	aa	0.8	0.0
True	PROKKA_06122025__gr_1e-12_lr_1e-13_mu_1e-14	14928	ppanggolin	0.9945988511372876	1.0	0.9975438238918986	9.999000099990002e-05	0.9990153438341933	0.9999999999999999	0.9995074294107628	1897	1314	25	aa	0.9	8.0
True	PROKKA_06122025__gr_1e-12_lr_1e-13_mu_1e-14	14928	cdhit	0.968705887148369	1.0	0.9858564585675835	9.999000099990002e-05	0.994293896138283	1.0	0.9971387848738011	1887	1284	45	aa	0.5	3.0
True	PROKKA_06122025__gr_1e-12_lr_1e-13_mu_1e-14	14928	panaroo	0.9998289921517511	1.0	0.9998267061504799	9.999000099990002e-05	0.9999306853905561	1.0	0.9999653414941077	1905	1322	23	aa	0.9	36.0
True	PROKKA_06122025__gr_1e-12_lr_1e-13_mu_1e-14	14928	ppanggolin	0.9576949189930177	1.0	0.9842280557574994	9.999000099990002e-05	0.9935926514389709	1.0000000000000002	0.9967860292039078	1855	1276	30	aa	0.5	5.0
True	PROKKA_06122025__gr_1e-12_lr_1e-13_mu_1e-14	14928	cdhit	0.9933809604707052	1.0	0.9970725687214723	9.999000099990002e-05	0.9988321162069421	1.0000000000000002	0.999415716916099	1931	1328	41	nt	0.85	18.0
True	PROKKA_06122025__gr_1e-12_lr_1e-13_mu_1e-14	14928	embed_hdbscan_raw	0.9035534023993701	0.9796393251890634	0.9158259864678673	9.999000099990002e-05	0.970442042123445	0.9939479844268592	0.9820543769157469	1489	657	180	aa	0.9	12.644
True	PROKKA_06122025__gr_1e-12_lr_1e-13_mu_1e-14	14928	embed_hdbscan_tsne	0.6793233237938342	0.8227651735505138	0.7665626149722772	9.999000099990002e-05	0.9575610439947037	0.9513745324561645	0.9544577635484653	1566	251	499	aa	0.9	18.784
True	PROKKA_06122025__gr_1e-12_lr_1e-13_mu_1e-14	14928	embed_hdbscan_umap	0.6332691154119037	0.9978669769245685	0.7647154564043227	9.999000099990002e-05	0.8788438867128471	0.9993273287328203	0.9352211411391693	592	15	14	aa	0.9	13.244
True	PROKKA_06122025__gr_1e-12_lr_1e-13_mu_1e-14	14928	diamond	0.9645679443992232	1.0	0.9839460686472317	9.999000099990002e-05	0.9935107036753308	1.0000000000000002	0.9967447898259563	1881	1279	47	aa	0.5	1.0
True	PROKKA_06122025__gr_1e-12_lr_1e-13_mu_1e-14	14928	mmseqs2	0.9989877185790296	0.9996121776226489	0.999223228218543	9.999000099990002e-05	0.9998206697100144	0.9998702948954923	0.9998454816869934	1939	1333	41	aa	0.9	0.0
True	PROKKA_06122025__gr_1e-12_lr_1e-13_mu_1e-14	14928	panaroo	0.9948527124639539	1.0	0.9978199663799867	9.999000099990002e-05	0.9991262875187401	1.0000000000000002	0.9995629528325877	1899	1316	26	aa	0.6	46.0
True	PROKKA_06122025__gr_1e-12_lr_1e-13_mu_1e-14	14928	panx	0.9975485685193572	1.0	0.998863764579647	9.999000099990002e-05	0.9995455048809334	1.0	0.9997727007872753	1846	1289	22	aa	0.6	872.0
True	PROKKA_06122025__gr_1e-12_lr_1e-13_mu_1e-14	14928	panaroo	0.9899377769646044	0.9990153603781016	0.9952252021194548	9.999000099990002e-05	0.9983093449537351	0.9997738760114757	0.999041073755407	1890	1305	25	aa	0.5	44.0
True	PROKKA_06122025__gr_1e-12_lr_1e-13_mu_1e-14	14928	panx	0.9975715136924247	1.0	0.9988741451308911	9.999000099990002e-05	0.9995501125768211	1.0	0.9997750056773526	1862	1299	23	aa	0.7	918.0
True	PROKKA_06122025__gr_1e-12_lr_1e-13_mu_1e-14	14928	diamond	0.9902281750748949	1.0	0.9956076769922483	9.999000099990002e-05	0.9982451493660759	1.0000000000000002	0.99912180413175	1926	1323	43	aa	0.8	0.0
True	PROKKA_06122025__gr_1e-12_lr_1e-13_mu_1e-14	14928	panx	0.9956547231843205	0.9994039340353665	0.997529698186219	9.999000099990002e-05	0.9992487990001845	0.999761164082756	0.9995049158794718	1886	1308	25	aa	0.85	765.0
True	PROKKA_06122025__gr_1e-12_lr_1e-13_mu_1e-14	14928	panta	0.9993983861158742	0.9996041171813144	0.9995804455990804	9.999000099990002e-05	1.0	0.9998320110480368	0.9999159984683538	1895	1314	23	aa	0.9	7.0
True	PROKKA_06122025__gr_1e-12_lr_1e-13_mu_1e-14	14928	mmseqs2	0.999157283692345	1.0	0.9992044969995125	9.999000099990002e-05	0.9996833078962951	1.0000000000000002	0.9998416288707047	1936	1331	39	nt	0.8	1.0
True	PROKKA_06122025__gr_1e-12_lr_1e-13_mu_1e-14	14928	panx	0.9961043473043503	0.9998003194888179	0.9979026364553977	9.999000099990002e-05	0.9992447126114161	0.9999151357481743	0.9995798117657773	1878	1303	25	aa	0.8	824.0
True	PROKKA_06122025__gr_1e-12_lr_1e-13_mu_1e-14	14928	mmseqs2	0.9995784645458573	1.0	0.999549383199233	9.999000099990002e-05	0.9998206697100144	1.0000000000000002	0.999910326814448	1938	1333	40	aa	0.85	0.0
True	PROKKA_06122025__gr_1e-12_lr_1e-13_mu_1e-14	14928	ppanggolin	0.9916046153871634	1.0	0.9963260115046009	9.999000099990002e-05	0.9985253530676395	1.0	0.9992621324867873	1894	1312	26	aa	0.8	4.0
True	PROKKA_06122025__gr_1e-12_lr_1e-13_mu_1e-14	14928	mmseqs2	0.9938265482035704	0.9992243552452976	0.9969512904704521	9.999000099990002e-05	0.9989677893555015	0.9998167476878538	0.999392088229546	1932	1328	39	nt	0.5	6.0
True	PROKKA_06122025__gr_1e-12_lr_1e-13_mu_1e-14	14928	hdbscan_dist	0.9213868506372321	0.9809967035097925	0.9349540828831425	9.999000099990002e-05	0.9787737585219122	0.9942535436355108	0.9864529261848134	1649	886	159	aa	0.9	0.218
True	PROKKA_06122025__gr_1e-12_lr_1e-13_mu_1e-14	14928	hdbscan_tsne	0.6336295645070706	0.7923211169284468	0.7468968685979843	9.999000099990002e-05	0.9621479874145414	0.9433106866648865	0.9526362245769877	1845	555	607	aa	0.9	14.234
True	PROKKA_06122025__gr_1e-12_lr_1e-13_mu_1e-14	14928	hdbscan_umap	0.043457157114431565	0.9891409734341672	0.6042450664002578	9.999000099990002e-05	0.7652285986678181	0.9952584485221838	0.865215372178471	552	18	21	aa	0.9	7.08
True	PROKKA_06122025__gr_1e-12_lr_1e-13_mu_1e-14	14928	cdhit	0.9938765023284406	0.9998060888113244	0.9972335029690282	9.999000099990002e-05	0.9989823785110051	0.9999145086968797	0.9994482262673983	1934	1332	40	nt	0.9	0.0
True	PROKKA_06122025__gr_1e-12_lr_1e-13_mu_1e-14	14928	mmseqs2	0.9952572049459534	1.0	0.9978824086633662	9.999000099990002e-05	0.9991558769306411	1.0	0.9995777602541654	1934	1331	40	aa	0.7	0.0
True	PROKKA_06122025__gr_1e-12_lr_1e-13_mu_1e-14	14928	mmseqs2	0.9995784645458573	1.0	0.999549383199233	9.999000099990002e-05	0.9998206697100144	1.0000000000000002	0.999910326814448	1938	1333	40	nt	0.9	0.0
True	PROKKA_06122025__gr_1e-12_lr_1e-13_mu_1e-14	14928	mmseqs2	0.9932977357090118	1.0	0.9966948602563607	9.999000099990002e-05	0.998680932109787	1.0	0.9993400307827921	1928	1324	41	aa	0.6	1.0
True	PROKKA_06122025__gr_1e-12_lr_1e-13_mu_1e-14	14928	ppanggolin	0.9947962522162491	0.9988184324537219	0.9974541188640667	9.999000099990002e-05	0.9993995389768754	0.9995817971657466	0.9994906597625673	1907	1324	25	aa	0.95	5.0
True	PROKKA_06122025__gr_1e-12_lr_1e-13_mu_1e-14	14928	ppanggolin	0.9792720925964848	1.0	0.9922649626196941	9.999000099990002e-05	0.9968828039815364	1.0	0.998438968970914	1885	1307	27	aa	0.7	5.0
True	PROKKA_06122025__gr_1e-12_lr_1e-13_mu_1e-14	14928	cdhit	0.9954428148896575	0.9982547993019197	0.9974204089058524	9.999000099990002e-05	0.9996350923397637	0.9993397333807563	0.9994873910398465	1945	1340	41	aa	0.95	0.0
True	PROKKA_06122025__gr_1e-12_lr_1e-13_mu_1e-14	14928	ppanggolin	0.9930783947855601	1.0	0.9968868272447159	9.999000099990002e-05	0.9987511458156583	1.0	0.9993751827550138	1895	1312	26	aa	0.85	5.0
True	PROKKA_06122025__gr_1e-12_lr_1e-13_mu_1e-14	14928	mmseqs2	0.9950066303546101	1.0	0.9975820513869446	9.999000099990002e-05	0.999035858039853	1.0000000000000002	0.9995176965154131	1932	1329	39	nt	0.6	1.0
True	PROKKA_06122025__gr_1e-12_lr_1e-13_mu_1e-14	21708	panaroo	0.9996556080085388	1.0	0.9998051447778241	9.999000099990002e-05	0.9999148186271911	1.0	0.9999574074995518	1871	1255	21	aa	0.85	35.0
True	PROKKA_06122025__gr_1e-12_lr_1e-13_mu_1e-14	21708	panta	0.9982502187511151	0.9981834695731153	0.9983484821700792	9.999000099990002e-05	0.9998866209675985	0.9993939191518582	0.9996402093491191	1959	1349	20	aa	0.6	8.0
True	PROKKA_06122025__gr_1e-12_lr_1e-13_mu_1e-14	21708	diamond	0.9758153781344279	1.0	0.9911768474820781	9.999000099990002e-05	0.9960789859956674	1.0000000000000002	0.9980356418599454	1904	1272	39	aa	0.6	1.0
True	PROKKA_06122025__gr_1e-12_lr_1e-13_mu_1e-14	21708	diamond	0.9798643500303005	0.9830684174153421	0.9875275374387117	9.999000099990002e-05	0.9995109735886575	0.9950717948174719	0.9972864442455772	1984	1321	53	aa	0.95	1.0
True	PROKKA_06122025__gr_1e-12_lr_1e-13_mu_1e-14	21708	diamond	0.9793391504858897	1.0	0.9933938813429491	9.999000099990002e-05	0.9970707411237183	1.0000000000000002	0.9985332222760255	1917	1285	40	aa	0.7	2.0
True	PROKKA_06122025__gr_1e-12_lr_1e-13_mu_1e-14	21708	panta	0.9987752814620785	0.9987284287011807	0.9991942314483221	9.999000099990002e-05	0.9999999999999999	0.9996488421153272	0.9998243902242848	1864	1251	22	aa	0.8	7.0
True	PROKKA_06122025__gr_1e-12_lr_1e-13_mu_1e-14	21708	mmseqs2	0.9982078162638202	1.0	0.9987245528886597	9.999000099990002e-05	0.9994374169312052	1.0000000000000002	0.9997186293184119	1933	1298	38	nt	0.7	1.0
True	PROKKA_06122025__gr_1e-12_lr_1e-13_mu_1e-14	21708	cdhit	0.9855687708396641	0.9993089149965446	0.994456991694348	9.999000099990002e-05	0.9977103509745802	0.9998358083735226	0.9987719488943861	1920	1285	41	aa	0.7	0.0
True	PROKKA_06122025__gr_1e-12_lr_1e-13_mu_1e-14	21708	panx	0.9994840594370812	1.0	0.9996359970416628	9.999000099990002e-05	0.99984016624403	0.9999999999999998	0.999920076734797	1767	1192	16	aa	0.5	801.0
True	PROKKA_06122025__gr_1e-12_lr_1e-13_mu_1e-14	21708	ppanggolin	0.9740588757334662	1.0	0.9910929936751736	9.999000099990002e-05	0.996072507133076	1.0	0.9980323896787873	1841	1230	22	aa	0.6	6.0
True	PROKKA_06122025__gr_1e-12_lr_1e-13_mu_1e-14	21708	panx	0.9974284936264719	0.9979897660818714	0.9981055008230123	9.999000099990002e-05	0.9998485461243009	0.9993257353903412	0.9995870723963316	1855	1246	22	aa	0.9	921.0
True	PROKKA_06122025__gr_1e-12_lr_1e-13_mu_1e-14	21708	panaroo	0.9771733743140741	0.9802193850026973	0.9851078808230469	9.999000099990002e-05	0.9999363995782556	0.9936874565102775	0.996802134499374	1939	1285	47	aa	0.95	36.0
True	PROKKA_06122025__gr_1e-12_lr_1e-13_mu_1e-14	21708	cdhit	0.9893108418720775	1.0	0.9964422138591568	9.999000099990002e-05	0.9984271752126338	1.0000000000000002	0.9992129686751289	1928	1296	37	nt	0.8	22.0
True	PROKKA_06122025__gr_1e-12_lr_1e-13_mu_1e-14	21708	panta	0.9897298187292092	0.9910990009082652	0.9935597674933067	9.999000099990002e-05	0.9999262187216925	0.9972879543347261	0.9986053439912622	1886	1262	29	aa	0.95	7.0
True	PROKKA_06122025__gr_1e-12_lr_1e-13_mu_1e-14	21708	mmseqs2	0.9902845824199045	1.0	0.9945000362953185	9.999000099990002e-05	0.997563819266205	1.0000000000000002	0.9987804240794221	1911	1277	37	aa	0.5	1.0
True	PROKKA_06122025__gr_1e-12_lr_1e-13_mu_1e-14	21708	cdhit	0.9739337514381907	0.9994816862474084	0.9904564742027613	9.999000099990002e-05	0.9959217889652227	0.9998364963202304	0.9978753032665385	1906	1273	41	aa	0.6	0.0
True	PROKKA_06122025__gr_1e-12_lr_1e-13_mu_1e-14	21708	panaroo	0.9996211818310686	1.0	0.9997245560977656	9.999000099990002e-05	0.9998795794269467	1.0	0.9999397860879764	1870	1253	22	aa	0.8	35.0
True	PROKKA_06122025__gr_1e-12_lr_1e-13_mu_1e-14	21708	cdhit	0.9948058451104717	0.9977539737387698	0.9968823032581124	9.999000099990002e-05	0.9993196489418439	0.9993069666979086	0.9993133077796388	1939	1301	39	aa	0.9	0.0
True	PROKKA_06122025__gr_1e-12_lr_1e-13_mu_1e-14	21708	cdhit	0.9896247428246817	1.0	0.9967468781281965	9.999000099990002e-05	0.9985622986084132	1.0000000000000002	0.9992806321861533	1930	1298	37	aa	0.85	0.0
True	PROKKA_06122025__gr_1e-12_lr_1e-13_mu_1e-14	21708	panta	0.9987752814620785	0.9987284287011807	0.9991942314483221	9.999000099990002e-05	0.9999999999999999	0.9996488421153272	0.9998243902242848	1864	1251	23	aa	0.85	7.0
True	PROKKA_06122025__gr_1e-12_lr_1e-13_mu_1e-14	21708	mmseqs2	0.9988791332694794	1.0	0.9992918315668169	9.999000099990002e-05	0.9996878125383475	1.0000000000000002	0.9998438819001172	1937	1303	37	nt	0.85	1.0
True	PROKKA_06122025__gr_1e-12_lr_1e-13_mu_1e-14	21708	mmseqs2	0.9833511609639969	0.9863510711817554	0.9898641682655763	9.999000099990002e-05	0.999930110924881	0.9956664169830081	0.9977937091539698	1984	1327	52	aa	0.95	0.0
True	PROKKA_06122025__gr_1e-12_lr_1e-13_mu_1e-14	21708	diamond	0.989793887541769	0.9968901174844506	0.9953908293358905	9.999000099990002e-05	0.9989445081970956	0.9990245946309954	0.9989845498089563	1941	1304	41	aa	0.9	0.0
True	PROKKA_06122025__gr_1e-12_lr_1e-13_mu_1e-14	21708	mmseqs2	0.9913064175337187	0.9932619212163096	0.9947058370155645	9.999000099990002e-05	0.9998692002218703	0.9978138985864153	0.9988404921131202	1961	1316	45	nt	0.95	1.0
True	PROKKA_06122025__gr_1e-12_lr_1e-13_mu_1e-14	21708	hdbscan_dist	0.9548729862143307	0.992743607463718	0.9666051540044951	9.999000099990002e-05	0.9864783854418336	0.9983950813839283	0.9924009609456306	1786	1175	0	nt	0.9	0.258
True	PROKKA_06122025__gr_1e-12_lr_1e-13_mu_1e-14	21708	hdbscan_tsne	0.7760656761861957	0.9462681409813407	0.8386427713535197	9.999000099990002e-05	0.9348633874925537	0.9851086832952317	0.9593285805827759	1083	287	0	nt	0.9	13.735
True	PROKKA_06122025__gr_1e-12_lr_1e-13_mu_1e-14	21708	hdbscan_umap	0.6950031191153007	0.9934346924671734	0.8081411076146652	9.999000099990002e-05	0.8979289483392359	0.9982509791118286	0.9454360726805336	704	93	0	nt	0.9	6.738
True	PROKKA_06122025__gr_1e-12_lr_1e-13_mu_1e-14	21708	panx	0.9859843839571133	0.9913544668587896	0.9921147887167227	9.999000099990002e-05	0.9993831458871084	0.9971915644417745	0.9982861523471347	1893	1266	30	aa	0.95	924.0
True	PROKKA_06122025__gr_1e-12_lr_1e-13_mu_1e-14	21708	diamond	0.9891225966865139	1.0	0.9963348084851861	9.999000099990002e-05	0.9983795201965163	1.0000000000000002	0.9991891030772153	1927	1294	38	aa	0.85	1.0
True	PROKKA_06122025__gr_1e-12_lr_1e-13_mu_1e-14	21708	panta	0.9979694026190785	0.9978201634877384	0.9982134871651367	9.999000099990002e-05	0.9999356971096972	0.9992864532780318	0.9996109697734757	1961	1350	22	aa	0.7	8.0
True	PROKKA_06122025__gr_1e-12_lr_1e-13_mu_1e-14	21708	mmseqs2	0.9991671165344767	1.0	0.9994002653697313	9.999000099990002e-05	0.9997356426117551	1.0	0.9998678038323606	1937	1302	38	aa	0.8	0.0
True	PROKKA_06122025__gr_1e-12_lr_1e-13_mu_1e-14	21708	panta	0.9981099721805454	0.9980018165304269	0.9982006719981934	9.999000099990002e-05	0.9998866209675985	0.9993296910288635	0.9996080784250952	1960	1349	20	aa	0.5	8.0
True	PROKKA_06122025__gr_1e-12_lr_1e-13_mu_1e-14	21708	panaroo	0.9992770501791634	1.0	0.9994550823976774	9.999000099990002e-05	0.9997617050785214	1.0	0.9998808383414517	1868	1250	23	aa	0.7	36.0
True	PROKKA_06122025__gr_1e-12_lr_1e-13_mu_1e-14	21708	cdhit	0.986840457372456	0.9925708362128541	0.9931411081502083	9.999000099990002e-05	0.9992393197814501	0.9977526675166917	0.9984954402830658	1958	1314	44	nt	0.95	1.0
True	PROKKA_06122025__gr_1e-12_lr_1e-13_mu_1e-14	21708	cdhit	0.9890912294404066	1.0	0.9962587604665518	9.999000099990002e-05	0.998345771293576	1.0	0.9991722009623223	1926	1292	39	aa	0.8	0.0
True	PROKKA_06122025__gr_1e-12_lr_1e-13_mu_1e-14	21708	ppanggolin	0.9900700129966956	0.9996403524545945	0.9968398378859421	9.999000099990002e-05	0.9987005562316064	0.9999143572317553	0.9993070881482038	1864	1249	22	aa	0.9	4.0
True	PROKKA_06122025__gr_1e-12_lr_1e-13_mu_1e-14	21708	cdhit	0.967546469999598	0.998790601243953	0.9865966537071666	9.999000099990002e-05	0.9943548364838461	0.9996684313522065	0.9970045541885967	1889	1257	39	aa	0.5	2.0
True	PROKKA_06122025__gr_1e-12_lr_1e-13_mu_1e-14	21708	panaroo	0.9979992252214878	0.9987412335910807	0.9988454612922296	9.999000099990002e-05	0.9999148186271911	0.999581092339577	0.9997479276330558	1875	1255	23	aa	0.9	37.0
True	PROKKA_06122025__gr_1e-12_lr_1e-13_mu_1e-14	21708	ppanggolin	0.9673386210811383	1.0	0.986976845058708	9.999000099990002e-05	0.9942337467166547	0.9999999999999999	0.9971085369040419	1819	1209	21	aa	0.5	6.0
True	PROKKA_06122025__gr_1e-12_lr_1e-13_mu_1e-14	21708	cdhit	0.9900959672211235	1.0	0.9969622847022014	9.999000099990002e-05	0.9986577836979381	1.0	0.9993284411603578	1931	1299	37	nt	0.85	19.0
True	PROKKA_06122025__gr_1e-12_lr_1e-13_mu_1e-14	21708	embed_hdbscan_raw	0.8801805440620125	0.9452315134761575	0.90537802645083	9.999000099990002e-05	0.9735327847250972	0.983643953884959	0.9785622511370152	1610	680	229	aa	0.9	15.529
True	PROKKA_06122025__gr_1e-12_lr_1e-13_mu_1e-14	21708	embed_hdbscan_tsne	0.6115270318393564	0.7579474775397373	0.7385627953472801	9.999000099990002e-05	0.9630471929345255	0.9324755234811034	0.9475148227890946	1841	350	579	aa	0.9	16.37
True	PROKKA_06122025__gr_1e-12_lr_1e-13_mu_1e-14	21708	embed_hdbscan_umap	0.6816556260366339	0.9918797512093988	0.799912634055838	9.999000099990002e-05	0.8928478820313311	0.9978951966561747	0.9424533908035633	632	7	15	aa	0.9	14.133
True	PROKKA_06122025__gr_1e-12_lr_1e-13_mu_1e-14	21708	diamond	0.969596243218285	1.0	0.9875315317624841	9.999000099990002e-05	0.994438714123703	1.0000000000000002	0.9972116035268899	1882	1246	43	aa	0.5	1.0
True	PROKKA_06122025__gr_1e-12_lr_1e-13_mu_1e-14	21708	mmseqs2	0.9971732368133431	0.9984450587422253	0.9984398671877136	9.999000099990002e-05	0.9998536810497568	0.9994598586708983	0.9996567310729979	1944	1308	38	aa	0.9	0.0
True	PROKKA_06122025__gr_1e-12_lr_1e-13_mu_1e-14	21708	panaroo	0.9976285048741179	1.0	0.9987340104778605	9.999000099990002e-05	0.9994459813858158	1.0	0.9997229139374897	1865	1247	23	aa	0.6	39.0
True	PROKKA_06122025__gr_1e-12_lr_1e-13_mu_1e-14	21708	panx	0.9994954039845951	1.0	0.9996442827094262	9.999000099990002e-05	0.9998443739839428	1.0	0.9999221809366359	1808	1217	19	aa	0.6	806.0
True	PROKKA_06122025__gr_1e-12_lr_1e-13_mu_1e-14	21708	panaroo	0.9935988163673619	1.0	0.9967560726407085	9.999000099990002e-05	0.9985776103603342	1.0	0.9992882990221184	1856	1239	22	aa	0.5	43.0
True	PROKKA_06122025__gr_1e-12_lr_1e-13_mu_1e-14	21708	panx	0.9995010143168237	1.0	0.999648267591642	9.999000099990002e-05	0.99984614987185	1.0	0.9999230690180043	1823	1225	20	aa	0.7	787.0
True	PROKKA_06122025__gr_1e-12_lr_1e-13_mu_1e-14	21708	diamond	0.9890912294404066	1.0	0.9962587604665528	9.999000099990002e-05	0.998345771293576	1.0000000000000002	0.9991722009623225	1926	1292	39	aa	0.8	0.0
True	PROKKA_06122025__gr_1e-12_lr_1e-13_mu_1e-14	21708	panx	0.9981688163775314	0.9985358711566618	0.9987079578511657	9.999000099990002e-05	0.9998482661469196	0.9995874580346181	0.9997178450807518	1846	1237	23	aa	0.85	916.0
True	PROKKA_06122025__gr_1e-12_lr_1e-13_mu_1e-14	21708	panta	0.9982144123209963	0.9983651226158038	0.9988244682216749	9.999000099990002e-05	0.9999999999999999	0.9994879678501799	0.9997439183640746	1866	1253	23	aa	0.9	7.0
True	PROKKA_06122025__gr_1e-12_lr_1e-13_mu_1e-14	21708	mmseqs2	0.9990071053726318	1.0	0.9993183313393386	9.999000099990002e-05	0.9996995024395766	1.0000000000000002	0.9998497286417002	1937	1303	37	nt	0.8	1.0
True	PROKKA_06122025__gr_1e-12_lr_1e-13_mu_1e-14	21708	panx	0.9982745180107911	0.9987172439069085	0.9988414088236417	9.999000099990002e-05	0.9998480066760057	0.99964512856124	0.999746557326132	1839	1231	22	aa	0.8	913.0
True	PROKKA_06122025__gr_1e-12_lr_1e-13_mu_1e-14	21708	mmseqs2	0.9991991249065287	1.0	0.9994767898645732	9.999000099990002e-05	0.9997693915146955	1.0	0.9998846824607462	1938	1304	37	aa	0.85	0.0
True	PROKKA_06122025__gr_1e-12_lr_1e-13_mu_1e-14	21708	ppanggolin	0.989129360287618	1.0	0.9962371209356113	9.999000099990002e-05	0.9983492348921428	0.9999999999999999	0.9991739356269493	1858	1243	22	aa	0.8	4.0
True	PROKKA_06122025__gr_1e-12_lr_1e-13_mu_1e-14	21708	mmseqs2	0.9979842440306259	1.0	0.9985584321987584	9.999000099990002e-05	0.9993640381166637	1.0000000000000002	0.9996819179142908	1932	1297	38	nt	0.5	3.0
True	PROKKA_06122025__gr_1e-12_lr_1e-13_mu_1e-14	21708	hdbscan_dist	0.9061692809255567	0.9557705597788528	0.9314435431644059	9.999000099990002e-05	0.9822389455350251	0.9871550234499439	0.9846908486399213	1756	916	195	aa	0.9	0.25
True	PROKKA_06122025__gr_1e-12_lr_1e-13_mu_1e-14	21708	hdbscan_tsne	0.591128439505984	0.7387698686938493	0.7329967455507587	9.999000099990002e-05	0.9672167322100461	0.9289770508707388	0.9477113103719541	2012	509	671	aa	0.9	13.607
True	PROKKA_06122025__gr_1e-12_lr_1e-13_mu_1e-14	21708	hdbscan_umap	0.0597162467661491	0.9811679336558397	0.6573939782820302	9.999000099990002e-05	0.7942768223470622	0.9927897518858922	0.8825075693949641	603	27	34	aa	0.9	6.901
True	PROKKA_06122025__gr_1e-12_lr_1e-13_mu_1e-14	21708	cdhit	0.9908508586288014	1.0	0.9973206928809188	9.999000099990002e-05	0.9988165679740916	1.0	0.9994079336519069	1933	1301	37	nt	0.9	1.0
True	PROKKA_06122025__gr_1e-12_lr_1e-13_mu_1e-14	21708	mmseqs2	0.9981439282811208	1.0	0.9987115070327158	9.999000099990002e-05	0.9994316553119091	1.0	0.9997157468790789	1933	1298	38	aa	0.7	0.0
True	PROKKA_06122025__gr_1e-12_lr_1e-13_mu_1e-14	21708	mmseqs2	0.9984931020534734	0.9994816862474084	0.99903823466945	9.999000099990002e-05	0.9997745406159194	0.9998017433246666	0.999788141785257	1940	1305	38	nt	0.9	1.0
True	PROKKA_06122025__gr_1e-12_lr_1e-13_mu_1e-14	21708	mmseqs2	0.9960401945116444	1.0	0.9976351215979787	9.999000099990002e-05	0.9989557540178218	1.0000000000000002	0.9994776042540816	1928	1294	37	aa	0.6	1.0
True	PROKKA_06122025__gr_1e-12_lr_1e-13_mu_1e-14	21708	ppanggolin	0.9896376068987499	0.9946052868189175	0.9945464304987297	9.999000099990002e-05	0.9993743041747045	0.9982502013673588	0.9988119364935936	1885	1261	29	aa	0.95	4.0
True	PROKKA_06122025__gr_1e-12_lr_1e-13_mu_1e-14	21708	ppanggolin	0.9767797183939481	1.0	0.9925363418018753	9.999000099990002e-05	0.9967136878075892	1.0000000000000002	0.9983541394980775	1848	1237	22	aa	0.7	5.0
True	PROKKA_06122025__gr_1e-12_lr_1e-13_mu_1e-14	21708	cdhit	0.9790526432726845	0.9841050449205252	0.9870982914711154	9.999000099990002e-05	0.9995454570150774	0.9948556870693711	0.9971950581208627	1996	1338	57	aa	0.95	0.0
True	PROKKA_06122025__gr_1e-12_lr_1e-13_mu_1e-14	21708	ppanggolin	0.9891630689294207	1.0	0.9963171525629464	9.999000099990002e-05	0.9983844740923871	1.0	0.9991915840377279	1859	1245	21	aa	0.85	4.0
True	PROKKA_06122025__gr_1e-12_lr_1e-13_mu_1e-14	21708	mmseqs2	0.9982078162638202	1.0	0.9987245528886597	9.999000099990002e-05	0.9994374169312052	1.0000000000000002	0.9997186293184119	1933	1298	38	nt	0.6	1.0
True	PROKKA_06122025__gr_1e-12_lr_1e-13_mu_1e-14	25172	panaroo	0.999495960756547	0.9996305191206355	0.9997107259230296	9.999000099990002e-05	1.0	0.9998754514611528	0.9999377218522503	1872	1276	21	aa	0.85	33.0
True	PROKKA_06122025__gr_1e-12_lr_1e-13_mu_1e-14	25172	panta	0.999672783093238	0.9998137108792846	0.9998009137825254	9.999000099990002e-05	1.0	0.9999142726278757	0.9999571344765634	1959	1368	22	aa	0.6	8.0
True	PROKKA_06122025__gr_1e-12_lr_1e-13_mu_1e-14	25172	diamond	0.9877299842421063	1.0	0.9931842328719572	9.999000099990002e-05	0.9970537959784288	0.9999999999999998	0.9985247247582892	1903	1270	52	aa	0.6	1.0
True	PROKKA_06122025__gr_1e-12_lr_1e-13_mu_1e-14	25172	diamond	0.9837413853720848	0.9871359656959086	0.9899114380087516	9.999000099990002e-05	0.999629938996515	0.9960881572049194	0.9978559053176049	1974	1323	65	aa	0.95	0.0
True	PROKKA_06122025__gr_1e-12_lr_1e-13_mu_1e-14	25172	diamond	0.9921476403209619	1.0	0.9955835661340128	9.999000099990002e-05	0.9980955023036888	0.9999999999999998	0.9990468435096743	1917	1288	49	aa	0.7	1.0
True	PROKKA_06122025__gr_1e-12_lr_1e-13_mu_1e-14	25172	panta	0.999672783093238	0.9998137108792846	0.9998009137825254	9.999000099990002e-05	1.0	0.9999142726278757	0.9999571344765634	1860	1269	22	aa	0.8	7.0
True	PROKKA_06122025__gr_1e-12_lr_1e-13_mu_1e-14	25172	mmseqs2	0.9961608043804011	1.0	0.998235226601178	9.999000099990002e-05	0.9992409852654771	0.9999999999999999	0.999620348552217	1932	1304	48	nt	0.7	0.0
True	PROKKA_06122025__gr_1e-12_lr_1e-13_mu_1e-14	25172	cdhit	0.9927148744882356	0.9996426657137752	0.9956001875477953	9.999000099990002e-05	0.9982350540388147	0.9998685774782854	0.9990511480257095	1920	1292	49	aa	0.7	0.0
True	PROKKA_06122025__gr_1e-12_lr_1e-13_mu_1e-14	25172	panx	0.9997686080734216	1.0	0.999734981659462	9.999000099990002e-05	0.9998856029975027	1.0	0.9999427982268957	1771	1209	20	aa	0.5	854.0
True	PROKKA_06122025__gr_1e-12_lr_1e-13_mu_1e-14	25172	ppanggolin	0.9910838836589615	1.0	0.9949546794665323	9.999000099990002e-05	0.9978158822644055	1.0000000000000002	0.9989067472358271	1845	1248	23	aa	0.6	5.0
True	PROKKA_06122025__gr_1e-12_lr_1e-13_mu_1e-14	25172	panx	0.9992001637611158	0.999627004848937	0.9992673200324236	9.999000099990002e-05	0.9998061649871014	0.9998781814751097	0.9998421719343071	1856	1266	23	aa	0.9	874.0
True	PROKKA_06122025__gr_1e-12_lr_1e-13_mu_1e-14	25172	panaroo	0.9790975344035209	0.9835581008682801	0.9868653793750574	9.999000099990002e-05	1.0	0.9944463443712427	0.997215439941801	1928	1296	51	aa	0.95	34.0
True	PROKKA_06122025__gr_1e-12_lr_1e-13_mu_1e-14	25172	cdhit	0.9950679413392536	0.9998213328568876	0.9973132871404125	9.999000099990002e-05	0.9989066851232411	0.9999369916415448	0.9994215728459895	1928	1299	49	nt	0.8	24.0
True	PROKKA_06122025__gr_1e-12_lr_1e-13_mu_1e-14	25172	panta	0.9881211968566279	0.9914307004470939	0.9932928380761189	9.999000099990002e-05	1.0	0.9971383591986009	0.9985671294188414	1885	1278	34	aa	0.95	7.0
True	PROKKA_06122025__gr_1e-12_lr_1e-13_mu_1e-14	25172	mmseqs2	0.9860541922323687	1.0	0.9934755077638007	9.999000099990002e-05	0.9971805513179769	0.9999999999999998	0.9985882855307384	1910	1281	50	aa	0.5	1.0
True	PROKKA_06122025__gr_1e-12_lr_1e-13_mu_1e-14	25172	cdhit	0.9872168423399832	0.9989279971413257	0.9925925900157186	9.999000099990002e-05	0.9971691256051498	0.999631553186715	0.9983988210797432	1907	1274	51	aa	0.6	0.0
True	PROKKA_06122025__gr_1e-12_lr_1e-13_mu_1e-14	25172	panaroo	0.9997122050935999	1.0	0.9998095924752337	9.999000099990002e-05	0.9999179697353113	1.0	0.9999589831853456	1870	1275	21	aa	0.8	42.0
True	PROKKA_06122025__gr_1e-12_lr_1e-13_mu_1e-14	25172	cdhit	0.9979394810407854	0.9998213328568876	0.9984954022308009	9.999000099990002e-05	0.9993880283633914	0.9999651046788194	0.999676483239901	1933	1306	47	aa	0.9	0.0
True	PROKKA_06122025__gr_1e-12_lr_1e-13_mu_1e-14	25172	cdhit	0.9969810100922337	1.0	0.9980726655143932	9.999000099990002e-05	0.9991709310768375	1.0	0.9995852936283363	1930	1303	47	aa	0.85	0.0
True	PROKKA_06122025__gr_1e-12_lr_1e-13_mu_1e-14	25172	panta	0.999672783093238	0.9998137108792846	0.9998009137825254	9.999000099990002e-05	1.0	0.9999142726278757	0.9999571344765634	1860	1270	21	aa	0.85	7.0
True	PROKKA_06122025__gr_1e-12_lr_1e-13_mu_1e-14	25172	mmseqs2	0.9994841098575302	1.0	0.9995434887057746	9.999000099990002e-05	0.9998039123206858	1.0	0.9999019465468059	1937	1309	47	nt	0.85	1.0
True	PROKKA_06122025__gr_1e-12_lr_1e-13_mu_1e-14	25172	mmseqs2	0.9885143877744889	0.99249597998928	0.9935849644605	9.999000099990002e-05	1.0000000000000002	0.9972706577340837	0.9986334639948036	1968	1331	53	aa	0.95	1.0
True	PROKKA_06122025__gr_1e-12_lr_1e-13_mu_1e-14	25172	diamond	0.9942473389121916	0.9964266571377524	0.9958123901979613	9.999000099990002e-05	0.9992741726603444	0.9989297231460976	0.9991019182151926	1944	1313	51	aa	0.9	0.0
True	PROKKA_06122025__gr_1e-12_lr_1e-13_mu_1e-14	25172	mmseqs2	0.9928668689677017	0.9957119885653029	0.9958849105396635	9.999000099990002e-05	0.9998868261070867	0.998355189218593	0.9991204206689872	1957	1326	50	nt	0.95	0.0
True	PROKKA_06122025__gr_1e-12_lr_1e-13_mu_1e-14	25172	hdbscan_dist	0.9305405798763996	0.9787386099696266	0.9460625488741664	9.999000099990002e-05	0.9828543739737096	0.9933501802646444	0.9880744050172074	1706	918	172	nt	0.9	0.812
True	PROKKA_06122025__gr_1e-12_lr_1e-13_mu_1e-14	25172	hdbscan_tsne	0.629412353379447	0.7605860282294086	0.7464464467477003	9.999000099990002e-05	0.968197617872994	0.934399803629625	0.9509985179110587	1932	448	652	nt	0.9	26.989
True	PROKKA_06122025__gr_1e-12_lr_1e-13_mu_1e-14	25172	hdbscan_umap	0.6805361606982756	0.997677327139539	0.802328488266199	9.999000099990002e-05	0.8952218617531686	0.9994113665021807	0.9444518240622538	681	31	52	nt	0.9	10.125
True	PROKKA_06122025__gr_1e-12_lr_1e-13_mu_1e-14	25172	panx	0.9941063365204134	0.9955645906486786	0.9959991949002422	9.999000099990002e-05	0.999808107437991	0.9984750936705856	0.9991411559412066	1883	1282	26	aa	0.95	751.0
True	PROKKA_06122025__gr_1e-12_lr_1e-13_mu_1e-14	25172	diamond	0.9962928449176043	0.9994639985706628	0.9975750779533482	9.999000099990002e-05	0.9991011807104087	0.99985577534359	0.9994783355994551	1929	1299	49	aa	0.85	0.0
True	PROKKA_06122025__gr_1e-12_lr_1e-13_mu_1e-14	25172	panta	0.999672783093238	0.9998137108792846	0.9998009137825254	9.999000099990002e-05	1.0	0.9999142726278757	0.9999571344765634	1959	1368	22	aa	0.7	9.0
True	PROKKA_06122025__gr_1e-12_lr_1e-13_mu_1e-14	25172	mmseqs2	0.9992779025329552	1.0	0.9994714904927704	9.999000099990002e-05	0.9997729704040396	0.9999999999999999	0.9998864723149475	1937	1309	48	aa	0.8	1.0
True	PROKKA_06122025__gr_1e-12_lr_1e-13_mu_1e-14	25172	panta	0.9994910882595694	0.9998137108792846	0.9994294848741925	9.999000099990002e-05	0.9998399563117767	0.9999142589067314	0.9998771062288655	1956	1361	25	aa	0.5	8.0
True	PROKKA_06122025__gr_1e-12_lr_1e-13_mu_1e-14	25172	panaroo	0.9993886333897262	1.0	0.9995352341952481	9.999000099990002e-05	0.9997997176210298	1.0	0.9998998487812527	1868	1272	22	aa	0.7	37.0
True	PROKKA_06122025__gr_1e-12_lr_1e-13_mu_1e-14	25172	cdhit	0.9935379564424709	0.9964266571377524	0.995741038732055	9.999000099990002e-05	0.9996456480107802	0.9985321613791145	0.9990885944491641	1953	1323	49	nt	0.95	1.0
True	PROKKA_06122025__gr_1e-12_lr_1e-13_mu_1e-14	25172	cdhit	0.9964672563415021	0.9998213328568876	0.9975002110568092	9.999000099990002e-05	0.9989873250073616	0.9999369967273618	0.9994619352769365	1927	1297	50	aa	0.8	0.0
True	PROKKA_06122025__gr_1e-12_lr_1e-13_mu_1e-14	25172	ppanggolin	0.9988139107055597	1.0	0.9990346736895169	9.999000099990002e-05	0.9995838027984189	1.0	0.9997918580851682	1865	1269	22	aa	0.9	5.0
True	PROKKA_06122025__gr_1e-12_lr_1e-13_mu_1e-14	25172	cdhit	0.976168693170967	0.998570662855101	0.9880086181104698	9.999000099990002e-05	0.9951360005241471	0.9996602796305484	0.9973930094528233	1888	1256	53	aa	0.5	2.0
True	PROKKA_06122025__gr_1e-12_lr_1e-13_mu_1e-14	25172	panaroo	0.9984502644893903	0.9987068169222243	0.999015813822356	9.999000099990002e-05	1.0	0.9995766720046624	0.9997882911911984	1875	1277	22	aa	0.9	33.0
True	PROKKA_06122025__gr_1e-12_lr_1e-13_mu_1e-14	25172	ppanggolin	0.9741973398895791	1.0	0.9888208432266116	9.999000099990002e-05	0.995130902364732	1.0000000000000002	0.9975595096895663	1825	1230	26	aa	0.5	6.0
True	PROKKA_06122025__gr_1e-12_lr_1e-13_mu_1e-14	25172	cdhit	0.9975970496398637	1.0	0.9983771933896189	9.999000099990002e-05	0.9993021388885649	1.0	0.9996509476492518	1931	1303	48	nt	0.85	19.0
True	PROKKA_06122025__gr_1e-12_lr_1e-13_mu_1e-14	25172	embed_hdbscan_raw	0.8941329676652598	0.9623012328032875	0.9132165004658058	9.999000099990002e-05	0.9729335175287614	0.98828119542373	0.9805473040976835	1560	659	226	aa	0.9	14.514
True	PROKKA_06122025__gr_1e-12_lr_1e-13_mu_1e-14	25172	embed_hdbscan_tsne	0.6248663271137753	0.7721993925317134	0.740527633680919	9.999000099990002e-05	0.9622422606918319	0.9355254305133288	0.9486957854363929	1797	314	633	aa	0.9	13.651
True	PROKKA_06122025__gr_1e-12_lr_1e-13_mu_1e-14	25172	embed_hdbscan_umap	0.6605703474064831	0.997677327139539	0.7888967661334453	9.999000099990002e-05	0.8864085393038925	0.999232766285602	0.9394453273401426	612	13	12	aa	0.9	13.298
True	PROKKA_06122025__gr_1e-12_lr_1e-13_mu_1e-14	25172	diamond	0.9763142055929509	1.0	0.9882668787135168	9.999000099990002e-05	0.9949032330868819	1.0	0.9974451056930559	1882	1248	56	aa	0.5	1.0
True	PROKKA_06122025__gr_1e-12_lr_1e-13_mu_1e-14	25172	mmseqs2	0.9988641838802089	0.9992853314275505	0.9992928872319977	9.999000099990002e-05	0.9998519509238721	0.999844463348525	0.9998482071221806	1939	1310	48	aa	0.9	2.0
True	PROKKA_06122025__gr_1e-12_lr_1e-13_mu_1e-14	25172	panaroo	0.9993167569554283	1.0	0.9993672309497437	9.999000099990002e-05	0.9997272739218442	1.0000000000000002	0.9998636183635079	1866	1268	24	aa	0.6	38.0
True	PROKKA_06122025__gr_1e-12_lr_1e-13_mu_1e-14	25172	panx	0.9997746563183365	1.0	0.9997419892519751	9.999000099990002e-05	0.9998888984583839	1.0	0.9999444461431324	1814	1237	21	aa	0.6	909.0
True	PROKKA_06122025__gr_1e-12_lr_1e-13_mu_1e-14	25172	panaroo	0.99441766438703	1.0	0.997152463303267	9.999000099990002e-05	0.998770000750678	1.0	0.9993846219180496	1856	1256	27	aa	0.5	42.0
True	PROKKA_06122025__gr_1e-12_lr_1e-13_mu_1e-14	25172	panx	0.9997412082890977	1.0	0.9996591999203929	9.999000099990002e-05	0.9998531351431561	1.0	0.9999265621788606	1831	1247	23	aa	0.7	903.0
True	PROKKA_06122025__gr_1e-12_lr_1e-13_mu_1e-14	25172	diamond	0.9960193319147613	0.9994639985706628	0.9973919166342796	9.999000099990002e-05	0.999022200190576	0.9998557639431472	0.9994388082622216	1928	1298	49	aa	0.8	0.0
True	PROKKA_06122025__gr_1e-12_lr_1e-13_mu_1e-14	25172	panx	0.9992694264549241	0.9998130491680688	0.9993821850952482	9.999000099990002e-05	0.999805678551961	0.9999284262171415	0.9998670486173031	1853	1264	22	aa	0.85	834.0
True	PROKKA_06122025__gr_1e-12_lr_1e-13_mu_1e-14	25172	panta	0.9991633539739802	0.9992548435171386	0.9994023277713405	9.999000099990002e-05	1.0	0.9997427858517077	0.999871376383947	1862	1270	22	aa	0.9	7.0
True	PROKKA_06122025__gr_1e-12_lr_1e-13_mu_1e-14	25172	mmseqs2	0.9972204907659334	1.0	0.9988977595184192	9.999000099990002e-05	0.9995262475249771	0.9999999999999998	0.9997630676388422	1936	1309	47	nt	0.8	0.0
True	PROKKA_06122025__gr_1e-12_lr_1e-13_mu_1e-14	25172	panx	0.9994142138779178	1.0	0.9994618661423228	9.999000099990002e-05	0.9997682339455701	1.0	0.9998841035423528	1846	1258	23	aa	0.8	815.0
True	PROKKA_06122025__gr_1e-12_lr_1e-13_mu_1e-14	25172	mmseqs2	0.9990708874185176	0.9996426657137752	0.9993758690110409	9.999000099990002e-05	0.9998519509238721	0.9998800636530574	0.9998660070908569	1939	1310	49	aa	0.85	5.0
True	PROKKA_06122025__gr_1e-12_lr_1e-13_mu_1e-14	25172	ppanggolin	0.9979530626659151	1.0	0.9984799719539196	9.999000099990002e-05	0.999344283430702	1.0	0.9996720341890428	1862	1266	22	aa	0.8	4.0
True	PROKKA_06122025__gr_1e-12_lr_1e-13_mu_1e-14	25172	mmseqs2	0.9961266583739348	1.0	0.9981542882396732	9.999000099990002e-05	0.9992061100822627	0.9999999999999999	0.9996028974132614	1931	1302	49	nt	0.5	3.0
True	PROKKA_06122025__gr_1e-12_lr_1e-13_mu_1e-14	25172	hdbscan_dist	0.9150471669132414	0.9730212613900304	0.9346340412210015	9.999000099990002e-05	0.9792946651962887	0.9917212639661453	0.9854687917986173	1656	841	173	aa	0.9	0.406
True	PROKKA_06122025__gr_1e-12_lr_1e-13_mu_1e-14	25172	hdbscan_tsne	0.6063880092017585	0.7586206896551724	0.7400924395176831	9.999000099990002e-05	0.9658567743412869	0.9337083327836585	0.9495105117433459	1983	583	619	aa	0.9	19.167
True	PROKKA_06122025__gr_1e-12_lr_1e-13_mu_1e-14	25172	hdbscan_umap	0.04218038292843227	0.9896373056994818	0.6257655093050011	9.999000099990002e-05	0.7695562578589965	0.9955451100761823	0.8680838204054745	567	19	25	aa	0.9	10.218
True	PROKKA_06122025__gr_1e-12_lr_1e-13_mu_1e-14	25172	cdhit	0.9982824298656884	1.0	0.9987666184552084	9.999000099990002e-05	0.9994698098996572	1.0	0.9997348346558084	1933	1305	48	nt	0.9	1.0
True	PROKKA_06122025__gr_1e-12_lr_1e-13_mu_1e-14	25172	mmseqs2	0.9964966374135508	0.9994639985706628	0.998269819783414	9.999000099990002e-05	0.9994185946187272	0.9998377822609222	0.9996281444939152	1935	1306	49	aa	0.7	0.0
True	PROKKA_06122025__gr_1e-12_lr_1e-13_mu_1e-14	25172	mmseqs2	0.9990708874185176	0.9996426657137752	0.9993758690110409	9.999000099990002e-05	0.9998519509238721	0.9998800636530574	0.9998660070908569	1939	1310	49	nt	0.9	1.0
True	PROKKA_06122025__gr_1e-12_lr_1e-13_mu_1e-14	25172	mmseqs2	0.995990097710091	1.0	0.9978810200962248	9.999000099990002e-05	0.9990883211126473	1.0	0.9995439526719634	1928	1297	50	aa	0.6	2.0
True	PROKKA_06122025__gr_1e-12_lr_1e-13_mu_1e-14	25172	ppanggolin	0.9965350150431113	0.9972288934047663	0.9976248925161972	9.999000099990002e-05	0.9998931431072404	0.9990864620268849	0.9994896398004283	1879	1280	24	aa	0.95	5.0
True	PROKKA_06122025__gr_1e-12_lr_1e-13_mu_1e-14	25172	ppanggolin	0.99374201126239	1.0	0.9965661365217217	9.999000099990002e-05	0.9985158675378637	1.0000000000000002	0.9992573826977093	1854	1258	23	aa	0.7	5.0
True	PROKKA_06122025__gr_1e-12_lr_1e-13_mu_1e-14	25172	cdhit	0.9873327819150969	0.9914239771306057	0.9922842148515628	9.999000099990002e-05	0.9998128632558572	0.9969058011508005	0.9983572159787868	1973	1337	56	aa	0.95	0.0
True	PROKKA_06122025__gr_1e-12_lr_1e-13_mu_1e-14	25172	ppanggolin	0.9983833014738928	1.0	0.998821271667719	9.999000099990002e-05	0.9994916876225651	1.0	0.9997457791994929	1864	1268	22	aa	0.85	6.0
True	PROKKA_06122025__gr_1e-12_lr_1e-13_mu_1e-14	25172	mmseqs2	0.9961608043804011	1.0	0.998235226601178	9.999000099990002e-05	0.9992409852654771	0.9999999999999999	0.999620348552217	1932	1304	48	nt	0.6	0.0
True	PROKKA_06122025__gr_1e-12_lr_1e-13_mu_1e-14	25913	panaroo	0.9985041126212177	1.0	0.9994765480047929	9.999000099990002e-05	0.9997603376284397	1.0	0.999880154452986	1870	1283	19	aa	0.85	45.0
True	PROKKA_06122025__gr_1e-12_lr_1e-13_mu_1e-14	25913	panta	0.9998769214422354	0.9998249606161387	0.9998641033711636	9.999000099990002e-05	1.0	0.9999377508959078	0.999968874479186	1958	1374	18	aa	0.6	7.0
True	PROKKA_06122025__gr_1e-12_lr_1e-13_mu_1e-14	25913	diamond	0.9792259608856484	1.0	0.9911507265033163	9.999000099990002e-05	0.9958690390279638	0.9999999999999997	0.9979302444743327	1904	1285	55	aa	0.6	1.0
True	PROKKA_06122025__gr_1e-12_lr_1e-13_mu_1e-14	25913	diamond	0.9691810143781676	0.9756420878210439	0.9819986078155597	9.999000099990002e-05	0.999579664972503	0.992278749782998	0.9959158270686358	2013	1342	83	aa	0.95	0.0
True	PROKKA_06122025__gr_1e-12_lr_1e-13_mu_1e-14	25913	diamond	0.981302350872547	1.0	0.992900118705266	9.999000099990002e-05	0.9966914835500825	0.9999999999999998	0.9983430006702712	1917	1301	52	aa	0.7	1.0
True	PROKKA_06122025__gr_1e-12_lr_1e-13_mu_1e-14	25913	panta	0.9987370097652615	0.9989497636968317	0.9992696904303131	9.999000099990002e-05	1.0000000000000002	0.9996657606084769	0.9998328523705776	1861	1275	19	aa	0.8	7.0
True	PROKKA_06122025__gr_1e-12_lr_1e-13_mu_1e-14	25913	mmseqs2	0.9927846206523153	1.0	0.9972312620016269	9.999000099990002e-05	0.9987153088912109	0.9999999999999998	0.9993572415725869	1932	1311	52	nt	0.7	2.0
True	PROKKA_06122025__gr_1e-12_lr_1e-13_mu_1e-14	25913	cdhit	0.9832247470656688	1.0	0.9936143115019811	9.999000099990002e-05	0.997026404546598	1.0	0.9985109884142582	1919	1301	53	aa	0.7	0.0
True	PROKKA_06122025__gr_1e-12_lr_1e-13_mu_1e-14	25913	panx	0.9979900259074347	1.0	0.9990975225937034	9.999000099990002e-05	0.9995856870296269	1.0000000000000002	0.9997928005921125	1764	1225	18	aa	0.5	832.0
True	PROKKA_06122025__gr_1e-12_lr_1e-13_mu_1e-14	25913	ppanggolin	0.9791337313623549	1.0	0.9913412148502533	9.999000099990002e-05	0.9960034256560261	1.0	0.9979977116809505	1839	1260	18	aa	0.6	7.0
True	PROKKA_06122025__gr_1e-12_lr_1e-13_mu_1e-14	25913	panx	0.9966004765197249	0.9987676056338028	0.9983932217645918	9.999000099990002e-05	0.9996850737781717	0.9995787574705712	0.9996319127975417	1854	1275	19	aa	0.9	784.0
True	PROKKA_06122025__gr_1e-12_lr_1e-13_mu_1e-14	25913	panaroo	0.9744789073481165	0.9777391304347826	0.9841702025811101	9.999000099990002e-05	1.0	0.9929186013961929	0.9964467196006671	1942	1304	51	aa	0.95	39.0
True	PROKKA_06122025__gr_1e-12_lr_1e-13_mu_1e-14	25913	cdhit	0.9912381810071068	1.0	0.9964906838355397	9.999000099990002e-05	0.9983704838647831	1.0	0.9991845775603804	1928	1307	52	nt	0.8	23.0
True	PROKKA_06122025__gr_1e-12_lr_1e-13_mu_1e-14	25913	panta	0.9812898125248083	0.9844214948363382	0.9890925464984717	9.999000099990002e-05	1.0	0.9950805198362253	0.9975341946779277	1903	1288	39	aa	0.95	6.0
True	PROKKA_06122025__gr_1e-12_lr_1e-13_mu_1e-14	25913	mmseqs2	0.9806542223102843	1.0	0.9920265706943301	9.999000099990002e-05	0.9962811541264134	0.9999999999999998	0.9981371131687038	1910	1294	51	aa	0.5	1.0
True	PROKKA_06122025__gr_1e-12_lr_1e-13_mu_1e-14	25913	cdhit	0.9791440961967334	0.99983429991715	0.991138329343275	9.999000099990002e-05	0.9958962891140624	0.9999673599064873	0.9979276725188787	1905	1287	54	aa	0.6	0.0
True	PROKKA_06122025__gr_1e-12_lr_1e-13_mu_1e-14	25913	panaroo	0.9970126850773892	1.0	0.9989536361706942	9.999000099990002e-05	0.9995206752568795	1.0	0.9997602801766183	1869	1283	19	aa	0.8	35.0
True	PROKKA_06122025__gr_1e-12_lr_1e-13_mu_1e-14	25913	cdhit	0.9924784294231072	0.9983429991714996	0.996263357259638	9.999000099990002e-05	0.998904875218989	0.9993640869831734	0.9991344283365513	1940	1317	52	aa	0.9	0.0
True	PROKKA_06122025__gr_1e-12_lr_1e-13_mu_1e-14	25913	cdhit	0.9927016536000257	1.0	0.9969145672873323	9.999000099990002e-05	0.9985679087421276	1.0	0.999283441282326	1930	1310	51	aa	0.85	0.0
True	PROKKA_06122025__gr_1e-12_lr_1e-13_mu_1e-14	25913	panta	0.9987370097652615	0.9989497636968317	0.9992696904303131	9.999000099990002e-05	1.0000000000000002	0.999665760608477	0.9998328523705776	1861	1275	19	aa	0.85	7.0
True	PROKKA_06122025__gr_1e-12_lr_1e-13_mu_1e-14	25913	mmseqs2	0.9952244936227718	1.0	0.9984375824555354	9.999000099990002e-05	0.9992759073043948	0.9999999999999999	0.999637822527166	1938	1317	51	nt	0.85	2.0
True	PROKKA_06122025__gr_1e-12_lr_1e-13_mu_1e-14	25913	mmseqs2	0.9784444020516041	0.9827671913835957	0.9872163372113282	9.999000099990002e-05	1.0	0.9941925951542215	0.9970878415355217	2000	1347	69	aa	0.95	0.0
True	PROKKA_06122025__gr_1e-12_lr_1e-13_mu_1e-14	25913	diamond	0.9914890985049846	0.9965202982601491	0.9950524373720332	9.999000099990002e-05	0.9989180433209783	0.9987933623310308	0.9988556989352151	1951	1330	53	aa	0.9	0.0
True	PROKKA_06122025__gr_1e-12_lr_1e-13_mu_1e-14	25913	mmseqs2	0.9847713060032205	0.9885666942833471	0.9909483488914257	9.999000099990002e-05	0.9998586418961284	0.9960031025876493	0.9979271482406146	1981	1340	61	nt	0.95	2.0
True	PROKKA_06122025__gr_1e-12_lr_1e-13_mu_1e-14	25913	hdbscan_dist	0.8923079213572118	0.9297431648715825	0.9254213062040644	9.999000099990002e-05	0.9863076100074719	0.979804935485369	0.9830455193498162	1868	978	232	nt	0.9	0.321
True	PROKKA_06122025__gr_1e-12_lr_1e-13_mu_1e-14	25913	hdbscan_tsne	0.5441083515430923	0.6825186412593206	0.7066697251784878	9.999000099990002e-05	0.9734730379253407	0.9148690417796888	0.9432616632090688	2221	539	752	nt	0.9	18.044
True	PROKKA_06122025__gr_1e-12_lr_1e-13_mu_1e-14	25913	hdbscan_umap	0.6706406009493403	0.9915492957746479	0.8095726428502554	9.999000099990002e-05	0.8946932227663061	0.9975028839251394	0.9433050483315448	681	45	51	nt	0.9	7.569
True	PROKKA_06122025__gr_1e-12_lr_1e-13_mu_1e-14	25913	panx	0.984612595430757	0.9905906952430737	0.9915883682485118	9.999000099990002e-05	0.9994664969697756	0.9967132313709112	0.9980879654256186	1896	1298	27	aa	0.95	780.0
True	PROKKA_06122025__gr_1e-12_lr_1e-13_mu_1e-14	25913	diamond	0.9926740009913447	1.0	0.9968447512347828	9.999000099990002e-05	0.9985354015330837	0.9999999999999998	0.9992671641113822	1929	1308	52	aa	0.85	1.0
True	PROKKA_06122025__gr_1e-12_lr_1e-13_mu_1e-14	25913	panta	0.9995690927236004	0.9994748818484159	0.9996365564229643	9.999000099990002e-05	1.0000000000000002	0.99983357520716	0.9999167806787009	1959	1374	19	aa	0.7	8.0
True	PROKKA_06122025__gr_1e-12_lr_1e-13_mu_1e-14	25913	mmseqs2	0.9938644532220715	1.0	0.997947577371005	9.999000099990002e-05	0.999048356841087	1.0	0.9995239519065877	1937	1317	51	aa	0.8	0.0
True	PROKKA_06122025__gr_1e-12_lr_1e-13_mu_1e-14	25913	panta	0.9995999086844451	0.9996499212322772	0.9996182497915621	9.999000099990002e-05	0.9999655073796268	0.999859647736332	0.9999125747561685	1958	1373	19	aa	0.5	8.0
True	PROKKA_06122025__gr_1e-12_lr_1e-13_mu_1e-14	25913	panaroo	0.996830366812939	1.0	0.9987990447366971	9.999000099990002e-05	0.9994497744062282	1.0	0.9997248114952348	1868	1282	19	aa	0.7	44.0
True	PROKKA_06122025__gr_1e-12_lr_1e-13_mu_1e-14	25913	cdhit	0.9846683106465076	0.9903893951946976	0.9917203633910797	9.999000099990002e-05	0.9992765656788167	0.9969189107699415	0.9980963459417257	1964	1324	61	nt	0.95	0.0
True	PROKKA_06122025__gr_1e-12_lr_1e-13_mu_1e-14	25913	cdhit	0.9896839608756357	0.9993371996685998	0.9954304674894253	9.999000099990002e-05	0.9980724978453248	0.9998048789154151	0.9989379372971937	1928	1308	52	aa	0.8	0.0
True	PROKKA_06122025__gr_1e-12_lr_1e-13_mu_1e-14	25913	ppanggolin	0.9940391522559784	0.9998260869565218	0.9974325292005335	9.999000099990002e-05	0.9989075427907497	0.999914905991216	0.9994109705463708	1864	1279	19	aa	0.9	4.0
True	PROKKA_06122025__gr_1e-12_lr_1e-13_mu_1e-14	25913	cdhit	0.9668676075585197	0.9990057995028998	0.9865737080784094	9.999000099990002e-05	0.9939196438704202	0.9997885291167548	0.9968454483652742	1888	1272	52	aa	0.5	2.0
True	PROKKA_06122025__gr_1e-12_lr_1e-13_mu_1e-14	25913	panaroo	0.9957141532348276	0.9982608695652174	0.9980958189923885	9.999000099990002e-05	0.9997603376284397	0.9993692701487569	0.9995647656385087	1875	1284	20	aa	0.9	37.0
True	PROKKA_06122025__gr_1e-12_lr_1e-13_mu_1e-14	25913	ppanggolin	0.9598225759677185	1.0	0.9848685918500355	9.999000099990002e-05	0.9929706981378164	0.9999999999999999	0.9964729527289329	1817	1244	17	aa	0.5	8.0
True	PROKKA_06122025__gr_1e-12_lr_1e-13_mu_1e-14	25913	cdhit	0.9937188899364169	0.9995028997514499	0.9971066241192216	9.999000099990002e-05	0.9988374425147664	0.9998207162755564	0.9993288375260642	1933	1310	53	nt	0.85	20.0
True	PROKKA_06122025__gr_1e-12_lr_1e-13_mu_1e-14	25913	embed_hdbscan_raw	0.8789686720461437	0.9396851698425849	0.9080502278357285	9.999000099990002e-05	0.9745427694868344	0.9820668161320611	0.9782903261324123	1628	694	239	aa	0.9	17.153
True	PROKKA_06122025__gr_1e-12_lr_1e-13_mu_1e-14	25913	embed_hdbscan_tsne	0.6078836099183511	0.7434962717481359	0.7408524827433857	9.999000099990002e-05	0.9660996873856765	0.9276210242781391	0.9464694303101495	1918	366	618	aa	0.9	18.77
True	PROKKA_06122025__gr_1e-12_lr_1e-13_mu_1e-14	25913	embed_hdbscan_umap	0.6670113836601591	0.9870753935376968	0.7984884490916895	9.999000099990002e-05	0.8883396149927854	0.9963777639169764	0.9392621398730764	609	14	14	aa	0.9	14.491
True	PROKKA_06122025__gr_1e-12_lr_1e-13_mu_1e-14	25913	diamond	0.9661367194332916	1.0	0.9864729347692539	9.999000099990002e-05	0.9936558661423668	0.9999999999999999	0.9968178390436515	1883	1265	56	aa	0.5	1.0
True	PROKKA_06122025__gr_1e-12_lr_1e-13_mu_1e-14	25913	mmseqs2	0.9953965015053505	0.9980115990057995	0.9976962310503004	9.999000099990002e-05	0.9996120011203938	0.999322835469159	0.9994673973794438	1946	1321	52	aa	0.9	0.0
True	PROKKA_06122025__gr_1e-12_lr_1e-13_mu_1e-14	25913	panaroo	0.9961320961820156	1.0	0.9982328429112199	9.999000099990002e-05	0.9991899088231729	1.0000000000000002	0.9995947902831784	1864	1277	20	aa	0.6	39.0
True	PROKKA_06122025__gr_1e-12_lr_1e-13_mu_1e-14	25913	panx	0.9980706161310229	1.0	0.9991336609442705	9.999000099990002e-05	0.999601768450122	1.0	0.9998008445700733	1810	1250	18	aa	0.6	823.0
True	PROKKA_06122025__gr_1e-12_lr_1e-13_mu_1e-14	25913	panaroo	0.9922939396229926	1.0	0.9962181057527066	9.999000099990002e-05	0.998262849654031	0.9999999999999999	0.9991306697483417	1854	1268	19	aa	0.5	42.0
True	PROKKA_06122025__gr_1e-12_lr_1e-13_mu_1e-14	25913	panx	0.9980786456755522	0.9998204667863555	0.9991379197941537	9.999000099990002e-05	0.9996781122839825	0.9999264955355206	0.9998022884831418	1825	1261	18	aa	0.7	827.0
True	PROKKA_06122025__gr_1e-12_lr_1e-13_mu_1e-14	25913	diamond	0.9891196606469054	1.0	0.995734548941018	9.999000099990002e-05	0.9980178970198751	0.9999999999999997	0.9990079653525218	1927	1308	52	aa	0.8	1.0
True	PROKKA_06122025__gr_1e-12_lr_1e-13_mu_1e-14	25913	panx	0.9971017686622107	0.999113160695282	0.9987270925693681	9.999000099990002e-05	0.9996825184560159	0.9997346627589263	0.9997085899275159	1845	1271	19	aa	0.85	844.0
True	PROKKA_06122025__gr_1e-12_lr_1e-13_mu_1e-14	25913	panta	0.998088878493627	0.9982496061613864	0.9987753242172502	9.999000099990002e-05	1.0	0.9994399065239034	0.9997198748138071	1864	1277	20	aa	0.9	7.0
True	PROKKA_06122025__gr_1e-12_lr_1e-13_mu_1e-14	25913	mmseqs2	0.9945301316107217	1.0	0.9980875159446325	9.999000099990002e-05	0.9991133633229452	1.0	0.9995564850431589	1936	1315	51	nt	0.8	1.0
True	PROKKA_06122025__gr_1e-12_lr_1e-13_mu_1e-14	25913	panx	0.9970757136242586	0.9991065046461758	0.9987155653294927	9.999000099990002e-05	0.999679906783419	0.9997324799219768	0.9997061926615111	1837	1268	19	aa	0.8	855.0
True	PROKKA_06122025__gr_1e-12_lr_1e-13_mu_1e-14	25913	mmseqs2	0.9952244936227718	1.0	0.9984375824555354	9.999000099990002e-05	0.9992759073043948	0.9999999999999999	0.999637822527166	1938	1317	51	aa	0.85	0.0
True	PROKKA_06122025__gr_1e-12_lr_1e-13_mu_1e-14	25913	ppanggolin	0.9872916171535285	1.0	0.9951005620016283	9.999000099990002e-05	0.9977470525512426	1.0	0.9988722559015265	1857	1276	19	aa	0.8	4.0
True	PROKKA_06122025__gr_1e-12_lr_1e-13_mu_1e-14	25913	mmseqs2	0.9926463499201578	1.0	0.9970950374711153	9.999000099990002e-05	0.9986519176469795	0.9999999999999998	0.9993255041855373	1931	1310	52	nt	0.5	3.0
True	PROKKA_06122025__gr_1e-12_lr_1e-13_mu_1e-14	25913	hdbscan_dist	0.8843442506317558	0.9290803645401823	0.92136199575911	9.999000099990002e-05	0.9848110933348458	0.9793485169078288	0.9820722090631897	1860	967	247	aa	0.9	0.301
True	PROKKA_06122025__gr_1e-12_lr_1e-13_mu_1e-14	25913	hdbscan_tsne	0.5667032724756592	0.7090306545153272	0.7220327754813025	9.999000099990002e-05	0.9708208929754151	0.9201288455006714	0.9447954001794809	2144	560	679	aa	0.9	17.379
True	PROKKA_06122025__gr_1e-12_lr_1e-13_mu_1e-14	25913	hdbscan_umap	0.11248719490690641	0.9703396851698426	0.6996883508666804	9.999000099990002e-05	0.8246403034494133	0.9888267039131011	0.8993010072565143	622	31	36	aa	0.9	7.127
True	PROKKA_06122025__gr_1e-12_lr_1e-13_mu_1e-14	25913	cdhit	0.9943885623253841	0.99983429991715	0.9976259065003605	9.999000099990002e-05	0.9989754392741487	0.9999236989522645	0.9994493441902979	1934	1312	52	nt	0.9	0.0
True	PROKKA_06122025__gr_1e-12_lr_1e-13_mu_1e-14	25913	mmseqs2	0.992812279412255	1.0	0.9973011321139311	9.999000099990002e-05	0.9987478161002549	0.9999999999999999	0.9993735158134215	1933	1313	51	aa	0.7	0.0
True	PROKKA_06122025__gr_1e-12_lr_1e-13_mu_1e-14	25913	mmseqs2	0.9950258163017002	0.9996685998342999	0.9981678442546627	9.999000099990002e-05	0.9992947400402321	0.9998563729262704	0.9995754775918917	1940	1319	51	nt	0.9	1.0
True	PROKKA_06122025__gr_1e-12_lr_1e-13_mu_1e-14	25913	mmseqs2	0.9919003517026636	1.0	0.9965487289076106	9.999000099990002e-05	0.9983975246084756	0.9999999999999998	0.9991981198076	1927	1305	53	aa	0.6	0.0
True	PROKKA_06122025__gr_1e-12_lr_1e-13_mu_1e-14	25913	ppanggolin	0.9875434288273021	0.9930434782608696	0.9932435487112601	9.999000099990002e-05	0.9993932758847608	0.9975320039714644	0.9984617725112968	1892	1296	26	aa	0.95	4.0
True	PROKKA_06122025__gr_1e-12_lr_1e-13_mu_1e-14	25913	ppanggolin	0.9806016150433284	1.0	0.9925895405156533	9.999000099990002e-05	0.9965838829069322	1.0	0.9982890189977423	1848	1271	16	aa	0.7	4.0
True	PROKKA_06122025__gr_1e-12_lr_1e-13_mu_1e-14	25913	cdhit	0.9759416954011048	0.9822700911350456	0.9858460860099485	9.999000099990002e-05	0.9994964560179275	0.9940633272095571	0.9967724880513068	2000	1346	73	aa	0.95	0.0
True	PROKKA_06122025__gr_1e-12_lr_1e-13_mu_1e-14	25913	ppanggolin	0.9887541390359238	1.0	0.9956194992256872	9.999000099990002e-05	0.9979867149228029	1.0	0.9989923431111128	1858	1276	19	aa	0.85	4.0
True	PROKKA_06122025__gr_1e-12_lr_1e-13_mu_1e-14	25913	mmseqs2	0.9927846206523153	1.0	0.9972312620016269	9.999000099990002e-05	0.9987153088912109	0.9999999999999998	0.9993572415725869	1932	1311	52	nt	0.6	1.0
True	PROKKA_06122025__gr_1e-12_lr_1e-13_mu_1e-14	27347	panaroo	1.0	1.0	1.0	9.999000099990002e-05	1.0	1.0000000000000002	1.0000000000000002	1879	1274	19	aa	0.85	36.0
True	PROKKA_06122025__gr_1e-12_lr_1e-13_mu_1e-14	27347	panta	0.9998504496839316	0.9994380970219142	0.9997081872810968	9.999000099990002e-05	0.9999999999999999	0.999876088130346	0.9999380402263972	1969	1369	18	aa	0.6	8.0
True	PROKKA_06122025__gr_1e-12_lr_1e-13_mu_1e-14	27347	diamond	0.978177280879782	1.0	0.990491191166417	9.999000099990002e-05	0.9959419941812396	0.9999999999999998	0.9979668718677243	1901	1272	47	aa	0.6	1.0
True	PROKKA_06122025__gr_1e-12_lr_1e-13_mu_1e-14	27347	diamond	0.987725095690799	0.9905831220572257	0.9927106567220655	9.999000099990002e-05	0.9996444224485453	0.9972974515175184	0.9984695578060456	1963	1315	54	aa	0.95	1.0
True	PROKKA_06122025__gr_1e-12_lr_1e-13_mu_1e-14	27347	diamond	0.9823755714007307	1.0	0.993260217193574	9.999000099990002e-05	0.9971316765837109	0.9999999999999998	0.9985637785180014	1917	1291	45	aa	0.7	2.0
True	PROKKA_06122025__gr_1e-12_lr_1e-13_mu_1e-14	27347	panta	0.9995137981790104	0.9994380970219142	0.9996331933318038	9.999000099990002e-05	1.0	0.9998442600022492	0.9999221239369157	1870	1268	19	aa	0.8	7.0
True	PROKKA_06122025__gr_1e-12_lr_1e-13_mu_1e-14	27347	mmseqs2	0.9959699227810532	1.0	0.9978976135033301	9.999000099990002e-05	0.9991093696627001	0.9999999999999999	0.9995544864374027	1932	1303	44	nt	0.7	2.0
True	PROKKA_06122025__gr_1e-12_lr_1e-13_mu_1e-14	27347	cdhit	0.9830541498730339	0.9996378123868164	0.9932755723890492	9.999000099990002e-05	0.9972806312816613	0.9998591451205895	0.9985682236372085	1920	1293	46	aa	0.7	0.0
True	PROKKA_06122025__gr_1e-12_lr_1e-13_mu_1e-14	27347	panx	0.9997200218493001	1.0	0.9997982959691951	9.999000099990002e-05	0.9999141458178106	1.0	0.999957071066091	1772	1215	18	aa	0.5	824.0
True	PROKKA_06122025__gr_1e-12_lr_1e-13_mu_1e-14	27347	ppanggolin	0.9754432756858806	1.0	0.9903354374449703	9.999000099990002e-05	0.9958590759873358	1.0000000000000002	0.9979252422866501	1847	1250	21	aa	0.6	4.0
True	PROKKA_06122025__gr_1e-12_lr_1e-13_mu_1e-14	27347	panx	0.9987032369119165	0.999049971499145	0.999186225905536	9.999000099990002e-05	0.9999189900785491	0.9997368956825557	0.9998279345895337	1857	1264	20	aa	0.9	787.0
True	PROKKA_06122025__gr_1e-12_lr_1e-13_mu_1e-14	27347	panaroo	0.9851542314069844	0.9875279225614296	0.9903350997562922	9.999000099990002e-05	1.0	0.995953950951655	0.9979728745513313	1921	1291	38	aa	0.95	34.0
True	PROKKA_06122025__gr_1e-12_lr_1e-13_mu_1e-14	27347	cdhit	0.9911271732956903	1.0	0.9966115164117824	9.999000099990002e-05	0.9985627201214966	1.0000000000000002	0.9992808432459824	1928	1298	45	nt	0.8	22.0
True	PROKKA_06122025__gr_1e-12_lr_1e-13_mu_1e-14	27347	panta	0.9956825445489239	0.9966285821314853	0.9973945075738893	9.999000099990002e-05	1.0	0.9988972486974211	0.9994483201658827	1877	1271	21	aa	0.95	9.0
True	PROKKA_06122025__gr_1e-12_lr_1e-13_mu_1e-14	27347	mmseqs2	0.9897220853322539	1.0	0.9939638923702432	9.999000099990002e-05	0.9974328837307751	0.9999999999999999	0.9987147922264951	1910	1277	48	aa	0.5	1.0
True	PROKKA_06122025__gr_1e-12_lr_1e-13_mu_1e-14	27347	cdhit	0.9757216698131885	0.9990945309670409	0.989546246080484	9.999000099990002e-05	0.9957599390540643	0.9997783265168906	0.9977650869001943	1907	1283	46	aa	0.6	0.0
True	PROKKA_06122025__gr_1e-12_lr_1e-13_mu_1e-14	27347	panaroo	0.9997401613917866	1.0	0.9998133628359782	9.999000099990002e-05	0.9999207821437098	1.0	0.9999603895029257	1878	1273	19	aa	0.8	35.0
True	PROKKA_06122025__gr_1e-12_lr_1e-13_mu_1e-14	27347	cdhit	0.9958904013143888	0.9990945309670409	0.9976316215170418	9.999000099990002e-05	0.9992958331056977	0.9997018725824973	0.9994988116064171	1935	1302	45	aa	0.9	0.0
True	PROKKA_06122025__gr_1e-12_lr_1e-13_mu_1e-14	27347	cdhit	0.9901783025449064	1.0	0.9966302666765764	9.999000099990002e-05	0.9985707061011618	0.9999999999999999	0.9992848419650728	1930	1301	45	aa	0.85	0.0
True	PROKKA_06122025__gr_1e-12_lr_1e-13_mu_1e-14	27347	panta	0.9995137981790104	0.9994380970219142	0.9996331933318026	9.999000099990002e-05	1.0	0.9998442600022489	0.9999221239369155	1869	1267	19	aa	0.85	9.0
True	PROKKA_06122025__gr_1e-12_lr_1e-13_mu_1e-14	27347	mmseqs2	0.9989626303318214	1.0	0.999401952595494	9.999000099990002e-05	0.9997470283251599	1.0000000000000002	0.9998734981618892	1937	1305	45	nt	0.85	0.0
True	PROKKA_06122025__gr_1e-12_lr_1e-13_mu_1e-14	27347	mmseqs2	0.99242335609349	0.9938428105758783	0.9949468983425502	9.999000099990002e-05	1.0000000000000002	0.9978790069312604	0.9989383776187742	1964	1325	49	aa	0.95	2.0
True	PROKKA_06122025__gr_1e-12_lr_1e-13_mu_1e-14	27347	diamond	0.9906036648646267	0.9987323433538573	0.9959203375151766	9.999000099990002e-05	0.9986879160665016	0.999583443837984	0.9991354792863059	1934	1303	46	aa	0.9	0.0
True	PROKKA_06122025__gr_1e-12_lr_1e-13_mu_1e-14	27347	mmseqs2	0.9969847619424768	0.9981890619340819	0.998124820251029	9.999000099990002e-05	0.9999200402378037	0.9992888623962347	0.9996043516812414	1947	1313	47	nt	0.95	0.0
True	PROKKA_06122025__gr_1e-12_lr_1e-13_mu_1e-14	27347	hdbscan_dist	0.9407290884256513	0.9867801521187975	0.9505474991854528	9.999000099990002e-05	0.982187239306973	0.9961622693526766	0.9891253946327836	1662	879	155	nt	0.9	0.255
True	PROKKA_06122025__gr_1e-12_lr_1e-13_mu_1e-14	27347	hdbscan_tsne	0.6235773913373488	0.7634914885910902	0.741313614404605	9.999000099990002e-05	0.9669276090333975	0.9347734187516692	0.9505786804293421	1919	445	658	nt	0.9	15.109
True	PROKKA_06122025__gr_1e-12_lr_1e-13_mu_1e-14	27347	hdbscan_umap	0.6661156201980485	0.9983701557406737	0.7958555916040279	9.999000099990002e-05	0.8924337037560206	0.9995238934887802	0.9429479937159639	686	50	44	nt	0.9	7.329
True	PROKKA_06122025__gr_1e-12_lr_1e-13_mu_1e-14	27347	panx	0.9923535491723803	0.9956977179199401	0.9957077168720483	9.999000099990002e-05	0.9996677263776154	0.9985177972175899	0.9990924309131434	1885	1277	25	aa	0.95	760.0
True	PROKKA_06122025__gr_1e-12_lr_1e-13_mu_1e-14	27347	diamond	0.9885308833478756	1.0	0.9958495821278046	9.999000099990002e-05	0.9982382063387033	0.9999999999999998	0.9991183265059649	1927	1298	46	aa	0.85	0.0
True	PROKKA_06122025__gr_1e-12_lr_1e-13_mu_1e-14	27347	panta	0.9998504496839316	0.9994380970219142	0.9997081872810968	9.999000099990002e-05	0.9999999999999999	0.999876088130346	0.9999380402263972	1968	1368	18	aa	0.7	9.0
True	PROKKA_06122025__gr_1e-12_lr_1e-13_mu_1e-14	27347	mmseqs2	0.9988554388305435	1.0	0.9993222072107348	9.999000099990002e-05	0.9997132735975276	0.9999999999999998	0.9998566162428093	1937	1306	44	aa	0.8	1.0
True	PROKKA_06122025__gr_1e-12_lr_1e-13_mu_1e-14	27347	panta	0.9996635745613349	0.9994380970219142	0.9993302268681572	9.999000099990002e-05	0.9998393801644833	0.9998760682269116	0.9998577238591461	1965	1361	21	aa	0.5	8.0
True	PROKKA_06122025__gr_1e-12_lr_1e-13_mu_1e-14	27347	panaroo	0.9995917426915407	1.0	0.9995883363716216	9.999000099990002e-05	0.9998252307851548	0.9999999999999999	0.9999126077558405	1876	1270	20	aa	0.7	38.0
True	PROKKA_06122025__gr_1e-12_lr_1e-13_mu_1e-14	27347	cdhit	0.9915049171812218	0.99800796812749	0.9964822715377302	9.999000099990002e-05	0.9992699696530875	0.9992430638978416	0.9992565165943499	1944	1310	48	nt	0.95	0.0
True	PROKKA_06122025__gr_1e-12_lr_1e-13_mu_1e-14	27347	cdhit	0.9880412198874635	1.0	0.9955648012445372	9.999000099990002e-05	0.9981167863712882	0.9999999999999999	0.9990575057266138	1926	1298	45	aa	0.8	0.0
True	PROKKA_06122025__gr_1e-12_lr_1e-13_mu_1e-14	27347	ppanggolin	0.9906935134154082	1.0	0.9966514248741103	9.999000099990002e-05	0.9985742492723738	0.9999999999999999	0.999286616082367	1869	1267	19	aa	0.9	5.0
True	PROKKA_06122025__gr_1e-12_lr_1e-13_mu_1e-14	27347	cdhit	0.9692113196683386	0.9994567185802246	0.9861962669646805	9.999000099990002e-05	0.9942618551594468	0.999825659796508	0.9970359955513298	1888	1261	48	aa	0.5	2.0
True	PROKKA_06122025__gr_1e-12_lr_1e-13_mu_1e-14	27347	panaroo	0.9976553716606786	0.9983246463142219	0.9986681434479576	9.999000099990002e-05	1.0	0.9994358649173857	0.9997178528741467	1884	1275	21	aa	0.9	33.0
True	PROKKA_06122025__gr_1e-12_lr_1e-13_mu_1e-14	27347	ppanggolin	0.9686366846178117	1.0	0.9865468354742556	9.999000099990002e-05	0.9942138371201164	1.0	0.9970985243547204	1828	1229	23	aa	0.5	5.0
True	PROKKA_06122025__gr_1e-12_lr_1e-13_mu_1e-14	27347	cdhit	0.9921483547226707	1.0	0.997206260226746	9.999000099990002e-05	0.9988156917963367	1.0	0.9994074950439282	1931	1301	45	nt	0.85	23.0
True	PROKKA_06122025__gr_1e-12_lr_1e-13_mu_1e-14	27347	embed_hdbscan_raw	0.8999184219217711	0.9719304599782688	0.917026654659294	9.999000099990002e-05	0.9719704762787468	0.9911800320852667	0.9814812708035772	1529	652	218	aa	0.9	14.094
True	PROKKA_06122025__gr_1e-12_lr_1e-13_mu_1e-14	27347	embed_hdbscan_tsne	0.6462801694731136	0.7886635277073524	0.7526314155916904	9.999000099990002e-05	0.9608112000286667	0.9410005846767524	0.950802711668959	1726	307	554	aa	0.9	12.975
True	PROKKA_06122025__gr_1e-12_lr_1e-13_mu_1e-14	27347	embed_hdbscan_umap	0.6409746708452412	0.99800796812749	0.7819734659991907	9.999000099990002e-05	0.8834052635439327	0.9992756668787562	0.9377748184381655	606	11	14	aa	0.9	13.392
True	PROKKA_06122025__gr_1e-12_lr_1e-13_mu_1e-14	27347	diamond	0.9724204405269639	1.0	0.9870328151711908	9.999000099990002e-05	0.9944468414715986	1.0	0.9972156898780495	1882	1250	50	aa	0.5	2.0
True	PROKKA_06122025__gr_1e-12_lr_1e-13_mu_1e-14	27347	mmseqs2	0.9993558623846197	1.0	0.9996091206193839	9.999000099990002e-05	0.9998346935649427	0.9999999999999998	0.9999173399503521	1938	1306	45	aa	0.9	2.0
True	PROKKA_06122025__gr_1e-12_lr_1e-13_mu_1e-14	27347	panaroo	0.9981469621434533	1.0	0.9988398310847343	9.999000099990002e-05	0.9995070915298409	1.0000000000000002	0.9997534850102574	1873	1267	21	aa	0.6	41.0
True	PROKKA_06122025__gr_1e-12_lr_1e-13_mu_1e-14	27347	panx	0.9997270521518629	1.0	0.999803462827585	9.999000099990002e-05	0.9999165335115272	1.0	0.9999582650140273	1813	1242	18	aa	0.6	887.0
True	PROKKA_06122025__gr_1e-12_lr_1e-13_mu_1e-14	27347	panaroo	0.9958955176479072	1.0	0.9974427637385958	9.999000099990002e-05	0.9989120234288839	1.0	0.9994557156301207	1864	1253	26	aa	0.5	40.0
True	PROKKA_06122025__gr_1e-12_lr_1e-13_mu_1e-14	27347	panx	0.9996922243627608	1.0	0.9997172830842109	9.999000099990002e-05	0.999880082798649	0.9999999999999999	0.9999400378040751	1834	1252	20	aa	0.7	897.0
True	PROKKA_06122025__gr_1e-12_lr_1e-13_mu_1e-14	27347	diamond	0.9880412198874635	1.0	0.995564801244537	9.999000099990002e-05	0.9981167863712882	0.9999999999999999	0.9990575057266138	1926	1298	45	aa	0.8	0.0
True	PROKKA_06122025__gr_1e-12_lr_1e-13_mu_1e-14	27347	panx	0.999275198483943	0.9996194824961948	0.9995222319126318	9.999000099990002e-05	0.999918861574978	0.9998789045168844	0.9998988826467492	1853	1262	20	aa	0.85	887.0
True	PROKKA_06122025__gr_1e-12_lr_1e-13_mu_1e-14	27347	panta	0.9995137981790104	0.9994380970219142	0.9996331933318026	9.999000099990002e-05	1.0	0.9998442600022489	0.9999221239369155	1869	1267	19	aa	0.9	8.0
True	PROKKA_06122025__gr_1e-12_lr_1e-13_mu_1e-14	27347	mmseqs2	0.9990698447996924	1.0	0.9994201587276045	9.999000099990002e-05	0.9997547338027464	1.0	0.9998773518606519	1937	1305	45	nt	0.8	1.0
True	PROKKA_06122025__gr_1e-12_lr_1e-13_mu_1e-14	27347	panx	0.9992358553834328	0.9996187571483035	0.9994331396431589	9.999000099990002e-05	0.9998812816335118	0.9998786319632903	0.9998799567966457	1848	1257	21	aa	0.8	830.0
True	PROKKA_06122025__gr_1e-12_lr_1e-13_mu_1e-14	27347	mmseqs2	0.9993558623846197	1.0	0.9996091206193839	9.999000099990002e-05	0.9998346935649427	0.9999999999999998	0.9999173399503521	1938	1306	45	aa	0.85	2.0
True	PROKKA_06122025__gr_1e-12_lr_1e-13_mu_1e-14	27347	ppanggolin	0.9882215721376018	1.0	0.9957479153445026	9.999000099990002e-05	0.9981879314218947	1.0	0.999093144068378	1866	1264	20	aa	0.8	5.0
True	PROKKA_06122025__gr_1e-12_lr_1e-13_mu_1e-14	27347	mmseqs2	0.9959344031120785	1.0	0.9978144496486048	9.999000099990002e-05	0.9990740620784722	1.0	0.9995368165996986	1931	1301	45	nt	0.5	4.0
True	PROKKA_06122025__gr_1e-12_lr_1e-13_mu_1e-14	27347	hdbscan_dist	0.9276009295446795	0.9753712423035132	0.9441392960519727	9.999000099990002e-05	0.9830698879632472	0.9927042448405299	0.9878635766641453	1718	925	166	aa	0.9	0.248
True	PROKKA_06122025__gr_1e-12_lr_1e-13_mu_1e-14	27347	hdbscan_tsne	0.619881137085657	0.7580586743933357	0.7471505733574331	9.999000099990002e-05	0.9724365544662981	0.9337915699882567	0.9527223371220424	2066	648	644	aa	0.9	13.375
True	PROKKA_06122025__gr_1e-12_lr_1e-13_mu_1e-14	27347	hdbscan_umap	0.05547387958754844	0.9884099963781239	0.6425139135874307	9.999000099990002e-05	0.7870999534764461	0.994478005426157	0.8787194384537954	595	25	23	aa	0.9	7.037
True	PROKKA_06122025__gr_1e-12_lr_1e-13_mu_1e-14	27347	cdhit	0.9924277435938685	0.9998189061934082	0.9973723973702299	9.999000099990002e-05	0.9989555172558781	0.9999310805959141	0.9994430608624082	1934	1304	45	nt	0.9	0.0
True	PROKKA_06122025__gr_1e-12_lr_1e-13_mu_1e-14	27347	mmseqs2	0.9972147064083686	1.0	0.9983868385889624	9.999000099990002e-05	0.9993169504546487	1.0	0.9996583585483053	1933	1303	44	aa	0.7	0.0
True	PROKKA_06122025__gr_1e-12_lr_1e-13_mu_1e-14	27347	mmseqs2	0.9993558623846197	1.0	0.9996091206193839	9.999000099990002e-05	0.9998346935649427	0.9999999999999999	0.9999173399503521	1938	1306	45	nt	0.9	1.0
True	PROKKA_06122025__gr_1e-12_lr_1e-13_mu_1e-14	27347	mmseqs2	0.9944094459720838	1.0	0.9970099656049287	9.999000099990002e-05	0.9987322177222736	0.9999999999999999	0.9993657067882904	1928	1299	45	aa	0.6	0.0
True	PROKKA_06122025__gr_1e-12_lr_1e-13_mu_1e-14	27347	ppanggolin	0.9932773307422309	0.9968354430379747	0.9964394525133793	9.999000099990002e-05	0.9994338809679559	0.9990568280498153	0.9992453189398178	1884	1275	22	aa	0.95	4.0
True	PROKKA_06122025__gr_1e-12_lr_1e-13_mu_1e-14	27347	ppanggolin	0.9791672285533332	1.0	0.9924242910394881	9.999000099990002e-05	0.9967608536567493	1.0	0.9983777995560565	1856	1258	20	aa	0.7	5.0
True	PROKKA_06122025__gr_1e-12_lr_1e-13_mu_1e-14	27347	cdhit	0.9920513883791283	0.9947482796088374	0.995098617849033	9.999000099990002e-05	0.9997211902379924	0.9982168104562031	0.9989684339735349	1958	1319	51	aa	0.95	0.0
True	PROKKA_06122025__gr_1e-12_lr_1e-13_mu_1e-14	27347	ppanggolin	0.9884754680395259	1.0	0.9959330514609471	9.999000099990002e-05	0.9982671492781848	1.0	0.999132823295203	1867	1265	20	aa	0.85	5.0
True	PROKKA_06122025__gr_1e-12_lr_1e-13_mu_1e-14	27347	mmseqs2	0.9959699227810532	1.0	0.9978976135033301	9.999000099990002e-05	0.9991093696627001	0.9999999999999999	0.9995544864374027	1932	1303	44	nt	0.6	1.0
True	PROKKA_06122025__gr_1e-12_lr_1e-13_mu_1e-14	28734	panaroo	0.9993552225778453	0.9996600951733514	0.9997099997730151	9.999000099990002e-05	1.0	0.999865285382285	0.9999326381538298	1865	1262	14	aa	0.85	32.0
True	PROKKA_06122025__gr_1e-12_lr_1e-13_mu_1e-14	28734	panta	0.9993474230805072	0.9989710169782199	0.9992114172921893	9.999000099990002e-05	0.9999662006239485	0.9996679950820655	0.9998170756173038	1954	1356	15	aa	0.6	8.0
True	PROKKA_06122025__gr_1e-12_lr_1e-13_mu_1e-14	28734	diamond	0.9703113259419023	1.0	0.9906313165480709	9.999000099990002e-05	0.995588077761001	1.0	0.9977891618575168	1902	1258	58	aa	0.6	1.0
True	PROKKA_06122025__gr_1e-12_lr_1e-13_mu_1e-14	28734	diamond	0.9783922889277417	0.9803252032520325	0.9870662362497823	9.999000099990002e-05	0.9996519682665287	0.9944105068928412	0.9970243488994971	1994	1321	67	aa	0.95	0.0
True	PROKKA_06122025__gr_1e-12_lr_1e-13_mu_1e-14	28734	diamond	0.9751625831078846	1.0	0.993219309531547	9.999000099990002e-05	0.9968150626838839	1.0	0.9984049913406425	1917	1275	55	aa	0.7	1.0
True	PROKKA_06122025__gr_1e-12_lr_1e-13_mu_1e-14	28734	panta	0.9990208157589365	0.9991425141485165	0.9993757453237149	9.999000099990002e-05	0.9999662006239485	0.9997441532469102	0.9998551646073846	1856	1256	15	aa	0.8	7.0
True	PROKKA_06122025__gr_1e-12_lr_1e-13_mu_1e-14	28734	mmseqs2	0.9942792007446452	1.0	0.9979499156425746	9.999000099990002e-05	0.9990415347918944	1.0000000000000002	0.9995205376219434	1932	1288	53	nt	0.7	1.0
True	PROKKA_06122025__gr_1e-12_lr_1e-13_mu_1e-14	28734	cdhit	0.9771489521943593	0.9996747967479674	0.9935524778259622	9.999000099990002e-05	0.9970773266282787	0.9998962531547203	0.9984848002941303	1920	1276	57	aa	0.7	0.0
True	PROKKA_06122025__gr_1e-12_lr_1e-13_mu_1e-14	28734	panx	0.9997781290724517	1.0	0.9997608445103847	9.999000099990002e-05	0.9998889421397363	1.0	0.9999444679862348	1767	1208	12	aa	0.5	880.0
True	PROKKA_06122025__gr_1e-12_lr_1e-13_mu_1e-14	28734	ppanggolin	0.9726498550117514	1.0	0.9922898968613816	9.999000099990002e-05	0.9963895419811826	1.0	0.9981915062452018	1839	1241	15	aa	0.6	5.0
True	PROKKA_06122025__gr_1e-12_lr_1e-13_mu_1e-14	28734	panx	0.9986279553723758	0.9987947658402204	0.999053821922028	9.999000099990002e-05	0.999895775167554	0.9996658075212633	0.9997807781202303	1852	1255	15	aa	0.9	858.0
True	PROKKA_06122025__gr_1e-12_lr_1e-13_mu_1e-14	28734	panaroo	0.9741000831238646	0.9738273283480625	0.9828228477516071	9.999000099990002e-05	1.0	0.9922122550649353	0.9960909060190422	1948	1293	48	aa	0.95	33.0
True	PROKKA_06122025__gr_1e-12_lr_1e-13_mu_1e-14	28734	cdhit	0.9851080628845397	0.9998373983739838	0.995703729159482	9.999000099990002e-05	0.998068713462862	0.9999187760910421	0.9989928882321173	1928	1286	53	nt	0.8	24.0
True	PROKKA_06122025__gr_1e-12_lr_1e-13_mu_1e-14	28734	panta	0.9879999720909222	0.987823700908935	0.9927789845604288	9.999000099990002e-05	1.0000000000000002	0.996682184580925	0.9983383357428157	1883	1264	27	aa	0.95	7.0
True	PROKKA_06122025__gr_1e-12_lr_1e-13_mu_1e-14	28734	mmseqs2	0.9888099630844043	1.0	0.9946414495673523	9.999000099990002e-05	0.9974864795210157	1.0000000000000002	0.9987416583267252	1910	1263	54	aa	0.5	1.0
True	PROKKA_06122025__gr_1e-12_lr_1e-13_mu_1e-14	28734	cdhit	0.9714060841807589	0.9998373983739838	0.9909402871688581	9.999000099990002e-05	0.995805459968984	0.9999303974194997	0.997863665828265	1905	1263	54	aa	0.6	0.0
True	PROKKA_06122025__gr_1e-12_lr_1e-13_mu_1e-14	28734	panaroo	0.9999707116392312	1.0	0.9999279937027302	9.999000099990002e-05	0.9999665342039844	0.9999999999999999	0.9999832668219976	1863	1260	14	aa	0.8	32.0
True	PROKKA_06122025__gr_1e-12_lr_1e-13_mu_1e-14	28734	cdhit	0.9922863993484569	0.9980487804878049	0.9966409906556964	9.999000099990002e-05	0.9990484737879243	0.9993829812787215	0.9992156995375512	1938	1290	56	aa	0.9	0.0
True	PROKKA_06122025__gr_1e-12_lr_1e-13_mu_1e-14	28734	cdhit	0.9877886194756773	0.9996747967479674	0.9965736218294842	9.999000099990002e-05	0.9985063029319926	0.999890215087992	0.9991977798225942	1931	1287	54	aa	0.85	0.0
True	PROKKA_06122025__gr_1e-12_lr_1e-13_mu_1e-14	28734	panta	0.9990208157589365	0.9991425141485165	0.9993757453237149	9.999000099990002e-05	0.9999662006239485	0.9997441532469102	0.9998551646073846	1854	1254	15	aa	0.85	8.0
True	PROKKA_06122025__gr_1e-12_lr_1e-13_mu_1e-14	28734	mmseqs2	0.9972805523888435	1.0	0.9991041258787378	9.999000099990002e-05	0.9995816344020989	1.0000000000000002	0.999790773434451	1937	1293	52	nt	0.85	0.0
True	PROKKA_06122025__gr_1e-12_lr_1e-13_mu_1e-14	28734	mmseqs2	0.9790656532152274	0.9822764227642277	0.9874134127300798	9.999000099990002e-05	1.0	0.9942332285301023	0.9971082763102146	2001	1330	66	aa	0.95	0.0
True	PROKKA_06122025__gr_1e-12_lr_1e-13_mu_1e-14	28734	diamond	0.9901867893292631	0.9965853658536585	0.9953462530713999	9.999000099990002e-05	0.9990317539225545	0.9987983055168523	0.9989150160803656	1950	1305	55	aa	0.9	0.0
True	PROKKA_06122025__gr_1e-12_lr_1e-13_mu_1e-14	28734	mmseqs2	0.9893359379481396	0.9917073170731707	0.9937905946026653	9.999000099990002e-05	0.9999560870194557	0.9971718207345082	0.9985620130551859	1968	1309	62	nt	0.95	0.0
True	PROKKA_06122025__gr_1e-12_lr_1e-13_mu_1e-14	28734	hdbscan_dist	0.9083926587177922	0.9393495934959349	0.9352730212737719	9.999000099990002e-05	0.9864401966715254	0.9835904030488481	0.9850132386425353	1821	945	190	nt	0.9	0.31
True	PROKKA_06122025__gr_1e-12_lr_1e-13_mu_1e-14	28734	hdbscan_tsne	0.5512964458386881	0.6895934959349593	0.7169204958542739	9.999000099990002e-05	0.9724565429426898	0.9173020649543026	0.944074434895523	2174	517	668	nt	0.9	18.895
True	PROKKA_06122025__gr_1e-12_lr_1e-13_mu_1e-14	28734	hdbscan_umap	0.6995687505290802	0.9845528455284552	0.8169246179394196	9.999000099990002e-05	0.9008450698954658	0.9960193769703946	0.9460445597434769	712	47	57	nt	0.9	7.809
True	PROKKA_06122025__gr_1e-12_lr_1e-13_mu_1e-14	28734	panx	0.9875815362485263	0.9904420549581839	0.993240574950121	9.999000099990002e-05	0.9995605053233781	0.9973198884977762	0.9984389398588842	1885	1271	25	aa	0.95	932.0
True	PROKKA_06122025__gr_1e-12_lr_1e-13_mu_1e-14	28734	diamond	0.9852887291909491	0.9995121951219512	0.9957012971351095	9.999000099990002e-05	0.9981456174136323	0.999841272290064	0.998992725316231	1930	1287	54	aa	0.85	1.0
True	PROKKA_06122025__gr_1e-12_lr_1e-13_mu_1e-14	28734	panta	0.9993474230805072	0.9989710169782199	0.9992114172921888	9.999000099990002e-05	0.9999662006239485	0.9996679950820654	0.9998170756173037	1953	1356	14	aa	0.7	8.0
True	PROKKA_06122025__gr_1e-12_lr_1e-13_mu_1e-14	28734	mmseqs2	0.9977418165375131	1.0	0.9992286858531468	9.999000099990002e-05	0.9996398469451849	1.0000000000000002	0.9998198910391963	1937	1292	53	aa	0.8	1.0
True	PROKKA_06122025__gr_1e-12_lr_1e-13_mu_1e-14	28734	panta	0.9986644323576157	0.9984565254673298	0.9985910782857191	9.999000099990002e-05	0.9998986018718455	0.9994481184608548	0.9996733094159472	1955	1354	18	aa	0.5	9.0
True	PROKKA_06122025__gr_1e-12_lr_1e-13_mu_1e-14	28734	panaroo	0.9992383913088915	0.9994901427600272	0.9993796976545587	9.999000099990002e-05	0.9998394708004246	0.9998722322390005	0.9998558512513459	1862	1258	14	aa	0.7	41.0
True	PROKKA_06122025__gr_1e-12_lr_1e-13_mu_1e-14	28734	cdhit	0.986261169282955	0.9946341463414634	0.9939657150251687	9.999000099990002e-05	0.9991837556689793	0.9980102112959084	0.9985966386971054	1959	1309	57	nt	0.95	1.0
True	PROKKA_06122025__gr_1e-12_lr_1e-13_mu_1e-14	28734	cdhit	0.9856983105516595	0.9991869918699187	0.9954651688601129	9.999000099990002e-05	0.9981269672736075	0.9997495352796927	0.9989375923953502	1928	1284	54	aa	0.8	0.0
True	PROKKA_06122025__gr_1e-12_lr_1e-13_mu_1e-14	28734	ppanggolin	0.9891567697892345	0.9998300475866757	0.9974130538415492	9.999000099990002e-05	0.9988802610239268	0.9999148055526377	0.9993972655563872	1860	1259	15	aa	0.9	6.0
True	PROKKA_06122025__gr_1e-12_lr_1e-13_mu_1e-14	28734	cdhit	0.9661468478714451	0.999349593495935	0.9877071789946943	9.999000099990002e-05	0.9944056168373273	0.9997923844260946	0.9970917252094518	1887	1243	54	aa	0.5	2.0
True	PROKKA_06122025__gr_1e-12_lr_1e-13_mu_1e-14	28734	panaroo	0.9959417172349979	0.9964309993201903	0.9977437424393377	9.999000099990002e-05	1.0000000000000002	0.9989548858232352	0.9994771697029399	1873	1263	16	aa	0.9	32.0
True	PROKKA_06122025__gr_1e-12_lr_1e-13_mu_1e-14	28734	ppanggolin	0.9667279606835866	1.0	0.9887969900150888	9.999000099990002e-05	0.9947355253187564	1.0	0.9973608156999147	1818	1218	17	aa	0.5	5.0
True	PROKKA_06122025__gr_1e-12_lr_1e-13_mu_1e-14	28734	cdhit	0.9884101824262859	1.0	0.9969694645129951	9.999000099990002e-05	0.9985817969886679	1.0	0.9992903953125817	1931	1288	53	nt	0.85	20.0
True	PROKKA_06122025__gr_1e-12_lr_1e-13_mu_1e-14	28734	embed_hdbscan_raw	0.8869476244887793	0.943089430894309	0.9124332694915656	9.999000099990002e-05	0.975409074919961	0.9829328191021475	0.9791564942929941	1629	681	240	aa	0.9	17.491
True	PROKKA_06122025__gr_1e-12_lr_1e-13_mu_1e-14	28734	embed_hdbscan_tsne	0.6124225856594623	0.7395121951219512	0.7464173540085475	9.999000099990002e-05	0.9675685764003468	0.927916169409272	0.9473276205878463	1935	375	569	aa	0.9	27.099
True	PROKKA_06122025__gr_1e-12_lr_1e-13_mu_1e-14	28734	embed_hdbscan_umap	0.6864755700812958	0.9886178861788618	0.8097577797711534	9.999000099990002e-05	0.8943694999221561	0.9971463476691377	0.9429656975379982	631	7	10	aa	0.9	14.386
True	PROKKA_06122025__gr_1e-12_lr_1e-13_mu_1e-14	28734	diamond	0.9672654017333723	1.0	0.9880504968210838	9.999000099990002e-05	0.994358102316244	1.0000000000000004	0.9971710708938364	1882	1235	59	aa	0.5	2.0
True	PROKKA_06122025__gr_1e-12_lr_1e-13_mu_1e-14	28734	mmseqs2	0.9986348666001474	0.9988617886178862	0.9991217532730121	9.999000099990002e-05	0.9999560870194557	0.9996345388164133	0.999795287064331	1943	1297	52	aa	0.9	3.0
True	PROKKA_06122025__gr_1e-12_lr_1e-13_mu_1e-14	28734	panaroo	0.9994438137824947	1.0	0.9994374472440878	9.999000099990002e-05	0.999738419155776	0.9999999999999999	0.9998691924695158	1859	1255	14	aa	0.6	40.0
True	PROKKA_06122025__gr_1e-12_lr_1e-13_mu_1e-14	28734	panx	0.9997856943892413	1.0	0.9997689868446709	9.999000099990002e-05	0.9998927241692833	1.0	0.9999463592074614	1810	1232	13	aa	0.6	831.0
True	PROKKA_06122025__gr_1e-12_lr_1e-13_mu_1e-14	28734	panaroo	0.9963521767510083	1.0	0.9978255393902882	9.999000099990002e-05	0.9989872815769753	1.0000000000000002	0.9994933842589405	1849	1242	17	aa	0.5	40.0
True	PROKKA_06122025__gr_1e-12_lr_1e-13_mu_1e-14	28734	panx	0.9997875806163767	1.0	0.999771215407871	9.999000099990002e-05	0.9998938772029935	0.9999999999999999	0.9999469357858353	1825	1240	14	aa	0.7	809.0
True	PROKKA_06122025__gr_1e-12_lr_1e-13_mu_1e-14	28734	diamond	0.9833477073398982	1.0	0.9953404593964569	9.999000099990002e-05	0.997815955963853	1.0	0.9989067841661654	1926	1284	54	aa	0.8	1.0
True	PROKKA_06122025__gr_1e-12_lr_1e-13_mu_1e-14	28734	panx	0.9991855164405435	0.9993059170570883	0.9994427240929586	9.999000099990002e-05	0.9998949182767142	0.9998473956994057	0.9998711564233884	1845	1253	15	aa	0.85	910.0
True	PROKKA_06122025__gr_1e-12_lr_1e-13_mu_1e-14	28734	panta	0.9990208157589365	0.9991425141485165	0.9993757453237149	9.999000099990002e-05	0.9999662006239485	0.9997441532469102	0.9998551646073846	1854	1254	15	aa	0.9	7.0
True	PROKKA_06122025__gr_1e-12_lr_1e-13_mu_1e-14	28734	mmseqs2	0.9970907437907951	1.0	0.99895585009609	9.999000099990002e-05	0.9995123189478742	1.0000000000000002	0.9997561000012332	1936	1292	52	nt	0.8	0.0
True	PROKKA_06122025__gr_1e-12_lr_1e-13_mu_1e-14	28734	panx	0.999185515024862	0.9993053143452588	0.9994427217232873	9.999000099990002e-05	0.9998947928615867	0.9998472135747078	0.9998710026521271	1840	1248	15	aa	0.8	1031.0
True	PROKKA_06122025__gr_1e-12_lr_1e-13_mu_1e-14	28734	ppanggolin	0.9836637737920806	1.0	0.9957580381799166	9.999000099990002e-05	0.9980203990542375	0.9999999999999999	0.9990092188514693	1854	1255	15	aa	0.8	5.0
True	PROKKA_06122025__gr_1e-12_lr_1e-13_mu_1e-14	28734	mmseqs2	0.9939255838172502	0.9996747967479674	0.9975817025212821	9.999000099990002e-05	0.998965741757802	0.9999036024289878	0.9994344520733518	1931	1285	54	nt	0.5	4.0
True	PROKKA_06122025__gr_1e-12_lr_1e-13_mu_1e-14	28734	hdbscan_dist	0.9123181970041172	0.9660162601626017	0.9396544386669382	9.999000099990002e-05	0.9791535393655226	0.9918195938577671	0.9854458687112787	1708	1035	0	aa	0.9	0.31
True	PROKKA_06122025__gr_1e-12_lr_1e-13_mu_1e-14	28734	hdbscan_tsne	0.7396735711757616	0.8879674796747967	0.8344864143469884	9.999000099990002e-05	0.946475814468711	0.9713490682295818	0.958751144361545	1390	553	0	aa	0.9	18.575
True	PROKKA_06122025__gr_1e-12_lr_1e-13_mu_1e-14	28734	hdbscan_umap	0.04999699308972668	0.9595121951219512	0.6481388028213458	9.999000099990002e-05	0.7850525005960834	0.9865753511806957	0.8743523033848208	602	31	0	aa	0.9	10.315
True	PROKKA_06122025__gr_1e-12_lr_1e-13_mu_1e-14	28734	cdhit	0.9889936753328641	0.9998373983739838	0.9971930165913779	9.999000099990002e-05	0.9987492200724227	0.9999377577693285	0.9993431355334086	1934	1291	53	nt	0.9	1.0
True	PROKKA_06122025__gr_1e-12_lr_1e-13_mu_1e-14	28734	mmseqs2	0.9944679424049957	1.0	0.9980978958916832	9.999000099990002e-05	0.9991108502461189	1.0000000000000002	0.9995552273883304	1933	1289	53	aa	0.7	0.0
True	PROKKA_06122025__gr_1e-12_lr_1e-13_mu_1e-14	28734	mmseqs2	0.9999454659936043	1.0	0.9999058919651201	9.999000099990002e-05	0.9999560870194557	1.0000000000000002	0.9999780430276299	1939	1294	52	nt	0.9	0.0
True	PROKKA_06122025__gr_1e-12_lr_1e-13_mu_1e-14	28734	mmseqs2	0.9937403326426083	1.0	0.9974746697513246	9.999000099990002e-05	0.9988187861726385	1.0000000000000002	0.9994090440636577	1928	1283	53	aa	0.6	0.0
True	PROKKA_06122025__gr_1e-12_lr_1e-13_mu_1e-14	28734	ppanggolin	0.9881406324069968	0.9913324269204623	0.9938663588147095	9.999000099990002e-05	0.9996318762438284	0.9975356473957844	0.9985826617179544	1889	1275	23	aa	0.95	5.0
True	PROKKA_06122025__gr_1e-12_lr_1e-13_mu_1e-14	28734	ppanggolin	0.9749553982368485	1.0	0.9935841702858742	9.999000099990002e-05	0.9969994977721522	1.0	0.9984974947509025	1846	1248	15	aa	0.7	5.0
True	PROKKA_06122025__gr_1e-12_lr_1e-13_mu_1e-14	28734	cdhit	0.9797615849517429	0.9848780487804878	0.9883495310075336	9.999000099990002e-05	0.9995645640136304	0.9950740460646357	0.9973142503010596	1996	1332	68	aa	0.95	0.0
True	PROKKA_06122025__gr_1e-12_lr_1e-13_mu_1e-14	28734	ppanggolin	0.983692116548672	1.0	0.9958294514335094	9.999000099990002e-05	0.998053864850253	0.9999999999999999	0.9990259846423646	1855	1257	14	aa	0.85	5.0
True	PROKKA_06122025__gr_1e-12_lr_1e-13_mu_1e-14	28734	mmseqs2	0.9942792007446452	1.0	0.9979499156425746	9.999000099990002e-05	0.9990415347918944	1.0000000000000002	0.9995205376219434	1932	1288	53	nt	0.6	0.0
True	PROKKA_06122025__gr_1e-12_lr_1e-13_mu_1e-14	29492	panaroo	0.999823465979859	1.0	0.999835916635393	9.999000099990002e-05	0.9999286592953727	1.0	0.9999643283752669	1864	1292	17	aa	0.85	34.0
True	PROKKA_06122025__gr_1e-12_lr_1e-13_mu_1e-14	29492	panta	0.9995379117251197	0.9992505152707514	0.9994766455834168	9.999000099990002e-05	1.0	0.9997724306365297	0.9998862023698377	1953	1385	18	aa	0.6	8.0
True	PROKKA_06122025__gr_1e-12_lr_1e-13_mu_1e-14	29492	diamond	0.9882335931025313	1.0	0.9931619724754259	9.999000099990002e-05	0.997045982379092	1.0000000000000002	0.9985208064075778	1904	1292	54	aa	0.6	1.0
True	PROKKA_06122025__gr_1e-12_lr_1e-13_mu_1e-14	29492	diamond	0.9814724482250375	0.9873257287705957	0.9897835519272121	9.999000099990002e-05	0.9993042845241724	0.9963530153951471	0.997826467723894	1966	1337	62	aa	0.95	0.0
True	PROKKA_06122025__gr_1e-12_lr_1e-13_mu_1e-14	29492	diamond	0.9893133289722681	1.0	0.9946555444306724	9.999000099990002e-05	0.9976946585286977	1.0000000000000002	0.998845999081261	1917	1311	50	aa	0.7	1.0
True	PROKKA_06122025__gr_1e-12_lr_1e-13_mu_1e-14	29492	panta	0.9997512361858627	0.9998126288176878	0.9998157636252899	9.999000099990002e-05	1.0	0.9999198498937976	0.9999599233408245	1854	1286	17	aa	0.8	9.0
True	PROKKA_06122025__gr_1e-12_lr_1e-13_mu_1e-14	29492	mmseqs2	0.9966978802090591	1.0	0.9982012299051459	9.999000099990002e-05	0.9992268268157344	1.0	0.9996132639008767	1932	1325	49	nt	0.7	1.0
True	PROKKA_06122025__gr_1e-12_lr_1e-13_mu_1e-14	29492	cdhit	0.9905940845913821	0.9998189389824371	0.9950245435424359	9.999000099990002e-05	0.9979323298522971	0.9999228917422051	0.9989266191496594	1919	1311	51	aa	0.7	0.0
True	PROKKA_06122025__gr_1e-12_lr_1e-13_mu_1e-14	29492	panx	0.9997765706296367	1.0	0.9997378689285736	9.999000099990002e-05	0.9998852648090784	0.9999999999999999	0.9999426291133093	1770	1229	18	aa	0.5	778.0
True	PROKKA_06122025__gr_1e-12_lr_1e-13_mu_1e-14	29492	ppanggolin	0.9871367785790446	1.0	0.9939478522943785	9.999000099990002e-05	0.9973531978489366	1.0000000000000002	0.9986748452131984	1840	1269	20	aa	0.6	5.0
True	PROKKA_06122025__gr_1e-12_lr_1e-13_mu_1e-14	29492	panx	0.9975026916676728	0.9977443609022556	0.9980149408898464	9.999000099990002e-05	0.9998538371746692	0.9992832622206732	0.9995684682735964	1853	1284	20	aa	0.9	826.0
True	PROKKA_06122025__gr_1e-12_lr_1e-13_mu_1e-14	29492	panaroo	0.9856052933359326	0.9873441280476456	0.9907400080777053	9.999000099990002e-05	0.9999286592953728	0.9960962939459247	0.9980087975523716	1903	1313	27	aa	0.95	34.0
True	PROKKA_06122025__gr_1e-12_lr_1e-13_mu_1e-14	29492	cdhit	0.9943720175120588	1.0	0.9972020139030138	9.999000099990002e-05	0.9987961371389744	1.0	0.9993977060298161	1928	1320	51	nt	0.8	21.0
True	PROKKA_06122025__gr_1e-12_lr_1e-13_mu_1e-14	29492	panta	0.991688932811248	0.9925051527075136	0.9950499201551244	9.999000099990002e-05	0.9999999999999999	0.9978610646141088	0.998929387321383	1872	1296	18	aa	0.95	6.0
True	PROKKA_06122025__gr_1e-12_lr_1e-13_mu_1e-14	29492	mmseqs2	0.9905647128287823	1.0	0.99438436006265	9.999000099990002e-05	0.9975770080418979	0.9999999999999999	0.9987870345181449	1910	1299	53	aa	0.5	1.0
True	PROKKA_06122025__gr_1e-12_lr_1e-13_mu_1e-14	29492	cdhit	0.9852955122556432	0.9985515118594966	0.9919201874255126	9.999000099990002e-05	0.9968504535622009	0.9996592821166487	0.9982528920118825	1906	1294	54	aa	0.6	0.0
True	PROKKA_06122025__gr_1e-12_lr_1e-13_mu_1e-14	29492	panaroo	0.9994353100161789	1.0	0.9996270765810382	9.999000099990002e-05	0.9998378255496305	1.0	0.9999189061991439	1863	1291	17	aa	0.8	34.0
True	PROKKA_06122025__gr_1e-12_lr_1e-13_mu_1e-14	29492	cdhit	0.9951485125206183	0.9990946949121854	0.9970977349832613	9.999000099990002e-05	0.9990421248712411	0.9997104902339153	0.9993761958048175	1934	1327	50	aa	0.9	0.0
True	PROKKA_06122025__gr_1e-12_lr_1e-13_mu_1e-14	29492	cdhit	0.9930429491633034	1.0	0.9969902373503815	9.999000099990002e-05	0.9987047508658191	1.0	0.9993519557435285	1930	1324	51	aa	0.85	0.0
True	PROKKA_06122025__gr_1e-12_lr_1e-13_mu_1e-14	29492	panta	0.9988974713968309	0.9988757729061271	0.9991737080024587	9.999000099990002e-05	0.9999631338419208	0.9996776281604581	0.999820360619155	1855	1284	19	aa	0.85	7.0
True	PROKKA_06122025__gr_1e-12_lr_1e-13_mu_1e-14	29492	mmseqs2	0.9996205247260171	1.0	0.9995094218313328	9.999000099990002e-05	0.9997894058434916	1.0000000000000002	0.9998946918331035	1937	1329	49	nt	0.85	0.0
True	PROKKA_06122025__gr_1e-12_lr_1e-13_mu_1e-14	29492	mmseqs2	0.990316600678231	0.9922143762447945	0.9940739528744941	9.999000099990002e-05	0.9999309801465246	0.9975462707939488	0.9987372019649895	1964	1348	51	aa	0.95	1.0
True	PROKKA_06122025__gr_1e-12_lr_1e-13_mu_1e-14	29492	diamond	0.9935400022155881	0.9990946949121854	0.9967302853885548	9.999000099990002e-05	0.9989000934327656	0.999694165397077	0.9992969716664735	1933	1324	52	aa	0.9	1.0
True	PROKKA_06122025__gr_1e-12_lr_1e-13_mu_1e-14	29492	mmseqs2	0.9944844715748702	0.9956545355784899	0.9966821547151338	9.999000099990002e-05	0.9999007273824458	0.9986813207343576	0.999290652056518	1951	1338	50	nt	0.95	0.0
True	PROKKA_06122025__gr_1e-12_lr_1e-13_mu_1e-14	29492	hdbscan_dist	0.9410715999056564	0.9809885931558935	0.9507185541935139	9.999000099990002e-05	0.9832922765349299	0.9949289959989391	0.9890764102574976	1681	903	175	nt	0.9	0.265
True	PROKKA_06122025__gr_1e-12_lr_1e-13_mu_1e-14	29492	hdbscan_tsne	0.613667637012514	0.7543001991671193	0.7352801470544592	9.999000099990002e-05	0.9663110648354472	0.9321843197212998	0.948940966557163	1910	417	692	nt	0.9	14.818
True	PROKKA_06122025__gr_1e-12_lr_1e-13_mu_1e-14	29492	hdbscan_umap	0.67570129254625	0.9920333152272316	0.7950213692256862	9.999000099990002e-05	0.892447468393184	0.9978989188067937	0.9422319314933109	679	44	60	nt	0.9	6.762
True	PROKKA_06122025__gr_1e-12_lr_1e-13_mu_1e-14	29492	panx	0.9914908588287638	0.9925317401045557	0.9943208409981772	9.999000099990002e-05	0.9996907745763233	0.9978541416102431	0.9987716137516555	1881	1304	20	aa	0.95	810.0
True	PROKKA_06122025__gr_1e-12_lr_1e-13_mu_1e-14	29492	diamond	0.9926687246228373	1.0	0.996609741233652	9.999000099990002e-05	0.998540450126314	1.0000000000000002	0.9992696921027575	1927	1320	51	aa	0.85	1.0
True	PROKKA_06122025__gr_1e-12_lr_1e-13_mu_1e-14	29492	panta	0.9997867814358986	0.9994378864530635	0.9996610063182712	9.999000099990002e-05	0.9999999999999999	0.9998525571102946	0.9999262731198951	1952	1385	17	aa	0.7	8.0
True	PROKKA_06122025__gr_1e-12_lr_1e-13_mu_1e-14	29492	mmseqs2	0.9993447232092146	1.0	0.9994385262305521	9.999000099990002e-05	0.9997589551627621	1.0000000000000002	0.9998794630539769	1937	1329	49	aa	0.8	6.0
True	PROKKA_06122025__gr_1e-12_lr_1e-13_mu_1e-14	29492	panta	0.9994668590475582	0.9992505152707514	0.9993072349136539	9.999000099990002e-05	0.9999262676838416	0.9997724138598952	0.9998493348532269	1952	1382	20	aa	0.5	9.0
True	PROKKA_06122025__gr_1e-12_lr_1e-13_mu_1e-14	29492	panaroo	0.9992589749048479	1.0	0.9993912642390819	9.999000099990002e-05	0.999735214806056	0.9999999999999999	0.9998675898729074	1861	1288	18	aa	0.7	35.0
True	PROKKA_06122025__gr_1e-12_lr_1e-13_mu_1e-14	29492	cdhit	0.9918520778269735	0.9967409016838674	0.9955529878574827	9.999000099990002e-05	0.9992655174347757	0.9988288660768578	0.9990471440442545	1948	1340	50	nt	0.95	1.0
True	PROKKA_06122025__gr_1e-12_lr_1e-13_mu_1e-14	29492	cdhit	0.9922947814865613	1.0	0.9964063428949633	9.999000099990002e-05	0.9984525713780663	0.9999999999999999	0.999225686591668	1926	1319	51	aa	0.8	0.0
True	PROKKA_06122025__gr_1e-12_lr_1e-13_mu_1e-14	29492	ppanggolin	0.9949406011883812	1.0	0.9977147775330134	9.999000099990002e-05	0.9990043338959862	1.0	0.9995019189868022	1856	1284	19	aa	0.9	6.0
True	PROKKA_06122025__gr_1e-12_lr_1e-13_mu_1e-14	29492	cdhit	0.9767310889498608	0.997827267789245	0.9872940832872985	9.999000099990002e-05	0.9950613018181756	0.9994294417888981	0.9972405884655182	1888	1275	54	aa	0.5	2.0
True	PROKKA_06122025__gr_1e-12_lr_1e-13_mu_1e-14	29492	panaroo	0.9985859839172867	0.9986971896519635	0.9989153207687068	9.999000099990002e-05	0.9999286592953727	0.9996003025622681	0.9997644539679345	1868	1293	19	aa	0.9	34.0
True	PROKKA_06122025__gr_1e-12_lr_1e-13_mu_1e-14	29492	ppanggolin	0.9785064697199056	1.0	0.9892069846218055	9.999000099990002e-05	0.9952574372118013	1.0000000000000002	0.9976230822651007	1817	1245	23	aa	0.5	7.0
True	PROKKA_06122025__gr_1e-12_lr_1e-13_mu_1e-14	29492	cdhit	0.9948158297090972	1.0	0.9976340694768939	9.999000099990002e-05	0.9989824723702395	1.0	0.9994909772127446	1931	1323	52	nt	0.85	22.0
True	PROKKA_06122025__gr_1e-12_lr_1e-13_mu_1e-14	29492	embed_hdbscan_raw	0.8972477491299566	0.9654173456454825	0.9144011493739623	9.999000099990002e-05	0.9716416333181489	0.9898734343061071	0.9806728037550535	1530	661	217	aa	0.9	14.394
True	PROKKA_06122025__gr_1e-12_lr_1e-13_mu_1e-14	29492	embed_hdbscan_tsne	0.6309316121453667	0.7814593518015571	0.7461927381370568	9.999000099990002e-05	0.9599381244122831	0.9383441502115423	0.9490183158200787	1717	309	547	aa	0.9	16.495
True	PROKKA_06122025__gr_1e-12_lr_1e-13_mu_1e-14	29492	embed_hdbscan_umap	0.6512978957490946	0.9923954372623575	0.7817920350220084	9.999000099990002e-05	0.8832473735461269	0.9980196337983126	0.9371324930044174	604	19	15	aa	0.9	13.813
True	PROKKA_06122025__gr_1e-12_lr_1e-13_mu_1e-14	29492	diamond	0.98011047375396	1.0	0.9889021454917466	9.999000099990002e-05	0.9951852744134462	0.9999999999999999	0.9975868278258172	1882	1267	57	aa	0.5	1.0
True	PROKKA_06122025__gr_1e-12_lr_1e-13_mu_1e-14	29492	mmseqs2	0.9989296114325135	0.9994568169473113	0.9990898742742722	9.999000099990002e-05	0.9998468339110096	0.9997627561864731	0.9998047932811304	1941	1333	49	aa	0.9	1.0
True	PROKKA_06122025__gr_1e-12_lr_1e-13_mu_1e-14	29492	panaroo	0.9987297160018093	0.9998138842359948	0.9989415150426837	9.999000099990002e-05	0.9996190886650499	0.9999204335949358	0.999769738422573	1860	1285	19	aa	0.6	38.0
True	PROKKA_06122025__gr_1e-12_lr_1e-13_mu_1e-14	29492	panx	0.9997799967618327	1.0	0.9997422174524013	9.999000099990002e-05	0.9998877955734676	1.0	0.9999438946390988	1810	1258	18	aa	0.6	767.0
True	PROKKA_06122025__gr_1e-12_lr_1e-13_mu_1e-14	29492	panaroo	0.9951853623855313	1.0	0.9971607530623103	9.999000099990002e-05	0.9987622580076587	1.0	0.9993807457653443	1849	1272	23	aa	0.5	38.0
True	PROKKA_06122025__gr_1e-12_lr_1e-13_mu_1e-14	29492	panx	0.9997828623961021	1.0	0.9997456150036036	9.999000099990002e-05	0.9998892455718149	1.0	0.9999446197191018	1826	1267	18	aa	0.7	768.0
True	PROKKA_06122025__gr_1e-12_lr_1e-13_mu_1e-14	29492	diamond	0.9922947814865613	1.0	0.9964063428949642	9.999000099990002e-05	0.9984525713780663	1.0	0.999225686591668	1926	1319	51	aa	0.8	0.0
True	PROKKA_06122025__gr_1e-12_lr_1e-13_mu_1e-14	29492	panx	0.9989269673946427	0.999057137469357	0.9990357369626878	9.999000099990002e-05	0.9998533300075638	0.9997271766128818	0.9997902493307184	1845	1279	19	aa	0.85	802.0
True	PROKKA_06122025__gr_1e-12_lr_1e-13_mu_1e-14	29492	panta	0.9986125539063901	0.9986884017238149	0.9989043168767238	9.999000099990002e-05	0.9999631338419208	0.9995606902780233	0.999761871560124	1857	1287	18	aa	0.9	6.0
True	PROKKA_06122025__gr_1e-12_lr_1e-13_mu_1e-14	29492	mmseqs2	0.999448130975264	1.0	0.9994565090452524	9.999000099990002e-05	0.9997666794070194	1.0	0.999883326092297	1937	1329	49	nt	0.8	1.0
True	PROKKA_06122025__gr_1e-12_lr_1e-13_mu_1e-14	29492	panx	0.9995334340183949	0.9998108210367007	0.9995614032973984	9.999000099990002e-05	0.9998900593976379	0.9999189692643881	0.9999045141220478	1837	1274	18	aa	0.8	821.0
True	PROKKA_06122025__gr_1e-12_lr_1e-13_mu_1e-14	29492	mmseqs2	0.9997239894716613	1.0	0.9996431526933104	9.999000099990002e-05	0.9998468339110096	1.0	0.9999234110900929	1938	1330	49	aa	0.85	1.0
True	PROKKA_06122025__gr_1e-12_lr_1e-13_mu_1e-14	29492	ppanggolin	0.99260395164497	1.0	0.996740217236519	9.999000099990002e-05	0.9985783472471578	1.0	0.9992886679900237	1853	1282	19	aa	0.8	4.0
True	PROKKA_06122025__gr_1e-12_lr_1e-13_mu_1e-14	29492	mmseqs2	0.9962866450627285	1.0	0.9979922431065229	9.999000099990002e-05	0.9991368180091244	1.0	0.9995682226533472	1931	1324	49	nt	0.5	10.0
True	PROKKA_06122025__gr_1e-12_lr_1e-13_mu_1e-14	29492	hdbscan_dist	0.9251896758436969	0.9746514575411914	0.9410070092451259	9.999000099990002e-05	0.9809813420234267	0.9929150057429553	0.98691209997031	1677	912	149	aa	0.9	0.257
True	PROKKA_06122025__gr_1e-12_lr_1e-13_mu_1e-14	29492	hdbscan_tsne	0.5922995296473214	0.7523085279739272	0.732240177534522	9.999000099990002e-05	0.9658912067232358	0.9315340124605007	0.9484015520635733	2008	641	632	aa	0.9	16.429
True	PROKKA_06122025__gr_1e-12_lr_1e-13_mu_1e-14	29492	hdbscan_umap	0.04542906863608057	0.9804454101032047	0.6202129926299773	9.999000099990002e-05	0.7685806320101704	0.9923102623548226	0.8662324861028704	558	18	12	aa	0.9	8.715
True	PROKKA_06122025__gr_1e-12_lr_1e-13_mu_1e-14	29492	cdhit	0.9953626032151077	1.0	0.9979378050010681	9.999000099990002e-05	0.9991133691582	0.9999999999999999	0.9995564879633748	1933	1326	51	nt	0.9	1.0
True	PROKKA_06122025__gr_1e-12_lr_1e-13_mu_1e-14	29492	mmseqs2	0.9985870516854889	1.0	0.9987907817482858	9.999000099990002e-05	0.9994805387922583	0.9999999999999999	0.9997402019186166	1933	1325	49	aa	0.7	2.0
True	PROKKA_06122025__gr_1e-12_lr_1e-13_mu_1e-14	29492	mmseqs2	0.9997239894716613	1.0	0.9996431526933098	9.999000099990002e-05	0.9998468339110096	0.9999999999999999	0.9999234110900929	1938	1330	49	nt	0.9	0.0
True	PROKKA_06122025__gr_1e-12_lr_1e-13_mu_1e-14	29492	mmseqs2	0.9960469142707867	1.0	0.9976582440599644	9.999000099990002e-05	0.9989928880048677	1.0	0.9994961903060409	1928	1319	51	aa	0.6	2.0
True	PROKKA_06122025__gr_1e-12_lr_1e-13_mu_1e-14	29492	ppanggolin	0.9926502280548481	0.9953471058998697	0.9960421031627644	9.999000099990002e-05	0.9994395780002993	0.9988429257703061	0.9991411628103388	1872	1294	20	aa	0.95	7.0
True	PROKKA_06122025__gr_1e-12_lr_1e-13_mu_1e-14	29492	ppanggolin	0.9898974344325067	1.0	0.99526934698245	9.999000099990002e-05	0.997933850496223	0.9999999999999999	0.9989658569009859	1846	1276	18	aa	0.7	7.0
True	PROKKA_06122025__gr_1e-12_lr_1e-13_mu_1e-14	29492	cdhit	0.9894673506345414	0.993481803367735	0.9936383127754441	9.999000099990002e-05	0.9994578096122568	0.9978265014699061	0.9986414893449269	1963	1350	56	aa	0.95	2.0
True	PROKKA_06122025__gr_1e-12_lr_1e-13_mu_1e-14	29492	ppanggolin	0.99298682882642	1.0	0.996947864553516	9.999000099990002e-05	0.9986691809928999	1.0	0.9993341474318231	1854	1283	19	aa	0.85	6.0
True	PROKKA_06122025__gr_1e-12_lr_1e-13_mu_1e-14	29492	mmseqs2	0.9966978802090591	1.0	0.9982012299051459	9.999000099990002e-05	0.9992268268157344	1.0	0.9996132639008767	1932	1325	49	nt	0.6	1.0
True	PROKKA_06122025__gr_1e-12_lr_1e-13_mu_1e-14	30354	panaroo	1.0	1.0	1.0	9.999000099990002e-05	1.0	1.0	1.0	1878	1288	24	aa	0.85	34.0
True	PROKKA_06122025__gr_1e-12_lr_1e-13_mu_1e-14	30354	panta	1.0	1.0	0.9999999999999994	9.999000099990002e-05	1.0	0.9999999999999999	0.9999999999999999	1867	1280	24	aa	0.6	8.0
True	PROKKA_06122025__gr_1e-12_lr_1e-13_mu_1e-14	30354	diamond	0.9850978523230086	1.0	0.9926364760740841	9.999000099990002e-05	0.9965756346168855	1.0000000000000002	0.9982848807108821	1902	1279	52	aa	0.6	1.0
True	PROKKA_06122025__gr_1e-12_lr_1e-13_mu_1e-14	30354	diamond	0.9802480152207302	0.9806602200733577	0.9880803566407841	9.999000099990002e-05	0.999773301419648	0.9948088310408688	0.9972848880023126	1982	1322	68	aa	0.95	1.0
True	PROKKA_06122025__gr_1e-12_lr_1e-13_mu_1e-14	30354	diamond	0.9879821020977168	1.0	0.9949062990499401	9.999000099990002e-05	0.9976365726495706	1.0000000000000002	0.9988168882254221	1917	1296	50	aa	0.7	1.0
True	PROKKA_06122025__gr_1e-12_lr_1e-13_mu_1e-14	30354	panta	1.0	1.0	0.9999999999999994	9.999000099990002e-05	1.0	0.9999999999999999	0.9999999999999999	1866	1279	24	aa	0.8	7.0
True	PROKKA_06122025__gr_1e-12_lr_1e-13_mu_1e-14	30354	mmseqs2	0.9965406472684813	1.0	0.9982659112627429	9.999000099990002e-05	0.9991980733416749	1.0000000000000002	0.9995988758347568	1932	1310	50	nt	0.7	4.0
True	PROKKA_06122025__gr_1e-12_lr_1e-13_mu_1e-14	30354	cdhit	0.9910218313718409	1.0	0.995686564098726	9.999000099990002e-05	0.998000145880026	1.0	0.9989990720851057	1919	1297	51	aa	0.7	0.0
True	PROKKA_06122025__gr_1e-12_lr_1e-13_mu_1e-14	30354	panx	0.9996721503145559	1.0	0.9996880557372373	9.999000099990002e-05	0.9998570492171918	1.0000000000000002	0.9999285194994992	1775	1225	21	aa	0.5	766.0
True	PROKKA_06122025__gr_1e-12_lr_1e-13_mu_1e-14	30354	ppanggolin	0.9820137597901069	1.0	0.9925806174019574	9.999000099990002e-05	0.9965809622011621	1.0	0.9982875536411664	1848	1263	25	aa	0.6	6.0
True	PROKKA_06122025__gr_1e-12_lr_1e-13_mu_1e-14	30354	panx	0.9985565232468903	0.9994734994734995	0.9988717113710077	9.999000099990002e-05	0.9996778639533723	0.9998058489459015	0.99974185235354	1863	1277	26	aa	0.9	893.0
True	PROKKA_06122025__gr_1e-12_lr_1e-13_mu_1e-14	30354	panaroo	0.9754385519367738	0.9747738343771747	0.983974128451747	9.999000099990002e-05	1.0	0.9928355013557607	0.9964048720331582	1949	1302	53	aa	0.95	39.0
True	PROKKA_06122025__gr_1e-12_lr_1e-13_mu_1e-14	30354	cdhit	0.9960924051038471	1.0	0.9978295793075904	9.999000099990002e-05	0.9989958556366444	0.9999999999999999	0.9994976756152224	1928	1305	50	nt	0.8	22.0
True	PROKKA_06122025__gr_1e-12_lr_1e-13_mu_1e-14	30354	panta	0.9909575709877729	0.9895031490552834	0.9937916298671188	9.999000099990002e-05	1.0	0.9971810765818422	0.998588548904648	1893	1285	37	aa	0.95	7.0
True	PROKKA_06122025__gr_1e-12_lr_1e-13_mu_1e-14	30354	mmseqs2	0.9882301080082335	1.0	0.9942746505929266	9.999000099990002e-05	0.9973418031066115	1.0000000000000002	0.9986691326996442	1910	1285	54	aa	0.5	9.0
True	PROKKA_06122025__gr_1e-12_lr_1e-13_mu_1e-14	30354	cdhit	0.9808665063964733	0.9998332777592531	0.9917842720821238	9.999000099990002e-05	0.9962361428878981	0.9999407327124132	0.9980850002325895	1905	1285	52	aa	0.6	1.0
True	PROKKA_06122025__gr_1e-12_lr_1e-13_mu_1e-14	30354	panaroo	0.9996350498748161	1.0	0.9998096376650778	9.999000099990002e-05	0.9999129029111602	1.0	0.9999564495590217	1877	1287	24	aa	0.8	37.0
True	PROKKA_06122025__gr_1e-12_lr_1e-13_mu_1e-14	30354	cdhit	0.9983640306785178	0.9994998332777593	0.9985935714205506	9.999000099990002e-05	0.9995276065662877	0.9998226438988634	0.9996751034637466	1934	1308	52	aa	0.9	0.0
True	PROKKA_06122025__gr_1e-12_lr_1e-13_mu_1e-14	30354	cdhit	0.9986190153835387	1.0	0.998720259144308	9.999000099990002e-05	0.9994084489667109	1.0000000000000002	0.9997041369743163	1930	1305	50	aa	0.85	0.0
True	PROKKA_06122025__gr_1e-12_lr_1e-13_mu_1e-14	30354	panta	0.999969415414324	1.0	0.9999247617006202	9.999000099990002e-05	0.9999655275607305	0.9999999999999998	0.9999827634832729	1865	1277	25	aa	0.85	7.0
True	PROKKA_06122025__gr_1e-12_lr_1e-13_mu_1e-14	30354	mmseqs2	0.9998871236887219	1.0	0.9997607033858842	9.999000099990002e-05	0.999889501277112	1.0000000000000002	0.9999447475858955	1937	1312	50	nt	0.85	1.0
True	PROKKA_06122025__gr_1e-12_lr_1e-13_mu_1e-14	30354	mmseqs2	0.9821034895445229	0.98432810936979	0.9887821574715724	9.999000099990002e-05	1.0	0.9949043375375651	0.9974456607434496	1993	1343	66	aa	0.95	1.0
True	PROKKA_06122025__gr_1e-12_lr_1e-13_mu_1e-14	30354	diamond	0.9955148087653433	0.9979993331110371	0.9970322536343998	9.999000099990002e-05	0.9992692561857358	0.9993603449817049	0.9993147985080059	1938	1311	54	aa	0.9	0.0
True	PROKKA_06122025__gr_1e-12_lr_1e-13_mu_1e-14	30354	mmseqs2	0.9931523388187417	0.9931643881293765	0.9952991112617255	9.999000099990002e-05	0.999967283326968	0.9978767546432585	0.99892092522852	1961	1323	59	nt	0.95	2.0
True	PROKKA_06122025__gr_1e-12_lr_1e-13_mu_1e-14	30354	hdbscan_dist	0.9057490662594777	0.9376458819606536	0.9344333184103746	9.999000099990002e-05	0.9867960280058732	0.9832285282052377	0.9850090479288585	1820	951	201	nt	0.9	0.283
True	PROKKA_06122025__gr_1e-12_lr_1e-13_mu_1e-14	30354	hdbscan_tsne	0.5651003063680095	0.6973991330443481	0.7210707157095047	9.999000099990002e-05	0.9728057668502013	0.9192345265587039	0.9452617384939174	2138	515	678	nt	0.9	14.404
True	PROKKA_06122025__gr_1e-12_lr_1e-13_mu_1e-14	30354	hdbscan_umap	0.6378489079550089	0.9804934978326109	0.8068838569110973	9.999000099990002e-05	0.8962452959688731	0.9951453682167564	0.9431096091969983	699	46	40	nt	0.9	6.82
True	PROKKA_06122025__gr_1e-12_lr_1e-13_mu_1e-14	30354	panx	0.9926773013889885	0.9926611916826839	0.9947267687641265	9.999000099990002e-05	0.9998630498327667	0.9977399495957399	0.9988003714734022	1893	1292	35	aa	0.95	1182.0
True	PROKKA_06122025__gr_1e-12_lr_1e-13_mu_1e-14	30354	diamond	0.9964285489859558	1.0	0.9979119026573534	9.999000099990002e-05	0.9990340205861425	1.0000000000000002	0.9995167769012886	1927	1302	51	aa	0.85	0.0
True	PROKKA_06122025__gr_1e-12_lr_1e-13_mu_1e-14	30354	panta	1.0	1.0	1.0	9.999000099990002e-05	1.0	1.0	1.0	1867	1280	24	aa	0.7	7.0
True	PROKKA_06122025__gr_1e-12_lr_1e-13_mu_1e-14	30354	mmseqs2	0.9996050441436324	1.0	0.9996781423368662	9.999000099990002e-05	0.9998513654335797	1.0000000000000002	0.9999256771933208	1937	1312	51	aa	0.8	0.0
True	PROKKA_06122025__gr_1e-12_lr_1e-13_mu_1e-14	30354	panta	0.9990817056365597	0.9993002099370188	0.9994580299881353	9.999000099990002e-05	0.9999310551214612	0.9998207240874342	0.9998758865608356	1866	1275	27	aa	0.5	9.0
True	PROKKA_06122025__gr_1e-12_lr_1e-13_mu_1e-14	30354	panaroo	0.9991792358949316	1.0	0.999536528145267	9.999000099990002e-05	0.9997878887693293	1.0	0.9998939331356782	1875	1284	25	aa	0.7	42.0
True	PROKKA_06122025__gr_1e-12_lr_1e-13_mu_1e-14	30354	cdhit	0.9930473597084807	0.9938312770923641	0.9950808821873345	9.999000099990002e-05	0.9996992091968954	0.9980412223773611	0.9988695277797549	1957	1324	54	nt	0.95	2.0
True	PROKKA_06122025__gr_1e-12_lr_1e-13_mu_1e-14	30354	cdhit	0.9960924051038471	1.0	0.9977324558187186	9.999000099990002e-05	0.9989508193657863	1.0000000000000002	0.999475134343452	1926	1301	51	aa	0.8	0.0
True	PROKKA_06122025__gr_1e-12_lr_1e-13_mu_1e-14	30354	ppanggolin	0.9969366116434842	1.0	0.9984278690778288	9.999000099990002e-05	0.9992797119479556	1.0	0.9996397262235295	1870	1280	25	aa	0.9	5.0
True	PROKKA_06122025__gr_1e-12_lr_1e-13_mu_1e-14	30354	cdhit	0.974506911868924	0.9986662220740247	0.9878579070308591	9.999000099990002e-05	0.9947231202646855	0.9996108204501453	0.9971609809860731	1889	1265	56	aa	0.5	2.0
True	PROKKA_06122025__gr_1e-12_lr_1e-13_mu_1e-14	30354	panaroo	0.9982933770636456	0.9982602644398052	0.9987933548042118	9.999000099990002e-05	1.0	0.9994489882947561	0.9997244182229856	1884	1288	26	aa	0.9	37.0
True	PROKKA_06122025__gr_1e-12_lr_1e-13_mu_1e-14	30354	ppanggolin	0.9734047597328912	1.0	0.9887501454148345	9.999000099990002e-05	0.9947959290832793	1.0	0.9973911762898412	1829	1243	26	aa	0.5	7.0
True	PROKKA_06122025__gr_1e-12_lr_1e-13_mu_1e-14	30354	cdhit	0.9966795004819843	0.9998332777592531	0.9981779410038896	9.999000099990002e-05	0.9992287093146625	0.9999288156792162	0.9995786399080699	1932	1309	50	nt	0.85	21.0
True	PROKKA_06122025__gr_1e-12_lr_1e-13_mu_1e-14	30354	embed_hdbscan_raw	0.8686767910329015	0.9311437145715239	0.8996714934788947	9.999000099990002e-05	0.9732858647670574	0.9796156627080511	0.9764405055802918	1641	693	264	aa	0.9	16.736
True	PROKKA_06122025__gr_1e-12_lr_1e-13_mu_1e-14	30354	embed_hdbscan_tsne	0.6076971296848607	0.7462487495831944	0.7397816053853464	9.999000099990002e-05	0.9639114769797226	0.9284967992520825	0.9458727615799021	1871	345	596	aa	0.9	14.2
True	PROKKA_06122025__gr_1e-12_lr_1e-13_mu_1e-14	30354	embed_hdbscan_umap	0.6765669581123837	0.9828276092030677	0.8008667897148913	9.999000099990002e-05	0.8914286760128143	0.9955403419718789	0.9406123794328618	622	11	8	aa	0.9	13.557
True	PROKKA_06122025__gr_1e-12_lr_1e-13_mu_1e-14	30354	diamond	0.9769220438314834	1.0	0.9891353957638653	9.999000099990002e-05	0.9949298052862823	1.0000000000000002	0.9974584595907674	1882	1254	57	aa	0.5	1.0
True	PROKKA_06122025__gr_1e-12_lr_1e-13_mu_1e-14	30354	mmseqs2	0.9994070486754179	0.9994998332777593	0.9994117155799331	9.999000099990002e-05	0.9999345666539361	0.9997939603020835	0.9998642585348023	1941	1316	51	aa	0.9	1.0
True	PROKKA_06122025__gr_1e-12_lr_1e-13_mu_1e-14	30354	panaroo	0.9963322205730364	1.0	0.9986189202238933	9.999000099990002e-05	0.9993673669265971	1.0	0.9996835833754878	1872	1281	26	aa	0.6	45.0
True	PROKKA_06122025__gr_1e-12_lr_1e-13_mu_1e-14	30354	panx	0.9996793001955043	1.0	0.9996948785099409	9.999000099990002e-05	0.9998606776843884	1.0	0.9999303339891792	1817	1255	22	aa	0.6	822.0
True	PROKKA_06122025__gr_1e-12_lr_1e-13_mu_1e-14	30354	panaroo	0.9930210993469701	1.0	0.9968642446416603	9.999000099990002e-05	0.9985610954770384	0.9999999999999999	0.9992800297542976	1862	1269	28	aa	0.5	44.0
True	PROKKA_06122025__gr_1e-12_lr_1e-13_mu_1e-14	30354	panx	0.9996843400586007	1.0	0.9996995719866026	9.999000099990002e-05	0.9998627554397151	1.0	0.9999313730105172	1835	1264	23	aa	0.7	758.0
True	PROKKA_06122025__gr_1e-12_lr_1e-13_mu_1e-14	30354	diamond	0.9960924051038471	1.0	0.997732455818719	9.999000099990002e-05	0.9989508193657863	1.0000000000000004	0.9994751343434521	1926	1301	51	aa	0.8	0.0
True	PROKKA_06122025__gr_1e-12_lr_1e-13_mu_1e-14	30354	panx	0.9991984035472944	1.0	0.9992932163134662	9.999000099990002e-05	0.9996764712912591	0.9999999999999999	0.9998382094736895	1855	1272	25	aa	0.85	815.0
True	PROKKA_06122025__gr_1e-12_lr_1e-13_mu_1e-14	30354	panta	0.9996634668365298	0.9996501049685095	0.99969740434617	9.999000099990002e-05	0.9999655275607305	0.9998958687045849	0.9999306969194847	1866	1277	26	aa	0.9	7.0
True	PROKKA_06122025__gr_1e-12_lr_1e-13_mu_1e-14	30354	mmseqs2	0.9992103995295848	1.0	0.9994314701404748	9.999000099990002e-05	0.9997373873910628	1.0000000000000002	0.9998686764519218	1936	1312	50	nt	0.8	1.0
True	PROKKA_06122025__gr_1e-12_lr_1e-13_mu_1e-14	30354	panx	0.9992234198992094	1.0	0.9993651493491243	9.999000099990002e-05	0.9997095792050982	1.0	0.9998547685134271	1848	1268	24	aa	0.8	758.0
True	PROKKA_06122025__gr_1e-12_lr_1e-13_mu_1e-14	30354	mmseqs2	0.9999435586651981	1.0	0.9998582834113351	9.999000099990002e-05	0.9999345666539361	1.0000000000000002	0.9999672822565524	1938	1313	51	aa	0.85	1.0
True	PROKKA_06122025__gr_1e-12_lr_1e-13_mu_1e-14	30354	ppanggolin	0.996030299214035	1.0	0.9978889147777701	9.999000099990002e-05	0.9990322663844808	1.0	0.9995158989518116	1867	1277	25	aa	0.8	6.0
True	PROKKA_06122025__gr_1e-12_lr_1e-13_mu_1e-14	30354	mmseqs2	0.9962604487468193	1.0	0.998095223216503	9.999000099990002e-05	0.9991189895059668	1.0000000000000002	0.9995593006225953	1931	1309	50	nt	0.5	4.0
True	PROKKA_06122025__gr_1e-12_lr_1e-13_mu_1e-14	30354	hdbscan_dist	0.9508135221137354	0.9869956652217405	0.962020386122368	9.999000099990002e-05	0.9849448389832488	0.997029063957515	0.9909501123139701	1798	1206	25	aa	0.9	0.278
True	PROKKA_06122025__gr_1e-12_lr_1e-13_mu_1e-14	30354	hdbscan_tsne	0.7637445476495375	0.9656552184061353	0.8456582309942631	9.999000099990002e-05	0.9269505254338595	0.9912925600232253	0.958042457015557	1074	454	6	aa	0.9	14.616
True	PROKKA_06122025__gr_1e-12_lr_1e-13_mu_1e-14	30354	hdbscan_umap	0.05940508212505334	0.9709903301100367	0.6646373147785803	9.999000099990002e-05	0.7963495367876374	0.9899812839254418	0.8826709226992445	654	113	1	aa	0.9	7.077
True	PROKKA_06122025__gr_1e-12_lr_1e-13_mu_1e-14	30354	cdhit	0.9967583665755435	0.9991663887962654	0.9981548006319303	9.999000099990002e-05	0.9994058240124396	0.9997416300447949	0.999573698825172	1935	1310	51	nt	0.9	1.0
True	PROKKA_06122025__gr_1e-12_lr_1e-13_mu_1e-14	30354	mmseqs2	0.997719200801051	1.0	0.9987901729512477	9.999000099990002e-05	0.9994408077525018	1.0000000000000002	0.9997203256803953	1934	1311	51	aa	0.7	1.0
True	PROKKA_06122025__gr_1e-12_lr_1e-13_mu_1e-14	30354	mmseqs2	0.9999435586651981	1.0	0.9998582834113351	9.999000099990002e-05	0.9999345666539361	1.0000000000000002	0.9999672822565524	1938	1313	51	nt	0.9	2.0
True	PROKKA_06122025__gr_1e-12_lr_1e-13_mu_1e-14	30354	mmseqs2	0.9934113806341388	1.0	0.9972039619989417	9.999000099990002e-05	0.998705619702849	1.0000000000000002	0.9993523907250818	1928	1306	51	aa	0.6	1.0
True	PROKKA_06122025__gr_1e-12_lr_1e-13_mu_1e-14	30354	ppanggolin	0.9928345738661342	0.9949547668754349	0.9958116382808468	9.999000099990002e-05	0.9995292331626862	0.998560254177487	0.9990445087155764	1888	1289	30	aa	0.95	6.0
True	PROKKA_06122025__gr_1e-12_lr_1e-13_mu_1e-14	30354	ppanggolin	0.9878281231673014	1.0	0.9951548183214329	9.999000099990002e-05	0.9977729291178353	1.0000000000000002	0.9988852232154594	1859	1273	23	aa	0.7	7.0
True	PROKKA_06122025__gr_1e-12_lr_1e-13_mu_1e-14	30354	cdhit	0.9882150827216344	0.9886628876292097	0.9916077937090624	9.999000099990002e-05	0.9998650658062626	0.9963036371621768	0.9980811744546509	1981	1340	62	aa	0.95	0.0
True	PROKKA_06122025__gr_1e-12_lr_1e-13_mu_1e-14	30354	ppanggolin	0.9966947674205007	1.0	0.9982588726360885	9.999000099990002e-05	0.9992021503823946	1.0	0.9996009159866837	1869	1279	25	aa	0.85	4.0
True	PROKKA_06122025__gr_1e-12_lr_1e-13_mu_1e-14	30354	mmseqs2	0.9965406472684813	1.0	0.9982659112627429	9.999000099990002e-05	0.9991980733416749	1.0000000000000002	0.9995988758347568	1932	1310	50	nt	0.6	0.0
True	PROKKA_06122025__gr_1e-12_lr_1e-13_mu_1e-14	31001	panaroo	0.9998512130576619	1.0	0.9998561810785986	9.999000099990002e-05	0.9999334594115641	1.0	0.9999667285988327	1861	1276	9	aa	0.85	34.0
True	PROKKA_06122025__gr_1e-12_lr_1e-13_mu_1e-14	31001	panta	0.9999400659863044	1.0	0.9998513217660863	9.999000099990002e-05	0.9999311285680966	0.9999999999999999	0.9999655630981888	1851	1270	11	aa	0.6	7.0
True	PROKKA_06122025__gr_1e-12_lr_1e-13_mu_1e-14	31001	diamond	0.9831880401692011	1.0	0.9922678678829411	9.999000099990002e-05	0.9964569274491158	0.9999999999999999	0.9982253198142315	1902	1284	41	aa	0.6	1.0
True	PROKKA_06122025__gr_1e-12_lr_1e-13_mu_1e-14	31001	diamond	0.9845566003831109	0.9876459637840582	0.9900894811759294	9.999000099990002e-05	0.9995280530206572	0.9960142085640581	0.9977680371212532	1981	1344	58	aa	0.95	1.0
True	PROKKA_06122025__gr_1e-12_lr_1e-13_mu_1e-14	31001	diamond	0.9831595902703921	1.0	0.9936934375154881	9.999000099990002e-05	0.9971143081710575	1.0000000000000002	0.9985550692731329	1917	1304	39	aa	0.7	1.0
True	PROKKA_06122025__gr_1e-12_lr_1e-13_mu_1e-14	31001	panta	0.9998501335923583	0.9998255408234473	0.9998549912937874	9.999000099990002e-05	1.0	0.999932852546661	0.9999664251460975	1851	1272	9	aa	0.8	7.0
True	PROKKA_06122025__gr_1e-12_lr_1e-13_mu_1e-14	31001	mmseqs2	0.9983546230486455	1.0	0.9987423706525281	9.999000099990002e-05	0.9994274134690627	1.0	0.999713624747225	1932	1312	42	nt	0.7	3.0
True	PROKKA_06122025__gr_1e-12_lr_1e-13_mu_1e-14	31001	cdhit	0.9823981197066004	0.9994922998815366	0.9934101485780573	9.999000099990002e-05	0.99720185059347	0.9997842630887935	0.9984913871113699	1921	1307	40	aa	0.7	0.0
True	PROKKA_06122025__gr_1e-12_lr_1e-13_mu_1e-14	31001	panx	0.9978012461146246	1.0	0.9990924849808706	9.999000099990002e-05	0.9995789335125532	1.0	0.9997894224226963	1762	1215	9	aa	0.5	1046.0
True	PROKKA_06122025__gr_1e-12_lr_1e-13_mu_1e-14	31001	ppanggolin	0.9875089102194952	1.0	0.9944181653935615	9.999000099990002e-05	0.9974034955029097	1.0	0.9987000601015588	1837	1252	14	aa	0.6	4.0
True	PROKKA_06122025__gr_1e-12_lr_1e-13_mu_1e-14	31001	panx	0.9966699315237679	0.9991229608840554	0.9982556348248689	9.999000099990002e-05	0.9995142229436801	0.9996802305149791	0.9995972198369252	1846	1268	10	aa	0.9	764.0
True	PROKKA_06122025__gr_1e-12_lr_1e-13_mu_1e-14	31001	panaroo	0.9848045964028089	0.9863274489442714	0.9895449539998117	9.999000099990002e-05	0.9999529985865709	0.9952813304255734	0.9976116953531288	1917	1307	32	aa	0.95	53.0
True	PROKKA_06122025__gr_1e-12_lr_1e-13_mu_1e-14	31001	cdhit	0.9896313205067521	1.0	0.9964451540467621	9.999000099990002e-05	0.9983778502903776	0.9999999999999999	0.9991882667687761	1928	1311	42	nt	0.8	23.0
True	PROKKA_06122025__gr_1e-12_lr_1e-13_mu_1e-14	31001	panta	0.9949700880520055	0.9956385205861829	0.9972100641885001	9.999000099990002e-05	1.0	0.9987130455656575	0.9993561084532881	1861	1275	14	aa	0.95	8.0
True	PROKKA_06122025__gr_1e-12_lr_1e-13_mu_1e-14	31001	mmseqs2	0.9944102181817318	1.0	0.9957038683628628	9.999000099990002e-05	0.998038081264193	0.9999999999999999	0.9990180774059293	1910	1285	45	aa	0.5	1.0
True	PROKKA_06122025__gr_1e-12_lr_1e-13_mu_1e-14	31001	cdhit	0.9772670735293728	0.9998307666271788	0.9911745799699188	9.999000099990002e-05	0.9960280647708072	0.9999245819151893	0.9979725199346655	1905	1288	44	aa	0.6	0.0
True	PROKKA_06122025__gr_1e-12_lr_1e-13_mu_1e-14	31001	panaroo	0.9997619620995934	1.0	0.9997365477485053	9.999000099990002e-05	0.999878094220058	1.0	0.9999390433945478	1860	1275	9	aa	0.8	36.0
True	PROKKA_06122025__gr_1e-12_lr_1e-13_mu_1e-14	31001	cdhit	0.9947971449992068	0.998646133017431	0.9971390322884438	9.999000099990002e-05	0.9992113634224966	0.9994867711453502	0.9993490483092188	1937	1316	44	aa	0.9	0.0
True	PROKKA_06122025__gr_1e-12_lr_1e-13_mu_1e-14	31001	cdhit	0.9908723079705531	1.0	0.9969627517484825	9.999000099990002e-05	0.9986147519511123	1.0	0.9993068959150154	1930	1313	41	aa	0.85	0.0
True	PROKKA_06122025__gr_1e-12_lr_1e-13_mu_1e-14	31001	panta	0.9998501335923583	0.9998255408234473	0.999854991293788	9.999000099990002e-05	1.0	0.9999328525466611	0.9999664251460976	1851	1272	9	aa	0.85	8.0
True	PROKKA_06122025__gr_1e-12_lr_1e-13_mu_1e-14	31001	mmseqs2	0.9991472546225496	1.0	0.999418475438234	9.999000099990002e-05	0.9997354155654231	0.9999999999999999	0.9998676902791651	1937	1318	41	nt	0.85	1.0
True	PROKKA_06122025__gr_1e-12_lr_1e-13_mu_1e-14	31001	mmseqs2	0.9893245462556829	0.9923844982230496	0.9931576814567076	9.999000099990002e-05	0.9999401298574666	0.9969776788842604	0.9984567069554942	1977	1354	44	aa	0.95	0.0
True	PROKKA_06122025__gr_1e-12_lr_1e-13_mu_1e-14	31001	diamond	0.992429725072546	0.9972922660348621	0.995869160095325	9.999000099990002e-05	0.9990208312820982	0.9991004137881975	0.9990606209503152	1946	1328	44	aa	0.9	1.0
True	PROKKA_06122025__gr_1e-12_lr_1e-13_mu_1e-14	31001	mmseqs2	0.9951815288761552	0.9964460991707564	0.9971711965193509	9.999000099990002e-05	0.9999021393133823	0.998815879955961	0.9993587144556169	1951	1328	43	nt	0.95	0.0
True	PROKKA_06122025__gr_1e-12_lr_1e-13_mu_1e-14	31001	hdbscan_dist	0.9423277950358157	0.9827381959722458	0.9540198969753443	9.999000099990002e-05	0.9838944086017758	0.9946447908310139	0.9892403936440289	1700	937	142	nt	0.9	0.297
True	PROKKA_06122025__gr_1e-12_lr_1e-13_mu_1e-14	31001	hdbscan_tsne	0.562446852366678	0.7121340328312743	0.7116143137543914	9.999000099990002e-05	0.9681307071244406	0.919910743418205	0.9434049641874857	2102	503	741	nt	0.9	13.937
True	PROKKA_06122025__gr_1e-12_lr_1e-13_mu_1e-14	31001	hdbscan_umap	0.7072743548210215	0.9971230326620409	0.8180821928920377	9.999000099990002e-05	0.9001354123021933	0.9991881403768925	0.9470788981023934	696	46	56	nt	0.9	6.684
True	PROKKA_06122025__gr_1e-12_lr_1e-13_mu_1e-14	31001	panx	0.9934173796251637	0.9958246346555324	0.9958405821311798	9.999000099990002e-05	0.9996094990934208	0.9984749815989866	0.9990419182552317	1872	1286	13	aa	0.95	963.0
True	PROKKA_06122025__gr_1e-12_lr_1e-13_mu_1e-14	31001	diamond	0.990121572467504	1.0	0.9965871816357655	9.999000099990002e-05	0.9984428786136053	1.0	0.9992208326777521	1928	1311	41	aa	0.85	1.0
True	PROKKA_06122025__gr_1e-12_lr_1e-13_mu_1e-14	31001	panta	0.9999700320969301	1.0	0.9999256553675674	9.999000099990002e-05	0.9999655642840483	0.9999999999999999	0.9999827818455643	1852	1272	10	aa	0.7	7.0
True	PROKKA_06122025__gr_1e-12_lr_1e-13_mu_1e-14	31001	mmseqs2	0.9994117443640533	1.0	0.9994855561034545	9.999000099990002e-05	0.9997659516135295	0.9999999999999999	0.9998829621105002	1937	1318	41	aa	0.8	1.0
True	PROKKA_06122025__gr_1e-12_lr_1e-13_mu_1e-14	31001	panta	0.999910101667962	1.0	0.9997769991931006	9.999000099990002e-05	0.9998966928521451	1.0	0.999948343757843	1851	1269	12	aa	0.5	7.0
True	PROKKA_06122025__gr_1e-12_lr_1e-13_mu_1e-14	31001	panaroo	0.9995537716912803	1.0	0.9995102073150387	9.999000099990002e-05	0.9997733098959075	0.9999999999999999	0.9998866420993966	1858	1272	10	aa	0.7	36.0
True	PROKKA_06122025__gr_1e-12_lr_1e-13_mu_1e-14	31001	cdhit	0.9899117119899503	0.9962768657979354	0.9952189407484643	9.999000099990002e-05	0.9991759859398824	0.998653178462954	0.9989145137952544	1950	1329	42	nt	0.95	0.0
True	PROKKA_06122025__gr_1e-12_lr_1e-13_mu_1e-14	31001	cdhit	0.9894547282542375	0.9996615332543578	0.996043452693485	9.999000099990002e-05	0.9982749775036083	0.9999193455625967	0.9990964849356659	1927	1310	41	aa	0.8	0.0
True	PROKKA_06122025__gr_1e-12_lr_1e-13_mu_1e-14	31001	ppanggolin	0.9950826166548963	0.9998269297334718	0.9979752130102173	9.999000099990002e-05	0.9991232832686554	0.9999383653195142	0.9995306581264356	1856	1272	10	aa	0.9	4.0
True	PROKKA_06122025__gr_1e-12_lr_1e-13_mu_1e-14	31001	cdhit	0.9698367621188427	0.9983076662717888	0.986917030118473	9.999000099990002e-05	0.9944592781775875	0.9995236973972387	0.9969850563528556	1889	1269	45	aa	0.5	2.0
True	PROKKA_06122025__gr_1e-12_lr_1e-13_mu_1e-14	31001	panaroo	0.9983012054669849	0.9987885081343025	0.9990892385673977	9.999000099990002e-05	0.9999334594115641	0.9996455810105779	0.9997894994882158	1864	1278	9	aa	0.9	35.0
True	PROKKA_06122025__gr_1e-12_lr_1e-13_mu_1e-14	31001	ppanggolin	0.9749574671631539	1.0	0.9897844677062577	9.999000099990002e-05	0.9952260985641732	0.9999999999999999	0.997607338116085	1817	1232	16	aa	0.5	6.0
True	PROKKA_06122025__gr_1e-12_lr_1e-13_mu_1e-14	31001	cdhit	0.99060793687158	0.9998307666271788	0.9968571865225746	9.999000099990002e-05	0.9986420497437869	0.9999247793101529	0.9992830028832068	1932	1315	42	nt	0.85	27.0
True	PROKKA_06122025__gr_1e-12_lr_1e-13_mu_1e-14	31001	embed_hdbscan_raw	0.9047719043607436	0.9685225926552716	0.9207408648984663	9.999000099990002e-05	0.9721083130805186	0.990227477709929	0.9810842440322897	1519	641	215	aa	0.9	16.118
True	PROKKA_06122025__gr_1e-12_lr_1e-13_mu_1e-14	31001	embed_hdbscan_tsne	0.6264024050463712	0.7654425452699273	0.747398680751199	9.999000099990002e-05	0.9631214043577898	0.9324493983690378	0.9475372513206878	1830	339	622	aa	0.9	13.809
True	PROKKA_06122025__gr_1e-12_lr_1e-13_mu_1e-14	31001	embed_hdbscan_umap	0.6837391638825572	0.9922152648502285	0.8055193734657343	9.999000099990002e-05	0.8931996892530609	0.9979227801273713	0.9426616536372074	629	10	17	aa	0.9	13.507
True	PROKKA_06122025__gr_1e-12_lr_1e-13_mu_1e-14	31001	diamond	0.9746702126948286	1.0	0.9884024215328533	9.999000099990002e-05	0.9946651196436543	1.0	0.9973254255544917	1881	1259	47	aa	0.5	1.0
True	PROKKA_06122025__gr_1e-12_lr_1e-13_mu_1e-14	31001	mmseqs2	0.9992644429362099	0.9998307666271788	0.9994385795581372	9.999000099990002e-05	0.9998197756298435	0.9999248679088182	0.9998723190078815	1939	1320	41	aa	0.9	0.0
True	PROKKA_06122025__gr_1e-12_lr_1e-13_mu_1e-14	31001	panaroo	0.998989119387936	1.0	0.9990966891706803	9.999000099990002e-05	0.999581749975249	1.0000000000000002	0.9997908312452062	1855	1268	11	aa	0.6	40.0
True	PROKKA_06122025__gr_1e-12_lr_1e-13_mu_1e-14	31001	panx	0.9978585644373188	1.0	0.9991169620916373	9.999000099990002e-05	0.9995910601720298	1.0	0.999795488269519	1802	1240	9	aa	0.6	951.0
True	PROKKA_06122025__gr_1e-12_lr_1e-13_mu_1e-14	31001	panaroo	0.9976246994449444	1.0	0.9979943277495156	9.999000099990002e-05	0.9990703163116215	1.0	0.9995349419773818	1846	1255	14	aa	0.5	41.0
True	PROKKA_06122025__gr_1e-12_lr_1e-13_mu_1e-14	31001	panx	0.9978519890649096	1.0	0.9990503735851358	9.999000099990002e-05	0.9995604529220085	0.9999999999999999	0.9997801781499782	1818	1250	10	aa	0.7	881.0
True	PROKKA_06122025__gr_1e-12_lr_1e-13_mu_1e-14	31001	diamond	0.9890263836946623	1.0	0.9960438985753686	9.999000099990002e-05	0.998194027255792	0.9999999999999999	0.9990961975065613	1926	1310	41	aa	0.8	1.0
True	PROKKA_06122025__gr_1e-12_lr_1e-13_mu_1e-14	31001	panx	0.9971201030804968	0.9994725738396625	0.9985173913392041	9.999000099990002e-05	0.9994782482815818	0.9998366196771737	0.9996574018608608	1840	1263	11	aa	0.85	798.0
True	PROKKA_06122025__gr_1e-12_lr_1e-13_mu_1e-14	31001	panta	0.9998501335923583	0.9998255408234473	0.999854991293788	9.999000099990002e-05	1.0	0.9999328525466611	0.9999664251460976	1851	1272	9	aa	0.9	9.0
True	PROKKA_06122025__gr_1e-12_lr_1e-13_mu_1e-14	31001	mmseqs2	0.9992060180454663	1.0	0.9994276459044924	9.999000099990002e-05	0.9997395902978691	0.9999999999999999	0.9998697781934236	1937	1318	41	nt	0.8	2.0
True	PROKKA_06122025__gr_1e-12_lr_1e-13_mu_1e-14	31001	panx	0.9973301136502413	0.9998238195912614	0.9986475390263223	9.999000099990002e-05	0.9994421149559504	0.9999321017832294	0.9996870483290309	1833	1258	11	aa	0.8	865.0
True	PROKKA_06122025__gr_1e-12_lr_1e-13_mu_1e-14	31001	mmseqs2	0.9994999386708392	1.0	0.9996038158636428	9.999000099990002e-05	0.9998197756298435	0.9999999999999999	0.9999098796939839	1938	1319	41	aa	0.85	1.0
True	PROKKA_06122025__gr_1e-12_lr_1e-13_mu_1e-14	31001	ppanggolin	0.994053378384592	1.0	0.9974839881639608	9.999000099990002e-05	0.9988331841997034	1.0	0.9994162515363864	1852	1268	11	aa	0.8	4.0
True	PROKKA_06122025__gr_1e-12_lr_1e-13_mu_1e-14	31001	mmseqs2	0.9983252904273587	1.0	0.9986696076123982	9.999000099990002e-05	0.9993942411113403	1.0	0.999697028791919	1931	1310	43	nt	0.5	11.0
True	PROKKA_06122025__gr_1e-12_lr_1e-13_mu_1e-14	31001	hdbscan_dist	0.9147513527267879	0.9680148925368083	0.9377256009027234	9.999000099990002e-05	0.9810882272247706	0.9899492192048128	0.9854988054859295	1722	941	161	aa	0.9	0.291
True	PROKKA_06122025__gr_1e-12_lr_1e-13_mu_1e-14	31001	hdbscan_tsne	0.5781089208934576	0.7238111355559317	0.7295184395076156	9.999000099990002e-05	0.9717850789321534	0.9233200430770404	0.9469328434825559	2187	722	647	aa	0.9	14.066
True	PROKKA_06122025__gr_1e-12_lr_1e-13_mu_1e-14	31001	hdbscan_umap	0.06235559563256989	0.9864613301743104	0.6668572314248141	9.999000099990002e-05	0.7933479785372622	0.9949321146787976	0.8827782459320382	586	32	18	aa	0.9	6.957
True	PROKKA_06122025__gr_1e-12_lr_1e-13_mu_1e-14	31001	cdhit	0.9903956533966602	0.9996615332543578	0.996956422547094	9.999000099990002e-05	0.9987536533895011	0.9998589006082484	0.999305971394016	1934	1317	42	nt	0.9	0.0
True	PROKKA_06122025__gr_1e-12_lr_1e-13_mu_1e-14	31001	mmseqs2	0.9983839573903105	1.0	0.998815144275766	9.999000099990002e-05	0.9994605858267851	1.0	0.9997302201518556	1933	1314	41	aa	0.7	2.0
True	PROKKA_06122025__gr_1e-12_lr_1e-13_mu_1e-14	31001	mmseqs2	0.9994999386708392	1.0	0.9996038158636433	9.999000099990002e-05	0.9998197756298435	1.0	0.999909879693984	1938	1319	41	nt	0.9	3.0
True	PROKKA_06122025__gr_1e-12_lr_1e-13_mu_1e-14	31001	mmseqs2	0.9977682972935898	1.0	0.9982613135050715	9.999000099990002e-05	0.9992080135554678	1.0000000000000002	0.9996038499049813	1928	1306	44	aa	0.6	0.0
True	PROKKA_06122025__gr_1e-12_lr_1e-13_mu_1e-14	31001	ppanggolin	0.9946816404252938	0.9984423676012462	0.9974333986728716	9.999000099990002e-05	0.9994285595398104	0.9993842739253147	0.9994064162419675	1867	1283	10	aa	0.95	5.0
True	PROKKA_06122025__gr_1e-12_lr_1e-13_mu_1e-14	31001	ppanggolin	0.9889913730774434	1.0	0.9955554001824123	9.999000099990002e-05	0.9979348496312971	1.0	0.9989663575020556	1845	1262	12	aa	0.7	4.0
True	PROKKA_06122025__gr_1e-12_lr_1e-13_mu_1e-14	31001	cdhit	0.991130339805048	0.9937383652056185	0.9944309957459755	9.999000099990002e-05	0.9996077753286157	0.9978732006457102	0.9987397348512467	1964	1340	46	aa	0.95	0.0
True	PROKKA_06122025__gr_1e-12_lr_1e-13_mu_1e-14	31001	ppanggolin	0.9941416150147866	1.0	0.9976030873667153	9.999000099990002e-05	0.9988885493912094	0.9999999999999999	0.9994439656932702	1853	1269	11	aa	0.85	5.0
True	PROKKA_06122025__gr_1e-12_lr_1e-13_mu_1e-14	31001	mmseqs2	0.9983546230486455	1.0	0.9987423706525281	9.999000099990002e-05	0.9994274134690627	1.0	0.999713624747225	1932	1312	42	nt	0.6	2.0
True	PROKKA_06122025__gr_1e-12_lr_1e-13_mu_1e-14	31375	panaroo	0.9974281833339307	0.9991842062326644	0.9989978542083994	9.999000099990002e-05	0.9997119937351238	0.9997983351476629	0.9997551625772271	1859	1272	11	aa	0.85	46.0
True	PROKKA_06122025__gr_1e-12_lr_1e-13_mu_1e-14	31375	panta	0.9998202729011479	0.9998356614626129	0.9998552289718156	9.999000099990002e-05	1.0	0.9999292203723222	0.9999646089336779	1847	1266	10	aa	0.6	7.0
True	PROKKA_06122025__gr_1e-12_lr_1e-13_mu_1e-14	31375	diamond	0.9847866481364209	1.0	0.9932475190574253	9.999000099990002e-05	0.9966463314977596	0.9999999999999999	0.9983203492529772	1903	1286	42	aa	0.6	1.0
True	PROKKA_06122025__gr_1e-12_lr_1e-13_mu_1e-14	31375	diamond	0.9740879882231717	0.9745775848705627	0.9839435662314125	9.999000099990002e-05	0.999635519874873	0.9926080960752559	0.9961094137365125	2006	1340	64	aa	0.95	0.0
True	PROKKA_06122025__gr_1e-12_lr_1e-13_mu_1e-14	31375	diamond	0.9926109712680412	1.0	0.9962727244866819	9.999000099990002e-05	0.9981543624727177	1.0	0.9990763288552952	1919	1305	38	aa	0.7	1.0
True	PROKKA_06122025__gr_1e-12_lr_1e-13_mu_1e-14	31375	panta	0.9993064114928922	0.9995069843878389	0.9995954380392177	9.999000099990002e-05	1.0	0.9998022825761403	0.999901131514059	1848	1266	11	aa	0.8	9.0
True	PROKKA_06122025__gr_1e-12_lr_1e-13_mu_1e-14	31375	mmseqs2	0.995308365406192	1.0	0.9981003813984147	9.999000099990002e-05	0.99906107302672	1.0	0.9995303160138782	1932	1318	39	nt	0.7	1.0
True	PROKKA_06122025__gr_1e-12_lr_1e-13_mu_1e-14	31375	cdhit	0.9926508420927408	0.999534955820803	0.9960996748754875	9.999000099990002e-05	0.998195591019996	0.9998735141260795	0.9990338480363572	1920	1305	38	aa	0.7	0.0
True	PROKKA_06122025__gr_1e-12_lr_1e-13_mu_1e-14	31375	panx	0.9975384122440435	1.0	0.9991991638558602	9.999000099990002e-05	0.9996066575662191	1.0000000000000002	0.9998032900959335	1761	1209	10	aa	0.5	786.0
True	PROKKA_06122025__gr_1e-12_lr_1e-13_mu_1e-14	31375	ppanggolin	0.9853993538763604	1.0	0.99432346015141	9.999000099990002e-05	0.9972112715094036	1.0	0.9986036887882729	1833	1248	13	aa	0.6	8.0
True	PROKKA_06122025__gr_1e-12_lr_1e-13_mu_1e-14	31375	panx	0.9969107977584447	0.9993412384716732	0.9985955846829305	9.999000099990002e-05	0.9995504087395987	0.9997632375131023	0.9996568117984411	1843	1261	11	aa	0.9	763.0
True	PROKKA_06122025__gr_1e-12_lr_1e-13_mu_1e-14	31375	panaroo	0.9681112005720093	0.9663892967857726	0.9801134032216365	9.999000099990002e-05	0.9998665718182818	0.9906873423299752	0.9952557925496713	1946	1291	43	aa	0.95	34.0
True	PROKKA_06122025__gr_1e-12_lr_1e-13_mu_1e-14	31375	cdhit	0.9956767735045141	0.999844985273601	0.9976709896638971	9.999000099990002e-05	0.998917862364479	0.9999307274609891	0.9994240382910697	1928	1313	38	nt	0.8	24.0
True	PROKKA_06122025__gr_1e-12_lr_1e-13_mu_1e-14	31375	panta	0.9858113826950532	0.9852095316351684	0.9913103607274357	9.999000099990002e-05	1.0	0.995804620821904	0.9978979008594697	1884	1274	21	aa	0.95	6.0
True	PROKKA_06122025__gr_1e-12_lr_1e-13_mu_1e-14	31375	mmseqs2	0.9902026251347483	1.0	0.995290342495576	9.999000099990002e-05	0.9976656449434177	1.0	0.9988314585764183	1911	1292	42	aa	0.5	1.0
True	PROKKA_06122025__gr_1e-12_lr_1e-13_mu_1e-14	31375	cdhit	0.985787869032373	0.999379941094404	0.9930319065989254	9.999000099990002e-05	0.9967780974218454	0.9997629618391926	0.9982682984178052	1907	1292	40	aa	0.6	0.0
True	PROKKA_06122025__gr_1e-12_lr_1e-13_mu_1e-14	31375	panaroo	0.9979640039331372	1.0	0.9994107957643631	9.999000099990002e-05	0.9997119937351238	1.0000000000000002	0.9998559761276732	1857	1272	10	aa	0.8	36.0
True	PROKKA_06122025__gr_1e-12_lr_1e-13_mu_1e-14	31375	cdhit	0.9943776646749409	0.9978297938304139	0.9969749424466137	9.999000099990002e-05	0.9992970250029334	0.9992109086295411	0.9992539649608456	1940	1319	44	aa	0.9	0.0
True	PROKKA_06122025__gr_1e-12_lr_1e-13_mu_1e-14	31375	cdhit	0.995512301848108	0.999689970547202	0.9978309486188178	9.999000099990002e-05	0.9990473003807709	0.9998807223118221	0.9994638376051445	1931	1316	39	aa	0.85	0.0
True	PROKKA_06122025__gr_1e-12_lr_1e-13_mu_1e-14	31375	panta	0.9993064114928922	0.9995069843878389	0.9995954380392177	9.999000099990002e-05	1.0	0.9998022825761403	0.999901131514059	1848	1266	11	aa	0.85	7.0
True	PROKKA_06122025__gr_1e-12_lr_1e-13_mu_1e-14	31375	mmseqs2	0.9978809901364337	1.0	0.9991606866851869	9.999000099990002e-05	0.9995855859018948	0.9999999999999999	0.999792750007288	1937	1323	38	nt	0.85	1.0
True	PROKKA_06122025__gr_1e-12_lr_1e-13_mu_1e-14	31375	mmseqs2	0.9774470055045803	0.9790730119361339	0.986045927359849	9.999000099990002e-05	0.999873726386498	0.9933759083702818	0.9966142262215585	2009	1359	54	aa	0.95	0.0
True	PROKKA_06122025__gr_1e-12_lr_1e-13_mu_1e-14	31375	diamond	0.9929266438452622	0.9961246318400248	0.995962846217061	9.999000099990002e-05	0.9991925743697404	0.9988176705847248	0.9990050873040275	1945	1326	41	aa	0.9	0.0
True	PROKKA_06122025__gr_1e-12_lr_1e-13_mu_1e-14	31375	mmseqs2	0.9875618875942139	0.9891489691520694	0.9922108042214107	9.999000099990002e-05	0.9998653498720547	0.9963322788787905	0.9980956877835302	1980	1349	47	nt	0.95	1.0
True	PROKKA_06122025__gr_1e-12_lr_1e-13_mu_1e-14	31375	hdbscan_dist	0.8984186723993023	0.9276081227716633	0.9313582946415611	9.999000099990002e-05	0.9873383192981229	0.9795032885882099	0.9834051982873832	1881	1004	193	nt	0.9	0.349
True	PROKKA_06122025__gr_1e-12_lr_1e-13_mu_1e-14	31375	hdbscan_tsne	0.5439039171894439	0.6707487211285073	0.7152858990327682	9.999000099990002e-05	0.975263071641077	0.9106258329908462	0.9418367591188529	2278	582	665	nt	0.9	19.159
True	PROKKA_06122025__gr_1e-12_lr_1e-13_mu_1e-14	31375	hdbscan_umap	0.7363282684638667	0.980313129747326	0.8333476366871656	9.999000099990002e-05	0.9082327581259071	0.9947337411852092	0.9495172612703359	720	43	45	nt	0.9	7.233
True	PROKKA_06122025__gr_1e-12_lr_1e-13_mu_1e-14	31375	panx	0.9867237355491179	0.987880773010154	0.992169706238284	9.999000099990002e-05	0.999625714425793	0.9965814137913529	0.9981012427647049	1881	1275	21	aa	0.95	905.0
True	PROKKA_06122025__gr_1e-12_lr_1e-13_mu_1e-14	31375	diamond	0.9955379355768811	0.999689970547202	0.9976927505878359	9.999000099990002e-05	0.9989436948839738	0.9999157356757354	0.9994294789292424	1929	1313	40	aa	0.85	1.0
True	PROKKA_06122025__gr_1e-12_lr_1e-13_mu_1e-14	31375	panta	0.9998202729011479	0.9998356614626129	0.9998552289718156	9.999000099990002e-05	1.0	0.9999292203723222	0.9999646089336779	1847	1266	10	aa	0.7	7.0
True	PROKKA_06122025__gr_1e-12_lr_1e-13_mu_1e-14	31375	mmseqs2	0.9976951320356594	1.0	0.9990963933183428	9.999000099990002e-05	0.9995538125536929	1.0	0.9997768564949311	1937	1323	39	aa	0.8	0.0
True	PROKKA_06122025__gr_1e-12_lr_1e-13_mu_1e-14	31375	panta	0.9998202729011479	0.9998356614626129	0.9998552289718156	9.999000099990002e-05	1.0	0.9999292203723222	0.9999646089336779	1848	1266	11	aa	0.5	7.0
True	PROKKA_06122025__gr_1e-12_lr_1e-13_mu_1e-14	31375	panaroo	0.9979640039331372	1.0	0.9994107957643631	9.999000099990002e-05	0.9997119937351238	1.0000000000000002	0.9998559761276732	1857	1272	10	aa	0.7	37.0
True	PROKKA_06122025__gr_1e-12_lr_1e-13_mu_1e-14	31375	cdhit	0.9893060460699844	0.9916292047744536	0.9932599730548277	9.999000099990002e-05	0.9995394252473977	0.997158167800678	0.9983473765826688	1968	1342	42	nt	0.95	1.0
True	PROKKA_06122025__gr_1e-12_lr_1e-13_mu_1e-14	31375	cdhit	0.9951216535321362	0.999844985273601	0.997434440402825	9.999000099990002e-05	0.9988006279608579	0.9999307193306756	0.9993653541664865	1927	1312	39	aa	0.8	0.0
True	PROKKA_06122025__gr_1e-12_lr_1e-13_mu_1e-14	31375	ppanggolin	0.9964645219960575	0.9993473649861315	0.9982545306320593	9.999000099990002e-05	0.9993296180484844	0.9998167526295998	0.9995731259886854	1853	1265	12	aa	0.9	5.0
True	PROKKA_06122025__gr_1e-12_lr_1e-13_mu_1e-14	31375	cdhit	0.9756328553604238	0.999844985273601	0.9899708977563707	9.999000099990002e-05	0.9950635359404316	0.9999401188332002	0.9974958672321432	1888	1271	42	aa	0.5	2.0
True	PROKKA_06122025__gr_1e-12_lr_1e-13_mu_1e-14	31375	panaroo	0.9952399551936326	0.9955947136563876	0.9971043492275161	9.999000099990002e-05	0.9998116570626415	0.9987779860046845	0.9992945542261995	1867	1272	15	aa	0.9	38.0
True	PROKKA_06122025__gr_1e-12_lr_1e-13_mu_1e-14	31375	ppanggolin	0.9756649403723135	1.0	0.9907435431168103	9.999000099990002e-05	0.9954363730538874	1.0	0.9977129679463904	1814	1228	13	aa	0.5	8.0
True	PROKKA_06122025__gr_1e-12_lr_1e-13_mu_1e-14	31375	cdhit	0.9963265593186827	1.0	0.9982423647089063	9.999000099990002e-05	0.9991313700236986	1.0	0.9995654963003802	1931	1317	38	nt	0.85	21.0
True	PROKKA_06122025__gr_1e-12_lr_1e-13_mu_1e-14	31375	embed_hdbscan_raw	0.8860320059395181	0.9308634320260425	0.9117048205235826	9.999000099990002e-05	0.9770285987609779	0.9791687558941635	0.978097506619374	1685	731	251	aa	0.9	19.453
True	PROKKA_06122025__gr_1e-12_lr_1e-13_mu_1e-14	31375	embed_hdbscan_tsne	0.5949959778460556	0.7209734924817858	0.7376101171930624	9.999000099990002e-05	0.9682833879595508	0.9200565200779967	0.9435541139425869	2023	424	596	aa	0.9	17.261
True	PROKKA_06122025__gr_1e-12_lr_1e-13_mu_1e-14	31375	embed_hdbscan_umap	0.710896608681128	0.982328321190513	0.8224939214338695	9.999000099990002e-05	0.8997433915752544	0.9953565775609685	0.9451380059170575	644	12	17	aa	0.9	14.245
True	PROKKA_06122025__gr_1e-12_lr_1e-13_mu_1e-14	31375	diamond	0.9755051239245482	1.0	0.9898722433025414	9.999000099990002e-05	0.9949530895959109	1.0	0.9974701608622228	1883	1261	47	aa	0.5	1.0
True	PROKKA_06122025__gr_1e-12_lr_1e-13_mu_1e-14	31375	mmseqs2	0.9965488061548439	0.998604867462409	0.9983728571258876	9.999000099990002e-05	0.9996276771063956	0.9995697024009863	0.999598688913087	1942	1324	42	aa	0.9	0.0
True	PROKKA_06122025__gr_1e-12_lr_1e-13_mu_1e-14	31375	panaroo	0.9976847012857134	1.0	0.9991240312831314	9.999000099990002e-05	0.9995716994377066	1.0	0.9997858038486873	1854	1267	12	aa	0.6	38.0
True	PROKKA_06122025__gr_1e-12_lr_1e-13_mu_1e-14	31375	panx	0.9976053867519463	1.0	0.9992213112782539	9.999000099990002e-05	0.99961850524042	1.0	0.9998092162287054	1805	1238	10	aa	0.6	798.0
True	PROKKA_06122025__gr_1e-12_lr_1e-13_mu_1e-14	31375	panaroo	0.9940175135768065	1.0	0.997523216159249	9.999000099990002e-05	0.9987870695375427	1.0	0.9993931667455014	1844	1255	12	aa	0.5	38.0
True	PROKKA_06122025__gr_1e-12_lr_1e-13_mu_1e-14	31375	panx	0.9976113118670974	1.0	0.9991639656715152	9.999000099990002e-05	0.9995907328680541	1.0	0.9997953245505599	1824	1249	11	aa	0.7	835.0
True	PROKKA_06122025__gr_1e-12_lr_1e-13_mu_1e-14	31375	diamond	0.9953066248756928	0.999689970547202	0.9975436837324987	9.999000099990002e-05	0.9988698303312712	0.9999157294450716	0.9993925062457711	1928	1312	40	aa	0.8	1.0
True	PROKKA_06122025__gr_1e-12_lr_1e-13_mu_1e-14	31375	panx	0.9972940895656214	0.999835065149266	0.9989128115004287	9.999000099990002e-05	0.9995496587648998	0.999918827043865	0.9997342088240208	1839	1259	10	aa	0.85	855.0
True	PROKKA_06122025__gr_1e-12_lr_1e-13_mu_1e-14	31375	panta	0.9983543775286787	0.9986852917009038	0.9990924064592326	9.999000099990002e-05	0.9999999999999999	0.9995567705993997	0.9997783361757379	1850	1267	11	aa	0.9	6.0
True	PROKKA_06122025__gr_1e-12_lr_1e-13_mu_1e-14	31375	mmseqs2	0.9976719046308484	1.0	0.9990157022006821	9.999000099990002e-05	0.9995139292936878	1.0	0.9997569055663024	1936	1322	38	nt	0.8	0.0
True	PROKKA_06122025__gr_1e-12_lr_1e-13_mu_1e-14	31375	panx	0.9972575045324045	0.9998343822457767	0.9988407945796257	9.999000099990002e-05	0.9995147381104624	0.9999184477989189	0.9997165521977617	1833	1255	11	aa	0.8	758.0
True	PROKKA_06122025__gr_1e-12_lr_1e-13_mu_1e-14	31375	mmseqs2	0.9979274654594664	1.0	0.9992458699513449	9.999000099990002e-05	0.9996276771063956	1.0	0.9998138038906607	1938	1324	39	aa	0.85	0.0
True	PROKKA_06122025__gr_1e-12_lr_1e-13_mu_1e-14	31375	ppanggolin	0.9947740331741193	1.0	0.997782405463029	9.999000099990002e-05	0.998914277377715	1.0	0.999456843830387	1848	1263	10	aa	0.8	5.0
True	PROKKA_06122025__gr_1e-12_lr_1e-13_mu_1e-14	31375	mmseqs2	0.9952621332073008	1.0	0.9980153918002731	9.999000099990002e-05	0.9990189818222193	0.9999999999999999	0.9995092501938694	1931	1317	38	nt	0.5	6.0
True	PROKKA_06122025__gr_1e-12_lr_1e-13_mu_1e-14	31375	hdbscan_dist	0.9299187265607307	0.9862036893504883	0.9505900081189093	9.999000099990002e-05	0.9778756401102578	0.9967593919725389	0.9872272218658665	1718	1156	0	aa	0.9	0.358
True	PROKKA_06122025__gr_1e-12_lr_1e-13_mu_1e-14	31375	hdbscan_tsne	0.7667542793767058	0.9787629824833359	0.8498002909129134	9.999000099990002e-05	0.9196299372094394	0.9946404105729096	0.9556655353104144	918	321	0	aa	0.9	20.8
True	PROKKA_06122025__gr_1e-12_lr_1e-13_mu_1e-14	31375	hdbscan_umap	0.05169970908555667	0.9652767012866222	0.6556935438346209	9.999000099990002e-05	0.7803196106057129	0.9865721769332318	0.8714077708304494	609	98	0	aa	0.9	7.567
True	PROKKA_06122025__gr_1e-12_lr_1e-13_mu_1e-14	31375	cdhit	0.9964160653774482	0.999689970547202	0.9982553904486307	9.999000099990002e-05	0.9992833946767815	0.9998548434769494	0.9995690374032411	1935	1321	38	nt	0.9	1.0
True	PROKKA_06122025__gr_1e-12_lr_1e-13_mu_1e-14	31375	mmseqs2	0.9972075830786328	1.0	0.9987361922835135	9.999000099990002e-05	0.9993757272783136	1.0000000000000002	0.9996877661796285	1934	1319	40	aa	0.7	3.0
True	PROKKA_06122025__gr_1e-12_lr_1e-13_mu_1e-14	31375	mmseqs2	0.9979274654594664	1.0	0.9992458699513449	9.999000099990002e-05	0.9996276771063956	1.0	0.9998138038906607	1938	1324	39	nt	0.9	1.0
True	PROKKA_06122025__gr_1e-12_lr_1e-13_mu_1e-14	31375	mmseqs2	0.995031036489225	1.0	0.9977706705678855	9.999000099990002e-05	0.9988977439902175	1.0	0.999448568085538	1928	1311	42	aa	0.6	2.0
True	PROKKA_06122025__gr_1e-12_lr_1e-13_mu_1e-14	31375	ppanggolin	0.9891671302824583	0.9903736335454397	0.9937997220184328	9.999000099990002e-05	0.999619283822335	0.997371528152504	0.9984941409827132	1879	1274	20	aa	0.95	6.0
True	PROKKA_06122025__gr_1e-12_lr_1e-13_mu_1e-14	31375	ppanggolin	0.9916545033538158	1.0	0.9965115431889665	9.999000099990002e-05	0.998289920877664	0.9999999999999999	0.9991442287205327	1842	1257	11	aa	0.7	6.0
True	PROKKA_06122025__gr_1e-12_lr_1e-13_mu_1e-14	31375	cdhit	0.9817462697294488	0.9826383506433111	0.9882030172548438	9.999000099990002e-05	0.9997148596703362	0.9945541322892791	0.9971278185688845	1998	1352	60	aa	0.95	0.0
True	PROKKA_06122025__gr_1e-12_lr_1e-13_mu_1e-14	31375	ppanggolin	0.9963917884664986	1.0	0.9983091292815995	9.999000099990002e-05	0.999172588095886	1.0	0.9995861228244921	1849	1263	10	aa	0.85	4.0
True	PROKKA_06122025__gr_1e-12_lr_1e-13_mu_1e-14	31375	mmseqs2	0.995308365406192	1.0	0.9981003813984147	9.999000099990002e-05	0.99906107302672	1.0	0.9995303160138782	1932	1318	39	nt	0.6	3.0
True	PROKKA_06122025__gr_1e-12_lr_1e-13_mu_1e-14	35787	panaroo	0.9824581748564197	0.9807567917205692	0.9898385522896229	9.999000099990002e-05	1.0	0.9949871552729753	0.9974872796981298	1886	1294	16	aa	0.85	39.0
True	PROKKA_06122025__gr_1e-12_lr_1e-13_mu_1e-14	35787	panta	0.9997064390367576	0.9998367613450865	0.9997134679431404	9.999000099990002e-05	0.9999350737980649	0.9999215301700118	0.9999283019381776	1840	1288	10	aa	0.6	7.0
True	PROKKA_06122025__gr_1e-12_lr_1e-13_mu_1e-14	35787	diamond	0.9901025345749253	0.9989760093622001	0.9946033787948262	9.999000099990002e-05	0.9974208383517322	0.9997413348140379	0.998579738494106	1906	1304	51	aa	0.6	1.0
True	PROKKA_06122025__gr_1e-12_lr_1e-13_mu_1e-14	35787	diamond	0.8727665142245442	0.868929198361615	0.927695817001953	9.999000099990002e-05	0.9997341291869307	0.9660916399501255	0.9826250113755378	2253	1415	108	aa	0.95	1.0
True	PROKKA_06122025__gr_1e-12_lr_1e-13_mu_1e-14	35787	diamond	0.9927418730777792	0.998390871854886	0.9960315944239215	9.999000099990002e-05	0.9983165442185645	0.9996006556864562	0.9989581872871952	1921	1323	47	aa	0.7	1.0
True	PROKKA_06122025__gr_1e-12_lr_1e-13_mu_1e-14	35787	panta	0.9976219987818055	0.9975514201762977	0.9986090340896935	9.999000099990002e-05	0.9999675368990325	0.9993376108225317	0.9996524746245894	1839	1285	9	aa	0.8	7.0
True	PROKKA_06122025__gr_1e-12_lr_1e-13_mu_1e-14	35787	mmseqs2	0.9983218816754906	0.9995611468695144	0.998868292197133	9.999000099990002e-05	0.9995350011650598	0.99987218907737	0.9997035666888654	1933	1335	47	nt	0.7	3.0
True	PROKKA_06122025__gr_1e-12_lr_1e-13_mu_1e-14	35787	cdhit	0.9927998930210264	0.998683440608543	0.9960991674322325	9.999000099990002e-05	0.9983767796995762	0.9995762099765194	0.9989761348113113	1922	1322	50	aa	0.7	0.0
True	PROKKA_06122025__gr_1e-12_lr_1e-13_mu_1e-14	35787	panx	0.9981235887556199	1.0	0.9993667137158477	9.999000099990002e-05	0.9996804464297441	1.0	0.9998401976821715	1742	1225	8	aa	0.5	766.0
True	PROKKA_06122025__gr_1e-12_lr_1e-13_mu_1e-14	35787	ppanggolin	0.9892833732530955	1.0	0.9949980398171655	9.999000099990002e-05	0.9974826116182239	1.0	0.9987397195013695	1819	1263	12	aa	0.6	5.0
True	PROKKA_06122025__gr_1e-12_lr_1e-13_mu_1e-14	35787	panx	0.9724194451223109	0.9710474951203644	0.9841540849009629	9.999000099990002e-05	0.9997051645321225	0.992507600798286	0.9960933808100298	1887	1283	22	aa	0.9	749.0
True	PROKKA_06122025__gr_1e-12_lr_1e-13_mu_1e-14	35787	panaroo	0.8632976744768377	0.8643272962483829	0.9203642970971143	9.999000099990002e-05	1.0000000000000002	0.9643528542339067	0.9818529824266244	2170	1329	123	aa	0.95	37.0
True	PROKKA_06122025__gr_1e-12_lr_1e-13_mu_1e-14	35787	cdhit	0.9953912247657306	0.9992685781158572	0.9976970762362599	9.999000099990002e-05	0.9990055266045188	0.9997870738222115	0.9993961474171087	1930	1334	46	nt	0.8	26.0
True	PROKKA_06122025__gr_1e-12_lr_1e-13_mu_1e-14	35787	panta	0.8951444369288933	0.8920992491021874	0.9403855022082316	9.999000099990002e-05	1.0000000000000002	0.9725997689454947	0.9861095841711709	2063	1309	84	aa	0.95	6.0
True	PROKKA_06122025__gr_1e-12_lr_1e-13_mu_1e-14	35787	mmseqs2	0.9954108301958587	0.9992685781158572	0.9966966730789172	9.999000099990002e-05	0.9984367907457896	0.9998292909133883	0.9991325556447744	1913	1309	51	aa	0.5	1.0
True	PROKKA_06122025__gr_1e-12_lr_1e-13_mu_1e-14	35787	cdhit	0.9875120552293104	0.9976594499707431	0.9933529999914623	9.999000099990002e-05	0.9971650331768664	0.9993398847446777	0.9982512743958608	1909	1309	49	aa	0.6	0.0
True	PROKKA_06122025__gr_1e-12_lr_1e-13_mu_1e-14	35787	panaroo	0.9930396266458718	0.9923997412677878	0.9958192505002371	9.999000099990002e-05	0.9999246606580399	0.9979935397088411	0.998958166904961	1862	1293	10	aa	0.8	35.0
True	PROKKA_06122025__gr_1e-12_lr_1e-13_mu_1e-14	35787	cdhit	0.9765347396526144	0.9764482153306027	0.9851669616691988	9.999000099990002e-05	0.9994961499387327	0.9928847667938279	0.9961794889811789	2004	1355	75	aa	0.9	0.0
True	PROKKA_06122025__gr_1e-12_lr_1e-13_mu_1e-14	35787	cdhit	0.9892122049149671	0.9912229373902867	0.993415832464588	9.999000099990002e-05	0.9992310755126872	0.9973398833243017	0.9982845837308462	1956	1343	55	aa	0.85	1.0
True	PROKKA_06122025__gr_1e-12_lr_1e-13_mu_1e-14	35787	panta	0.9916646291052913	0.9906953966699314	0.9951108033127193	9.999000099990002e-05	0.9999675368990325	0.9976027214589707	0.9987837293904229	1852	1286	12	aa	0.85	7.0
True	PROKKA_06122025__gr_1e-12_lr_1e-13_mu_1e-14	35787	mmseqs2	0.9959733796132421	0.996050321825629	0.9974456985022492	9.999000099990002e-05	0.9999020689698704	0.9987651737898084	0.9993332980317046	1949	1345	50	nt	0.85	1.0
True	PROKKA_06122025__gr_1e-12_lr_1e-13_mu_1e-14	35787	mmseqs2	0.8925103316828238	0.891895845523698	0.9371963667682219	9.999000099990002e-05	1.0	0.9699792515100201	0.9847608808737612	2234	1435	110	aa	0.95	0.0
True	PROKKA_06122025__gr_1e-12_lr_1e-13_mu_1e-14	35787	diamond	0.9597614996635423	0.9577238150965477	0.976611643249164	9.999000099990002e-05	0.9995364845944675	0.9886030351007731	0.9940396964852036	2040	1375	56	aa	0.9	0.0
True	PROKKA_06122025__gr_1e-12_lr_1e-13_mu_1e-14	35787	mmseqs2	0.9200822359255926	0.9205675833820948	0.953881488563374	9.999000099990002e-05	0.9999710043934563	0.9774589351504711	0.9885868253428068	2155	1408	96	nt	0.95	2.0
True	PROKKA_06122025__gr_1e-12_lr_1e-13_mu_1e-14	35787	hdbscan_dist	0.8979688910806674	0.9271503803393798	0.9459769067667755	9.999000099990002e-05	0.9884681475514641	0.9835968613349667	0.9860264880519463	1913	1285	0	nt	0.9	0.349
True	PROKKA_06122025__gr_1e-12_lr_1e-13_mu_1e-14	35787	hdbscan_tsne	0.7375973294166355	0.9031597425394968	0.835983848130596	9.999000099990002e-05	0.9288082229877458	0.9762664577464895	0.9519462128724339	1038	339	0	nt	0.9	18.829
True	PROKKA_06122025__gr_1e-12_lr_1e-13_mu_1e-14	35787	hdbscan_umap	0.6029531591590774	0.8856056173200703	0.7722200838455212	9.999000099990002e-05	0.8894712282207609	0.970099241528121	0.9280372837653954	744	107	0	nt	0.9	6.971
True	PROKKA_06122025__gr_1e-12_lr_1e-13_mu_1e-14	35787	panx	0.9008918747622934	0.8976059527660951	0.9427664418659478	9.999000099990002e-05	0.9997993860037929	0.973744810888171	0.9866001132212464	2068	1324	74	aa	0.95	762.0
True	PROKKA_06122025__gr_1e-12_lr_1e-13_mu_1e-14	35787	diamond	0.9850389344741528	0.9866881217086015	0.9918112173141191	9.999000099990002e-05	0.9991562885989747	0.9965870228309658	0.9978700019134644	1955	1333	51	aa	0.85	0.0
True	PROKKA_06122025__gr_1e-12_lr_1e-13_mu_1e-14	35787	panta	0.9997308958815181	0.9998367613450865	0.9997783204536108	9.999000099990002e-05	0.9999675368990325	0.9999215327172689	0.9999445342790251	1840	1290	9	aa	0.7	7.0
True	PROKKA_06122025__gr_1e-12_lr_1e-13_mu_1e-14	35787	mmseqs2	0.9948406077456691	0.9948800468110006	0.99696286067123	9.999000099990002e-05	0.9998289220206169	0.9985867938087164	0.9992074718882553	1949	1344	49	aa	0.8	0.0
True	PROKKA_06122025__gr_1e-12_lr_1e-13_mu_1e-14	35787	panta	0.9997064390367576	0.9998367613450865	0.999713467943141	9.999000099990002e-05	0.9999350737980649	0.999921530170012	0.9999283019381777	1841	1289	10	aa	0.5	7.0
True	PROKKA_06122025__gr_1e-12_lr_1e-13_mu_1e-14	35787	panaroo	0.997384184848297	0.9977360931435963	0.9984728552995726	9.999000099990002e-05	0.9998171933630713	0.9994188546529407	0.9996179843244158	1848	1290	8	aa	0.7	40.0
True	PROKKA_06122025__gr_1e-12_lr_1e-13_mu_1e-14	35787	cdhit	0.9368126059616988	0.9357811585722645	0.9601777700467329	9.999000099990002e-05	0.9996953896985291	0.9806053517801487	0.9900583570516975	2141	1416	108	nt	0.95	1.0
True	PROKKA_06122025__gr_1e-12_lr_1e-13_mu_1e-14	35787	cdhit	0.9929174407882472	0.9972205968402574	0.9960984620092435	9.999000099990002e-05	0.9988495368828927	0.9991070018912526	0.9989782527980655	1935	1335	49	aa	0.8	0.0
True	PROKKA_06122025__gr_1e-12_lr_1e-13_mu_1e-14	35787	ppanggolin	0.981289841100506	0.9797865459249676	0.9884827690187165	9.999000099990002e-05	0.9994800529040613	0.994829688610612	0.9971494488593207	1881	1286	19	aa	0.9	4.0
True	PROKKA_06122025__gr_1e-12_lr_1e-13_mu_1e-14	35787	cdhit	0.9795169949033949	0.998390871854886	0.9902941440339149	9.999000099990002e-05	0.9953938271768722	0.9994843919172623	0.9974349156269233	1889	1288	50	aa	0.5	2.0
True	PROKKA_06122025__gr_1e-12_lr_1e-13_mu_1e-14	35787	panaroo	0.9520374202223867	0.9497089262613195	0.972574679560047	9.999000099990002e-05	1.0000000000000002	0.9868051104402309	0.9933587398731599	1955	1296	32	aa	0.9	54.0
True	PROKKA_06122025__gr_1e-12_lr_1e-13_mu_1e-14	35787	ppanggolin	0.9853704468898147	1.0	0.9922737867076841	9.999000099990002e-05	0.9961009624950448	0.9999999999999999	0.9980466732002965	1799	1239	16	aa	0.5	5.0
True	PROKKA_06122025__gr_1e-12_lr_1e-13_mu_1e-14	35787	cdhit	0.995023402165757	0.9975131655939146	0.9971379162029705	9.999000099990002e-05	0.9992663798035712	0.9992355902515363	0.9992509847903771	1939	1340	48	nt	0.85	25.0
True	PROKKA_06122025__gr_1e-12_lr_1e-13_mu_1e-14	35787	embed_hdbscan_raw	0.8858821869422574	0.9703042715038034	0.9250044695791695	9.999000099990002e-05	0.9666702797913257	0.9919717604666412	0.9791575995265441	1539	949	0	aa	0.9	21.96
True	PROKKA_06122025__gr_1e-12_lr_1e-13_mu_1e-14	35787	embed_hdbscan_tsne	0.7336136199512437	0.9151550614394383	0.8305203720382436	9.999000099990002e-05	0.9215903030721114	0.9786437815679239	0.9492605427353655	903	206	0	aa	0.9	16.842
True	PROKKA_06122025__gr_1e-12_lr_1e-13_mu_1e-14	35787	embed_hdbscan_umap	0.6473979694682396	0.9229081334113517	0.7947024388388128	9.999000099990002e-05	0.8929675983108281	0.9797899528346468	0.9343662029254002	670	42	0	aa	0.9	14.025
True	PROKKA_06122025__gr_1e-12_lr_1e-13_mu_1e-14	35787	diamond	0.9816560868490963	0.9989760093622001	0.9913144973657713	9.999000099990002e-05	0.9956768278052426	0.9997408818579102	0.9977047162155704	1885	1280	54	aa	0.5	1.0
True	PROKKA_06122025__gr_1e-12_lr_1e-13_mu_1e-14	35787	mmseqs2	0.96841016506378	0.9673785839672323	0.9820421094864035	9.999000099990002e-05	0.9999420087869128	0.9909030561190909	0.9954020128588928	2016	1356	62	aa	0.9	3.0
True	PROKKA_06122025__gr_1e-12_lr_1e-13_mu_1e-14	35787	panaroo	0.9989359947169337	0.9995148771021992	0.9992726282836093	9.999000099990002e-05	0.9997850654100628	0.9998506135331133	0.9998178383972532	1844	1288	9	aa	0.6	40.0
True	PROKKA_06122025__gr_1e-12_lr_1e-13_mu_1e-14	35787	panx	0.9981587170008704	1.0	0.999379331166819	9.999000099990002e-05	0.9996882325032581	1.0	0.9998440919480975	1782	1253	8	aa	0.6	785.0
True	PROKKA_06122025__gr_1e-12_lr_1e-13_mu_1e-14	35787	panaroo	0.9986477691827503	1.0	0.9985671331906653	9.999000099990002e-05	0.9992814048437332	1.0	0.9996405732807169	1832	1271	13	aa	0.5	42.0
True	PROKKA_06122025__gr_1e-12_lr_1e-13_mu_1e-14	35787	panx	0.9981706313866973	1.0	0.9993262933712841	9.999000099990002e-05	0.9996615885891278	1.0000000000000002	0.999830765659148	1805	1264	9	aa	0.7	1009.0
True	PROKKA_06122025__gr_1e-12_lr_1e-13_mu_1e-14	35787	diamond	0.9895161144377738	0.9922469280280866	0.9945738288808963	9.999000099990002e-05	0.9990432018326789	0.9981231701119894	0.9985829740574984	1941	1333	47	aa	0.8	1.0
True	PROKKA_06122025__gr_1e-12_lr_1e-13_mu_1e-14	35787	panx	0.9880671867662126	0.9894257361314462	0.9937725498541472	9.999000099990002e-05	0.9995240796961986	0.9973677849635493	0.9984447681188677	1845	1277	12	aa	0.85	745.0
True	PROKKA_06122025__gr_1e-12_lr_1e-13_mu_1e-14	35787	panta	0.9705955627018351	0.9691478942213516	0.9839214806685179	9.999000099990002e-05	0.9999675368990325	0.9921721467441816	0.9960545898520375	1892	1288	20	aa	0.9	6.0
True	PROKKA_06122025__gr_1e-12_lr_1e-13_mu_1e-14	35787	mmseqs2	0.9987148595916844	0.9991222937390287	0.9991550844526175	9.999000099990002e-05	0.9998267202245137	0.9997311168844492	0.9997789162689765	1938	1339	47	nt	0.8	1.0
True	PROKKA_06122025__gr_1e-12_lr_1e-13_mu_1e-14	35787	panx	0.9939362862818034	0.9962332132328857	0.9972001558586577	9.999000099990002e-05	0.9995204237404138	0.9990739549525108	0.9992971394778194	1822	1271	9	aa	0.8	852.0
True	PROKKA_06122025__gr_1e-12_lr_1e-13_mu_1e-14	35787	mmseqs2	0.9882866358510287	0.9884435342305442	0.9933185351950673	9.999000099990002e-05	0.9999420087869126	0.9965942458319739	0.998265320569326	1968	1349	56	aa	0.85	1.0
True	PROKKA_06122025__gr_1e-12_lr_1e-13_mu_1e-14	35787	ppanggolin	0.9930243803849889	0.9972509702457956	0.996337007607772	9.999000099990002e-05	0.998884160032125	0.9992797187935647	0.9990819002602169	1839	1280	10	aa	0.8	6.0
True	PROKKA_06122025__gr_1e-12_lr_1e-13_mu_1e-14	35787	mmseqs2	0.9981248253950359	0.9995611468695144	0.9987346460730551	9.999000099990002e-05	0.9994649120156555	0.9998721801155608	0.999668504585033	1932	1334	47	nt	0.5	5.0
True	PROKKA_06122025__gr_1e-12_lr_1e-13_mu_1e-14	35787	hdbscan_dist	0.9045871256436411	0.9444119368051492	0.9464536402603373	9.999000099990002e-05	0.9844965707956972	0.9872869388721104	0.9858897804401725	1836	1228	0	aa	0.9	0.351
True	PROKKA_06122025__gr_1e-12_lr_1e-13_mu_1e-14	35787	hdbscan_tsne	0.734582400395302	0.9094499707431246	0.8406168589961416	9.999000099990002e-05	0.9290223662427823	0.9784706917880894	0.9531055995795619	1075	407	0	aa	0.9	19.137
True	PROKKA_06122025__gr_1e-12_lr_1e-13_mu_1e-14	35787	hdbscan_umap	0.04355836658186735	0.8712697483908719	0.6201332456705868	9.999000099990002e-05	0.7746829334095179	0.9595930620477793	0.8572803523012255	669	86	0	aa	0.9	7.427
True	PROKKA_06122025__gr_1e-12_lr_1e-13_mu_1e-14	35787	cdhit	0.9875829658014378	0.9885898186073727	0.992489604963688	9.999000099990002e-05	0.99948975431551	0.9966102465905297	0.9980479235118008	1965	1346	54	nt	0.9	1.0
True	PROKKA_06122025__gr_1e-12_lr_1e-13_mu_1e-14	35787	mmseqs2	0.9975695573902604	0.998683440608543	0.9985589849719886	9.999000099990002e-05	0.9996039365886457	0.9996417016207677	0.9996228187480226	1937	1339	47	aa	0.7	1.0
True	PROKKA_06122025__gr_1e-12_lr_1e-13_mu_1e-14	35787	mmseqs2	0.981446099328641	0.981275599765945	0.9893397588594072	9.999000099990002e-05	0.9999420087869129	0.9945643476026457	0.997245928471127	1985	1349	63	nt	0.9	1.0
True	PROKKA_06122025__gr_1e-12_lr_1e-13_mu_1e-14	35787	mmseqs2	0.9975130732600017	0.9992685781158572	0.9983919120783431	9.999000099990002e-05	0.9993279229677965	0.9998294431141006	0.9995786201338305	1929	1329	49	aa	0.6	0.0
True	PROKKA_06122025__gr_1e-12_lr_1e-13_mu_1e-14	35787	ppanggolin	0.91249043757034	0.9079883570504528	0.9499300880925635	9.999000099990002e-05	0.999799476475331	0.9768360165805435	0.9881843581282571	2038	1315	61	aa	0.95	5.0
True	PROKKA_06122025__gr_1e-12_lr_1e-13_mu_1e-14	35787	ppanggolin	0.9940100613920111	0.9995148771021992	0.9967792403173927	9.999000099990002e-05	0.9985155202114978	0.9998670569543794	0.9991908315504393	1830	1275	8	aa	0.7	8.0
True	PROKKA_06122025__gr_1e-12_lr_1e-13_mu_1e-14	35787	cdhit	0.9085075360802878	0.9043300175541252	0.9406223995887735	9.999000099990002e-05	0.9998805126457477	0.9715802164480154	0.985527239332907	2251	1455	148	aa	0.95	0.0
True	PROKKA_06122025__gr_1e-12_lr_1e-13_mu_1e-14	35787	ppanggolin	0.9905398255301474	0.9928848641655886	0.9948267985389669	9.999000099990002e-05	0.9992186367748823	0.9981977416663503	0.9987079283268854	1850	1282	12	aa	0.85	4.0
True	PROKKA_06122025__gr_1e-12_lr_1e-13_mu_1e-14	35787	mmseqs2	0.9983218816754906	0.9995611468695144	0.998868292197133	9.999000099990002e-05	0.9995350011650598	0.99987218907737	0.9997035666888654	1933	1335	47	nt	0.6	1.0
True	PROKKA_06122025__gr_1e-12_lr_1e-13_mu_1e-14	40547	panaroo	0.9989657367652931	0.9990074441687344	0.999341973437466	9.999000099990002e-05	0.9999999999999999	0.9996831437507187	0.9998415467719115	1864	1275	14	aa	0.85	36.0
True	PROKKA_06122025__gr_1e-12_lr_1e-13_mu_1e-14	40547	panta	0.999521236233444	0.9996674426338543	0.9996177711480903	9.999000099990002e-05	0.9999670952952563	0.9998483391546021	0.9999077136988486	1948	1364	14	aa	0.6	10.0
True	PROKKA_06122025__gr_1e-12_lr_1e-13_mu_1e-14	40547	diamond	0.9791472707997958	1.0	0.9919867586381381	9.999000099990002e-05	0.9960504739212703	1.0	0.998021329555374	1901	1286	42	aa	0.6	1.0
True	PROKKA_06122025__gr_1e-12_lr_1e-13_mu_1e-14	40547	diamond	0.9652580057616537	0.9677267742440858	0.981040493459029	9.999000099990002e-05	0.9995675606035085	0.9913875629116637	0.9954607576715853	2006	1333	51	aa	0.95	1.0
True	PROKKA_06122025__gr_1e-12_lr_1e-13_mu_1e-14	40547	diamond	0.9868483429895268	0.9996866677111076	0.9948066857956873	9.999000099990002e-05	0.9975486932549834	0.9998996005262695	0.9987227634342898	1919	1307	38	aa	0.7	1.0
True	PROKKA_06122025__gr_1e-12_lr_1e-13_mu_1e-14	40547	panta	0.9993881650998461	0.9993348852677086	0.9994486443940238	9.999000099990002e-05	0.9999670952952563	0.9997667390719064	0.9998669071465915	1850	1265	15	aa	0.8	8.0
True	PROKKA_06122025__gr_1e-12_lr_1e-13_mu_1e-14	40547	mmseqs2	0.9955166305227825	1.0	0.9982609758446047	9.999000099990002e-05	0.9991481888894155	0.9999999999999999	0.9995739129718754	1933	1319	39	nt	0.7	0.0
True	PROKKA_06122025__gr_1e-12_lr_1e-13_mu_1e-14	40547	cdhit	0.9853605562519205	0.9990600031333229	0.9944409505929426	9.999000099990002e-05	0.9975711611600341	0.9996982853925834	0.9986335905654699	1921	1305	41	aa	0.7	0.0
True	PROKKA_06122025__gr_1e-12_lr_1e-13_mu_1e-14	40547	panx	0.99955142908824	1.0	0.9996102319007332	9.999000099990002e-05	0.9998108742487596	1.0000000000000002	0.9999054281813968	1763	1210	15	aa	0.5	834.0
True	PROKKA_06122025__gr_1e-12_lr_1e-13_mu_1e-14	40547	ppanggolin	0.9809503538689197	1.0	0.9933425519520286	9.999000099990002e-05	0.996769987684999	1.0	0.9983823813784652	1834	1248	19	aa	0.6	6.0
True	PROKKA_06122025__gr_1e-12_lr_1e-13_mu_1e-14	40547	panx	0.9983357056751714	0.9984934717107465	0.9986403909518617	9.999000099990002e-05	0.9998205387478124	0.9995247026683421	0.9996725988211655	1849	1267	16	aa	0.9	797.0
True	PROKKA_06122025__gr_1e-12_lr_1e-13_mu_1e-14	40547	panaroo	0.9674784566955603	0.9670802315963606	0.980361312269071	9.999000099990002e-05	1.0	0.9908004959775856	0.995378992500252	1947	1289	41	aa	0.95	38.0
True	PROKKA_06122025__gr_1e-12_lr_1e-13_mu_1e-14	40547	cdhit	0.992487010047125	1.0	0.9970808991556113	9.999000099990002e-05	0.998568493495757	1.0	0.9992837340782156	1928	1315	39	nt	0.8	25.0
True	PROKKA_06122025__gr_1e-12_lr_1e-13_mu_1e-14	40547	panta	0.9883813800381921	0.9863651479880279	0.9925427460440329	9.999000099990002e-05	1.0	0.9964370960473558	0.9982153687888798	1880	1271	23	aa	0.95	7.0
True	PROKKA_06122025__gr_1e-12_lr_1e-13_mu_1e-14	40547	mmseqs2	0.9879535434311957	1.0	0.9945217550894067	9.999000099990002e-05	0.9973066612987094	1.0	0.9986515146855118	1911	1294	44	aa	0.5	1.0
True	PROKKA_06122025__gr_1e-12_lr_1e-13_mu_1e-14	40547	cdhit	0.9805154294998366	0.9996866677111076	0.9922890375066667	9.999000099990002e-05	0.9963326887420637	0.9998694466435368	0.9980979345791161	1906	1291	43	aa	0.6	0.0
True	PROKKA_06122025__gr_1e-12_lr_1e-13_mu_1e-14	40547	panaroo	0.9977795839197113	1.0	0.9993883810017425	9.999000099990002e-05	0.9997050276004991	1.0	0.9998524920448618	1860	1274	14	aa	0.8	39.0
True	PROKKA_06122025__gr_1e-12_lr_1e-13_mu_1e-14	40547	cdhit	0.9961950840186219	0.9984333385555382	0.9974499624714569	9.999000099990002e-05	0.99926245162206	0.9994899380137722	0.9993761818723259	1937	1320	39	aa	0.9	0.0
True	PROKKA_06122025__gr_1e-12_lr_1e-13_mu_1e-14	40547	cdhit	0.9933120042854473	0.9998433338555538	0.9974002432775209	9.999000099990002e-05	0.9987860028217622	0.9999397398287342	0.9993625383358207	1931	1318	38	aa	0.85	0.0
True	PROKKA_06122025__gr_1e-12_lr_1e-13_mu_1e-14	40547	panta	0.9983489966395641	0.9981709344861989	0.9987950910793036	9.999000099990002e-05	0.9999670952952562	0.9994517947748375	0.9997093786320966	1853	1266	16	aa	0.85	7.0
True	PROKKA_06122025__gr_1e-12_lr_1e-13_mu_1e-14	40547	mmseqs2	0.999401485491895	1.0	0.9995959589232701	9.999000099990002e-05	0.9998023522292605	1.0	0.9999011663475047	1937	1321	39	nt	0.85	1.0
True	PROKKA_06122025__gr_1e-12_lr_1e-13_mu_1e-14	40547	mmseqs2	0.9746028655390298	0.9777534074886417	0.9848335644209537	9.999000099990002e-05	1.0000000000000002	0.9927467109864485	0.9963601550696021	2015	1362	59	aa	0.95	2.0
True	PROKKA_06122025__gr_1e-12_lr_1e-13_mu_1e-14	40547	diamond	0.9922946308938863	0.9965533448221839	0.9959124323919079	9.999000099990002e-05	0.999041949263991	0.9989597396695193	0.999000842775461	1941	1320	42	aa	0.9	0.0
True	PROKKA_06122025__gr_1e-12_lr_1e-13_mu_1e-14	40547	mmseqs2	0.9887368508977126	0.9896600344665518	0.9931601151541772	9.999000099990002e-05	0.9999574839154874	0.9967304711815644	0.9983413698272848	1972	1338	47	nt	0.95	0.0
True	PROKKA_06122025__gr_1e-12_lr_1e-13_mu_1e-14	40547	hdbscan_dist	0.91873310889009	0.9465768447438508	0.9467822733581488	9.999000099990002e-05	0.9869819570589913	0.9869929470227132	0.9869874520102594	1845	1154	0	nt	0.9	0.357
True	PROKKA_06122025__gr_1e-12_lr_1e-13_mu_1e-14	40547	hdbscan_tsne	0.7045534689190656	0.8173272755757481	0.8127270692111448	9.999000099990002e-05	0.9548912002509538	0.9537771093267831	0.9543338296410727	1530	521	0	nt	0.9	18.378
True	PROKKA_06122025__gr_1e-12_lr_1e-13_mu_1e-14	40547	hdbscan_umap	0.669266612423208	0.9685101049663167	0.8117093909854172	9.999000099990002e-05	0.8975129085326415	0.9919210932703126	0.9423583830992789	699	71	0	nt	0.9	7.827
True	PROKKA_06122025__gr_1e-12_lr_1e-13_mu_1e-14	40547	panx	0.9838967029647426	0.9862651001158365	0.9905870427173712	9.999000099990002e-05	0.9993978497510089	0.9961068399066624	0.9977496310427313	1893	1285	25	aa	0.95	772.0
True	PROKKA_06122025__gr_1e-12_lr_1e-13_mu_1e-14	40547	diamond	0.9923890195968682	0.9996866677111076	0.9968577230670997	9.999000099990002e-05	0.9985525327565697	0.999906629984803	0.9992291226224322	1928	1314	39	aa	0.85	0.0
True	PROKKA_06122025__gr_1e-12_lr_1e-13_mu_1e-14	40547	panta	0.999521236233444	0.9996674426338543	0.9996177711480908	9.999000099990002e-05	0.9999670952952563	0.9998483391546023	0.9999077136988486	1948	1364	14	aa	0.7	9.0
True	PROKKA_06122025__gr_1e-12_lr_1e-13_mu_1e-14	40547	mmseqs2	0.9975148701439377	1.0	0.9991673953598573	9.999000099990002e-05	0.9995925380536205	0.9999999999999999	0.9997962275120429	1937	1322	39	aa	0.8	3.0
True	PROKKA_06122025__gr_1e-12_lr_1e-13_mu_1e-14	40547	panta	0.999521236233444	0.9996674426338543	0.9996177711480903	9.999000099990002e-05	0.9999670952952563	0.9998483391546021	0.9999077136988486	1948	1364	14	aa	0.5	8.0
True	PROKKA_06122025__gr_1e-12_lr_1e-13_mu_1e-14	40547	panaroo	0.9974631846417572	1.0	0.9991524093460072	9.999000099990002e-05	0.9995911270304219	1.0	0.9997955217123886	1858	1271	15	aa	0.7	41.0
True	PROKKA_06122025__gr_1e-12_lr_1e-13_mu_1e-14	40547	cdhit	0.9883414668424367	0.9924800250665831	0.9933692898258015	9.999000099990002e-05	0.9992644870810405	0.9975092091850962	0.9983860766384073	1964	1339	45	nt	0.95	0.0
True	PROKKA_06122025__gr_1e-12_lr_1e-13_mu_1e-14	40547	cdhit	0.9904852996518891	1.0	0.996462594752805	9.999000099990002e-05	0.9982642239501173	1.0	0.999131358091148	1926	1314	38	aa	0.8	0.0
True	PROKKA_06122025__gr_1e-12_lr_1e-13_mu_1e-14	40547	ppanggolin	0.99388966558965	0.9998345740281224	0.9978478242318691	9.999000099990002e-05	0.9990245111602154	0.9999361691715646	0.9994801322777764	1856	1271	15	aa	0.9	5.0
True	PROKKA_06122025__gr_1e-12_lr_1e-13_mu_1e-14	40547	cdhit	0.9725716052810782	0.9998433338555538	0.9890263915155508	9.999000099990002e-05	0.9946323332387975	0.9999439950460911	0.9972810915248778	1888	1273	44	aa	0.5	2.0
True	PROKKA_06122025__gr_1e-12_lr_1e-13_mu_1e-14	40547	panaroo	0.9969441030542392	0.9966914805624483	0.9979741286109536	9.999000099990002e-05	0.9999999999999999	0.9990264534764741	0.9995129896746324	1871	1276	15	aa	0.9	55.0
True	PROKKA_06122025__gr_1e-12_lr_1e-13_mu_1e-14	40547	ppanggolin	0.9717070858104261	1.0	0.9894614456635322	9.999000099990002e-05	0.9948671874727243	0.9999999999999999	0.9974269903482755	1818	1235	19	aa	0.5	6.0
True	PROKKA_06122025__gr_1e-12_lr_1e-13_mu_1e-14	40547	cdhit	0.993382306096867	0.9998433338555538	0.9974560499060692	9.999000099990002e-05	0.9988203784474957	0.9999328147641295	0.999376287034185	1932	1319	39	nt	0.85	21.0
True	PROKKA_06122025__gr_1e-12_lr_1e-13_mu_1e-14	40547	embed_hdbscan_raw	0.8873843155374337	0.9846467178442738	0.9229903377023659	9.999000099990002e-05	0.9632833279300937	0.9964029442674807	0.9795632675805713	1492	907	0	aa	0.9	18.668
True	PROKKA_06122025__gr_1e-12_lr_1e-13_mu_1e-14	40547	embed_hdbscan_tsne	0.7644976781407701	0.9639667867773775	0.8408570544928745	9.999000099990002e-05	0.9188552660278863	0.9911611033739147	0.9536395749344964	836	179	0	aa	0.9	15.77
True	PROKKA_06122025__gr_1e-12_lr_1e-13_mu_1e-14	40547	embed_hdbscan_umap	0.6707032788697541	0.9647501174996084	0.8035354448978713	9.999000099990002e-05	0.8928046256679402	0.9909690747635491	0.9393291493984869	649	52	0	aa	0.9	14.199
True	PROKKA_06122025__gr_1e-12_lr_1e-13_mu_1e-14	40547	diamond	0.9706091212342686	1.0	0.9882209134000787	9.999000099990002e-05	0.9941725408850522	0.9999999999999999	0.9970777558132651	1881	1265	44	aa	0.5	2.0
True	PROKKA_06122025__gr_1e-12_lr_1e-13_mu_1e-14	40547	mmseqs2	0.9978647992009061	0.9981200062666458	0.9985605487434488	9.999000099990002e-05	0.999880846860073	0.9994162231866563	0.9996484810356004	1944	1324	42	aa	0.9	0.0
True	PROKKA_06122025__gr_1e-12_lr_1e-13_mu_1e-14	40547	panaroo	0.9972260165639305	1.0	0.998869743833466	9.999000099990002e-05	0.9994546171709482	1.0	0.9997272342045835	1855	1266	17	aa	0.6	40.0
True	PROKKA_06122025__gr_1e-12_lr_1e-13_mu_1e-14	40547	panx	0.9995589008738407	1.0	0.9996172222916424	9.999000099990002e-05	0.9998150504222257	0.9999999999999999	0.9999075166587353	1800	1236	15	aa	0.6	805.0
True	PROKKA_06122025__gr_1e-12_lr_1e-13_mu_1e-14	40547	panaroo	0.9932635818805163	1.0	0.9973075981380544	9.999000099990002e-05	0.9986988270146732	1.0	0.9993489899690038	1848	1259	17	aa	0.5	40.0
True	PROKKA_06122025__gr_1e-12_lr_1e-13_mu_1e-14	40547	panx	0.999534198782573	1.0	0.999549960939231	9.999000099990002e-05	0.9997832450962508	1.0	0.9998916108011803	1819	1248	16	aa	0.7	824.0
True	PROKKA_06122025__gr_1e-12_lr_1e-13_mu_1e-14	40547	diamond	0.9902457156361627	0.9996866677111076	0.9962718664314384	9.999000099990002e-05	0.9982642239501174	0.9999066030211168	0.9990847385160458	1927	1314	39	aa	0.8	0.0
True	PROKKA_06122025__gr_1e-12_lr_1e-13_mu_1e-14	40547	panx	0.9983248305062036	0.9984866319152513	0.9986327800461916	9.999000099990002e-05	0.9998196528201764	0.9995223570152902	0.9996709828142625	1843	1263	16	aa	0.85	798.0
True	PROKKA_06122025__gr_1e-12_lr_1e-13_mu_1e-14	40547	panta	0.9983489966395641	0.9981709344861989	0.9987950910793036	9.999000099990002e-05	0.9999670952952562	0.9994517947748375	0.9997093786320966	1853	1266	16	aa	0.9	7.0
True	PROKKA_06122025__gr_1e-12_lr_1e-13_mu_1e-14	40547	mmseqs2	0.9994254123444795	1.0	0.9995997547997154	9.999000099990002e-05	0.9998042098046587	1.0	0.9999020953179409	1937	1321	39	nt	0.8	2.0
True	PROKKA_06122025__gr_1e-12_lr_1e-13_mu_1e-14	40547	panx	0.9986970401532285	0.9989866576591792	0.9990158625627021	9.999000099990002e-05	0.9998187694702448	0.9997073553696519	0.9997630593159375	1834	1257	16	aa	0.8	766.0
True	PROKKA_06122025__gr_1e-12_lr_1e-13_mu_1e-14	40547	mmseqs2	0.9994490770807434	0.9996866677111076	0.9995656571757496	9.999000099990002e-05	0.999880846860073	0.9999067540127244	0.9998938002685858	1939	1322	40	aa	0.85	1.0
True	PROKKA_06122025__gr_1e-12_lr_1e-13_mu_1e-14	40547	ppanggolin	0.9909167769331485	1.0	0.9967969603015695	9.999000099990002e-05	0.9984512745017776	1.0	0.9992250371485247	1850	1265	16	aa	0.8	7.0
True	PROKKA_06122025__gr_1e-12_lr_1e-13_mu_1e-14	40547	mmseqs2	0.9945441979128842	1.0	0.9978052339252828	9.999000099990002e-05	0.9989244714468913	1.0	0.9994619463774286	1931	1317	40	nt	0.5	4.0
True	PROKKA_06122025__gr_1e-12_lr_1e-13_mu_1e-14	40547	hdbscan_dist	0.8787552998613843	0.9116402945323515	0.9173693819584764	9.999000099990002e-05	0.985503084049203	0.9752139978180295	0.9803315443576056	1881	957	221	aa	0.9	0.317
True	PROKKA_06122025__gr_1e-12_lr_1e-13_mu_1e-14	40547	hdbscan_tsne	0.537497022713588	0.6681811060629798	0.7184334846809785	9.999000099990002e-05	0.9781393599338378	0.9111953932687522	0.9434813785495312	2382	766	650	aa	0.9	15.498
True	PROKKA_06122025__gr_1e-12_lr_1e-13_mu_1e-14	40547	hdbscan_umap	0.04264222372209859	0.9490835030549898	0.6397431108308995	9.999000099990002e-05	0.7743406170598769	0.9830308885371944	0.8662946251199064	596	18	9	aa	0.9	7.122
True	PROKKA_06122025__gr_1e-12_lr_1e-13_mu_1e-14	40547	cdhit	0.9934473378425842	0.9992166692777691	0.9974021748323332	9.999000099990002e-05	0.9989759093623757	0.9997516306285222	0.9993636194638055	1936	1321	41	nt	0.9	0.0
True	PROKKA_06122025__gr_1e-12_lr_1e-13_mu_1e-14	40547	mmseqs2	0.9955166305227825	1.0	0.9982609758446047	9.999000099990002e-05	0.9991481888894155	0.9999999999999999	0.9995739129718754	1933	1319	39	aa	0.7	1.0
True	PROKKA_06122025__gr_1e-12_lr_1e-13_mu_1e-14	40547	mmseqs2	0.998753571093626	0.9990600031333229	0.9991442217802228	9.999000099990002e-05	0.999880846860073	0.9997009000262256	0.9997908653462402	1941	1323	40	nt	0.9	2.0
True	PROKKA_06122025__gr_1e-12_lr_1e-13_mu_1e-14	40547	mmseqs2	0.9952792768975874	1.0	0.9979355921156391	9.999000099990002e-05	0.9989884806032615	1.0	0.9994939843793231	1929	1312	42	aa	0.6	2.0
True	PROKKA_06122025__gr_1e-12_lr_1e-13_mu_1e-14	40547	ppanggolin	0.9925286234657488	0.993217535153019	0.9956784585973829	9.999000099990002e-05	0.999722720543711	0.9982036018288563	0.9989625836570614	1878	1280	20	aa	0.95	5.0
True	PROKKA_06122025__gr_1e-12_lr_1e-13_mu_1e-14	40547	ppanggolin	0.9839422953083891	1.0	0.9947380052686193	9.999000099990002e-05	0.997450563366225	1.0000000000000002	0.998723654702383	1842	1258	16	aa	0.7	6.0
True	PROKKA_06122025__gr_1e-12_lr_1e-13_mu_1e-14	40547	cdhit	0.9803208600733425	0.9832367225442582	0.9879964351320317	9.999000099990002e-05	0.99954544330395	0.9946695645033814	0.9971015431135842	1996	1351	57	aa	0.95	0.0
True	PROKKA_06122025__gr_1e-12_lr_1e-13_mu_1e-14	40547	ppanggolin	0.9931067831638607	1.0	0.9974054631456779	9.999000099990002e-05	0.9987462469012786	1.0	0.9993727302299302	1851	1265	16	aa	0.85	6.0
True	PROKKA_06122025__gr_1e-12_lr_1e-13_mu_1e-14	40547	mmseqs2	0.9945678932246347	1.0	0.9978680861593767	9.999000099990002e-05	0.9989553373784252	0.9999999999999999	0.9994773957166322	1932	1319	39	nt	0.6	0.0
True	PROKKA_06122025__gr_1e-12_lr_1e-13_mu_1e-14	46118	panaroo	0.9990107088970143	0.9990492790366028	0.9992798985136756	9.999000099990002e-05	0.9999316733450851	0.9997069462498644	0.9998192971696263	1873	1303	13	aa	0.85	37.0
True	PROKKA_06122025__gr_1e-12_lr_1e-13_mu_1e-14	46118	panta	0.9996458210573888	0.9998408656906429	0.9996641970463784	9.999000099990002e-05	0.9998997331492275	0.9999313184745124	0.9999155255624408	1858	1289	15	aa	0.6	9.0
True	PROKKA_06122025__gr_1e-12_lr_1e-13_mu_1e-14	46118	diamond	0.9872089318462189	1.0	0.9940948093079819	9.999000099990002e-05	0.9969425245852882	1.0000000000000002	0.9984689216754766	1904	1298	49	aa	0.6	1.0
True	PROKKA_06122025__gr_1e-12_lr_1e-13_mu_1e-14	46118	diamond	0.9752695759284563	0.974008614287836	0.9834471237581661	9.999000099990002e-05	0.999840164910082	0.9918376152317184	0.9958228129719856	2029	1370	87	aa	0.95	0.0
True	PROKKA_06122025__gr_1e-12_lr_1e-13_mu_1e-14	46118	diamond	0.9894364295072723	1.0	0.9960632799252527	9.999000099990002e-05	0.9979657220687497	1.0000000000000002	0.998981825409325	1917	1309	50	aa	0.7	1.0
True	PROKKA_06122025__gr_1e-12_lr_1e-13_mu_1e-14	46118	panta	0.999078613733566	0.9993634627625716	0.9993721044340804	9.999000099990002e-05	0.9998997331492275	0.9997844816376055	0.9998421040721645	1859	1290	14	aa	0.8	8.0
True	PROKKA_06122025__gr_1e-12_lr_1e-13_mu_1e-14	46118	mmseqs2	0.9991093890088303	1.0	0.9991559396142123	9.999000099990002e-05	0.9995651618376046	1.0000000000000002	0.9997825336374657	1932	1324	50	nt	0.7	2.0
True	PROKKA_06122025__gr_1e-12_lr_1e-13_mu_1e-14	46118	cdhit	0.9926126804716618	1.0	0.9967968062498005	9.999000099990002e-05	0.9983459546662223	1.0	0.9991722928004956	1919	1310	51	aa	0.7	1.0
True	PROKKA_06122025__gr_1e-12_lr_1e-13_mu_1e-14	46118	panx	0.9993756182247312	1.0	0.9994832423948824	9.999000099990002e-05	0.9997383767853645	1.0	0.999869171278767	1761	1224	12	aa	0.5	873.0
True	PROKKA_06122025__gr_1e-12_lr_1e-13_mu_1e-14	46118	ppanggolin	0.9854552180582168	1.0	0.9944282008688387	9.999000099990002e-05	0.997186617619419	1.0	0.998591327242151	1842	1270	19	aa	0.6	7.0
True	PROKKA_06122025__gr_1e-12_lr_1e-13_mu_1e-14	46118	panx	0.9964612914005332	0.9971278123504069	0.9975963901600267	9.999000099990002e-05	0.999753379778157	0.9990397313411198	0.9993964281592365	1860	1289	16	aa	0.9	856.0
True	PROKKA_06122025__gr_1e-12_lr_1e-13_mu_1e-14	46118	panaroo	0.9708840046764303	0.9700522896529868	0.9798484235059279	9.999000099990002e-05	1.0	0.9901764296321297	0.9950639700975223	1986	1353	56	aa	0.95	39.0
True	PROKKA_06122025__gr_1e-12_lr_1e-13_mu_1e-14	46118	cdhit	0.9955832664832241	1.0	0.9980552777834398	9.999000099990002e-05	0.9989970450533304	1.0	0.9994982709208342	1928	1322	48	nt	0.8	25.0
True	PROKKA_06122025__gr_1e-12_lr_1e-13_mu_1e-14	46118	panta	0.9858479534819586	0.9853596435391471	0.9899295522566804	9.999000099990002e-05	1.0	0.9950089109052133	0.9974982121295277	1917	1325	32	aa	0.95	8.0
True	PROKKA_06122025__gr_1e-12_lr_1e-13_mu_1e-14	46118	mmseqs2	0.9892740915185227	1.0	0.9951318820850911	9.999000099990002e-05	0.9974820757500478	1.0	0.9987394508914396	1910	1301	54	aa	0.5	4.0
True	PROKKA_06122025__gr_1e-12_lr_1e-13_mu_1e-14	46118	cdhit	0.9844527287919782	0.9989603445715134	0.9933816386013191	9.999000099990002e-05	0.9969595839282746	0.9996153271805941	0.9982856892865666	1908	1298	49	aa	0.6	0.0
True	PROKKA_06122025__gr_1e-12_lr_1e-13_mu_1e-14	46118	panaroo	0.9998117229105896	1.0	0.9998013938771347	9.999000099990002e-05	0.9999002480671032	1.0	0.9999501215458155	1869	1300	13	aa	0.8	38.0
True	PROKKA_06122025__gr_1e-12_lr_1e-13_mu_1e-14	46118	cdhit	0.9962401144938359	0.9964354671023318	0.9969175928765854	9.999000099990002e-05	0.999528336083238	0.9988876905263278	0.9992079106167728	1945	1333	50	aa	0.9	0.0
True	PROKKA_06122025__gr_1e-12_lr_1e-13_mu_1e-14	46118	cdhit	0.9981154522962641	0.999702955591861	0.9984836211860525	9.999000099990002e-05	0.999362714291216	0.9998559272906491	0.9996092599523985	1932	1327	46	aa	0.85	0.0
True	PROKKA_06122025__gr_1e-12_lr_1e-13_mu_1e-14	46118	panta	0.9987947693136975	0.9990451941438574	0.999168135200552	9.999000099990002e-05	0.9998997331492274	0.9996820210692798	0.9997908652571377	1860	1291	14	aa	0.85	8.0
True	PROKKA_06122025__gr_1e-12_lr_1e-13_mu_1e-14	46118	mmseqs2	0.9996062789172965	1.0	0.9996064138185844	9.999000099990002e-05	0.999797325327435	1.0	0.999898652393421	1937	1332	47	nt	0.85	3.0
True	PROKKA_06122025__gr_1e-12_lr_1e-13_mu_1e-14	46118	mmseqs2	0.9807088894423833	0.9814347244913114	0.9866686285275901	9.999000099990002e-05	0.9999999999999999	0.9932728723078704	0.9966250844098726	2026	1397	62	aa	0.95	1.0
True	PROKKA_06122025__gr_1e-12_lr_1e-13_mu_1e-14	46118	diamond	0.9926270266167998	0.9964354671023318	0.9959429264014272	9.999000099990002e-05	0.9991011666412485	0.998812016711992	0.9989565707528678	1945	1334	53	aa	0.9	0.0
True	PROKKA_06122025__gr_1e-12_lr_1e-13_mu_1e-14	46118	mmseqs2	0.9881488645296083	0.9882667458785088	0.9917153419098602	9.999000099990002e-05	0.9999999999999999	0.9957881024979688	0.9978896068692064	1993	1369	61	nt	0.95	1.0
True	PROKKA_06122025__gr_1e-12_lr_1e-13_mu_1e-14	46118	hdbscan_dist	0.9540278814878873	0.9869300460418833	0.9674922264407033	9.999000099990002e-05	0.985713079104197	0.9971517719904137	0.9913994319484545	1799	1239	0	nt	0.9	0.366
True	PROKKA_06122025__gr_1e-12_lr_1e-13_mu_1e-14	46118	hdbscan_tsne	0.7693619340274772	0.9688103371454032	0.8450512777120465	9.999000099990002e-05	0.9160517405779963	0.9918312011546272	0.9524365235449447	796	170	0	nt	0.9	19.498
True	PROKKA_06122025__gr_1e-12_lr_1e-13_mu_1e-14	46118	hdbscan_umap	0.7096751419375162	0.9836625575523541	0.8274726598811623	9.999000099990002e-05	0.8986019851056418	0.9955449047148759	0.9445926632684367	661	88	0	nt	0.9	7.197
True	PROKKA_06122025__gr_1e-12_lr_1e-13_mu_1e-14	46118	diamond	0.9950861102582378	0.9995544333877915	0.9976424422121616	9.999000099990002e-05	0.998949362533524	0.9998348977195622	0.9993919339641604	1929	1322	49	aa	0.85	1.0
True	PROKKA_06122025__gr_1e-12_lr_1e-13_mu_1e-14	46118	panta	0.9996458210573888	0.9998408656906429	0.9996641970463784	9.999000099990002e-05	0.9998997331492275	0.9999313184745124	0.9999155255624408	1858	1290	14	aa	0.7	6.0
True	PROKKA_06122025__gr_1e-12_lr_1e-13_mu_1e-14	46118	mmseqs2	0.9994818602310236	0.9998514777959305	0.9995037997722644	9.999000099990002e-05	0.9998084173737962	0.9999360963116573	0.9998722527667282	1938	1332	49	aa	0.8	1.0
True	PROKKA_06122025__gr_1e-12_lr_1e-13_mu_1e-14	46118	panta	0.9995750153083409	0.9998408656906429	0.9994759425585737	9.999000099990002e-05	0.9998049706649407	0.9999313119652583	0.9998681373240421	1857	1284	19	aa	0.5	7.0
True	PROKKA_06122025__gr_1e-12_lr_1e-13_mu_1e-14	46118	panaroo	0.9997646646916395	1.0	0.9996762988247759	9.999000099990002e-05	0.9998373975111392	1.0	0.9999186921451398	1867	1296	15	aa	0.7	43.0
True	PROKKA_06122025__gr_1e-12_lr_1e-13_mu_1e-14	46118	cdhit	0.9884353427802627	0.9885637902866479	0.9920912768768017	9.999000099990002e-05	0.9997541892484888	0.9962161335645852	0.9979820256289457	1980	1354	61	nt	0.95	1.0
True	PROKKA_06122025__gr_1e-12_lr_1e-13_mu_1e-14	46118	cdhit	0.9955010813368458	1.0	0.9979061518899186	9.999000099990002e-05	0.9989199752504401	1.0	0.9994596958542952	1926	1319	49	aa	0.8	0.0
True	PROKKA_06122025__gr_1e-12_lr_1e-13_mu_1e-14	46118	ppanggolin	0.9946250843633473	0.9988908255427033	0.9973234646303212	9.999000099990002e-05	0.9990848158264198	0.9995696477416842	0.9993271729789933	1865	1293	16	aa	0.9	6.0
True	PROKKA_06122025__gr_1e-12_lr_1e-13_mu_1e-14	46118	cdhit	0.9768639313538033	0.9998514777959305	0.990581123421652	9.999000099990002e-05	0.9951764956793191	0.9999307582523859	0.9975479623549477	1888	1281	51	aa	0.5	3.0
True	PROKKA_06122025__gr_1e-12_lr_1e-13_mu_1e-14	46118	panaroo	0.9944870404495492	0.9942956742196165	0.9963460901503152	9.999000099990002e-05	0.9999316733450851	0.9982425788126886	0.9990864121670905	1888	1307	19	aa	0.9	35.0
True	PROKKA_06122025__gr_1e-12_lr_1e-13_mu_1e-14	46118	ppanggolin	0.9711267329324568	1.0	0.9894862867817942	9.999000099990002e-05	0.9946652207245777	1.0	0.9973254763656609	1820	1248	23	aa	0.5	6.0
True	PROKKA_06122025__gr_1e-12_lr_1e-13_mu_1e-14	46118	cdhit	0.9952082128123888	0.9995544333877915	0.9979214632173139	9.999000099990002e-05	0.9991071377251111	0.9998213625037163	0.9994641225167946	1933	1328	48	nt	0.85	22.0
True	PROKKA_06122025__gr_1e-12_lr_1e-13_mu_1e-14	46118	embed_hdbscan_raw	0.9071426944945884	0.9894549235110649	0.9339190368182825	9.999000099990002e-05	0.9664964268258588	0.9973795456851431	0.9816951585403533	1501	927	0	aa	0.9	21.275
True	PROKKA_06122025__gr_1e-12_lr_1e-13_mu_1e-14	46118	embed_hdbscan_tsne	0.782644429428509	0.97282043665528	0.8517188782843971	9.999000099990002e-05	0.9197080881684286	0.9926239269685596	0.9547758934288357	803	159	0	aa	0.9	19.957
True	PROKKA_06122025__gr_1e-12_lr_1e-13_mu_1e-14	46118	embed_hdbscan_umap	0.7066131713208261	0.9852963017971187	0.8236097446376451	9.999000099990002e-05	0.8952948474643493	0.9958759966171232	0.942910738366188	604	30	0	aa	0.9	14.567
True	PROKKA_06122025__gr_1e-12_lr_1e-13_mu_1e-14	46118	diamond	0.975252701837313	1.0	0.9899513660964449	9.999000099990002e-05	0.9947758141285913	1.0000000000000002	0.9973810661657282	1883	1274	56	aa	0.5	1.0
True	PROKKA_06122025__gr_1e-12_lr_1e-13_mu_1e-14	46118	mmseqs2	0.9968621291515746	0.9973266003267488	0.9977571359644511	9.999000099990002e-05	0.9998378046568802	0.9990103598326139	0.9994239109798781	1950	1340	52	aa	0.9	1.0
True	PROKKA_06122025__gr_1e-12_lr_1e-13_mu_1e-14	46118	panaroo	0.9964536821277026	0.9995246395183014	0.9985335252853378	9.999000099990002e-05	0.999415938880667	0.9998469661846601	0.9996314060694055	1865	1293	16	aa	0.6	59.0
True	PROKKA_06122025__gr_1e-12_lr_1e-13_mu_1e-14	46118	panx	0.9993932559403492	1.0	0.9994978356346054	9.999000099990002e-05	0.9997465316389478	1.0000000000000002	0.9998732497558857	1808	1256	12	aa	0.6	816.0
True	PROKKA_06122025__gr_1e-12_lr_1e-13_mu_1e-14	46118	panaroo	0.9930573328171969	1.0	0.9971431784259771	9.999000099990002e-05	0.9985613625722239	1.0	0.9992801634942425	1854	1281	18	aa	0.5	47.0
True	PROKKA_06122025__gr_1e-12_lr_1e-13_mu_1e-14	46118	panx	0.9994019915306959	1.0	0.9995051371790944	9.999000099990002e-05	0.9997502792925599	0.9999999999999999	0.9998751240542251	1826	1265	13	aa	0.7	794.0
True	PROKKA_06122025__gr_1e-12_lr_1e-13_mu_1e-14	46118	diamond	0.9953559511928167	0.9998514777959305	0.9977820045114594	9.999000099990002e-05	0.9989199752504401	0.9999360394791795	0.9994277491204666	1927	1320	49	aa	0.8	1.0
True	PROKKA_06122025__gr_1e-12_lr_1e-13_mu_1e-14	46118	panx	0.9982465507263774	0.9988828598787105	0.998835808215186	9.999000099990002e-05	0.9996746406252548	0.9997394226277461	0.9997070305770159	1850	1282	14	aa	0.85	756.0
True	PROKKA_06122025__gr_1e-12_lr_1e-13_mu_1e-14	46118	panta	0.9969221094954158	0.9971355824315723	0.9979726010213008	9.999000099990002e-05	0.9998997331492275	0.9990827161769511	0.9994910576989587	1866	1293	16	aa	0.9	8.0
True	PROKKA_06122025__gr_1e-12_lr_1e-13_mu_1e-14	46118	panx	0.9984221337962296	0.9991958829205533	0.9990007824402679	9.999000099990002e-05	0.9996718506919765	0.9998252306299766	0.999748534778146	1838	1275	13	aa	0.8	993.0
True	PROKKA_06122025__gr_1e-12_lr_1e-13_mu_1e-14	46118	mmseqs2	0.9990254134941134	0.999405911183722	0.9992304525438978	9.999000099990002e-05	0.9998378046568802	0.9997661481771319	0.999801975133089	1941	1335	49	aa	0.85	3.0
True	PROKKA_06122025__gr_1e-12_lr_1e-13_mu_1e-14	46118	ppanggolin	0.9958508368376706	1.0	0.9981184306318649	9.999000099990002e-05	0.9990533905484379	1.0	0.9995264711507768	1859	1288	15	aa	0.8	6.0
True	PROKKA_06122025__gr_1e-12_lr_1e-13_mu_1e-14	46118	mmseqs2	0.9988611288615111	1.0	0.9990110155695497	9.999000099990002e-05	0.9994904275327704	1.0000000000000004	0.9997451488338167	1931	1323	50	nt	0.5	6.0
True	PROKKA_06122025__gr_1e-12_lr_1e-13_mu_1e-14	46118	hdbscan_dist	0.9380061961950975	0.9689588593494728	0.9561354921152367	9.999000099990002e-05	0.9852696449693887	0.9918097624862892	0.9885288864746286	1791	1154	0	aa	0.9	0.377
True	PROKKA_06122025__gr_1e-12_lr_1e-13_mu_1e-14	46118	hdbscan_tsne	0.7100955790815706	0.8296450319322739	0.8205476683728291	9.999000099990002e-05	0.9566618647630472	0.9520475590432995	0.9543491343603033	1708	798	0	aa	0.9	19.599
True	PROKKA_06122025__gr_1e-12_lr_1e-13_mu_1e-14	46118	hdbscan_umap	0.0686951636212083	0.9658398930640131	0.690943600945997	9.999000099990002e-05	0.8024446942880802	0.9870584425285969	0.8852287474257385	593	44	0	aa	0.9	8.233
True	PROKKA_06122025__gr_1e-12_lr_1e-13_mu_1e-14	46118	cdhit	0.9971208101658154	0.999108866775583	0.9983252213909339	9.999000099990002e-05	0.9994085484991067	0.9997287532537396	0.9995686252325904	1935	1329	48	nt	0.9	1.0
True	PROKKA_06122025__gr_1e-12_lr_1e-13_mu_1e-14	46118	mmseqs2	0.9994197194618395	0.9998514777959305	0.9993326822085586	9.999000099990002e-05	0.9997202555245446	0.9999360906765733	0.9998281614523543	1935	1326	52	aa	0.7	3.0
True	PROKKA_06122025__gr_1e-12_lr_1e-13_mu_1e-14	46118	mmseqs2	0.9985893469839432	0.999108866775583	0.9990023714131252	9.999000099990002e-05	0.9998378046568801	0.9996489266425442	0.9997433567286966	1942	1335	50	nt	0.9	0.0
True	PROKKA_06122025__gr_1e-12_lr_1e-13_mu_1e-14	46118	mmseqs2	0.9966107462666051	0.9998514777959305	0.9982679657900001	9.999000099990002e-05	0.9991710356793917	0.9999360555494301	0.9995533992352089	1930	1322	51	aa	0.6	1.0
True	PROKKA_06122025__gr_1e-12_lr_1e-13_mu_1e-14	46118	ppanggolin	0.9902634523166807	0.9904927903660276	0.9930707978553961	9.999000099990002e-05	0.9998237154887116	0.9967282175098969	0.9982735668352689	1907	1324	23	aa	0.95	7.0
True	PROKKA_06122025__gr_1e-12_lr_1e-13_mu_1e-14	46118	ppanggolin	0.9900255579767046	1.0	0.9962702834789197	9.999000099990002e-05	0.9981201773577334	1.0	0.999059204414445	1850	1277	18	aa	0.7	7.0
True	PROKKA_06122025__gr_1e-12_lr_1e-13_mu_1e-14	46118	cdhit	0.9787966347349464	0.9772761027773652	0.9854944805333087	9.999000099990002e-05	0.9999040604387484	0.9927842234140851	0.9963314224058404	2023	1375	78	aa	0.95	0.0
True	PROKKA_06122025__gr_1e-12_lr_1e-13_mu_1e-14	46118	ppanggolin	0.9955916387018363	0.9996830930122009	0.9979776595775658	9.999000099990002e-05	0.9990848158264198	0.9998979384406397	0.9994912117573191	1861	1290	15	aa	0.85	7.0
True	PROKKA_06122025__gr_1e-12_lr_1e-13_mu_1e-14	46118	mmseqs2	0.9991093890088303	1.0	0.9991559396142123	9.999000099990002e-05	0.9995651618376046	1.0000000000000002	0.9997825336374657	1932	1324	50	nt	0.6	1.0
True	PROKKA_06122025__gr_1e-12_lr_1e-13_mu_1e-14	49444	panaroo	0.9976122127261664	0.9975918121613486	0.9986462771366598	9.999000099990002e-05	1.0	0.9992966196645838	0.9996481861028034	1871	1282	16	aa	0.85	33.0
True	PROKKA_06122025__gr_1e-12_lr_1e-13_mu_1e-14	49444	panta	0.9979796730582262	0.9978781448923917	0.998341079480564	9.999000099990002e-05	1.0000000000000002	0.9991375454571325	0.9995685866913825	1953	1375	13	aa	0.6	9.0
True	PROKKA_06122025__gr_1e-12_lr_1e-13_mu_1e-14	49444	diamond	0.980779533659378	1.0	0.9933368770708585	9.999000099990002e-05	0.9964686554039652	1.0	0.9982312045889244	1904	1285	49	aa	0.6	1.0
True	PROKKA_06122025__gr_1e-12_lr_1e-13_mu_1e-14	49444	diamond	0.9517456372082539	0.95475372279496	0.9719872481517134	9.999000099990002e-05	0.9995428365978227	0.9862664716676814	0.9928602737723055	2072	1353	96	aa	0.95	0.0
True	PROKKA_06122025__gr_1e-12_lr_1e-13_mu_1e-14	49444	diamond	0.9854310665264362	1.0	0.9952398855692501	9.999000099990002e-05	0.997481970531544	1.0000000000000002	0.9987393981494683	1919	1305	45	aa	0.7	1.0
True	PROKKA_06122025__gr_1e-12_lr_1e-13_mu_1e-14	49444	panta	0.9984908400469088	0.9984843892088512	0.9990789793766369	9.999000099990002e-05	1.0	0.9995206362100617	0.9997602606438477	1857	1276	13	aa	0.8	7.0
True	PROKKA_06122025__gr_1e-12_lr_1e-13_mu_1e-14	49444	mmseqs2	0.9959164965699713	1.0	0.9985697688768601	9.999000099990002e-05	0.9992459043027806	1.0000000000000002	0.999622809932687	1932	1315	45	nt	0.7	2.0
True	PROKKA_06122025__gr_1e-12_lr_1e-13_mu_1e-14	49444	cdhit	0.9836086658315929	0.9994272623138603	0.9947074658310886	9.999000099990002e-05	0.9973266148163165	0.9998732556897054	0.998598311634906	1920	1305	47	aa	0.7	0.0
True	PROKKA_06122025__gr_1e-12_lr_1e-13_mu_1e-14	49444	panx	0.9970381604707468	1.0	0.9992959979623315	9.999000099990002e-05	0.9996315909566559	1.0	0.9998157615407707	1768	1224	12	aa	0.5	810.0
True	PROKKA_06122025__gr_1e-12_lr_1e-13_mu_1e-14	49444	ppanggolin	0.9816439704765317	1.0	0.9936575562433261	9.999000099990002e-05	0.9966770779363101	1.0	0.9983357739213773	1835	1252	18	aa	0.6	4.0
True	PROKKA_06122025__gr_1e-12_lr_1e-13_mu_1e-14	49444	panx	0.9929140881108613	0.9964869405834733	0.9967952445712526	9.999000099990002e-05	0.9995737716174459	0.9987625154248693	0.9991679788500224	1858	1280	15	aa	0.9	870.0
True	PROKKA_06122025__gr_1e-12_lr_1e-13_mu_1e-14	49444	panaroo	0.9448660728999956	0.9438591210114389	0.9644032082956039	9.999000099990002e-05	0.9999999999999999	0.9824128958694458	0.9911284353692418	2054	1330	87	aa	0.95	38.0
True	PROKKA_06122025__gr_1e-12_lr_1e-13_mu_1e-14	49444	cdhit	0.9873603289036679	1.0	0.9964135337482938	9.999000099990002e-05	0.9981050252213449	1.0	0.9990516140269228	1928	1315	45	nt	0.8	26.0
True	PROKKA_06122025__gr_1e-12_lr_1e-13_mu_1e-14	49444	panta	0.9730846298228464	0.9743861776295847	0.9839146823866055	9.999000099990002e-05	1.0	0.9918154019450861	0.9958908852462326	1932	1301	39	aa	0.95	8.0
True	PROKKA_06122025__gr_1e-12_lr_1e-13_mu_1e-14	49444	mmseqs2	0.9893725129193414	1.0	0.9953674348920972	9.999000099990002e-05	0.99754969782608	1.0000000000000004	0.9987733460766527	1911	1293	47	aa	0.5	3.0
True	PROKKA_06122025__gr_1e-12_lr_1e-13_mu_1e-14	49444	cdhit	0.9787403167271485	0.9998568155784651	0.9927793804699323	9.999000099990002e-05	0.9962362128485206	0.9999355660714079	0.9980824615950851	1905	1287	49	aa	0.6	0.0
True	PROKKA_06122025__gr_1e-12_lr_1e-13_mu_1e-14	49444	panaroo	0.9995782098890106	0.9996989765201686	0.9997760019013868	9.999000099990002e-05	1.0	0.9998834143739854	0.9999417037887426	1866	1282	14	aa	0.8	38.0
True	PROKKA_06122025__gr_1e-12_lr_1e-13_mu_1e-14	49444	cdhit	0.9917302324574337	0.995418098510882	0.995423262553981	9.999000099990002e-05	0.9990582336871487	0.9985351984748526	0.9987966476071488	1945	1323	48	aa	0.9	0.0
True	PROKKA_06122025__gr_1e-12_lr_1e-13_mu_1e-14	49444	cdhit	0.986109553648068	0.9995704467353952	0.9960240729677985	9.999000099990002e-05	0.9980690371321813	0.9998304438709447	0.99894896404766	1932	1319	46	aa	0.85	0.0
True	PROKKA_06122025__gr_1e-12_lr_1e-13_mu_1e-14	49444	panta	0.9980649037106822	0.9981812670506214	0.9988530150971527	9.999000099990002e-05	1.0	0.9994032318906845	0.9997015268857242	1858	1276	14	aa	0.85	7.0
True	PROKKA_06122025__gr_1e-12_lr_1e-13_mu_1e-14	49444	mmseqs2	0.9961809506006423	0.9997136311569301	0.9988774032416048	9.999000099990002e-05	0.9995190886882527	0.9998894033707805	0.9997042117361331	1938	1321	46	nt	0.85	8.0
True	PROKKA_06122025__gr_1e-12_lr_1e-13_mu_1e-14	49444	mmseqs2	0.9688994052816062	0.9716494845360825	0.9805778944100412	9.999000099990002e-05	1.0	0.9900666950726448	0.9950085567725192	2053	1382	78	aa	0.95	2.0
True	PROKKA_06122025__gr_1e-12_lr_1e-13_mu_1e-14	49444	diamond	0.9837785674408711	0.9916953035509737	0.9927852587906841	9.999000099990002e-05	0.9987744638334585	0.9974399396362221	0.9981067556517869	1958	1330	51	aa	0.9	0.0
True	PROKKA_06122025__gr_1e-12_lr_1e-13_mu_1e-14	49444	mmseqs2	0.9784100355904549	0.9835337915234822	0.9879926531781791	9.999000099990002e-05	0.9996330682747853	0.9941430034929541	0.9968804771585607	2005	1358	65	nt	0.95	2.0
True	PROKKA_06122025__gr_1e-12_lr_1e-13_mu_1e-14	49444	hdbscan_dist	0.9742441937188228	0.9924112256586484	0.9806252169701222	9.999000099990002e-05	0.9912528940376102	0.9983973692590188	0.9948123043873804	1869	1304	0	nt	0.9	0.37
True	PROKKA_06122025__gr_1e-12_lr_1e-13_mu_1e-14	49444	hdbscan_tsne	0.7795077702257892	0.9812428407789232	0.855398568437781	9.999000099990002e-05	0.9174493631955261	0.9948704459246013	0.9545926917899098	788	170	0	nt	0.9	41.57
True	PROKKA_06122025__gr_1e-12_lr_1e-13_mu_1e-14	49444	hdbscan_umap	0.7233176832506173	0.9856815578465064	0.8363899864440352	9.999000099990002e-05	0.9030147953328834	0.9954025287547568	0.9469606069985647	702	128	0	nt	0.9	12.182
True	PROKKA_06122025__gr_1e-12_lr_1e-13_mu_1e-14	49444	panx	0.9807828528475393	0.9852231604342582	0.989613695682694	9.999000099990002e-05	0.9995018941119412	0.9951540674816304	0.997323242236159	1907	1301	24	aa	0.95	754.0
True	PROKKA_06122025__gr_1e-12_lr_1e-13_mu_1e-14	49444	diamond	0.9853741667624728	0.9985681557846506	0.9953199543216931	9.999000099990002e-05	0.9979641144299032	0.9995637692924676	0.998763301345551	1931	1314	48	aa	0.85	1.0
True	PROKKA_06122025__gr_1e-12_lr_1e-13_mu_1e-14	49444	panta	0.9979796730582262	0.9978781448923917	0.9983410794805646	9.999000099990002e-05	1.0000000000000002	0.9991375454571326	0.9995685866913825	1953	1375	13	aa	0.7	7.0
True	PROKKA_06122025__gr_1e-12_lr_1e-13_mu_1e-14	49444	mmseqs2	0.9962574287276161	0.9997136311569301	0.9989146698268039	9.999000099990002e-05	0.9995387445523322	0.9998894055454157	0.9997140442992988	1938	1321	45	aa	0.8	0.0
True	PROKKA_06122025__gr_1e-12_lr_1e-13_mu_1e-14	49444	panta	0.9979796730582262	0.9978781448923917	0.998341079480564	9.999000099990002e-05	1.0000000000000002	0.9991375454571325	0.9995685866913825	1953	1375	12	aa	0.5	9.0
True	PROKKA_06122025__gr_1e-12_lr_1e-13_mu_1e-14	49444	panaroo	0.9997049580248969	1.0	0.9997934066645888	9.999000099990002e-05	0.9998924147323207	1.0	0.9999462044723573	1863	1279	14	aa	0.7	40.0
True	PROKKA_06122025__gr_1e-12_lr_1e-13_mu_1e-14	49444	cdhit	0.9825962936748762	0.9866838487972509	0.9894647347850634	9.999000099990002e-05	0.9994458314010136	0.9950747218952982	0.9972554868759272	1994	1356	61	nt	0.95	1.0
True	PROKKA_06122025__gr_1e-12_lr_1e-13_mu_1e-14	49444	cdhit	0.9857194478386602	0.9997136311569301	0.9957431777177204	9.999000099990002e-05	0.9978608291981653	0.9998892196000705	0.9988739946487682	1927	1313	46	aa	0.8	0.0
True	PROKKA_06122025__gr_1e-12_lr_1e-13_mu_1e-14	49444	ppanggolin	0.9914193546974585	0.9983443708609272	0.996912377760181	9.999000099990002e-05	0.9989558020029617	0.9994349154106335	0.9991953012731697	1863	1278	15	aa	0.9	5.0
True	PROKKA_06122025__gr_1e-12_lr_1e-13_mu_1e-14	49444	cdhit	0.9709034045570644	0.9984249713631157	0.9885194697102739	9.999000099990002e-05	0.9944420276777419	0.9994539733731834	0.9969417014006234	1889	1272	45	aa	0.5	3.0
True	PROKKA_06122025__gr_1e-12_lr_1e-13_mu_1e-14	49444	panaroo	0.9900361747780256	0.9902167369054786	0.994186332058068	9.999000099990002e-05	0.9999999999999999	0.9969994549482076	0.9984974732745381	1893	1286	23	aa	0.9	36.0
True	PROKKA_06122025__gr_1e-12_lr_1e-13_mu_1e-14	49444	ppanggolin	0.9726460169569786	1.0	0.9898065186309167	9.999000099990002e-05	0.9946389650321167	1.0000000000000002	0.9973122780303267	1816	1236	18	aa	0.5	6.0
True	PROKKA_06122025__gr_1e-12_lr_1e-13_mu_1e-14	49444	cdhit	0.9877109737780484	0.9998568155784651	0.9966385825018613	9.999000099990002e-05	0.998298484948929	0.999926217596149	0.9991116883056645	1932	1319	45	nt	0.85	23.0
True	PROKKA_06122025__gr_1e-12_lr_1e-13_mu_1e-14	49444	embed_hdbscan_raw	0.870302016694145	0.9052119129438717	0.901994408161765	9.999000099990002e-05	0.9792940299381221	0.9702782263948324	0.974765281359372	1825	797	313	aa	0.9	21.983
True	PROKKA_06122025__gr_1e-12_lr_1e-13_mu_1e-14	49444	embed_hdbscan_tsne	0.5719256934046817	0.6894329896907216	0.7268839471765994	9.999000099990002e-05	0.9695240568933181	0.910149837921268	0.9388992055233775	2161	449	627	aa	0.9	16.379
True	PROKKA_06122025__gr_1e-12_lr_1e-13_mu_1e-14	49444	embed_hdbscan_umap	0.7445787559601204	0.9879725085910653	0.8419455141252516	9.999000099990002e-05	0.9054709427383126	0.9966955348117061	0.9488957524805196	644	22	17	aa	0.9	13.763
True	PROKKA_06122025__gr_1e-12_lr_1e-13_mu_1e-14	49444	diamond	0.9736282501312998	1.0	0.9900574030713442	9.999000099990002e-05	0.9947133689920783	1.0000000000000002	0.9973496788610823	1885	1267	50	aa	0.5	1.0
True	PROKKA_06122025__gr_1e-12_lr_1e-13_mu_1e-14	49444	mmseqs2	0.9932076249227685	0.9962772050400917	0.9967213868836011	9.999000099990002e-05	0.9996514792458782	0.9986270348609138	0.9991389944557926	1953	1332	46	aa	0.9	2.0
True	PROKKA_06122025__gr_1e-12_lr_1e-13_mu_1e-14	49444	panaroo	0.9994311459887589	1.0	0.999536166674792	9.999000099990002e-05	0.9997583930038544	1.0000000000000002	0.9998791819066789	1860	1274	16	aa	0.6	39.0
True	PROKKA_06122025__gr_1e-12_lr_1e-13_mu_1e-14	49444	panx	0.9971048157694261	1.0	0.9993125760436026	9.999000099990002e-05	0.999641227287583	1.0	0.9998205814585531	1805	1246	13	aa	0.6	880.0
True	PROKKA_06122025__gr_1e-12_lr_1e-13_mu_1e-14	49444	panaroo	0.9956343295947058	1.0	0.9977598301713639	9.999000099990002e-05	0.9988310623765861	1.0	0.9994151893847277	1850	1265	15	aa	0.5	40.0
True	PROKKA_06122025__gr_1e-12_lr_1e-13_mu_1e-14	49444	panx	0.9971302441842833	1.0	0.9993184026159229	9.999000099990002e-05	0.9996448126661382	1.0	0.9998223747879563	1823	1260	13	aa	0.7	765.0
True	PROKKA_06122025__gr_1e-12_lr_1e-13_mu_1e-14	49444	diamond	0.9854111830681695	0.9994272623138603	0.9955487169841271	9.999000099990002e-05	0.9978608291981653	0.9997867123343915	0.9988228424178643	1928	1313	47	aa	0.8	1.0
True	PROKKA_06122025__gr_1e-12_lr_1e-13_mu_1e-14	49444	panx	0.9961237830750286	0.9990786240786241	0.9987113395159345	9.999000099990002e-05	0.9996489543544188	0.9996805697272415	0.9996647617908634	1843	1272	14	aa	0.85	750.0
True	PROKKA_06122025__gr_1e-12_lr_1e-13_mu_1e-14	49444	panta	0.995972579107493	0.9963625341012428	0.9977457515047147	9.999000099990002e-05	1.0	0.9988290849859368	0.9994141995316866	1863	1278	15	aa	0.9	6.0
True	PROKKA_06122025__gr_1e-12_lr_1e-13_mu_1e-14	49444	mmseqs2	0.9965087387999061	1.0	0.9990726940524779	9.999000099990002e-05	0.9995113182182055	1.0000000000000002	0.9997555993920406	1937	1321	45	nt	0.8	2.0
True	PROKKA_06122025__gr_1e-12_lr_1e-13_mu_1e-14	49444	panx	0.9965439041422737	0.999383762132183	0.9989368647190491	9.999000099990002e-05	0.9996476914246835	0.9997990461377267	0.999723363052558	1838	1270	13	aa	0.8	816.0
True	PROKKA_06122025__gr_1e-12_lr_1e-13_mu_1e-14	49444	mmseqs2	0.9961222630956964	0.9995704467353952	0.9988623866690257	9.999000099990002e-05	0.9995777904402183	0.9998229286942155	0.9997003445395231	1940	1323	46	aa	0.85	2.0
True	PROKKA_06122025__gr_1e-12_lr_1e-13_mu_1e-14	49444	ppanggolin	0.9889916908673028	1.0	0.9967565235702646	9.999000099990002e-05	0.998305892146426	1.0	0.9991522279645814	1855	1276	13	aa	0.8	5.0
True	PROKKA_06122025__gr_1e-12_lr_1e-13_mu_1e-14	49444	mmseqs2	0.9957256005075531	1.0	0.9984400127942634	9.999000099990002e-05	0.9991773838819992	1.0000000000000002	0.9995885226970689	1931	1314	45	nt	0.5	5.0
True	PROKKA_06122025__gr_1e-12_lr_1e-13_mu_1e-14	49444	hdbscan_dist	0.9641446413494991	0.9922680412371134	0.9737554925319583	9.999000099990002e-05	0.9875305022716354	0.9983519277743946	0.9929117310897921	1814	1248	0	aa	0.9	0.355
True	PROKKA_06122025__gr_1e-12_lr_1e-13_mu_1e-14	49444	hdbscan_tsne	0.8055260386226144	0.9851088201603666	0.8718807365277345	9.999000099990002e-05	0.9274201390571452	0.9961035021843865	0.9605355803320258	928	323	0	aa	0.9	17.044
True	PROKKA_06122025__gr_1e-12_lr_1e-13_mu_1e-14	49444	hdbscan_umap	0.2194296027907432	0.9702176403207331	0.7591373753260057	9.999000099990002e-05	0.8509966946032429	0.989204131068545	0.9149104098677838	662	124	0	aa	0.9	7.018
True	PROKKA_06122025__gr_1e-12_lr_1e-13_mu_1e-14	49444	cdhit	0.9870004727393569	0.9985681557846506	0.9961231557685667	9.999000099990002e-05	0.998453237439649	0.999501085646328	0.9989768867654694	1938	1322	46	nt	0.9	1.0
True	PROKKA_06122025__gr_1e-12_lr_1e-13_mu_1e-14	49444	mmseqs2	0.995935590193419	1.0	0.9986234577429363	9.999000099990002e-05	0.9992742509324383	1.0000000000000002	0.999636993740492	1933	1317	44	aa	0.7	0.0
True	PROKKA_06122025__gr_1e-12_lr_1e-13_mu_1e-14	49444	mmseqs2	0.995292927041136	0.9988545246277205	0.998339057043629	9.999000099990002e-05	0.9995777904402183	0.9995477747858278	0.9995627823876897	1943	1324	48	nt	0.9	1.0
True	PROKKA_06122025__gr_1e-12_lr_1e-13_mu_1e-14	49444	mmseqs2	0.995553856476784	1.0	0.9982180451678874	9.999000099990002e-05	0.9990601274134898	1.0000000000000002	0.9995298427627958	1928	1309	47	aa	0.6	2.0
True	PROKKA_06122025__gr_1e-12_lr_1e-13_mu_1e-14	49444	ppanggolin	0.9849914206572705	0.9891631547260686	0.9919448923016212	9.999000099990002e-05	0.9995088676073118	0.9963343632852326	0.9979190908297254	1900	1298	24	aa	0.95	7.0
True	PROKKA_06122025__gr_1e-12_lr_1e-13_mu_1e-14	49444	ppanggolin	0.9825590163677956	1.0	0.9945592218186808	9.999000099990002e-05	0.9971520454784799	1.0	0.9985739921364686	1845	1267	14	aa	0.7	7.0
True	PROKKA_06122025__gr_1e-12_lr_1e-13_mu_1e-14	49444	cdhit	0.9727195763574507	0.9759450171821306	0.9825658463142568	9.999000099990002e-05	0.9998527880668286	0.9911956727496314	0.995505409759941	2043	1380	81	aa	0.95	0.0
True	PROKKA_06122025__gr_1e-12_lr_1e-13_mu_1e-14	49444	ppanggolin	0.988569953600094	0.9996989765201686	0.9965325214434609	9.999000099990002e-05	0.998305892146426	0.9998832165532969	0.9990939317981035	1856	1276	14	aa	0.85	4.0
True	PROKKA_06122025__gr_1e-12_lr_1e-13_mu_1e-14	49444	mmseqs2	0.9959164965699713	1.0	0.9985697688768601	9.999000099990002e-05	0.9992459043027806	1.0000000000000002	0.999622809932687	1932	1315	45	nt	0.6	1.0
True	PROKKA_06122025__gr_1e-12_lr_1e-13_mu_1e-14	53144	panaroo	0.9996075594719531	0.9996750609260764	0.9996727505022324	9.999000099990002e-05	0.9999302841256615	0.9999116683321854	0.9999209761422797	1865	1261	10	aa	0.85	34.0
True	PROKKA_06122025__gr_1e-12_lr_1e-13_mu_1e-14	53144	panta	0.9992597596559958	0.9988537743572949	0.9991956527084771	9.999000099990002e-05	1.0	0.9996120136360466	0.9998059691773666	1953	1356	9	aa	0.6	9.0
True	PROKKA_06122025__gr_1e-12_lr_1e-13_mu_1e-14	53144	diamond	0.9860256340787344	1.0	0.9933591535439247	9.999000099990002e-05	0.9967903795346739	0.9999999999999998	0.9983926102117567	1903	1262	49	aa	0.6	1.0
True	PROKKA_06122025__gr_1e-12_lr_1e-13_mu_1e-14	53144	diamond	0.9756236806666563	0.976875884851345	0.9842827283246478	9.999000099990002e-05	0.9995212219216669	0.9930784190945041	0.9962894045400669	2012	1331	68	aa	0.95	1.0
True	PROKKA_06122025__gr_1e-12_lr_1e-13_mu_1e-14	53144	diamond	0.9894087510023948	1.0	0.9952615546158319	9.999000099990002e-05	0.9977141761451794	0.9999999999999999	0.9988557803302816	1917	1281	44	aa	0.7	1.0
True	PROKKA_06122025__gr_1e-12_lr_1e-13_mu_1e-14	53144	panta	0.9996300164880559	0.9996725069592272	0.9997696245751	9.999000099990002e-05	1.0	0.9998887813669235	0.9999443875908937	1855	1256	9	aa	0.8	7.0
True	PROKKA_06122025__gr_1e-12_lr_1e-13_mu_1e-14	53144	mmseqs2	0.9981940667464686	1.0	0.9987379102093913	9.999000099990002e-05	0.999393260559932	1.0000000000000002	0.9996965382188505	1932	1292	45	nt	0.7	0.0
True	PROKKA_06122025__gr_1e-12_lr_1e-13_mu_1e-14	53144	cdhit	0.9901389539113433	0.9996853861884537	0.995467589081018	9.999000099990002e-05	0.9979577143947008	0.9998573132942695	0.99890661073886	1920	1280	48	aa	0.7	0.0
True	PROKKA_06122025__gr_1e-12_lr_1e-13_mu_1e-14	53144	panx	0.9995538899989492	1.0	0.9996803220198364	9.999000099990002e-05	0.9998448500078504	0.9999999999999999	0.9999224189855782	1766	1200	10	aa	0.5	867.0
True	PROKKA_06122025__gr_1e-12_lr_1e-13_mu_1e-14	53144	ppanggolin	0.987929512437207	1.0	0.994606010622074	9.999000099990002e-05	0.9973808407819137	1.0	0.998688703143332	1838	1236	13	aa	0.6	5.0
True	PROKKA_06122025__gr_1e-12_lr_1e-13_mu_1e-14	53144	panx	0.9947021898446297	0.9978681534929486	0.9976019933897287	9.999000099990002e-05	0.9994584175912957	0.9993820077703263	0.9994202112203491	1851	1253	11	aa	0.9	853.0
True	PROKKA_06122025__gr_1e-12_lr_1e-13_mu_1e-14	53144	panaroo	0.9758378766140059	0.9749796913078798	0.9841205688008331	9.999000099990002e-05	0.9999421298511907	0.9925609003889069	0.9962378432340973	1942	1283	42	aa	0.95	33.0
True	PROKKA_06122025__gr_1e-12_lr_1e-13_mu_1e-14	53144	cdhit	0.9937795511354253	0.9998426930942268	0.9971528425816345	9.999000099990002e-05	0.9986994709025715	0.9999299466651205	0.9993143300066227	1928	1290	45	nt	0.8	26.0
True	PROKKA_06122025__gr_1e-12_lr_1e-13_mu_1e-14	53144	panta	0.9933785403783822	0.992958899623383	0.9954586046490441	9.999000099990002e-05	1.0	0.997821398037064	0.9989095111479552	1876	1262	19	aa	0.95	9.0
True	PROKKA_06122025__gr_1e-12_lr_1e-13_mu_1e-14	53144	mmseqs2	0.9902211926770473	1.0	0.995068940822317	9.999000099990002e-05	0.9976207890240143	0.9999999999999999	0.9988089776653015	1911	1270	46	aa	0.5	2.0
True	PROKKA_06122025__gr_1e-12_lr_1e-13_mu_1e-14	53144	cdhit	0.9859767731332422	1.0	0.993368888633242	9.999000099990002e-05	0.996795116869533	1.0	0.9983949864944124	1904	1265	47	aa	0.6	0.0
True	PROKKA_06122025__gr_1e-12_lr_1e-13_mu_1e-14	53144	panaroo	0.9995815824919659	1.0	0.9997000655614457	9.999000099990002e-05	0.9998550942418375	1.0	0.9999275418711187	1863	1260	10	aa	0.8	33.0
True	PROKKA_06122025__gr_1e-12_lr_1e-13_mu_1e-14	53144	cdhit	0.9932038587851076	0.9973257826018562	0.9965251598692008	9.999000099990002e-05	0.9990519159629776	0.9992787400463242	0.999165315131615	1938	1296	46	aa	0.9	0.0
True	PROKKA_06122025__gr_1e-12_lr_1e-13_mu_1e-14	53144	cdhit	0.9941517981994031	0.9998426930942268	0.9974856958342468	9.999000099990002e-05	0.9988625869296338	0.9999274742730384	0.9993947469334622	1931	1294	44	aa	0.85	0.0
True	PROKKA_06122025__gr_1e-12_lr_1e-13_mu_1e-14	53144	panta	0.9996300164880559	0.9996725069592272	0.9997696245751	9.999000099990002e-05	1.0	0.9998887813669235	0.9999443875908937	1855	1256	9	aa	0.85	7.0
True	PROKKA_06122025__gr_1e-12_lr_1e-13_mu_1e-14	53144	mmseqs2	0.999071137140786	1.0	0.9993942633390297	9.999000099990002e-05	0.9997089869675918	1.0	0.9998544723085686	1937	1298	44	nt	0.85	2.0
True	PROKKA_06122025__gr_1e-12_lr_1e-13_mu_1e-14	53144	mmseqs2	0.9845431397451	0.9863142991977348	0.9898229099133393	9.999000099990002e-05	0.9999328259395779	0.9952506073482587	0.9975862226200177	1995	1333	59	aa	0.95	1.0
True	PROKKA_06122025__gr_1e-12_lr_1e-13_mu_1e-14	53144	diamond	0.9884100284987816	0.9938650306748467	0.9936095539072075	9.999000099990002e-05	0.9988792751937833	0.9980592556868628	0.9984690970746017	1955	1314	45	aa	0.9	0.0
True	PROKKA_06122025__gr_1e-12_lr_1e-13_mu_1e-14	53144	mmseqs2	0.9915177681640116	0.992291961617115	0.9944711494939051	9.999000099990002e-05	0.9998603774499467	0.9975038594453839	0.998680728321367	1967	1316	50	nt	0.95	1.0
True	PROKKA_06122025__gr_1e-12_lr_1e-13_mu_1e-14	53144	hdbscan_dist	0.9181698250982628	0.9523360075507314	0.9413874705584828	9.999000099990002e-05	0.9858954023754855	0.9859557946423533	0.9859255975840966	1802	953	177	nt	0.9	0.326
True	PROKKA_06122025__gr_1e-12_lr_1e-13_mu_1e-14	53144	hdbscan_tsne	0.5486478909463778	0.6773635362592417	0.7121102786010062	9.999000099990002e-05	0.9755883957747966	0.912141494702148	0.942798715033603	2319	595	761	nt	0.9	17.303
True	PROKKA_06122025__gr_1e-12_lr_1e-13_mu_1e-14	53144	hdbscan_umap	0.7082226331809616	0.9897750511247444	0.8250664717731437	9.999000099990002e-05	0.9017904392844602	0.9973619008216861	0.9471714381978469	692	41	44	nt	0.9	6.986
True	PROKKA_06122025__gr_1e-12_lr_1e-13_mu_1e-14	53144	panx	0.9895934091118709	0.9923465233675297	0.993879540431071	9.999000099990002e-05	0.9995780369185454	0.9974824582531626	0.9985291481074073	1886	1273	18	aa	0.95	795.0
True	PROKKA_06122025__gr_1e-12_lr_1e-13_mu_1e-14	53144	diamond	0.9919948383140075	0.9995280792826805	0.9966261249090914	9.999000099990002e-05	0.9984679604460004	0.9999071808947114	0.9991870524104313	1928	1291	44	aa	0.85	1.0
True	PROKKA_06122025__gr_1e-12_lr_1e-13_mu_1e-14	53144	panta	0.9992597596559958	0.9988537743572949	0.9991956527084767	9.999000099990002e-05	1.0	0.9996120136360465	0.9998059691773665	1953	1356	9	aa	0.7	8.0
True	PROKKA_06122025__gr_1e-12_lr_1e-13_mu_1e-14	53144	mmseqs2	0.9991213019126014	1.0	0.9994031276947278	9.999000099990002e-05	0.9997132481260637	1.0	0.9998566035034249	1937	1298	44	aa	0.8	2.0
True	PROKKA_06122025__gr_1e-12_lr_1e-13_mu_1e-14	53144	panta	0.99902205747298	0.9988537743572949	0.9989161585588059	9.999000099990002e-05	0.9998649846912786	0.9996119612652041	0.999738456968841	1951	1352	11	aa	0.5	9.0
True	PROKKA_06122025__gr_1e-12_lr_1e-13_mu_1e-14	53144	panaroo	0.9993463761697085	1.0	0.9994835064263204	9.999000099990002e-05	0.9997504153928493	1.0	0.999875192121362	1861	1257	11	aa	0.7	37.0
True	PROKKA_06122025__gr_1e-12_lr_1e-13_mu_1e-14	53144	cdhit	0.9908799879812334	0.9949661790152587	0.9948870189183189	9.999000099990002e-05	0.9994196708471773	0.9981343390139059	0.9987765914053219	1958	1313	47	nt	0.95	1.0
True	PROKKA_06122025__gr_1e-12_lr_1e-13_mu_1e-14	53144	cdhit	0.9927343041340154	0.9995280792826805	0.9966481675328135	9.999000099990002e-05	0.9985138201073289	0.9998721572535569	0.9991925270379415	1927	1290	44	aa	0.8	0.0
True	PROKKA_06122025__gr_1e-12_lr_1e-13_mu_1e-14	53144	ppanggolin	0.995079658524497	1.0	0.9979499056621409	9.999000099990002e-05	0.9990078345213331	1.0	0.9995036710404367	1856	1255	10	aa	0.9	6.0
True	PROKKA_06122025__gr_1e-12_lr_1e-13_mu_1e-14	53144	cdhit	0.9809659346763479	0.999056158565361	0.9901393206790418	9.999000099990002e-05	0.9954377773681106	0.9997843389138374	0.9976063236813074	1887	1246	48	aa	0.5	2.0
True	PROKKA_06122025__gr_1e-12_lr_1e-13_mu_1e-14	53144	panaroo	0.9952439370699787	0.9957757920389927	0.9971402292943278	9.999000099990002e-05	0.9999302841256615	0.9986936292101215	0.9993115740758065	1876	1262	13	aa	0.9	36.0
True	PROKKA_06122025__gr_1e-12_lr_1e-13_mu_1e-14	53144	ppanggolin	0.9764705817998005	1.0	0.990602743202262	9.999000099990002e-05	0.995418811036306	1.0	0.9977041466491364	1820	1219	14	aa	0.5	7.0
True	PROKKA_06122025__gr_1e-12_lr_1e-13_mu_1e-14	53144	cdhit	0.9942726168851694	0.9995280792826805	0.9975533734648693	9.999000099990002e-05	0.9989592304572443	0.9998637385791526	0.9994112798640206	1932	1294	44	nt	0.85	22.0
True	PROKKA_06122025__gr_1e-12_lr_1e-13_mu_1e-14	53144	embed_hdbscan_raw	0.897101118701137	0.9488752556237219	0.9180281571445409	9.999000099990002e-05	0.9759428458497267	0.9839060272761457	0.9799082587189963	1631	692	243	aa	0.9	18.111
True	PROKKA_06122025__gr_1e-12_lr_1e-13_mu_1e-14	53144	embed_hdbscan_tsne	0.6066283859923367	0.7308478842221173	0.7419595536577227	9.999000099990002e-05	0.9683158141887309	0.923775392021072	0.9455213553307027	2007	401	618	aa	0.9	25.752
True	PROKKA_06122025__gr_1e-12_lr_1e-13_mu_1e-14	53144	embed_hdbscan_umap	0.7131030159979845	0.9918200408997955	0.8215985104346999	9.999000099990002e-05	0.8987002220623251	0.9978640633588699	0.9456897002881931	638	13	13	aa	0.9	13.641
True	PROKKA_06122025__gr_1e-12_lr_1e-13_mu_1e-14	53144	diamond	0.9790149799389518	1.0	0.9897901609866527	9.999000099990002e-05	0.9950478197054499	0.9999999999999999	0.9975177636116606	1883	1244	48	aa	0.5	1.0
True	PROKKA_06122025__gr_1e-12_lr_1e-13_mu_1e-14	53144	mmseqs2	0.9969037804522795	0.9976403964134025	0.9981776335388747	9.999000099990002e-05	0.9997856966156946	0.9993404112577173	0.9995630043452747	1944	1301	45	aa	0.9	2.0
True	PROKKA_06122025__gr_1e-12_lr_1e-13_mu_1e-14	53144	panaroo	0.9972344797835933	1.0	0.998826054706015	9.999000099990002e-05	0.9994323484693138	1.0	0.9997160936547211	1859	1255	12	aa	0.6	40.0
True	PROKKA_06122025__gr_1e-12_lr_1e-13_mu_1e-14	53144	panx	0.9995655419022645	1.0	0.9996884754388203	9.999000099990002e-05	0.9998492043269902	1.0	0.9999245964782327	1809	1229	10	aa	0.6	783.0
True	PROKKA_06122025__gr_1e-12_lr_1e-13_mu_1e-14	53144	panaroo	0.9962987158485589	1.0	0.9978673206612966	9.999000099990002e-05	0.9989677747335339	1.0	0.9994836208569677	1850	1243	13	aa	0.5	38.0
True	PROKKA_06122025__gr_1e-12_lr_1e-13_mu_1e-14	53144	panx	0.9995678427103775	1.0	0.9996902775527379	9.999000099990002e-05	0.9998502860133588	1.0000000000000002	0.9999251374026905	1821	1237	10	aa	0.7	871.0
True	PROKKA_06122025__gr_1e-12_lr_1e-13_mu_1e-14	53144	diamond	0.9917973742803421	0.9996853861884537	0.9964919836965233	9.999000099990002e-05	0.9983955119563694	0.9999147577712681	0.999154557348935	1927	1290	45	aa	0.8	1.0
True	PROKKA_06122025__gr_1e-12_lr_1e-13_mu_1e-14	53144	panx	0.9958242109403991	0.9990128331688055	0.9982782560655271	9.999000099990002e-05	0.9994564529055544	0.9997104936943467	0.9995834571590468	1844	1250	10	aa	0.85	805.0
True	PROKKA_06122025__gr_1e-12_lr_1e-13_mu_1e-14	53144	panta	0.9988362739244094	0.9988537743572949	0.9993086092560585	9.999000099990002e-05	0.9999999999999999	0.9996664430245121	0.9998331936925523	1857	1256	10	aa	0.9	7.0
True	PROKKA_06122025__gr_1e-12_lr_1e-13_mu_1e-14	53144	mmseqs2	0.9993220112873961	1.0	0.9994895770512485	9.999000099990002e-05	0.9997548014471168	1.0	0.9998773856911328	1937	1297	45	nt	0.8	0.0
True	PROKKA_06122025__gr_1e-12_lr_1e-13_mu_1e-14	53144	panx	0.9962077144427349	0.9993393889347647	0.9985716213880265	9.999000099990002e-05	0.9994540989197584	0.9998542568487586	0.999654137838818	1835	1243	10	aa	0.8	818.0
True	PROKKA_06122025__gr_1e-12_lr_1e-13_mu_1e-14	53144	mmseqs2	0.9993471056181524	1.0	0.9995538620207811	9.999000099990002e-05	0.9997856966156947	1.0	0.9998928368251319	1938	1299	44	aa	0.85	0.0
True	PROKKA_06122025__gr_1e-12_lr_1e-13_mu_1e-14	53144	ppanggolin	0.9927277986482118	1.0	0.9970751714572762	9.999000099990002e-05	0.9985832727599381	1.0	0.9992911342452568	1853	1253	10	aa	0.8	5.0
True	PROKKA_06122025__gr_1e-12_lr_1e-13_mu_1e-14	53144	mmseqs2	0.9965193832410304	1.0	0.9981147684544235	9.999000099990002e-05	0.9990931320553155	0.9999999999999999	0.999546360332021	1930	1291	45	nt	0.5	4.0
True	PROKKA_06122025__gr_1e-12_lr_1e-13_mu_1e-14	53144	hdbscan_dist	0.9301242436162431	0.974988201982067	0.9514399961819558	9.999000099990002e-05	0.9824916554967561	0.9935826350270899	0.9880060204637481	1751	1094	0	aa	0.9	0.337
True	PROKKA_06122025__gr_1e-12_lr_1e-13_mu_1e-14	53144	hdbscan_tsne	0.7375976355891481	0.8721094856064181	0.832182101794284	9.999000099990002e-05	0.9506275102746428	0.9656583555677055	0.9580839839109427	1488	611	0	aa	0.9	19.744
True	PROKKA_06122025__gr_1e-12_lr_1e-13_mu_1e-14	53144	hdbscan_umap	0.070460011882917	0.9762466572282523	0.6867244094083452	9.999000099990002e-05	0.8053574213285474	0.9912316987801372	0.8886793267682639	611	56	0	aa	0.9	7.96
True	PROKKA_06122025__gr_1e-12_lr_1e-13_mu_1e-14	53144	cdhit	0.9951974025395786	0.9998426930942268	0.9980206982580931	9.999000099990002e-05	0.9991082827393468	0.9999397022073298	0.9995238195764551	1934	1297	44	nt	0.9	1.0
True	PROKKA_06122025__gr_1e-12_lr_1e-13_mu_1e-14	53144	mmseqs2	0.9982191045717049	1.0	0.9988020989817772	9.999000099990002e-05	0.9994241557285098	1.0000000000000002	0.9997119949412234	1933	1294	44	aa	0.7	1.0
True	PROKKA_06122025__gr_1e-12_lr_1e-13_mu_1e-14	53144	mmseqs2	0.9991209054314572	0.9995280792826805	0.9993607862088083	9.999000099990002e-05	0.9997856966156947	0.999907303220681	0.9998464962205788	1939	1299	44	nt	0.9	2.0
True	PROKKA_06122025__gr_1e-12_lr_1e-13_mu_1e-14	53144	mmseqs2	0.9958211759351993	1.0	0.9978263516500598	9.999000099990002e-05	0.9989540940873552	1.0	0.9994767734207912	1928	1288	46	aa	0.6	1.0
True	PROKKA_06122025__gr_1e-12_lr_1e-13_mu_1e-14	53144	ppanggolin	0.992210967464321	0.9952883834281072	0.995722195579218	9.999000099990002e-05	0.9995212789311806	0.998419065256187	0.998969868061837	1878	1267	16	aa	0.95	7.0
True	PROKKA_06122025__gr_1e-12_lr_1e-13_mu_1e-14	53144	ppanggolin	0.9907977764711857	1.0	0.9958988444687701	9.999000099990002e-05	0.9980111574869353	1.0000000000000002	0.9990045888854965	1845	1244	11	aa	0.7	6.0
True	PROKKA_06122025__gr_1e-12_lr_1e-13_mu_1e-14	53144	cdhit	0.9854173609888404	0.9894604373131981	0.9911769141176495	9.999000099990002e-05	0.9995896463713099	0.9962165292914059	0.9979002373744914	1983	1326	61	aa	0.95	0.0
True	PROKKA_06122025__gr_1e-12_lr_1e-13_mu_1e-14	53144	ppanggolin	0.992959905684665	1.0	0.9972299740502174	9.999000099990002e-05	0.9986584626437621	1.0	0.9993287810892595	1854	1254	10	aa	0.85	5.0
True	PROKKA_06122025__gr_1e-12_lr_1e-13_mu_1e-14	53144	mmseqs2	0.9981940667464686	1.0	0.9987379102093913	9.999000099990002e-05	0.999393260559932	1.0000000000000002	0.9996965382188505	1932	1292	45	nt	0.6	0.0
True	PROKKA_06122025__gr_1e-12_lr_1e-13_mu_1e-14	54634	panaroo	0.9981748989896442	0.9980787704130644	0.9988111340177821	9.999000099990002e-05	0.9999233260221657	0.999486927067659	0.999705078919857	1863	1273	19	aa	0.85	33.0
True	PROKKA_06122025__gr_1e-12_lr_1e-13_mu_1e-14	54634	panta	0.9996086722130513	0.9995162850693324	0.9996901303350181	9.999000099990002e-05	0.9999680215421181	0.9998779256894771	0.9999229715863257	1947	1363	19	aa	0.6	7.0
True	PROKKA_06122025__gr_1e-12_lr_1e-13_mu_1e-14	54634	diamond	0.9886564491475722	1.0	0.9943419068194859	9.999000099990002e-05	0.9971010453220762	1.0000000000000002	0.9985484186267319	1901	1274	56	aa	0.6	1.0
True	PROKKA_06122025__gr_1e-12_lr_1e-13_mu_1e-14	54634	diamond	0.9649513088709794	0.9643549589858315	0.9789393112359877	9.999000099990002e-05	0.9997808365314295	0.989802066309196	0.9947664271162222	2033	1340	79	aa	0.95	0.0
True	PROKKA_06122025__gr_1e-12_lr_1e-13_mu_1e-14	54634	diamond	0.9940301532756634	0.9995525727069351	0.9963928851404067	9.999000099990002e-05	0.9982689067893327	0.9998873405359815	0.9990774682264778	1918	1297	49	aa	0.7	1.0
True	PROKKA_06122025__gr_1e-12_lr_1e-13_mu_1e-14	54634	panta	0.9996331212457259	0.9995162850693324	0.9997544330972525	9.999000099990002e-05	1.0	0.9998779295927485	0.9999389610708508	1849	1267	17	aa	0.8	7.0
True	PROKKA_06122025__gr_1e-12_lr_1e-13_mu_1e-14	54634	mmseqs2	0.9986233858329747	1.0	0.9989955978808948	9.999000099990002e-05	0.9994877569569344	1.0	0.9997438128634281	1933	1313	49	nt	0.7	1.0
True	PROKKA_06122025__gr_1e-12_lr_1e-13_mu_1e-14	54634	cdhit	0.9958376525430642	0.9998508575689784	0.9971774574203652	9.999000099990002e-05	0.9986295229639243	0.9999286914704547	0.9992786849530803	1920	1298	49	aa	0.7	0.0
True	PROKKA_06122025__gr_1e-12_lr_1e-13_mu_1e-14	54634	panx	0.9995607900082246	1.0	0.9996889011513065	9.999000099990002e-05	0.999844643104243	0.9999999999999999	0.9999223155177115	1760	1206	16	aa	0.5	801.0
True	PROKKA_06122025__gr_1e-12_lr_1e-13_mu_1e-14	54634	ppanggolin	0.9882792241679306	1.0	0.994602040571415	9.999000099990002e-05	0.9973045685602294	1.0	0.9986504654912428	1828	1238	23	aa	0.6	5.0
True	PROKKA_06122025__gr_1e-12_lr_1e-13_mu_1e-14	54634	panx	0.9977026337058009	0.9980660757453667	0.9983394680112596	9.999000099990002e-05	0.9998531885804708	0.9993205664743904	0.9995868065765422	1846	1261	19	aa	0.9	841.0
True	PROKKA_06122025__gr_1e-12_lr_1e-13_mu_1e-14	54634	panaroo	0.9552415648481429	0.9530899775856548	0.9725665426479644	9.999000099990002e-05	1.0	0.9869086870845262	0.9934112156232587	1983	1301	51	aa	0.95	40.0
True	PROKKA_06122025__gr_1e-12_lr_1e-13_mu_1e-14	54634	cdhit	0.9981583111817853	1.0	0.9985288637694134	9.999000099990002e-05	0.9992493748107262	1.0	0.9996245464929331	1928	1307	48	nt	0.8	25.0
True	PROKKA_06122025__gr_1e-12_lr_1e-13_mu_1e-14	54634	panta	0.9780122492236647	0.9774266365688488	0.9870406832844802	9.999000099990002e-05	1.0	0.9936775259956071	0.9968287378866673	1901	1277	30	aa	0.95	7.0
True	PROKKA_06122025__gr_1e-12_lr_1e-13_mu_1e-14	54634	mmseqs2	0.993552165105334	1.0	0.9959699987295403	9.999000099990002e-05	0.9979385239376551	1.0	0.9989681984517312	1910	1286	52	aa	0.5	1.0
True	PROKKA_06122025__gr_1e-12_lr_1e-13_mu_1e-14	54634	cdhit	0.9877463751355857	0.9992542878448919	0.9938539448423742	9.999000099990002e-05	0.9971234510846196	0.999728665740702	0.9984243589519579	1907	1281	56	aa	0.6	0.0
True	PROKKA_06122025__gr_1e-12_lr_1e-13_mu_1e-14	54634	panaroo	0.9992953209912077	0.9995196926032661	0.9994865877443994	9.999000099990002e-05	0.999854359165121	0.9998906169567159	0.9998724877322196	1858	1271	17	aa	0.8	34.0
True	PROKKA_06122025__gr_1e-12_lr_1e-13_mu_1e-14	54634	cdhit	0.9962375378363213	0.9967188665175243	0.9971653097034366	9.999000099990002e-05	0.9995784830194956	0.9989795635839347	0.9992789335608916	1943	1315	52	aa	0.9	0.0
True	PROKKA_06122025__gr_1e-12_lr_1e-13_mu_1e-14	54634	cdhit	0.9967344114375529	0.9983594332587621	0.9979114380766205	9.999000099990002e-05	0.9993414677549367	0.9995938023894023	0.9994676191454988	1933	1309	50	aa	0.85	0.0
True	PROKKA_06122025__gr_1e-12_lr_1e-13_mu_1e-14	54634	panta	0.9996086531106978	0.999677523379555	0.9997113018608613	9.999000099990002e-05	1.0	0.9998564984576731	0.9999282440802939	1850	1269	17	aa	0.85	6.0
True	PROKKA_06122025__gr_1e-12_lr_1e-13_mu_1e-14	54634	mmseqs2	0.9992582759454126	1.0	0.9994644231950829	9.999000099990002e-05	0.9997269840498841	0.9999999999999999	0.9998634733879707	1937	1318	48	nt	0.85	1.0
True	PROKKA_06122025__gr_1e-12_lr_1e-13_mu_1e-14	54634	mmseqs2	0.9710490857946686	0.9730052199850857	0.9825739187070026	9.999000099990002e-05	0.9999468268715775	0.991397793658567	0.9956539593558115	2029	1363	65	aa	0.95	0.0
True	PROKKA_06122025__gr_1e-12_lr_1e-13_mu_1e-14	54634	diamond	0.9919571650950895	0.9920954511558538	0.9945036827220489	9.999000099990002e-05	0.9994841473211633	0.9977291036855486	0.9986058543843578	1955	1320	55	aa	0.9	0.0
True	PROKKA_06122025__gr_1e-12_lr_1e-13_mu_1e-14	54634	mmseqs2	0.9824856929529268	0.9843400447427293	0.9890991952154101	9.999000099990002e-05	0.9998881392864455	0.9946432093732772	0.9972587781510139	1997	1349	63	nt	0.95	1.0
True	PROKKA_06122025__gr_1e-12_lr_1e-13_mu_1e-14	54634	hdbscan_dist	0.9571139583443002	0.9901565995525727	0.9703319306989786	9.999000099990002e-05	0.9867307460416568	0.9978033565711043	0.9922361617631433	1819	1254	0	nt	0.9	0.394
True	PROKKA_06122025__gr_1e-12_lr_1e-13_mu_1e-14	54634	hdbscan_tsne	0.7754180216713823	0.9758389261744966	0.8501835361076618	9.999000099990002e-05	0.9184450260230305	0.9935131918274528	0.9545054288352092	825	198	0	nt	0.9	37.099
True	PROKKA_06122025__gr_1e-12_lr_1e-13_mu_1e-14	54634	hdbscan_umap	0.715602179644979	0.9695749440715884	0.8239161736312967	9.999000099990002e-05	0.902736145003863	0.9912099133039806	0.944906547998641	751	167	0	nt	0.9	11.865
True	PROKKA_06122025__gr_1e-12_lr_1e-13_mu_1e-14	54634	panx	0.9832567034455244	0.9839769267745554	0.9896743706228261	9.999000099990002e-05	0.999847676659921	0.9950904752528633	0.9974634038594387	1899	1286	27	aa	0.95	739.0
True	PROKKA_06122025__gr_1e-12_lr_1e-13_mu_1e-14	54634	diamond	0.997965169592675	0.9991051454138703	0.9982003806598517	9.999000099990002e-05	0.9993544395271023	0.999727901857072	0.9995411358075532	1931	1306	51	aa	0.85	1.0
True	PROKKA_06122025__gr_1e-12_lr_1e-13_mu_1e-14	54634	panta	0.9996331212457259	0.9995162850693324	0.9997544330972531	9.999000099990002e-05	1.0	0.9998779295927488	0.999938961070851	1948	1366	17	aa	0.7	8.0
True	PROKKA_06122025__gr_1e-12_lr_1e-13_mu_1e-14	54634	mmseqs2	0.999152404989223	1.0	0.9994012360409826	9.999000099990002e-05	0.9996947546157232	1.0	0.9998473540106199	1937	1319	47	aa	0.8	0.0
True	PROKKA_06122025__gr_1e-12_lr_1e-13_mu_1e-14	54634	panta	0.9995842243737493	0.9995162850693324	0.9996258358263588	9.999000099990002e-05	0.999936043084236	0.9998779217859558	0.999906981590496	1946	1360	21	aa	0.5	9.0
True	PROKKA_06122025__gr_1e-12_lr_1e-13_mu_1e-14	54634	panaroo	0.999538470428932	1.0	0.9995792201210686	9.999000099990002e-05	0.9997909197165814	1.0	0.9998954489285068	1855	1267	19	aa	0.7	37.0
True	PROKKA_06122025__gr_1e-12_lr_1e-13_mu_1e-14	54634	cdhit	0.9867982203707701	0.9882177479492916	0.9914205045827551	9.999000099990002e-05	0.9997330961706915	0.9959435180130513	0.9978347090884396	1981	1339	60	nt	0.95	1.0
True	PROKKA_06122025__gr_1e-12_lr_1e-13_mu_1e-14	54634	cdhit	0.9969342748055952	1.0	0.9980809570655498	9.999000099990002e-05	0.9990204045721842	1.0	0.9995099622667306	1926	1305	49	aa	0.8	0.0
True	PROKKA_06122025__gr_1e-12_lr_1e-13_mu_1e-14	54634	ppanggolin	0.9979347618371565	0.9988792827409542	0.9981923718202044	9.999000099990002e-05	0.999450376128289	0.999651379100693	0.9995508675094039	1853	1263	18	aa	0.9	5.0
True	PROKKA_06122025__gr_1e-12_lr_1e-13_mu_1e-14	54634	cdhit	0.9845610443431472	0.9998508575689784	0.9921625134222387	9.999000099990002e-05	0.9960517925803738	0.9999247850389072	0.9979845312328351	1888	1261	54	aa	0.5	2.0
True	PROKKA_06122025__gr_1e-12_lr_1e-13_mu_1e-14	54634	panaroo	0.9913749195789379	0.9918347742555236	0.9951256567978857	9.999000099990002e-05	0.9999310331429553	0.9976642513218931	0.9987963561110901	1877	1274	22	aa	0.9	35.0
True	PROKKA_06122025__gr_1e-12_lr_1e-13_mu_1e-14	54634	ppanggolin	0.9835074383996177	1.0	0.9918416344723512	9.999000099990002e-05	0.995914952938816	1.0	0.9979532960283859	1809	1215	27	aa	0.5	5.0
True	PROKKA_06122025__gr_1e-12_lr_1e-13_mu_1e-14	54634	cdhit	0.998983058016005	1.0	0.9990270170667624	9.999000099990002e-05	0.99950379526426	1.0000000000000002	0.9997518360620695	1931	1309	49	nt	0.85	23.0
True	PROKKA_06122025__gr_1e-12_lr_1e-13_mu_1e-14	54634	embed_hdbscan_raw	0.9077130385913058	0.9920954511558538	0.934264587445708	9.999000099990002e-05	0.9663837820383823	0.9979972826839545	0.9819361485654233	1497	911	0	aa	0.9	20.678
True	PROKKA_06122025__gr_1e-12_lr_1e-13_mu_1e-14	54634	embed_hdbscan_tsne	0.7777861955524564	0.9761372110365399	0.8485581229076159	9.999000099990002e-05	0.9175827199735341	0.9933009637460588	0.9539416845009676	779	132	0	aa	0.9	15.575
True	PROKKA_06122025__gr_1e-12_lr_1e-13_mu_1e-14	54634	embed_hdbscan_umap	0.7086167533631732	0.9831469052945563	0.8245370891714291	9.999000099990002e-05	0.8978022932392613	0.995336335512689	0.9440568492934613	640	50	0	aa	0.9	13.697
True	PROKKA_06122025__gr_1e-12_lr_1e-13_mu_1e-14	54634	diamond	0.9840139657953326	1.0	0.9917696687628971	9.999000099990002e-05	0.9957723233977753	1.0000000000000002	0.9978816839212266	1882	1252	58	aa	0.5	1.0
True	PROKKA_06122025__gr_1e-12_lr_1e-13_mu_1e-14	54634	mmseqs2	0.9965338102541763	0.9970171513795675	0.9976691218874326	9.999000099990002e-05	0.9998627920377791	0.9989527088646084	0.9994075432656426	1951	1326	52	aa	0.9	1.0
True	PROKKA_06122025__gr_1e-12_lr_1e-13_mu_1e-14	54634	panaroo	0.9994899130975528	1.0	0.999451616334714	9.999000099990002e-05	0.9997274802680417	1.0	0.9998637215647395	1853	1263	21	aa	0.6	42.0
True	PROKKA_06122025__gr_1e-12_lr_1e-13_mu_1e-14	54634	panx	0.9995720219497441	1.0	0.9996965828734742	9.999000099990002e-05	0.9998487331228925	1.0	0.9999243608405965	1799	1233	16	aa	0.6	752.0
True	PROKKA_06122025__gr_1e-12_lr_1e-13_mu_1e-14	54634	panaroo	0.9982290728524625	1.0	0.9983929008987504	9.999000099990002e-05	0.9992005094098165	0.9999999999999999	0.9996000948447039	1843	1249	23	aa	0.5	41.0
True	PROKKA_06122025__gr_1e-12_lr_1e-13_mu_1e-14	54634	panx	0.9995775307072885	1.0	0.9997005327299043	9.999000099990002e-05	0.9998508249332684	1.0	0.9999254069029191	1818	1244	17	aa	0.7	745.0
True	PROKKA_06122025__gr_1e-12_lr_1e-13_mu_1e-14	54634	diamond	0.9963401105872396	0.9992542878448919	0.9976726609044084	9.999000099990002e-05	0.9990204045721842	0.9997919003194363	0.9994060035559705	1928	1305	50	aa	0.8	0.0
True	PROKKA_06122025__gr_1e-12_lr_1e-13_mu_1e-14	54634	panx	0.998993752551053	0.999352855524996	0.9992369563679945	9.999000099990002e-05	0.9998525663505583	0.9997674464835933	0.9998100046053836	1836	1255	18	aa	0.85	744.0
True	PROKKA_06122025__gr_1e-12_lr_1e-13_mu_1e-14	54634	panta	0.9980892925552342	0.9979039019671074	0.9987610221391932	9.999000099990002e-05	1.0	0.9993850177493827	0.9996924142948168	1854	1270	17	aa	0.9	6.0
True	PROKKA_06122025__gr_1e-12_lr_1e-13_mu_1e-14	54634	mmseqs2	0.998983058016005	1.0	0.999367329521969	9.999000099990002e-05	0.9996774586944549	1.0	0.999838703334809	1937	1319	47	nt	0.8	0.0
True	PROKKA_06122025__gr_1e-12_lr_1e-13_mu_1e-14	54634	panx	0.9995783909775581	1.0	0.999701295796014	9.999000099990002e-05	0.9998514076519612	1.0000000000000002	0.999925698305649	1826	1250	17	aa	0.8	925.0
True	PROKKA_06122025__gr_1e-12_lr_1e-13_mu_1e-14	54634	mmseqs2	0.9990882376972525	0.9995525727069351	0.9992993920161605	9.999000099990002e-05	0.999796071160094	0.9998469332245888	0.9998215015454885	1940	1320	49	aa	0.85	0.0
True	PROKKA_06122025__gr_1e-12_lr_1e-13_mu_1e-14	54634	ppanggolin	0.9968023427005217	1.0	0.9980511411390507	9.999000099990002e-05	0.9990301683758414	1.0	0.9995148489304958	1845	1257	18	aa	0.8	4.0
True	PROKKA_06122025__gr_1e-12_lr_1e-13_mu_1e-14	54634	mmseqs2	0.99839079446055	1.0	0.998852327919486	9.999000099990002e-05	0.9994146063924488	1.0	0.9997072174997224	1932	1312	49	nt	0.5	3.0
True	PROKKA_06122025__gr_1e-12_lr_1e-13_mu_1e-14	54634	hdbscan_dist	0.94555557645002	0.9862788963460104	0.9631408664922424	9.999000099990002e-05	0.9839051063418133	0.9968017460678232	0.9903114403561754	1782	1210	0	aa	0.9	0.394
True	PROKKA_06122025__gr_1e-12_lr_1e-13_mu_1e-14	54634	hdbscan_tsne	0.7752576708366503	0.9774794929157345	0.8568901728301004	9.999000099990002e-05	0.9223632488776092	0.9940697825652429	0.9568750060289051	931	329	0	aa	0.9	20.476
True	PROKKA_06122025__gr_1e-12_lr_1e-13_mu_1e-14	54634	hdbscan_umap	0.07253366954345647	0.9574944071588367	0.6824356654890901	9.999000099990002e-05	0.8005671742108648	0.9836803451116147	0.8827275203518924	617	93	0	aa	0.9	7.676
True	PROKKA_06122025__gr_1e-12_lr_1e-13_mu_1e-14	54634	cdhit	0.9984091109976975	0.9992542878448919	0.99860727180244	9.999000099990002e-05	0.9996265222122824	0.9996638317674936	0.9996451766417638	1938	1316	49	nt	0.9	1.0
True	PROKKA_06122025__gr_1e-12_lr_1e-13_mu_1e-14	54634	mmseqs2	0.9984542177480076	1.0	0.998917983773051	9.999000099990002e-05	0.9994481315777747	0.9999999999999999	0.9997239896281831	1933	1314	48	aa	0.7	0.0
True	PROKKA_06122025__gr_1e-12_lr_1e-13_mu_1e-14	54634	mmseqs2	0.9986635966619529	0.9992542878448919	0.9990154439854785	9.999000099990002e-05	0.999796071160094	0.9997024270860332	0.9997492469302106	1942	1322	49	nt	0.9	1.0
True	PROKKA_06122025__gr_1e-12_lr_1e-13_mu_1e-14	54634	mmseqs2	0.9981794415606108	1.0	0.998552001543239	9.999000099990002e-05	0.9992611975433652	1.0000000000000002	0.9996304622639891	1928	1305	52	aa	0.6	0.0
True	PROKKA_06122025__gr_1e-12_lr_1e-13_mu_1e-14	54634	ppanggolin	0.9842107084227026	0.9846301633045149	0.9903913532180927	9.999000099990002e-05	0.9998161266575875	0.9954727349482659	0.9976397034043271	1897	1283	27	aa	0.95	6.0
True	PROKKA_06122025__gr_1e-12_lr_1e-13_mu_1e-14	54634	ppanggolin	0.9937450118228567	1.0	0.9965165669944142	9.999000099990002e-05	0.9982638618486535	1.0000000000000002	0.9991311767257102	1837	1249	19	aa	0.7	5.0
True	PROKKA_06122025__gr_1e-12_lr_1e-13_mu_1e-14	54634	cdhit	0.9762115122624732	0.976882923191648	0.984469946776577	9.999000099990002e-05	0.9998836241806108	0.9923780408000319	0.9961166943419866	2027	1369	73	aa	0.95	0.0
True	PROKKA_06122025__gr_1e-12_lr_1e-13_mu_1e-14	54634	ppanggolin	0.9966310597434512	0.9995196926032661	0.9978811955856793	9.999000099990002e-05	0.9990991352328861	0.9998468142358289	0.9994728349046909	1848	1259	19	aa	0.85	5.0
True	PROKKA_06122025__gr_1e-12_lr_1e-13_mu_1e-14	54634	mmseqs2	0.9986233858329747	1.0	0.9989955978808948	9.999000099990002e-05	0.9994877569569344	1.0	0.9997438128634281	1933	1313	49	nt	0.6	2.0
True	PROKKA_06122025__gr_1e-12_lr_1e-13_mu_1e-14	56065	panaroo	0.9970179285685704	1.0	0.9992148684348188	9.999000099990002e-05	0.9996642192181405	1.0	0.9998320814171537	1877	1324	22	aa	0.85	36.0
True	PROKKA_06122025__gr_1e-12_lr_1e-13_mu_1e-14	56065	panta	0.9999258858521145	1.0	0.9998246662539757	9.999000099990002e-05	0.9999249292556304	1.0000000000000002	0.9999624632188582	1965	1413	23	aa	0.6	8.0
True	PROKKA_06122025__gr_1e-12_lr_1e-13_mu_1e-14	56065	diamond	0.9790823756775743	1.0	0.990655554778853	9.999000099990002e-05	0.9960029064023627	1.0	0.9979974510133145	1904	1331	46	aa	0.6	1.0
True	PROKKA_06122025__gr_1e-12_lr_1e-13_mu_1e-14	56065	diamond	0.9803320924475262	0.9855314412910406	0.9886420749245506	9.999000099990002e-05	0.9994950249914629	0.9957499327301679	0.9976189640753271	1973	1372	59	aa	0.95	0.0
True	PROKKA_06122025__gr_1e-12_lr_1e-13_mu_1e-14	56065	diamond	0.9843254565293541	1.0	0.9933421252376821	9.999000099990002e-05	0.9971597214239806	0.9999999999999999	0.9985778410481889	1916	1344	43	aa	0.7	1.0
True	PROKKA_06122025__gr_1e-12_lr_1e-13_mu_1e-14	56065	panta	1.0	1.0	1.0	9.999000099990002e-05	1.0	1.0	1.0	1868	1318	21	aa	0.8	7.0
True	PROKKA_06122025__gr_1e-12_lr_1e-13_mu_1e-14	56065	mmseqs2	0.9948745814032992	1.0	0.9977981862725336	9.999000099990002e-05	0.9990648458885898	0.9999999999999999	0.9995322042137185	1933	1359	43	nt	0.7	2.0
True	PROKKA_06122025__gr_1e-12_lr_1e-13_mu_1e-14	56065	cdhit	0.9866698500473512	1.0	0.994365181320135	9.999000099990002e-05	0.997598608600415	0.9999999999999999	0.9987978608969559	1919	1345	44	aa	0.7	0.0
True	PROKKA_06122025__gr_1e-12_lr_1e-13_mu_1e-14	56065	panx	0.9965684653488464	1.0	0.9989625291030036	9.999000099990002e-05	0.9995563188173435	1.0	0.9997781101845039	1773	1267	20	aa	0.5	860.0
True	PROKKA_06122025__gr_1e-12_lr_1e-13_mu_1e-14	56065	ppanggolin	0.9769474163020249	1.0	0.9905146464916184	9.999000099990002e-05	0.9959081122688623	1.0	0.9979498616664843	1846	1297	26	aa	0.6	4.0
True	PROKKA_06122025__gr_1e-12_lr_1e-13_mu_1e-14	56065	panx	0.9954696250791684	0.9992338632445892	0.9979046103722159	9.999000099990002e-05	0.9994160991759782	0.9996869558203012	0.9995515091490802	1863	1315	22	aa	0.9	858.0
True	PROKKA_06122025__gr_1e-12_lr_1e-13_mu_1e-14	56065	panaroo	0.9756545324887497	0.9798670465337131	0.9848325147679965	9.999000099990002e-05	0.9998059511043904	0.9938396910386077	0.9968138936426671	1936	1344	45	aa	0.95	39.0
True	PROKKA_06122025__gr_1e-12_lr_1e-13_mu_1e-14	56065	cdhit	0.9904017421322435	1.0	0.9963164130201698	9.999000099990002e-05	0.9984332126139541	1.0	0.9992159921201487	1928	1355	42	nt	0.8	21.0
True	PROKKA_06122025__gr_1e-12_lr_1e-13_mu_1e-14	56065	panta	0.9972500469837421	0.997709049255441	0.9982321172185883	9.999000099990002e-05	1.0	0.9992450935637764	0.99962240425716	1874	1319	26	aa	0.95	6.0
True	PROKKA_06122025__gr_1e-12_lr_1e-13_mu_1e-14	56065	mmseqs2	0.9867400032752449	1.0	0.993663899091849	9.999000099990002e-05	0.9972978365706526	0.9999999999999999	0.9986470903938959	1913	1335	49	aa	0.5	1.0
True	PROKKA_06122025__gr_1e-12_lr_1e-13_mu_1e-14	56065	cdhit	0.9771607866678075	0.9992580226303098	0.9899014482925521	9.999000099990002e-05	0.9958251561670577	0.9998542800220773	0.9978356508484095	1905	1332	47	aa	0.6	0.0
True	PROKKA_06122025__gr_1e-12_lr_1e-13_mu_1e-14	56065	panaroo	0.9959179573458455	1.0	0.9987385253417845	9.999000099990002e-05	0.9994602448482728	1.0	0.9997300495705689	1876	1324	22	aa	0.8	35.0
True	PROKKA_06122025__gr_1e-12_lr_1e-13_mu_1e-14	56065	cdhit	0.9931463153958808	0.9987015396030421	0.9967661836894842	9.999000099990002e-05	0.9989698009866846	0.999657290151937	0.9993134273278054	1934	1358	43	aa	0.9	0.0
True	PROKKA_06122025__gr_1e-12_lr_1e-13_mu_1e-14	56065	cdhit	0.991356825186317	1.0	0.9968672323228535	9.999000099990002e-05	0.9986682300689045	1.0	0.9993336713362129	1930	1356	42	aa	0.85	0.0
True	PROKKA_06122025__gr_1e-12_lr_1e-13_mu_1e-14	56065	panta	0.9992953683315821	0.9994272623138603	0.9995405295724163	9.999000099990002e-05	1.0	0.9998034363002078	0.9999017084898324	1870	1319	22	aa	0.85	7.0
True	PROKKA_06122025__gr_1e-12_lr_1e-13_mu_1e-14	56065	mmseqs2	0.9964460392169718	1.0	0.9987121510457734	9.999000099990002e-05	0.9994535215533832	1.0	0.999726686096613	1937	1363	42	nt	0.85	1.0
True	PROKKA_06122025__gr_1e-12_lr_1e-13_mu_1e-14	56065	mmseqs2	0.985371953700814	0.9897978111667595	0.9913368485171015	9.999000099990002e-05	0.9998112863401377	0.9965566482658571	0.998181314317841	1974	1388	48	aa	0.95	0.0
True	PROKKA_06122025__gr_1e-12_lr_1e-13_mu_1e-14	56065	diamond	0.9914624502786413	0.9998145056575775	0.9968658949400194	9.999000099990002e-05	0.9987041699953162	0.9999636710498576	0.9993335236725267	1931	1357	42	aa	0.9	0.0
True	PROKKA_06122025__gr_1e-12_lr_1e-13_mu_1e-14	56065	mmseqs2	0.9933587273268698	0.9972175848636616	0.9967573967547724	9.999000099990002e-05	0.9996541431151718	0.998974550881428	0.999314231457678	1949	1372	44	nt	0.95	1.0
True	PROKKA_06122025__gr_1e-12_lr_1e-13_mu_1e-14	56065	hdbscan_dist	0.928463683426734	0.978668150621406	0.9451593580842743	9.999000099990002e-05	0.9822409578168741	0.9938102321796722	0.9879917274269371	1704	979	152	nt	0.9	0.238
True	PROKKA_06122025__gr_1e-12_lr_1e-13_mu_1e-14	56065	hdbscan_tsne	0.6194812647765158	0.7536635132628455	0.733629539192065	9.999000099990002e-05	0.9664869123415055	0.9326436242597358	0.9492637176367481	1913	460	681	nt	0.9	12.68
True	PROKKA_06122025__gr_1e-12_lr_1e-13_mu_1e-14	56065	hdbscan_umap	0.6732878621430777	0.9959191244667037	0.7927858013533596	9.999000099990002e-05	0.8909750328131623	0.998889521745139	0.9418512266045505	676	61	48	nt	0.9	6.593
True	PROKKA_06122025__gr_1e-12_lr_1e-13_mu_1e-14	56065	panx	0.9922548904946596	0.9961817487590684	0.9957518593228764	9.999000099990002e-05	0.9995516849898113	0.9986402401782858	0.9990957547132144	1885	1329	28	aa	0.95	887.0
True	PROKKA_06122025__gr_1e-12_lr_1e-13_mu_1e-14	56065	diamond	0.9907552623620198	1.0	0.9963978514119926	9.999000099990002e-05	0.9984679745781186	0.9999999999999998	0.9992334000637638	1927	1352	43	aa	0.85	0.0
True	PROKKA_06122025__gr_1e-12_lr_1e-13_mu_1e-14	56065	panta	0.999962941555484	1.0	0.9999123254559703	9.999000099990002e-05	0.9999624646278152	0.9999999999999999	0.9999812319616749	1966	1415	22	aa	0.7	7.0
True	PROKKA_06122025__gr_1e-12_lr_1e-13_mu_1e-14	56065	mmseqs2	0.9956596914402788	1.0	0.9984387392005772	9.999000099990002e-05	0.9993373244979162	0.9999999999999999	0.9996685524278649	1937	1364	42	aa	0.8	1.0
True	PROKKA_06122025__gr_1e-12_lr_1e-13_mu_1e-14	56065	panta	0.9995180976342237	0.9996181748759069	0.9994720718830553	9.999000099990002e-05	0.9998873938834455	0.9998866086578124	0.9998870012704748	1965	1410	26	aa	0.5	7.0
True	PROKKA_06122025__gr_1e-12_lr_1e-13_mu_1e-14	56065	panaroo	0.9950719478123964	0.9994301994301994	0.998090978739007	9.999000099990002e-05	0.9993117895232413	0.9998712754869036	0.9995914542169585	1875	1322	22	aa	0.7	38.0
True	PROKKA_06122025__gr_1e-12_lr_1e-13_mu_1e-14	56065	cdhit	0.993879475919	0.9979595622333519	0.9966331385977787	9.999000099990002e-05	0.9993450377612888	0.9992285908853915	0.999286810930952	1943	1366	44	nt	0.95	1.0
True	PROKKA_06122025__gr_1e-12_lr_1e-13_mu_1e-14	56065	cdhit	0.9893688787395661	0.9994435169727324	0.995669386654548	9.999000099990002e-05	0.9982830127109048	0.9998746852388121	0.9990782150355455	1927	1352	43	aa	0.8	0.0
True	PROKKA_06122025__gr_1e-12_lr_1e-13_mu_1e-14	56065	ppanggolin	0.9916511161546132	1.0	0.9971818746998796	9.999000099990002e-05	0.9987923325190173	1.0	0.9993958014240225	1869	1316	22	aa	0.9	5.0
True	PROKKA_06122025__gr_1e-12_lr_1e-13_mu_1e-14	56065	cdhit	0.967096145098736	0.9996290113151549	0.9858114292567337	9.999000099990002e-05	0.9940060406987579	0.9998976289787882	0.9969431306037115	1888	1315	50	aa	0.5	2.0
True	PROKKA_06122025__gr_1e-12_lr_1e-13_mu_1e-14	56065	panaroo	0.9965007087393603	0.9994301994301994	0.9987933808417432	9.999000099990002e-05	0.9996642192181405	0.999819928456358	0.9997420677743437	1879	1324	24	aa	0.9	40.0
True	PROKKA_06122025__gr_1e-12_lr_1e-13_mu_1e-14	56065	ppanggolin	0.9621252500791729	1.0	0.9849726518117666	9.999000099990002e-05	0.9934813479956073	0.9999999999999998	0.9967300160541019	1826	1279	27	aa	0.5	5.0
True	PROKKA_06122025__gr_1e-12_lr_1e-13_mu_1e-14	56065	cdhit	0.9912381219118416	0.9994435169727324	0.9964257219267336	9.999000099990002e-05	0.998681203743434	0.9997998638457842	0.9992402207067235	1932	1357	44	nt	0.85	19.0
True	PROKKA_06122025__gr_1e-12_lr_1e-13_mu_1e-14	56065	embed_hdbscan_raw	0.8911491905776573	0.9638286032276016	0.9090391775735212	9.999000099990002e-05	0.9705764758404556	0.988982758411162	0.9796931713495978	1529	686	218	aa	0.9	13.64
True	PROKKA_06122025__gr_1e-12_lr_1e-13_mu_1e-14	56065	embed_hdbscan_tsne	0.6186719741035107	0.7677610832869598	0.7335485710193371	9.999000099990002e-05	0.9601973106856041	0.9355240062925415	0.9477000937625435	1745	324	579	aa	0.9	15.248
True	PROKKA_06122025__gr_1e-12_lr_1e-13_mu_1e-14	56065	embed_hdbscan_umap	0.646345656162289	0.9909107772212947	0.7765387212283033	9.999000099990002e-05	0.8819694323860758	0.9973861305872997	0.9361337437095583	593	12	22	aa	0.9	13.243
True	PROKKA_06122025__gr_1e-12_lr_1e-13_mu_1e-14	56065	diamond	0.9653247870122806	1.0	0.9852071108364227	9.999000099990002e-05	0.9936377550761445	1.0	0.9968087257037263	1882	1307	51	aa	0.5	1.0
True	PROKKA_06122025__gr_1e-12_lr_1e-13_mu_1e-14	56065	mmseqs2	0.9967322913125821	1.0	0.9989055831323151	9.999000099990002e-05	0.9995356907382131	0.9999999999999999	0.9997677914608187	1938	1364	42	aa	0.9	1.0
True	PROKKA_06122025__gr_1e-12_lr_1e-13_mu_1e-14	56065	panaroo	0.994053555171632	1.0	0.9976747790530948	9.999000099990002e-05	0.9990040408375043	1.0	0.9995017723115365	1871	1318	24	aa	0.6	40.0
True	PROKKA_06122025__gr_1e-12_lr_1e-13_mu_1e-14	56065	panx	0.996697814142821	1.0	0.9990013081538099	9.999000099990002e-05	0.9995719212893239	1.0000000000000002	0.9997859148220086	1814	1289	21	aa	0.6	790.0
True	PROKKA_06122025__gr_1e-12_lr_1e-13_mu_1e-14	56065	panaroo	0.9916148046907033	1.0	0.9960492438929692	9.999000099990002e-05	0.9983050349225943	1.0	0.9991517986254428	1862	1308	24	aa	0.5	41.0
True	PROKKA_06122025__gr_1e-12_lr_1e-13_mu_1e-14	56065	panx	0.9967443178079749	1.0	0.9990163474412824	9.999000099990002e-05	0.9995786966914108	0.9999999999999999	0.9997893039622364	1835	1301	21	aa	0.7	798.0
True	PROKKA_06122025__gr_1e-12_lr_1e-13_mu_1e-14	56065	diamond	0.9896954565304394	1.0	0.9959333230647485	9.999000099990002e-05	0.9982696083378217	0.9999999999999999	0.9991340549568696	1926	1352	43	aa	0.8	0.0
True	PROKKA_06122025__gr_1e-12_lr_1e-13_mu_1e-14	56065	panx	0.9960235269883057	0.9998080614203455	0.9984152701170568	9.999000099990002e-05	0.9994146501735098	0.9999061990558837	0.9996603641891019	1856	1310	22	aa	0.85	758.0
True	PROKKA_06122025__gr_1e-12_lr_1e-13_mu_1e-14	56065	panta	0.9992953683315821	0.9994272623138603	0.9995405295724163	9.999000099990002e-05	1.0	0.9998034363002078	0.9999017084898324	1870	1319	22	aa	0.9	7.0
True	PROKKA_06122025__gr_1e-12_lr_1e-13_mu_1e-14	56065	mmseqs2	0.996231457814279	1.0	0.9985353381342807	9.999000099990002e-05	0.9993783843335237	0.9999999999999998	0.9996890955352188	1936	1362	42	nt	0.8	1.0
True	PROKKA_06122025__gr_1e-12_lr_1e-13_mu_1e-14	56065	panx	0.9964100462297708	1.0	0.9986247040092867	9.999000099990002e-05	0.9994109364643108	1.0000000000000002	0.9997053814576353	1849	1307	22	aa	0.8	749.0
True	PROKKA_06122025__gr_1e-12_lr_1e-13_mu_1e-14	56065	mmseqs2	0.9967322913125821	1.0	0.9989055831323151	9.999000099990002e-05	0.9995356907382131	0.9999999999999999	0.9997677914608187	1938	1364	42	aa	0.85	1.0
True	PROKKA_06122025__gr_1e-12_lr_1e-13_mu_1e-14	56065	ppanggolin	0.9898749700626893	1.0	0.9962624842448338	9.999000099990002e-05	0.9983968761268188	1.0	0.9991977950464533	1866	1314	23	aa	0.8	4.0
True	PROKKA_06122025__gr_1e-12_lr_1e-13_mu_1e-14	56065	mmseqs2	0.9925621407862422	1.0	0.996818319275098	9.999000099990002e-05	0.9986473628653577	0.9999999999999998	0.9993232237163122	1930	1357	43	nt	0.5	3.0
True	PROKKA_06122025__gr_1e-12_lr_1e-13_mu_1e-14	56065	hdbscan_dist	0.9011569823659269	0.9692079391578556	0.9240224215120735	9.999000099990002e-05	0.9756870850942706	0.9908186837836935	0.9831946681645828	1635	877	166	aa	0.9	0.232
True	PROKKA_06122025__gr_1e-12_lr_1e-13_mu_1e-14	56065	hdbscan_tsne	0.5841693141172554	0.7419773696902244	0.7222486172859652	9.999000099990002e-05	0.9654877467953122	0.9299852248157439	0.9474040017538461	1994	611	630	aa	0.9	12.553
True	PROKKA_06122025__gr_1e-12_lr_1e-13_mu_1e-14	56065	hdbscan_umap	0.03978488466984184	0.9855314412910406	0.6046068289025723	9.999000099990002e-05	0.7559465530710024	0.9935250210299257	0.8586041935815287	529	22	11	aa	0.9	6.886
True	PROKKA_06122025__gr_1e-12_lr_1e-13_mu_1e-14	56065	cdhit	0.9920575470591015	0.9996290113151549	0.9971887376866259	9.999000099990002e-05	0.9989307596171416	0.999875107037712	0.9994027102462197	1934	1359	43	nt	0.9	0.0
True	PROKKA_06122025__gr_1e-12_lr_1e-13_mu_1e-14	56065	mmseqs2	0.9951599329371321	1.0	0.9979912670310294	9.999000099990002e-05	0.9991470150734197	0.9999999999999998	0.9995733255632782	1934	1360	43	aa	0.7	0.0
True	PROKKA_06122025__gr_1e-12_lr_1e-13_mu_1e-14	56065	mmseqs2	0.9967322913125821	1.0	0.9989055831323151	9.999000099990002e-05	0.9995356907382131	0.9999999999999999	0.9997677914608187	1938	1364	42	nt	0.9	0.0
True	PROKKA_06122025__gr_1e-12_lr_1e-13_mu_1e-14	56065	mmseqs2	0.9933436108889695	1.0	0.9970104810307707	9.999000099990002e-05	0.9987292975515355	0.9999999999999999	0.9993642448479535	1929	1353	46	aa	0.6	3.0
True	PROKKA_06122025__gr_1e-12_lr_1e-13_mu_1e-14	56065	ppanggolin	0.9919162890687652	0.9984805318138652	0.9969208764694032	9.999000099990002e-05	0.9992004285175793	0.9994827386261393	0.9993415636339825	1880	1325	25	aa	0.95	4.0
True	PROKKA_06122025__gr_1e-12_lr_1e-13_mu_1e-14	56065	ppanggolin	0.9832973778016229	1.0	0.9934915895398988	9.999000099990002e-05	0.9972006638479379	1.0	0.9985983701073539	1857	1307	24	aa	0.7	5.0
True	PROKKA_06122025__gr_1e-12_lr_1e-13_mu_1e-14	56065	cdhit	0.987204932728899	0.9931367093303655	0.9925296451402243	9.999000099990002e-05	0.9994832916762506	0.9973721001435857	0.9984265798727465	1967	1387	47	aa	0.95	0.0
True	PROKKA_06122025__gr_1e-12_lr_1e-13_mu_1e-14	56065	ppanggolin	0.9909616518761284	1.0	0.9967364938261419	9.999000099990002e-05	0.9986008504966867	1.0	0.9992999355008952	1867	1314	23	aa	0.85	4.0
True	PROKKA_06122025__gr_1e-12_lr_1e-13_mu_1e-14	56065	mmseqs2	0.9931658962209432	1.0	0.997210641833408	9.999000099990002e-05	0.9988146153363365	0.9999999999999999	0.9994069561756411	1932	1359	43	nt	0.6	3.0
True	PROKKA_06122025__gr_1e-12_lr_1e-13_mu_1e-14	60207	panaroo	0.9975477088175058	0.9973787680209698	0.99859590640087	9.999000099990002e-05	0.9999999999999999	0.999292372759301	0.9996460611512651	1855	1323	11	aa	0.85	41.0
True	PROKKA_06122025__gr_1e-12_lr_1e-13_mu_1e-14	60207	panta	0.9988970000634534	0.9991742361684558	0.999190382993758	9.999000099990002e-05	0.9998988092636172	0.9996923693580746	0.9997955786543089	1839	1312	14	aa	0.6	8.0
True	PROKKA_06122025__gr_1e-12_lr_1e-13_mu_1e-14	60207	diamond	0.9919928998803423	1.0	0.9951456978439777	9.999000099990002e-05	0.9974760738340256	0.9999999999999998	0.9987364423539101	1902	1327	54	aa	0.6	1.0
True	PROKKA_06122025__gr_1e-12_lr_1e-13_mu_1e-14	60207	diamond	0.9611711629339655	0.9624163116250761	0.9778426656258846	9.999000099990002e-05	0.9999093278459713	0.9889891474909993	0.9944192586774852	2034	1395	80	aa	0.95	1.0
True	PROKKA_06122025__gr_1e-12_lr_1e-13_mu_1e-14	60207	diamond	0.9975494371240732	1.0	0.9976371302131849	9.999000099990002e-05	0.9987744837231642	1.0	0.999386866158831	1917	1343	52	aa	0.7	1.0
True	PROKKA_06122025__gr_1e-12_lr_1e-13_mu_1e-14	60207	panta	0.9990887389368102	0.9993393889347647	0.999379466493483	9.999000099990002e-05	0.9999670480223118	0.9997196554585303	0.9998433364372538	1840	1315	12	aa	0.8	7.0
True	PROKKA_06122025__gr_1e-12_lr_1e-13_mu_1e-14	60207	mmseqs2	0.9990513006304028	1.0	0.999177464700219	9.999000099990002e-05	0.9995740408398284	1.0	0.9997869750499497	1932	1361	52	nt	0.7	1.0
True	PROKKA_06122025__gr_1e-12_lr_1e-13_mu_1e-14	60207	cdhit	0.9965615399799977	0.9995435179549604	0.9972777423054443	9.999000099990002e-05	0.9987550145813091	0.9998332924903849	0.9992938626597208	1921	1347	54	aa	0.7	1.0
True	PROKKA_06122025__gr_1e-12_lr_1e-13_mu_1e-14	60207	panx	0.9996752838594478	1.0	0.9997585351338933	9.999000099990002e-05	0.9998769120077765	1.0	0.9999384522159918	1750	1251	11	aa	0.5	727.0
True	PROKKA_06122025__gr_1e-12_lr_1e-13_mu_1e-14	60207	ppanggolin	0.9921296113567891	1.0	0.9957511289264859	9.999000099990002e-05	0.9978451333864575	1.0000000000000002	0.9989214045785973	1823	1292	14	aa	0.6	5.0
True	PROKKA_06122025__gr_1e-12_lr_1e-13_mu_1e-14	60207	panx	0.9967501732193804	0.9972002635046113	0.997838353101615	9.999000099990002e-05	0.999850704619501	0.9990574598761357	0.9994539248525878	1842	1311	15	aa	0.9	803.0
True	PROKKA_06122025__gr_1e-12_lr_1e-13_mu_1e-14	60207	panaroo	0.9507895767148129	0.9495412844036697	0.9702305246840645	9.999000099990002e-05	0.9999999999999999	0.9856061044407376	0.9927508806872264	1978	1350	51	aa	0.95	35.0
True	PROKKA_06122025__gr_1e-12_lr_1e-13_mu_1e-14	60207	cdhit	0.9988864927419532	1.0	0.9988402063943106	9.999000099990002e-05	0.9993991856663529	1.0	0.9996995025615923	1928	1356	52	nt	0.8	25.0
True	PROKKA_06122025__gr_1e-12_lr_1e-13_mu_1e-14	60207	panta	0.9764080176807426	0.9773740710156895	0.9863949662572441	9.999000099990002e-05	0.9999999999999999	0.9932631941703445	0.9966202125994406	1892	1323	32	aa	0.95	6.0
True	PROKKA_06122025__gr_1e-12_lr_1e-13_mu_1e-14	60207	mmseqs2	0.9905323748787247	1.0	0.9955531521111738	9.999000099990002e-05	0.9976888918605081	1.0	0.9988431090802434	1913	1341	56	aa	0.5	5.0
True	PROKKA_06122025__gr_1e-12_lr_1e-13_mu_1e-14	60207	cdhit	0.9909073526973281	0.9995435179549604	0.9946865111867492	9.999000099990002e-05	0.9973847430036233	0.9998525153175757	0.9986171045795393	1905	1332	52	aa	0.6	1.0
True	PROKKA_06122025__gr_1e-12_lr_1e-13_mu_1e-14	60207	panaroo	0.9984783788556263	0.9986893840104849	0.9992150365585609	9.999000099990002e-05	0.9999210667525389	0.9996827619258489	0.9998019001390835	1851	1322	10	aa	0.8	43.0
True	PROKKA_06122025__gr_1e-12_lr_1e-13_mu_1e-14	60207	cdhit	0.9948205775716324	0.995739500912964	0.9964281295158754	9.999000099990002e-05	0.9995940818652499	0.9985628261860009	0.999078187908317	1947	1369	55	aa	0.9	1.0
True	PROKKA_06122025__gr_1e-12_lr_1e-13_mu_1e-14	60207	cdhit	0.9979766928571842	0.998934875228241	0.9983742626913096	9.999000099990002e-05	0.9994951245962534	0.9996633256387503	0.9995792180416269	1933	1360	51	aa	0.85	1.0
True	PROKKA_06122025__gr_1e-12_lr_1e-13_mu_1e-14	60207	panta	0.998536450837146	0.999009083402147	0.9990513257176971	9.999000099990002e-05	0.9999340960446239	0.9995870653004746	0.9997605505577548	1840	1313	14	aa	0.85	6.0
True	PROKKA_06122025__gr_1e-12_lr_1e-13_mu_1e-14	60207	mmseqs2	0.9995252693317078	0.9998478393183201	0.9995803712158373	9.999000099990002e-05	0.999851281741897	0.9999315472293582	0.9998914128748155	1938	1369	50	nt	0.85	1.0
True	PROKKA_06122025__gr_1e-12_lr_1e-13_mu_1e-14	60207	mmseqs2	0.9695401815596135	0.9726110772976263	0.9819136771532395	9.999000099990002e-05	1.0	0.9908897366745841	0.9954240241648777	2026	1401	82	aa	0.95	1.0
True	PROKKA_06122025__gr_1e-12_lr_1e-13_mu_1e-14	60207	diamond	0.9924868400320236	0.9923919659160073	0.9945729428796277	9.999000099990002e-05	0.9994710416483504	0.9977340878174158	0.9986018094252368	1957	1380	53	aa	0.9	1.0
True	PROKKA_06122025__gr_1e-12_lr_1e-13_mu_1e-14	60207	mmseqs2	0.9838064387004786	0.9855447352404139	0.9904280086167501	9.999000099990002e-05	0.999969775948657	0.9951467229012396	0.9975524197301131	1985	1389	63	nt	0.95	1.0
True	PROKKA_06122025__gr_1e-12_lr_1e-13_mu_1e-14	60207	hdbscan_dist	0.9510340197727488	0.9867620206938527	0.9642522106764215	9.999000099990002e-05	0.9840643057176643	0.9969414712313109	0.9904610356455874	1774	1247	0	nt	0.9	0.341
True	PROKKA_06122025__gr_1e-12_lr_1e-13_mu_1e-14	60207	hdbscan_tsne	0.768014337679314	0.9669811320754716	0.8430046654677914	9.999000099990002e-05	0.9149128017067887	0.9912030681581867	0.9515312164241219	803	204	0	nt	0.9	17.878
True	PROKKA_06122025__gr_1e-12_lr_1e-13_mu_1e-14	60207	hdbscan_umap	0.699678128761741	0.9726110772976263	0.8142114852336786	9.999000099990002e-05	0.8924899499538769	0.9921378130531306	0.9396794894991103	640	100	0	nt	0.9	6.95
True	PROKKA_06122025__gr_1e-12_lr_1e-13_mu_1e-14	60207	panx	0.9786688163587735	0.9804918032786886	0.987474396127899	9.999000099990002e-05	0.9998996463911756	0.9938854467390031	0.9968834757285231	1899	1336	28	aa	0.95	741.0
True	PROKKA_06122025__gr_1e-12_lr_1e-13_mu_1e-14	60207	diamond	0.9975221747960576	0.9987827145465612	0.9980930669846334	9.999000099990002e-05	0.9993991856663529	0.999613600505242	0.9995063815866906	1931	1356	54	aa	0.85	1.0
True	PROKKA_06122025__gr_1e-12_lr_1e-13_mu_1e-14	60207	panta	0.9988970000634534	0.9991742361684558	0.999190382993758	9.999000099990002e-05	0.9998988092636172	0.9996923693580746	0.9997955786543089	1839	1313	13	aa	0.7	7.0
True	PROKKA_06122025__gr_1e-12_lr_1e-13_mu_1e-14	60207	mmseqs2	0.9995048022365051	1.0	0.999648139483075	9.999000099990002e-05	0.9998178703421707	1.0	0.9999089268775271	1937	1368	51	aa	0.8	0.0
True	PROKKA_06122025__gr_1e-12_lr_1e-13_mu_1e-14	60207	panta	0.9988970000634534	0.9991742361684558	0.999190382993758	9.999000099990002e-05	0.9998988092636172	0.9996923693580746	0.9997955786543089	1839	1311	15	aa	0.5	7.0
True	PROKKA_06122025__gr_1e-12_lr_1e-13_mu_1e-14	60207	panaroo	0.999548942807956	1.0	0.9996327535685349	9.999000099990002e-05	0.9998144612379414	1.0	0.9999072220120142	1847	1319	11	aa	0.7	39.0
True	PROKKA_06122025__gr_1e-12_lr_1e-13_mu_1e-14	60207	cdhit	0.9865833157522879	0.9873706634205721	0.9914617192079035	9.999000099990002e-05	0.9997365266399653	0.9958938853455915	0.9978115064369818	1976	1384	61	nt	0.95	1.0
True	PROKKA_06122025__gr_1e-12_lr_1e-13_mu_1e-14	60207	cdhit	0.997998864086144	0.9993913572732805	0.998166050881064	9.999000099990002e-05	0.9992980868805088	0.9997520159800913	0.9995249998929157	1929	1355	54	aa	0.8	0.0
True	PROKKA_06122025__gr_1e-12_lr_1e-13_mu_1e-14	60207	ppanggolin	0.9973611261220736	0.9981979030144168	0.998233537385658	9.999000099990002e-05	0.9996390758216441	0.9994691894822298	0.9995541254333763	1848	1315	14	aa	0.9	5.0
True	PROKKA_06122025__gr_1e-12_lr_1e-13_mu_1e-14	60207	cdhit	0.9834350723651324	0.9987827145465612	0.9909645536369448	9.999000099990002e-05	0.9956926298976059	0.9995956512694824	0.9976403231963592	1889	1314	56	aa	0.5	2.0
True	PROKKA_06122025__gr_1e-12_lr_1e-13_mu_1e-14	60207	panaroo	0.9920281638930032	0.9919724770642202	0.9954604945500944	9.999000099990002e-05	0.9999999999999999	0.9977228519076629	0.9988601281252989	1867	1323	15	aa	0.9	38.0
True	PROKKA_06122025__gr_1e-12_lr_1e-13_mu_1e-14	60207	ppanggolin	0.984773294404522	1.0	0.9921755200990628	9.999000099990002e-05	0.9960176026444966	1.0	0.9980048285394741	1803	1270	18	aa	0.5	5.0
True	PROKKA_06122025__gr_1e-12_lr_1e-13_mu_1e-14	60207	cdhit	0.9989688899040418	1.0	0.9990370693242155	9.999000099990002e-05	0.9995012656996932	1.0	0.9997505706503604	1931	1361	51	nt	0.85	22.0
True	PROKKA_06122025__gr_1e-12_lr_1e-13_mu_1e-14	60207	embed_hdbscan_raw	0.86791873731142	0.9160073037127207	0.9021190440559349	9.999000099990002e-05	0.9764288958143426	0.9733121716654279	0.9748680426477134	1727	778	285	aa	0.9	19.553
True	PROKKA_06122025__gr_1e-12_lr_1e-13_mu_1e-14	60207	embed_hdbscan_tsne	0.5468329450395358	0.6787888009738283	0.7094531322017807	9.999000099990002e-05	0.9691204722717074	0.9067129666350747	0.9368785950978363	2148	471	664	aa	0.9	18.331
True	PROKKA_06122025__gr_1e-12_lr_1e-13_mu_1e-14	60207	embed_hdbscan_umap	0.6752407189986847	0.9783931832014607	0.8121598271373249	9.999000099990002e-05	0.8890463963328563	0.9935711831645248	0.9384071300645389	580	17	5	aa	0.9	13.684
True	PROKKA_06122025__gr_1e-12_lr_1e-13_mu_1e-14	60207	diamond	0.9857870187522458	0.9996956786366403	0.9919020081457122	9.999000099990002e-05	0.9958815830118167	0.9998956429577721	0.9978845762924623	1882	1301	60	aa	0.5	1.0
True	PROKKA_06122025__gr_1e-12_lr_1e-13_mu_1e-14	60207	mmseqs2	0.9953754622500031	0.995739500912964	0.9974034511845189	9.999000099990002e-05	0.9999697759486571	0.9986916287800153	0.9993302936757558	1949	1371	53	aa	0.9	0.0
True	PROKKA_06122025__gr_1e-12_lr_1e-13_mu_1e-14	60207	panaroo	0.9989797663241038	1.0	0.9992442127921498	9.999000099990002e-05	0.9996180170972864	1.0	0.9998089720639405	1844	1315	12	aa	0.6	54.0
True	PROKKA_06122025__gr_1e-12_lr_1e-13_mu_1e-14	60207	panx	0.9996818493279631	1.0	0.999763653410204	9.999000099990002e-05	0.9998800311057486	1.0	0.9999400119545245	1791	1280	11	aa	0.6	723.0
True	PROKKA_06122025__gr_1e-12_lr_1e-13_mu_1e-14	60207	panaroo	0.9943555880594188	1.0	0.9971778205299999	9.999000099990002e-05	0.9985707254369705	1.0	0.9992848516468102	1834	1305	13	aa	0.5	46.0
True	PROKKA_06122025__gr_1e-12_lr_1e-13_mu_1e-14	60207	panx	0.9996871164758117	1.0	0.9997675785879726	9.999000099990002e-05	0.9998820660730948	1.0	0.9999410295592396	1813	1294	11	aa	0.7	738.0
True	PROKKA_06122025__gr_1e-12_lr_1e-13_mu_1e-14	60207	diamond	0.9973163528297633	0.998934875228241	0.9979678995179687	9.999000099990002e-05	0.9993241423359722	0.9996236492256385	0.9994738733429064	1930	1355	54	aa	0.8	1.0
True	PROKKA_06122025__gr_1e-12_lr_1e-13_mu_1e-14	60207	panx	0.9984971805026615	0.9991764124526438	0.9989871520995112	9.999000099990002e-05	0.9998506702426031	0.9996367736455918	0.9997437105032269	1836	1309	13	aa	0.85	801.0
True	PROKKA_06122025__gr_1e-12_lr_1e-13_mu_1e-14	60207	panta	0.9965864306781123	0.9966969446738233	0.9977892799366513	9.999000099990002e-05	0.9999340960446237	0.9989521420678209	0.9994428778635036	1845	1313	16	aa	0.9	7.0
True	PROKKA_06122025__gr_1e-12_lr_1e-13_mu_1e-14	60207	mmseqs2	0.9996698137775889	1.0	0.9996542954273018	9.999000099990002e-05	0.9998210576905541	1.0	0.9999105208394733	1936	1366	51	nt	0.8	1.0
True	PROKKA_06122025__gr_1e-12_lr_1e-13_mu_1e-14	60207	panx	0.9990669217568956	0.9995040502562407	0.9993763408369707	9.999000099990002e-05	0.9998830576248229	0.999801094373937	0.999842074319621	1829	1305	12	aa	0.8	740.0
True	PROKKA_06122025__gr_1e-12_lr_1e-13_mu_1e-14	60207	mmseqs2	0.9984294811727034	0.998934875228241	0.9990197170799942	9.999000099990002e-05	0.9998929136725516	0.9996002510292702	0.9997465609326275	1942	1371	52	aa	0.85	1.0
True	PROKKA_06122025__gr_1e-12_lr_1e-13_mu_1e-14	60207	ppanggolin	0.9988849664491709	1.0	0.9990409014331403	9.999000099990002e-05	0.9995151630090302	1.0	0.9997575227235386	1842	1313	11	aa	0.8	5.0
True	PROKKA_06122025__gr_1e-12_lr_1e-13_mu_1e-14	60207	mmseqs2	0.9987835153589993	1.0	0.9990259465744705	9.999000099990002e-05	0.9994954998255245	1.0	0.999747686266601	1931	1360	52	nt	0.5	4.0
True	PROKKA_06122025__gr_1e-12_lr_1e-13_mu_1e-14	60207	hdbscan_dist	0.02441691041795198	0.7714546561168594	0.5531048698672777	9.999000099990002e-05	0.7954111787605912	0.9220831485224846	0.8540758853530265	1675	965	152	aa	0.9	0.243
True	PROKKA_06122025__gr_1e-12_lr_1e-13_mu_1e-14	60207	hdbscan_tsne	0.013451796077199018	0.6116859403530128	0.41687711946937683	9.999000099990002e-05	0.7824233164468324	0.8706391577483349	0.8241774135797154	1897	560	633	aa	0.9	13.486
True	PROKKA_06122025__gr_1e-12_lr_1e-13_mu_1e-14	60207	hdbscan_umap	0.01587165682943625	0.7737370663420572	0.4108297351913315	9.999000099990002e-05	0.621486203951078	0.9023093860990391	0.736021076340923	521	19	20	aa	0.9	6.762
True	PROKKA_06122025__gr_1e-12_lr_1e-13_mu_1e-14	60207	cdhit	0.9976656084485532	0.9984783931832014	0.9982616629901097	9.999000099990002e-05	0.9996054897445618	0.9994952711679531	0.9995503774178577	1938	1366	51	nt	0.9	1.0
True	PROKKA_06122025__gr_1e-12_lr_1e-13_mu_1e-14	60207	mmseqs2	0.999278000096027	1.0	0.9993945865691187	9.999000099990002e-05	0.999686547504984	1.0	0.999843249185525	1934	1363	53	aa	0.7	0.0
True	PROKKA_06122025__gr_1e-12_lr_1e-13_mu_1e-14	60207	mmseqs2	0.9977045594397136	0.9983262325015216	0.9986587726774196	9.999000099990002e-05	0.9998929136725516	0.9994139996130673	0.9996533992832628	1943	1370	53	nt	0.9	1.0
True	PROKKA_06122025__gr_1e-12_lr_1e-13_mu_1e-14	60207	mmseqs2	0.9981043955804364	1.0	0.9985934118976021	9.999000099990002e-05	0.9992711608687097	1.0	0.9996354475843219	1928	1357	52	aa	0.6	2.0
True	PROKKA_06122025__gr_1e-12_lr_1e-13_mu_1e-14	60207	ppanggolin	0.9868172633526399	0.9875491480996068	0.9920310691717366	9.999000099990002e-05	0.999932377532691	0.9960885890700918	0.9980067822606727	1883	1332	22	aa	0.95	5.0
True	PROKKA_06122025__gr_1e-12_lr_1e-13_mu_1e-14	60207	ppanggolin	0.9963792945176714	1.0	0.9975043849711198	9.999000099990002e-05	0.9987365098880789	1.0	0.9993678555899338	1832	1302	12	aa	0.7	5.0
True	PROKKA_06122025__gr_1e-12_lr_1e-13_mu_1e-14	60207	cdhit	0.9745869591830536	0.9744370054777846	0.9831568914017189	9.999000099990002e-05	0.9999040610700994	0.9915910194780901	0.9957301898268892	2030	1421	66	aa	0.95	1.0
True	PROKKA_06122025__gr_1e-12_lr_1e-13_mu_1e-14	60207	ppanggolin	0.9985992160028452	0.9996723460026212	0.9989365441190914	9.999000099990002e-05	0.9995940962564912	0.9998684979098532	0.999731278254046	1844	1314	12	aa	0.85	4.0
True	PROKKA_06122025__gr_1e-12_lr_1e-13_mu_1e-14	60207	mmseqs2	0.9990513006304028	1.0	0.999177464700219	9.999000099990002e-05	0.9995740408398284	1.0	0.9997869750499497	1932	1361	52	nt	0.6	1.0
True	PROKKA_06122025__gr_1e-12_lr_1e-13_mu_1e-14	62092	panaroo	1.0	1.0	1.0	9.999000099990002e-05	1.0	1.0	1.0	1876	1252	10	aa	0.85	32.0
True	PROKKA_06122025__gr_1e-12_lr_1e-13_mu_1e-14	62092	panta	0.9994238450025594	0.9990882567469	0.9992742189978813	9.999000099990002e-05	0.9999642995549083	0.9997232138122146	0.999843742150707	1961	1343	10	aa	0.6	8.0
True	PROKKA_06122025__gr_1e-12_lr_1e-13_mu_1e-14	62092	diamond	0.9794884096345293	1.0	0.9912908988416282	9.999000099990002e-05	0.9961048784323855	1.0	0.9980486388216868	1902	1258	35	aa	0.6	1.0
True	PROKKA_06122025__gr_1e-12_lr_1e-13_mu_1e-14	62092	diamond	0.9792616082572638	0.9809491410103759	0.9879821137359985	9.999000099990002e-05	0.9996393984568154	0.9951085735295245	0.9973688403871059	1986	1314	42	aa	0.95	1.0
True	PROKKA_06122025__gr_1e-12_lr_1e-13_mu_1e-14	62092	diamond	0.983699705030871	1.0	0.9935216846318591	9.999000099990002e-05	0.9971090417004695	1.0000000000000002	0.998552428415692	1916	1275	33	aa	0.7	1.0
True	PROKKA_06122025__gr_1e-12_lr_1e-13_mu_1e-14	62092	panta	0.9996759710469295	0.99945295404814	0.9997513769171619	9.999000099990002e-05	1.0000000000000002	0.9998929101341923	0.999946452199883	1864	1245	9	aa	0.8	7.0
True	PROKKA_06122025__gr_1e-12_lr_1e-13_mu_1e-14	62092	mmseqs2	0.9981483553702077	1.0	0.9988144816392128	9.999000099990002e-05	0.9994737301944723	1.0000000000000004	0.9997367958390351	1933	1286	33	nt	0.7	0.0
True	PROKKA_06122025__gr_1e-12_lr_1e-13_mu_1e-14	62092	cdhit	0.9855538984587486	0.9998299030447355	0.9942182561097099	9.999000099990002e-05	0.9974912333551572	0.9999310678444671	0.9987096604811899	1920	1278	33	aa	0.7	0.0
True	PROKKA_06122025__gr_1e-12_lr_1e-13_mu_1e-14	62092	panx	0.9973686202177964	1.0	0.9988949567842271	9.999000099990002e-05	0.9995199266006932	1.0000000000000002	0.9997599056688959	1774	1188	10	aa	0.5	815.0
True	PROKKA_06122025__gr_1e-12_lr_1e-13_mu_1e-14	62092	ppanggolin	0.9832978844917516	1.0	0.9926689299852989	9.999000099990002e-05	0.9968195336032656	1.0	0.9984072339321546	1846	1224	13	aa	0.6	5.0
True	PROKKA_06122025__gr_1e-12_lr_1e-13_mu_1e-14	62092	panx	0.9957703249896811	0.9983606557377049	0.9977721944581857	9.999000099990002e-05	0.9994480573817198	0.9995904851505514	0.999519266192279	1861	1241	10	aa	0.9	826.0
True	PROKKA_06122025__gr_1e-12_lr_1e-13_mu_1e-14	62092	panaroo	0.9755076561420403	0.9770302043769217	0.9853515272738832	9.999000099990002e-05	1.0	0.9938200189594874	0.9969004318435233	1936	1269	33	aa	0.95	34.0
True	PROKKA_06122025__gr_1e-12_lr_1e-13_mu_1e-14	62092	cdhit	0.9948699295788789	1.0	0.9974290685502845	9.999000099990002e-05	0.9988571553259055	0.9999999999999999	0.9994282509527759	1928	1283	32	nt	0.8	22.0
True	PROKKA_06122025__gr_1e-12_lr_1e-13_mu_1e-14	62092	panta	0.9883119179304132	0.9883296863603209	0.993343480866683	9.999000099990002e-05	1.0000000000000002	0.997158731447839	0.9985773446509677	1887	1249	18	aa	0.95	7.0
True	PROKKA_06122025__gr_1e-12_lr_1e-13_mu_1e-14	62092	mmseqs2	0.990624548260823	1.0	0.9945917127018086	9.999000099990002e-05	0.9975890652115307	1.0000000000000002	0.9987930777002858	1910	1262	36	aa	0.5	4.0
True	PROKKA_06122025__gr_1e-12_lr_1e-13_mu_1e-14	62092	cdhit	0.9819077698355646	1.0	0.9919609533486597	9.999000099990002e-05	0.9964069477283924	1.0	0.9982002405493048	1904	1260	34	aa	0.6	0.0
True	PROKKA_06122025__gr_1e-12_lr_1e-13_mu_1e-14	62092	panaroo	0.9998216149093074	1.0	0.9998398611216781	9.999000099990002e-05	0.9999310197261695	1.0	0.9999655086734742	1875	1251	10	aa	0.8	33.0
True	PROKKA_06122025__gr_1e-12_lr_1e-13_mu_1e-14	62092	cdhit	0.9948760928177005	0.997618642626297	0.9968702704997542	9.999000099990002e-05	0.9993050556293428	0.9993072381791236	0.9993061469030415	1939	1290	33	aa	0.9	0.0
True	PROKKA_06122025__gr_1e-12_lr_1e-13_mu_1e-14	62092	cdhit	0.9918852042091842	0.9994897091342065	0.9968256760827797	9.999000099990002e-05	0.9987033237943639	0.9998853616790098	0.999293993186634	1931	1287	31	aa	0.85	0.0
True	PROKKA_06122025__gr_1e-12_lr_1e-13_mu_1e-14	62092	panta	0.9996759710469295	0.99945295404814	0.9997513769171612	9.999000099990002e-05	1.0000000000000002	0.9998929101341922	0.9999464521998829	1864	1245	9	aa	0.85	7.0
True	PROKKA_06122025__gr_1e-12_lr_1e-13_mu_1e-14	62092	mmseqs2	0.999465772397511	1.0	0.9995493991232564	9.999000099990002e-05	0.9998001172673505	1.0	0.9999000486444002	1937	1291	31	nt	0.85	1.0
True	PROKKA_06122025__gr_1e-12_lr_1e-13_mu_1e-14	62092	mmseqs2	0.9845798064890782	0.9862221466235754	0.9906491796037269	9.999000099990002e-05	1.0	0.9959088579228287	0.9979502360235882	1983	1319	36	aa	0.95	0.0
True	PROKKA_06122025__gr_1e-12_lr_1e-13_mu_1e-14	62092	diamond	0.9906955279843719	0.9948970913420649	0.9945407697266817	9.999000099990002e-05	0.9989728071252559	0.9986091075533713	0.9987909242299382	1947	1299	33	aa	0.9	0.0
True	PROKKA_06122025__gr_1e-12_lr_1e-13_mu_1e-14	62092	mmseqs2	0.9941522289733465	0.995237285252594	0.9962730163028681	9.999000099990002e-05	0.9999248005366388	0.9984305702143832	0.9991771267350688	1956	1302	36	nt	0.95	0.0
True	PROKKA_06122025__gr_1e-12_lr_1e-13_mu_1e-14	62092	hdbscan_dist	0.8919235469604915	0.9261779214152067	0.9267502402731087	9.999000099990002e-05	0.9864317249955692	0.981541273698044	0.9839804229133624	1837	936	170	nt	0.9	0.284
True	PROKKA_06122025__gr_1e-12_lr_1e-13_mu_1e-14	62092	hdbscan_tsne	0.5784774180552841	0.7135567273345808	0.7269030413260246	9.999000099990002e-05	0.9715774008599875	0.9248218494480873	0.9476232482156168	2076	454	681	nt	0.9	14.106
True	PROKKA_06122025__gr_1e-12_lr_1e-13_mu_1e-14	62092	hdbscan_umap	0.6785756959991168	0.9817996257866984	0.8065825408213704	9.999000099990002e-05	0.8997226011513626	0.9956204417492798	0.9452454709615217	718	37	42	nt	0.9	6.86
True	PROKKA_06122025__gr_1e-12_lr_1e-13_mu_1e-14	62092	panx	0.9890997603363637	0.9909354604786077	0.9933816216817746	9.999000099990002e-05	0.9995864904578174	0.9975798105377777	0.9985821423783686	1892	1256	17	aa	0.95	772.0
True	PROKKA_06122025__gr_1e-12_lr_1e-13_mu_1e-14	62092	diamond	0.9931922383267331	1.0	0.9970800740756885	9.999000099990002e-05	0.9987015736785495	1.0000000000000002	0.9993503650877402	1929	1286	31	aa	0.85	1.0
True	PROKKA_06122025__gr_1e-12_lr_1e-13_mu_1e-14	62092	panta	0.9994598352747166	0.9990882567469	0.9993570658917709	9.999000099990002e-05	1.0	0.9997232236908697	0.9998615926915029	1962	1345	9	aa	0.7	8.0
True	PROKKA_06122025__gr_1e-12_lr_1e-13_mu_1e-14	62092	mmseqs2	0.999465772397511	1.0	0.9995493991232569	9.999000099990002e-05	0.9998001172673506	1.0000000000000002	0.9999000486444003	1937	1291	31	aa	0.8	0.0
True	PROKKA_06122025__gr_1e-12_lr_1e-13_mu_1e-14	62092	panta	0.9993518722192942	0.9990882567469	0.9991085663351628	9.999000099990002e-05	0.9998928986647247	0.9997231940527886	0.9998080391574606	1960	1340	12	aa	0.5	8.0
True	PROKKA_06122025__gr_1e-12_lr_1e-13_mu_1e-14	62092	panaroo	0.9986102789559327	1.0	0.9992431361168849	9.999000099990002e-05	0.9996737857208592	0.9999999999999999	0.9998368662521505	1873	1250	10	aa	0.7	38.0
True	PROKKA_06122025__gr_1e-12_lr_1e-13_mu_1e-14	62092	cdhit	0.9934935601095162	0.994556897431536	0.9954044680280693	9.999000099990002e-05	0.9996751452463629	0.9982958927157312	0.9989850429136999	1955	1300	37	nt	0.95	1.0
True	PROKKA_06122025__gr_1e-12_lr_1e-13_mu_1e-14	62092	cdhit	0.9893570892180317	0.9998299030447355	0.9959471229943438	9.999000099990002e-05	0.9982650765999207	0.999931121276176	0.9990974043854148	1927	1284	32	aa	0.8	0.0
True	PROKKA_06122025__gr_1e-12_lr_1e-13_mu_1e-14	62092	ppanggolin	0.9938972388265701	0.9998191354675349	0.9972117953491233	9.999000099990002e-05	0.9988694983527806	0.9999266695490936	0.9993978043799242	1867	1245	10	aa	0.9	6.0
True	PROKKA_06122025__gr_1e-12_lr_1e-13_mu_1e-14	62092	cdhit	0.9702355824661199	0.998299030447355	0.9866686751965116	9.999000099990002e-05	0.9945317296217502	0.9994893200536009	0.9970043619882678	1889	1239	40	aa	0.5	2.0
True	PROKKA_06122025__gr_1e-12_lr_1e-13_mu_1e-14	62092	panaroo	0.9968858968067381	0.9969253029480919	0.9979137766561033	9.999000099990002e-05	1.0	0.9991041587301793	0.9995518786422867	1885	1254	14	aa	0.9	33.0
True	PROKKA_06122025__gr_1e-12_lr_1e-13_mu_1e-14	62092	ppanggolin	0.9691170360708972	1.0	0.9871261579640067	9.999000099990002e-05	0.9943838819047166	1.0	0.997184033552297	1824	1204	14	aa	0.5	6.0
True	PROKKA_06122025__gr_1e-12_lr_1e-13_mu_1e-14	62092	cdhit	0.9951779207940413	0.9994897091342065	0.9974663682640622	9.999000099990002e-05	0.9990198672028359	0.9998545229398417	0.9994370208107142	1932	1286	33	nt	0.85	19.0
True	PROKKA_06122025__gr_1e-12_lr_1e-13_mu_1e-14	62092	embed_hdbscan_raw	0.875923809337303	0.9382548052389862	0.9053454621476318	9.999000099990002e-05	0.9740747826653702	0.9829486459999888	0.9784915956541476	1623	670	219	aa	0.9	16.025
True	PROKKA_06122025__gr_1e-12_lr_1e-13_mu_1e-14	62092	embed_hdbscan_tsne	0.6202730022335518	0.7557407722401769	0.7467053062151943	9.999000099990002e-05	0.9642931086869528	0.9337594179672334	0.9487806678401728	1840	336	542	aa	0.9	13.589
True	PROKKA_06122025__gr_1e-12_lr_1e-13_mu_1e-14	62092	embed_hdbscan_umap	0.6630672393787952	0.9806089470998469	0.7955867680221598	9.999000099990002e-05	0.8929180085635369	0.9951264216454307	0.9412557124900398	658	18	10	aa	0.9	13.419
True	PROKKA_06122025__gr_1e-12_lr_1e-13_mu_1e-14	62092	diamond	0.9707281999903737	1.0	0.9876432343567304	9.999000099990002e-05	0.9944532822805011	1.0000000000000002	0.9972189282302184	1882	1233	41	aa	0.5	1.0
True	PROKKA_06122025__gr_1e-12_lr_1e-13_mu_1e-14	62092	mmseqs2	0.9980482733917472	0.9988093213131485	0.9987126214881312	9.999000099990002e-05	0.9998648704088989	0.9995648294503758	0.9997148274170738	1943	1296	31	aa	0.9	0.0
True	PROKKA_06122025__gr_1e-12_lr_1e-13_mu_1e-14	62092	panaroo	0.9980412517039494	1.0	0.9987972920378217	9.999000099990002e-05	0.9994813932752492	1.0	0.9997406293819513	1870	1246	11	aa	0.6	42.0
True	PROKKA_06122025__gr_1e-12_lr_1e-13_mu_1e-14	62092	panx	0.9974381420878128	1.0	0.9989234239721442	9.999000099990002e-05	0.9995333002693414	1.0000000000000002	0.9997665956698017	1816	1215	11	aa	0.6	790.0
True	PROKKA_06122025__gr_1e-12_lr_1e-13_mu_1e-14	62092	panaroo	0.9947818655930258	1.0	0.9968971903382021	9.999000099990002e-05	0.998659539343346	0.9999999999999999	0.9993293201617046	1860	1235	12	aa	0.5	38.0
True	PROKKA_06122025__gr_1e-12_lr_1e-13_mu_1e-14	62092	panx	0.9974630293892215	1.0	0.9989342064563057	9.999000099990002e-05	0.9995389599972898	1.0	0.9997694268469213	1837	1230	11	aa	0.7	788.0
True	PROKKA_06122025__gr_1e-12_lr_1e-13_mu_1e-14	62092	diamond	0.9893610548576172	1.0	0.9960149789363711	9.999000099990002e-05	0.9982260846732609	1.0000000000000002	0.9991122549443503	1926	1284	31	aa	0.8	1.0
True	PROKKA_06122025__gr_1e-12_lr_1e-13_mu_1e-14	62092	panx	0.996865437413345	0.9994501466275659	0.9984632465383853	9.999000099990002e-05	0.9994442375205428	0.9998922175284577	0.9996681773363273	1851	1237	10	aa	0.85	823.0
True	PROKKA_06122025__gr_1e-12_lr_1e-13_mu_1e-14	62092	panta	0.9989912211338334	0.9983588621444202	0.9991515071479837	9.999000099990002e-05	1.0	0.9996348394136725	0.9998173863651852	1867	1246	10	aa	0.9	8.0
True	PROKKA_06122025__gr_1e-12_lr_1e-13_mu_1e-14	62092	mmseqs2	0.999434364986841	1.0	0.9994745821421617	9.999000099990002e-05	0.9997669116735168	1.0000000000000002	0.9998834422526334	1936	1289	32	nt	0.8	0.0
True	PROKKA_06122025__gr_1e-12_lr_1e-13_mu_1e-14	62092	panx	0.9968609089556792	0.9994489346069066	0.9984602678432005	9.999000099990002e-05	0.9994428064587704	0.9998919398690348	0.9996673227169175	1847	1235	10	aa	0.8	769.0
True	PROKKA_06122025__gr_1e-12_lr_1e-13_mu_1e-14	62092	mmseqs2	0.998930639136325	0.9994897091342065	0.9992697389078994	9.999000099990002e-05	0.9998648704088989	0.999811385873474	0.9998381274259218	1940	1293	32	aa	0.85	0.0
True	PROKKA_06122025__gr_1e-12_lr_1e-13_mu_1e-14	62092	ppanggolin	0.9887448861406024	1.0	0.9957462547090354	9.999000099990002e-05	0.9981602410714738	1.0	0.9990792735784095	1862	1242	10	aa	0.8	4.0
True	PROKKA_06122025__gr_1e-12_lr_1e-13_mu_1e-14	62092	mmseqs2	0.9979604358746336	1.0	0.9986597848203447	9.999000099990002e-05	0.9994049662335839	1.0000000000000002	0.9997023945741533	1932	1285	33	nt	0.5	3.0
True	PROKKA_06122025__gr_1e-12_lr_1e-13_mu_1e-14	62092	hdbscan_dist	0.8789126034357155	0.9192039462493622	0.9184810930181595	9.999000099990002e-05	0.98529908537488	0.9791880735755764	0.9822340745861172	1862	965	181	aa	0.9	0.289
True	PROKKA_06122025__gr_1e-12_lr_1e-13_mu_1e-14	62092	hdbscan_tsne	0.5972412798286307	0.7278448715767988	0.7430977597328682	9.999000099990002e-05	0.9723704322206537	0.9289502454437039	0.95016454855285	2107	615	591	aa	0.9	14.439
True	PROKKA_06122025__gr_1e-12_lr_1e-13_mu_1e-14	62092	hdbscan_umap	0.04068185246482548	0.9564551794522878	0.6171620380338947	9.999000099990002e-05	0.7693473285017726	0.9856717946426962	0.8641774348637485	604	24	19	aa	0.9	7.334
True	PROKKA_06122025__gr_1e-12_lr_1e-13_mu_1e-14	62092	cdhit	0.9960826689451359	0.999659806089471	0.9981258504214148	9.999000099990002e-05	0.9992681556958043	0.9998996251013568	0.9995837906686794	1934	1288	32	nt	0.9	1.0
True	PROKKA_06122025__gr_1e-12_lr_1e-13_mu_1e-14	62092	mmseqs2	0.9980857076898236	1.0	0.9988656925689137	9.999000099990002e-05	0.9994964894664932	1.0000000000000002	0.999748181336572	1934	1288	32	aa	0.7	1.0
True	PROKKA_06122025__gr_1e-12_lr_1e-13_mu_1e-14	62092	mmseqs2	0.99933978185593	0.9998299030447355	0.9995196840915477	9.999000099990002e-05	0.9998648704088989	0.9999221291549133	0.9998934989621777	1939	1293	31	nt	0.9	1.0
True	PROKKA_06122025__gr_1e-12_lr_1e-13_mu_1e-14	62092	mmseqs2	0.9970218968205414	1.0	0.9980479977038713	9.999000099990002e-05	0.9991328150253146	1.0000000000000002	0.9995662194286605	1928	1280	34	aa	0.6	1.0
True	PROKKA_06122025__gr_1e-12_lr_1e-13_mu_1e-14	62092	ppanggolin	0.9902629095573203	0.993127147766323	0.9944681066013604	9.999000099990002e-05	0.9994429443001844	0.9981837936872405	0.9988129721577481	1890	1256	17	aa	0.95	6.0
True	PROKKA_06122025__gr_1e-12_lr_1e-13_mu_1e-14	62092	ppanggolin	0.9849914625655798	1.0	0.993957820193975	9.999000099990002e-05	0.9973820776381941	0.9999999999999999	0.9986893231940372	1855	1236	11	aa	0.7	5.0
True	PROKKA_06122025__gr_1e-12_lr_1e-13_mu_1e-14	62092	cdhit	0.9867521908579883	0.9869025344446335	0.9908613473596081	9.999000099990002e-05	0.9999020412646179	0.9960955644669572	0.9979951732858798	1983	1315	45	aa	0.95	0.0
True	PROKKA_06122025__gr_1e-12_lr_1e-13_mu_1e-14	62092	ppanggolin	0.9889193474064667	1.0	0.995905095420042	9.999000099990002e-05	0.9982292213453042	1.0	0.9991138260637068	1863	1243	10	aa	0.85	5.0
True	PROKKA_06122025__gr_1e-12_lr_1e-13_mu_1e-14	62092	mmseqs2	0.9981483553702077	1.0	0.9988144816392128	9.999000099990002e-05	0.9994737301944723	1.0000000000000004	0.9997367958390351	1933	1286	33	nt	0.6	1.0
