simulations	assembly	seed	clusterer	adj_rand_index	purity	adj_mutual_info	adj_rand_index_p	homogeneity	completeness	v_measure	n_clusters	n_singletons	n_pairs	st	c	runtime
True	PROKKA_06122025	34	panaroo	0.2878174463324439	0.9444761795955673	0.8646008291375111	9.999000099990002e-05	0.9474336832867108	0.9749171218905325	0.9609789401647353	1902	1034	0	aa	0.85	33.0
True	PROKKA_06122025	34	panta	0.2535019267146875	0.9440191934193991	0.8577454014687096	9.999000099990002e-05	0.9432080976882987	0.9746772099235844	0.9586844775164246	1987	1126	0	aa	0.6	11.0
True	PROKKA_06122025	34	diamond	0.9783354595951765	1.0	0.9928540959393412	9.999000099990002e-05	0.9960805221145901	1.0000000000000002	0.9980364129392648	1903	1045	5	aa	0.6	2.0
True	PROKKA_06122025	34	diamond	0.9669960055272406	0.9617274077459157	0.9801489309463804	9.999000099990002e-05	0.9998377474089352	0.9896597840129179	0.9947227312632194	2069	1100	45	aa	0.95	2.0
True	PROKKA_06122025	34	diamond	0.9870968449742415	1.0	0.9955951742001664	9.999000099990002e-05	0.9975905373154716	1.0	0.9987938155294996	1917	1056	3	aa	0.7	2.0
True	PROKKA_06122025	34	panta	0.25370387093857844	0.9447046726836513	0.8582061629710939	9.999000099990002e-05	0.9432080976882987	0.9749096680871798	0.9587969100350586	1890	1028	0	aa	0.8	9.0
True	PROKKA_06122025	34	mmseqs2	0.9964725782093499	1.0	0.9985717096585134	9.999000099990002e-05	0.999221013058294	1.0	0.999610354764872	1932	1067	2	nt	0.7	2.0
True	PROKKA_06122025	34	cdhit	0.9863657207545724	1.0	0.9954964343694617	9.999000099990002e-05	0.9975362901212792	1.0000000000000002	0.9987666257224438	1919	1060	2	aa	0.7	1.0
True	PROKKA_06122025	34	panx	0.08364128060488496	0.9487033017251228	0.7909101082612416	9.999000099990002e-05	0.8954833710031321	0.9754703073907841	0.933767040053728	1795	993	0	aa	0.5	1212.0
True	PROKKA_06122025	34	ppanggolin	0.28653403908459674	0.9448189192276933	0.8600694743427743	9.999000099990002e-05	0.944268858699172	0.9749699019455748	0.9593738261798287	1867	1008	3	aa	0.6	5.0
True	PROKKA_06122025	34	panx	0.2041202089456688	0.9425339883468525	0.8462551926326478	9.999000099990002e-05	0.9361426991263114	0.974203748473218	0.9547940665324511	1889	1030	2	aa	0.9	1204.0
True	PROKKA_06122025	34	panaroo	0.2713757868769355	0.906317833885525	0.842525127183332	9.999000099990002e-05	0.9474336832867108	0.9641548279995433	0.955721123617365	2061	1073	53	aa	0.95	35.0
True	PROKKA_06122025	34	cdhit	0.9938745361283647	0.999771506911916	0.9975876403331049	9.999000099990002e-05	0.9987815696052021	0.9999018131436234	0.999341377431345	1928	1063	2	nt	0.8	33.0
True	PROKKA_06122025	34	panta	0.24558170349017142	0.9237975551239574	0.8465102278988029	9.999000099990002e-05	0.9432080976882987	0.9690977297413608	0.9559776611380116	1970	1051	21	aa	0.95	10.0
True	PROKKA_06122025	34	mmseqs2	0.9820015801277191	1.0	0.9941019342386362	9.999000099990002e-05	0.9967689577101011	0.9999999999999998	0.9983818647232955	1910	1051	3	aa	0.5	2.0
True	PROKKA_06122025	34	cdhit	0.9808392843356579	0.9995430138238318	0.9931136071870216	9.999000099990002e-05	0.99635040508914	0.999874679768978	0.9981094314291741	1906	1047	5	aa	0.6	1.0
True	PROKKA_06122025	34	panaroo	0.28797196133717107	0.9448189192276933	0.8646345451443392	9.999000099990002e-05	0.9472805079813347	0.9750474934397968	0.9609634611874249	1899	1033	0	aa	0.8	33.0
True	PROKKA_06122025	34	cdhit	0.9933779523821832	0.994630412430024	0.9962222874526095	9.999000099990002e-05	0.9994251139984182	0.9985221664347033	0.9989734361785686	1950	1071	5	aa	0.9	1.0
True	PROKKA_06122025	34	cdhit	0.9931889534802457	0.9993145207357478	0.9975763731068193	9.999000099990002e-05	0.9988754873464696	0.999802142194632	0.9993385999562168	1933	1068	2	aa	0.85	1.0
True	PROKKA_06122025	34	panta	0.25333878385166414	0.9440191934193991	0.8577461111443955	9.999000099990002e-05	0.9432080976882986	0.9746774681595108	0.9586846024319375	1893	1029	1	aa	0.85	9.0
True	PROKKA_06122025	34	mmseqs2	0.9991724432672566	0.9996572603678738	0.9994685052876822	9.999000099990002e-05	0.9998492323169538	0.9998612926695257	0.9998552624568715	1939	1070	3	nt	0.85	1.0
True	PROKKA_06122025	34	mmseqs2	0.9767306382162392	0.9752084999428767	0.985584711275461	9.999000099990002e-05	1.0	0.9923192510452106	0.9961448201884513	2051	1127	27	aa	0.95	1.0
True	PROKKA_06122025	34	diamond	0.9910538185678937	0.9936021935336457	0.9952301313081677	9.999000099990002e-05	0.9992171555788096	0.9981917819185724	0.998704205559936	1957	1078	6	aa	0.9	2.0
True	PROKKA_06122025	34	mmseqs2	0.9870230148058844	0.9859476750828288	0.9921661513240957	9.999000099990002e-05	1.0	0.9957842334252054	0.997887664155178	1997	1096	17	nt	0.95	1.0
True	PROKKA_06122025	34	hdbscan_dist	0.021843992948870163	0.9954301382383183	0.6891329344368204	9.999000099990002e-05	0.787934379662784	0.998591903673198	0.8808433433039462	1535	899	0	nt	0.9	2002.0
True	PROKKA_06122025	34	hdbscan_tsne	0.8067187217355971	0.9051753684451045	0.8856539792698253	9.999000099990002e-05	0.9601558089716936	0.975403532962047	0.9677196125946342	1413	356	0	nt	0.9	2002.0
True	PROKKA_06122025	34	hdbscan_umap	0.76810345411391	0.9696104192848166	0.8795914420482338	9.999000099990002e-05	0.934401983108809	0.992594875701465	0.9626197531548831	938	68	0	nt	0.9	2002.0
True	PROKKA_06122025	34	panx	0.275163869114008	0.9291671426939335	0.854417949216826	9.999000099990002e-05	0.9466093912145452	0.9704755851124885	0.9583939305309112	1964	1060	20	aa	0.95	883.0
True	PROKKA_06122025	34	diamond	0.9921832956048457	0.9989717811036216	0.9971498136197328	9.999000099990002e-05	0.9987339541924372	0.999710727416625	0.9992221020974155	1931	1065	2	aa	0.85	2.0
True	PROKKA_06122025	34	panta	0.2535019267146875	0.9440191934193991	0.8577454014687096	9.999000099990002e-05	0.9432080976882987	0.9746772099235844	0.9586844775164246	1987	1126	0	aa	0.7	12.0
True	PROKKA_06122025	34	mmseqs2	0.9983306595966198	0.9995430138238318	0.9992162624804178	9.999000099990002e-05	0.9997314805653293	0.9998415715269895	0.9997865230155075	1939	1071	2	aa	0.8	1.0
True	PROKKA_06122025	34	panta	0.2535019267146875	0.9440191934193991	0.8577454014687097	9.999000099990002e-05	0.9432080976882987	0.9746772099235844	0.9586844775164246	1987	1126	0	aa	0.5	10.0
True	PROKKA_06122025	34	panaroo	0.28789170049984575	0.9448189192276933	0.8643543950310282	9.999000099990002e-05	0.947096559619883	0.9750427680296608	0.9608665072290848	1897	1031	1	aa	0.7	37.0
True	PROKKA_06122025	34	cdhit	0.9893778723092568	0.9891465783160059	0.9929154064112566	9.999000099990002e-05	0.9997275774201783	0.9964487964154575	0.9980854941685654	1990	1096	19	nt	0.95	2.0
True	PROKKA_06122025	34	cdhit	0.9902425286594926	1.0	0.9969078798007417	9.999000099990002e-05	0.9983107967619057	1.0	0.9991546844260505	1926	1064	2	aa	0.8	1.0
True	PROKKA_06122025	34	ppanggolin	0.2867998634709292	0.9429909745230207	0.862793849067805	9.999000099990002e-05	0.9466928052343765	0.9745566675257712	0.9604226817190833	1897	1028	0	aa	0.9	5.0
True	PROKKA_06122025	34	cdhit	0.9667486022114359	0.9992002741917057	0.9888305930512759	9.999000099990002e-05	0.9941241030569534	0.999729485538981	0.996918915005087	1890	1037	5	aa	0.5	3.0
True	PROKKA_06122025	34	panaroo	0.2855768943282164	0.9394493316577174	0.861960520623661	9.999000099990002e-05	0.9474336832867108	0.9735951156254509	0.9603362603926784	1918	1034	6	aa	0.9	35.0
True	PROKKA_06122025	34	ppanggolin	0.2852850092843822	0.9448189192276933	0.856726806077333	9.999000099990002e-05	0.9420444427854978	0.9749122820198552	0.9581965889953907	1848	996	4	aa	0.5	6.0
True	PROKKA_06122025	34	cdhit	0.9946954230610049	1.0	0.9982223467420226	9.999000099990002e-05	0.9990301396790523	1.0	0.9995148345681755	1931	1066	2	nt	0.85	29.0
True	PROKKA_06122025	34	diamond	0.9688352511578614	1.0	0.9896188269988452	9.999000099990002e-05	0.9942876435065452	1.0000000000000002	0.997135640632356	1883	1027	6	aa	0.5	1.0
True	PROKKA_06122025	34	mmseqs2	0.9954450873597267	0.9950873986061921	0.9974827245570884	9.999000099990002e-05	0.9999435174270909	0.9986902806865049	0.9993165061378125	1954	1075	5	aa	0.9	1.0
True	PROKKA_06122025	34	panaroo	0.2876762838637738	0.9445904261396093	0.8638635900690709	9.999000099990002e-05	0.9468790961413038	0.974956691590081	0.9607127901385121	1895	1028	2	aa	0.6	39.0
True	PROKKA_06122025	34	panx	0.12145617181919956	0.9475608362847023	0.8174455448437545	9.999000099990002e-05	0.9145925597368146	0.9754344966091409	0.9440342455563753	1830	1005	0	aa	0.6	1207.0
True	PROKKA_06122025	34	panaroo	0.2869871093082495	0.9448189192276933	0.8620330236462677	9.999000099990002e-05	0.9455687812415304	0.97500345198649	0.9600605588799987	1884	1021	3	aa	0.5	40.0
True	PROKKA_06122025	34	panx	0.15417175281146894	0.9467611104764081	0.8321857362550217	9.999000099990002e-05	0.9250184531369166	0.9753321969426991	0.9495092709051017	1852	1015	0	aa	0.7	1209.0
True	PROKKA_06122025	34	diamond	0.9897059485049227	0.9995430138238318	0.9966169324378491	9.999000099990002e-05	0.9983107967619057	0.99984134610515	0.9990754852466099	1928	1065	2	aa	0.8	2.0
True	PROKKA_06122025	34	panx	0.1893903175296416	0.9451616588598195	0.8433368383520327	9.999000099990002e-05	0.9332664656013053	0.9748797873160503	0.9536193696930506	1877	1028	1	aa	0.85	1194.0
True	PROKKA_06122025	34	panta	0.2524059544841222	0.9416200159945162	0.8565792726679251	9.999000099990002e-05	0.9432080976882987	0.9740898570044703	0.9584002723769437	1899	1029	1	aa	0.9	10.0
True	PROKKA_06122025	34	mmseqs2	0.9995711064813977	1.0	0.9997133459804455	9.999000099990002e-05	0.9998438357611665	0.9999999999999999	0.9999219117832898	1937	1069	2	nt	0.8	1.0
True	PROKKA_06122025	34	panx	0.177990700162393	0.9460756312121559	0.8403678431682934	9.999000099990002e-05	0.9308364978744074	0.9751857823881357	0.9524951810427428	1866	1021	0	aa	0.8	1208.0
True	PROKKA_06122025	34	mmseqs2	0.998266324696574	0.9987432880155376	0.9989873873494279	9.999000099990002e-05	0.9998975231770144	0.9995514826128522	0.9997244729506658	1944	1073	3	aa	0.85	1.0
True	PROKKA_06122025	34	ppanggolin	0.2871098624062577	0.9447046726836513	0.8623093553747063	9.999000099990002e-05	0.9458214228892612	0.9749560038485064	0.9601677549705148	1887	1026	0	aa	0.8	5.0
True	PROKKA_06122025	34	mmseqs2	0.9963508614409218	1.0	0.9984796250803336	9.999000099990002e-05	0.9991707142843613	1.0	0.9995851851421625	1931	1066	2	nt	0.5	4.0
True	PROKKA_06122025	34	hdbscan_dist	0.9680589375205164	0.9900605506683423	0.979121642532695	9.999000099990002e-05	0.9908243779008424	0.9976468458319251	0.9942239078829127	1820	964	0	aa	0.9	1937.0
True	PROKKA_06122025	34	hdbscan_tsne	0.8492970717200985	0.9549868616474352	0.9100339434893165	9.999000099990002e-05	0.9583431126563968	0.98951237739615	0.9736783622898799	1261	341	0	aa	0.9	1937.0
True	PROKKA_06122025	34	hdbscan_umap	0.11369508411785445	0.935793442248372	0.7671193219998695	9.999000099990002e-05	0.8653147528290025	0.9813706390281594	0.9196959002207516	916	105	0	aa	0.9	1937.0
True	PROKKA_06122025	34	cdhit	0.9949655051822666	0.9982863018393694	0.9977255007133402	9.999000099990002e-05	0.9993422601732618	0.9994187733835207	0.9993805153139163	1941	1071	4	nt	0.9	2.0
True	PROKKA_06122025	34	mmseqs2	0.9964105123738093	0.999885753455958	0.9985588692438045	9.999000099990002e-05	0.9992693039183546	0.9999448168081352	0.9996069462389848	1934	1069	2	aa	0.7	1.0
True	PROKKA_06122025	34	mmseqs2	0.9975588608862757	0.9978293156632012	0.998522631372341	9.999000099990002e-05	0.9998975231770144	0.9992991580620575	0.9995982510733663	1947	1073	4	nt	0.9	2.0
True	PROKKA_06122025	34	mmseqs2	0.9934514729662879	0.999885753455958	0.9975909691889541	9.999000099990002e-05	0.9987402556643429	0.9999447875783539	0.9993421586584251	1929	1065	3	aa	0.6	1.0
True	PROKKA_06122025	34	ppanggolin	0.28241072381813626	0.9317948132069005	0.8573278315904773	9.999000099990002e-05	0.9471191213062167	0.9715256251651296	0.9591671393311917	1947	1051	12	aa	0.95	5.0
True	PROKKA_06122025	34	ppanggolin	0.2869436223412185	0.9448189192276933	0.8614301697914823	9.999000099990002e-05	0.9451699016635335	0.974993166767863	0.9598499322345682	1877	1016	2	aa	0.7	5.0
True	PROKKA_06122025	34	cdhit	0.9808977831496958	0.9782931566320119	0.9865536305474248	9.999000099990002e-05	0.999891434824783	0.9929285764455871	0.996397841617227	2055	1138	35	aa	0.95	1.0
True	PROKKA_06122025	34	ppanggolin	0.2873626484567818	0.9447046726836513	0.8629024282178865	9.999000099990002e-05	0.946212095651806	0.9749660851772105	0.9603739120614858	1889	1026	0	aa	0.85	5.0
True	PROKKA_06122025	34	mmseqs2	0.9964725782093499	1.0	0.9985717096585134	9.999000099990002e-05	0.999221013058294	1.0	0.999610354764872	1932	1067	2	nt	0.6	2.0
True	PROKKA_06122025	1274	panaroo	0.3827602800997569	0.9551600600947648	0.8913830939487634	9.999000099990002e-05	0.9593763109363955	0.9799937673462877	0.969575446982121	1908	1022	5	aa	0.85	33.0
True	PROKKA_06122025	1274	panta	0.33386326531774385	0.95585346122732	0.8851017785142934	9.999000099990002e-05	0.9552692746339931	0.9801211180139681	0.9675356383036119	1989	1115	3	aa	0.6	13.0
True	PROKKA_06122025	1274	diamond	0.9789361487588246	1.0	0.9928595998584223	9.999000099990002e-05	0.9961445076839192	0.9999999999999999	0.9980685304589725	1902	1030	8	aa	0.6	2.0
True	PROKKA_06122025	1274	diamond	0.9571239090579353	0.95250202241997	0.9747001264435066	9.999000099990002e-05	0.9994998816817773	0.9873980053485791	0.9934120882213707	2100	1103	46	aa	0.95	1.0
True	PROKKA_06122025	1274	diamond	0.9857591756840082	1.0	0.9952511555806844	9.999000099990002e-05	0.9974419233440529	0.9999999999999999	0.9987193236378735	1917	1044	5	aa	0.7	2.0
True	PROKKA_06122025	1274	panta	0.33366522213502736	0.9553911938056165	0.8851259470753224	9.999000099990002e-05	0.9552916944313207	0.980115757994179	0.9675445261096913	1895	1017	3	aa	0.8	11.0
True	PROKKA_06122025	1274	mmseqs2	0.9955108026141607	1.0	0.9983835739034042	9.999000099990002e-05	0.9991319689860612	0.9999999999999999	0.9995657960417795	1932	1054	4	nt	0.7	1.0
True	PROKKA_06122025	1274	cdhit	0.9870838699074844	0.9996532994337224	0.9955895002052261	9.999000099990002e-05	0.997718435042414	0.9999071507312906	0.9988115938442487	1920	1045	5	aa	0.7	1.0
True	PROKKA_06122025	1274	panx	0.10884541296866221	0.9589737663238184	0.821082670268171	9.999000099990002e-05	0.9121914698845357	0.9805738871088864	0.9451474078467682	1798	980	2	aa	0.5	1317.0
True	PROKKA_06122025	1274	ppanggolin	0.3802528702602863	0.9564312955044493	0.8866329144123251	9.999000099990002e-05	0.9559377747220696	0.9803030914616295	0.9679671286476073	1870	999	6	aa	0.6	7.0
True	PROKKA_06122025	1274	panx	0.2983821797268722	0.9528487229862476	0.8777055915419866	9.999000099990002e-05	0.9516297928502296	0.9792761585525643	0.9652550578442398	1895	1016	6	aa	0.9	960.0
True	PROKKA_06122025	1274	panaroo	0.358583598279439	0.9100889864786779	0.8658712065710072	9.999000099990002e-05	0.9593866205068752	0.9676517140886184	0.9635014427484504	2090	1064	75	aa	0.95	36.0
True	PROKKA_06122025	1274	cdhit	0.9912018114472643	0.9998844331445741	0.9971340644959561	9.999000099990002e-05	0.9985101382482791	0.9999491535530535	0.9992291278102914	1928	1052	4	nt	0.8	32.0
True	PROKKA_06122025	1274	panta	0.3222734650927879	0.9326245232867214	0.8724856365278774	9.999000099990002e-05	0.9552916944313206	0.9738616536835443	0.9644872971846798	1979	1038	29	aa	0.95	11.0
True	PROKKA_06122025	1274	mmseqs2	0.988489866632738	1.0	0.9954067665671411	9.999000099990002e-05	0.9975261039921771	0.9999999999999998	0.9987615200607999	1911	1036	5	aa	0.5	3.0
True	PROKKA_06122025	1274	cdhit	0.9786677699552438	0.9994221657228707	0.9926535452294146	9.999000099990002e-05	0.9962046693912366	0.9998296364074938	0.9980138612761124	1906	1033	8	aa	0.6	1.0
True	PROKKA_06122025	1274	panaroo	0.3826731613353495	0.9552756269501906	0.8912675623309554	9.999000099990002e-05	0.9592130470698257	0.9800642203555214	0.9695265374604529	1905	1022	3	aa	0.8	34.0
True	PROKKA_06122025	1274	cdhit	0.9922178939179325	0.994915058361262	0.9956451883223502	9.999000099990002e-05	0.9991045383134659	0.9985637669687015	0.9988340794473392	1950	1061	8	aa	0.9	1.0
True	PROKKA_06122025	1274	cdhit	0.9915481845291745	0.9988443314457414	0.9968519787480853	9.999000099990002e-05	0.9987202269547066	0.9995889169433162	0.9991543831338078	1936	1057	7	aa	0.85	1.0
True	PROKKA_06122025	1274	panta	0.33366522213502736	0.9553911938056165	0.8851259470753224	9.999000099990002e-05	0.9552916944313207	0.980115757994179	0.9675445261096913	1895	1017	3	aa	0.85	11.0
True	PROKKA_06122025	1274	mmseqs2	0.9992754718469218	0.9997688662891483	0.9994822612581055	9.999000099990002e-05	0.9997994513771703	0.999922890585254	0.9998611671713736	1938	1057	4	nt	0.85	1.0
True	PROKKA_06122025	1274	mmseqs2	0.9688172059622919	0.9667167456373512	0.9806112230070922	9.999000099990002e-05	0.9999595362960692	0.9899418381414529	0.994925471326756	2086	1128	39	aa	0.95	2.0
True	PROKKA_06122025	1274	diamond	0.9864292712912726	0.9902923841442275	0.9930551746935955	9.999000099990002e-05	0.9989472464905458	0.9973446890357132	0.9981453245229425	1971	1079	6	aa	0.9	1.0
True	PROKKA_06122025	1274	mmseqs2	0.9819886863250604	0.9813937362764359	0.9890571845513142	9.999000099990002e-05	0.9999098517439152	0.9943162683675671	0.9971052153648426	2017	1089	26	nt	0.95	1.0
True	PROKKA_06122025	1274	hdbscan_dist	0.02344964662992555	0.9824338379752687	0.6934896297094478	9.999000099990002e-05	0.7988513143565864	0.9943470286148038	0.8859426330042907	1545	856	0	nt	0.9	1968.0
True	PROKKA_06122025	1274	hdbscan_tsne	0.7249005139089156	0.8015717092337917	0.8358795765170246	9.999000099990002e-05	0.9686064154682217	0.9480517808388972	0.9582188821000244	1919	557	0	nt	0.9	1968.0
True	PROKKA_06122025	1274	hdbscan_umap	0.7524602853394572	0.9800069340113255	0.8761880651726565	9.999000099990002e-05	0.9305471081363659	0.9948171424617694	0.9616094354662463	883	19	0	nt	0.9	1968.0
True	PROKKA_06122025	1274	panx	0.3637376438116422	0.9364382295157748	0.8787683563251214	9.999000099990002e-05	0.9581565905790753	0.9747136354198452	0.966364198840255	1981	1053	28	aa	0.95	996.0
True	PROKKA_06122025	1274	diamond	0.9925448450988766	0.9981509303131861	0.9969666835022228	9.999000099990002e-05	0.9988352495033838	0.9995360215502859	0.999185512656408	1934	1053	4	aa	0.85	2.0
True	PROKKA_06122025	1274	panta	0.3337752584830512	0.9555067606610425	0.8850030038782329	9.999000099990002e-05	0.9552916944313206	0.9800539441140824	0.967514405964727	1991	1117	2	aa	0.7	13.0
True	PROKKA_06122025	1274	mmseqs2	0.9976032412466196	0.9993065988674448	0.9989296838325669	9.999000099990002e-05	0.9996394630212333	0.9997865025630015	0.9997129773854089	1940	1059	4	aa	0.8	2.0
True	PROKKA_06122025	1274	panta	0.33386326531774385	0.95585346122732	0.8851017785142933	9.999000099990002e-05	0.9552692746339931	0.9801211180139678	0.9675356383036118	1989	1115	3	aa	0.5	13.0
True	PROKKA_06122025	1274	panaroo	0.3829875761884053	0.9564312955044493	0.8914711937056128	9.999000099990002e-05	0.9589620206212739	0.9803639891926517	0.9695449112351375	1899	1020	3	aa	0.7	38.0
True	PROKKA_06122025	1274	cdhit	0.9850594436578156	0.9861319773488963	0.9905980610717907	9.999000099990002e-05	0.9994836827877306	0.9955303386533744	0.9975030937230586	2003	1087	29	nt	0.95	1.0
True	PROKKA_06122025	1274	cdhit	0.9890743348364881	0.999191032012019	0.9963046345231429	9.999000099990002e-05	0.9982446965195721	0.9997681367439363	0.9990058358371571	1929	1053	4	aa	0.8	1.0
True	PROKKA_06122025	1274	ppanggolin	0.38120818053835426	0.9542355252513579	0.8891366881811924	9.999000099990002e-05	0.9582261998439264	0.9797708462617225	0.9688787675067053	1900	1018	4	aa	0.9	5.0
True	PROKKA_06122025	1274	cdhit	0.9686939675622575	0.9994221657228707	0.9890636857067012	9.999000099990002e-05	0.9943304324264143	0.9997462380757552	0.9970309807317562	1889	1023	7	aa	0.5	3.0
True	PROKKA_06122025	1274	panaroo	0.3794446106454075	0.9493817173234717	0.8881874701107988	9.999000099990002e-05	0.9593763109363955	0.9784003063726358	0.9687949252378912	1930	1028	11	aa	0.9	33.0
True	PROKKA_06122025	1274	ppanggolin	0.3781511807618815	0.9564312955044493	0.8829646181471132	9.999000099990002e-05	0.9536231401732033	0.98025622703279	0.9667562902311818	1849	987	5	aa	0.5	7.0
True	PROKKA_06122025	1274	cdhit	0.9922539879209537	0.999191032012019	0.9972885639955641	9.999000099990002e-05	0.9987787427703269	0.9997646578668177	0.9992714571343169	1934	1057	4	nt	0.85	30.0
True	PROKKA_06122025	1274	diamond	0.9642294713175379	0.9996532994337224	0.9881450970890674	9.999000099990002e-05	0.9936636320316886	0.9999067718803564	0.9967754263305684	1882	1016	9	aa	0.5	2.0
True	PROKKA_06122025	1274	mmseqs2	0.9945465645667371	0.9944527909395585	0.9966192143380945	9.999000099990002e-05	0.9998563704391294	0.9983386538386264	0.9990969357527766	1960	1065	11	aa	0.9	1.0
True	PROKKA_06122025	1274	panaroo	0.3829532167424495	0.9564312955044493	0.8912866368513037	9.999000099990002e-05	0.9588471342924878	0.9803616826655173	0.9694850619218789	1896	1016	4	aa	0.6	40.0
True	PROKKA_06122025	1274	panx	0.1774434839017829	0.9575869640587079	0.8517913300228962	9.999000099990002e-05	0.9333491239610356	0.9803596250290789	0.9562769649984881	1839	995	2	aa	0.6	1417.0
True	PROKKA_06122025	1274	panaroo	0.3824728282272792	0.9564312955044493	0.8901856208518708	9.999000099990002e-05	0.9581612450418007	0.9803479010575248	0.9691276075137636	1887	1009	3	aa	0.5	41.0
True	PROKKA_06122025	1274	panx	0.2324527616209223	0.9570091297815786	0.8668561227475321	9.999000099990002e-05	0.9432875063324898	0.9803400677614029	0.9614569372266037	1863	1006	3	aa	0.7	988.0
True	PROKKA_06122025	1274	diamond	0.9894242216979108	0.9994221657228707	0.9965628172737637	9.999000099990002e-05	0.998321796415259	0.9998299976337539	0.999075327830784	1929	1053	4	aa	0.8	2.0
True	PROKKA_06122025	1274	panx	0.27552132980516547	0.9550444932393389	0.8747846192788307	9.999000099990002e-05	0.9490230991415449	0.9798577240261753	0.96419395413549	1882	1012	5	aa	0.85	919.0
True	PROKKA_06122025	1274	panta	0.33211316483240266	0.95250202241997	0.8836161849250221	9.999000099990002e-05	0.9552916944313206	0.9793570340866558	0.967174688360674	1903	1017	4	aa	0.9	11.0
True	PROKKA_06122025	1274	mmseqs2	0.9996297213215753	1.0	0.9996822884431897	9.999000099990002e-05	0.9998296055106214	0.9999999999999999	0.9999147954961217	1937	1056	4	nt	0.8	1.0
True	PROKKA_06122025	1274	panx	0.2625131670849835	0.9560845949381718	0.8729376676635164	9.999000099990002e-05	0.9474722300013313	0.9801458392732536	0.9635321217052466	1875	1010	3	aa	0.8	915.0
True	PROKKA_06122025	1274	mmseqs2	0.9985333342661176	0.9986131977348897	0.9990076404179175	9.999000099990002e-05	0.9998520253079489	0.9996162452868353	0.9997341213956416	1943	1059	4	aa	0.85	1.0
True	PROKKA_06122025	1274	ppanggolin	0.38151356391527746	0.95585346122732	0.8890677799653035	9.999000099990002e-05	0.9576384303980681	0.980196888636224	0.968786357328285	1890	1015	3	aa	0.8	7.0
True	PROKKA_06122025	1274	mmseqs2	0.9943151634891289	1.0	0.9979632145865673	9.999000099990002e-05	0.9989057783403951	0.9999999999999999	0.999452589676081	1930	1053	4	nt	0.5	4.0
True	PROKKA_06122025	1274	hdbscan_dist	0.9555030810991789	0.9857852767826187	0.9721263972226163	9.999000099990002e-05	0.9882079728456676	0.9965861649578731	0.9923793859336146	1786	914	0	aa	0.9	1939.0
True	PROKKA_06122025	1274	hdbscan_tsne	0.8474053307097512	0.973766323818329	0.905670387529889	9.999000099990002e-05	0.9517991603227902	0.9934250619679392	0.9721667342916539	1135	239	0	aa	0.9	1939.0
True	PROKKA_06122025	1274	hdbscan_umap	0.19733176731453825	0.9675257136253322	0.8052000186941002	9.999000099990002e-05	0.8851667789668215	0.9901922587902235	0.9347386549719161	871	86	0	aa	0.9	1939.0
True	PROKKA_06122025	1274	cdhit	0.9922614606978627	0.9987287645903155	0.9972563687135972	9.999000099990002e-05	0.9989589077749079	0.9995681952003012	0.9992634586114144	1939	1059	6	nt	0.9	2.0
True	PROKKA_06122025	1274	mmseqs2	0.9964673452116654	0.9996532994337224	0.9985671591404524	9.999000099990002e-05	0.9993236036768692	0.9999072998570766	0.9996153665588986	1934	1054	4	aa	0.7	2.0
True	PROKKA_06122025	1274	mmseqs2	0.9984041912009425	0.9987287645903155	0.9988929643930023	9.999000099990002e-05	0.9998520253079489	0.9995548981638172	0.9997034396582012	1945	1062	5	nt	0.9	2.0
True	PROKKA_06122025	1274	mmseqs2	0.9949974311952638	0.9996532994337224	0.9979555332234313	9.999000099990002e-05	0.9989946628599475	0.9999072693363598	0.9994507577711298	1929	1048	6	aa	0.6	2.0
True	PROKKA_06122025	1274	ppanggolin	0.37557932279858863	0.9422165722870681	0.8832685882482484	9.999000099990002e-05	0.9588016736593219	0.9764142892605757	0.9675278342737275	1957	1042	19	aa	0.95	5.0
True	PROKKA_06122025	1274	ppanggolin	0.3810597694982906	0.9564312955044493	0.8880511240000526	9.999000099990002e-05	0.9568276041053823	0.9803210486956487	0.9684318639369565	1880	1009	3	aa	0.7	7.0
True	PROKKA_06122025	1274	cdhit	0.9730179236851377	0.9715705535652375	0.9824635670604394	9.999000099990002e-05	0.9996731052365612	0.9911506855573556	0.9953936537932755	2075	1126	47	aa	0.95	1.0
True	PROKKA_06122025	1274	ppanggolin	0.3817263088893872	0.95585346122732	0.8893909858624418	9.999000099990002e-05	0.9578402085740151	0.9802009777546535	0.9688915959062065	1891	1015	3	aa	0.85	7.0
True	PROKKA_06122025	1274	mmseqs2	0.9955108026141607	1.0	0.9983835739034042	9.999000099990002e-05	0.9991319689860612	0.9999999999999999	0.9995657960417795	1932	1054	4	nt	0.6	1.0
True	PROKKA_06122025	1681	panaroo	0.3125725886057751	0.9479762305191165	0.8736057543077995	9.999000099990002e-05	0.9510253019233762	0.9765041084367787	0.963596310970926	1898	1006	3	aa	0.85	31.0
True	PROKKA_06122025	1681	panta	0.2705050468682563	0.9483125910976566	0.866782645206943	9.999000099990002e-05	0.9465454854468569	0.9765088082698411	0.9612937159257102	1983	1100	2	aa	0.6	14.0
True	PROKKA_06122025	1681	diamond	0.981500332930505	0.9995515192286131	0.9932146278089079	9.999000099990002e-05	0.9964830899438394	0.9997862315458216	0.9981319279611511	1908	1028	5	aa	0.6	2.0
True	PROKKA_06122025	1681	diamond	0.958468926894755	0.9531337593900662	0.9746716519933643	9.999000099990002e-05	0.9998296550375771	0.9868342530673923	0.993289450518878	2117	1101	64	aa	0.95	2.0
True	PROKKA_06122025	1681	diamond	0.9886854456527272	0.9995515192286131	0.9956162301766953	9.999000099990002e-05	0.9978090035415662	0.9997865155460554	0.9987967807286076	1921	1038	3	aa	0.7	2.0
True	PROKKA_06122025	1681	panta	0.2700101905500695	0.9476398699405763	0.8664924785962246	9.999000099990002e-05	0.9465454854468569	0.9763610023497107	0.9612220924996521	1888	1001	3	aa	0.8	11.0
True	PROKKA_06122025	1681	mmseqs2	0.99760585685033	1.0	0.9989823237950325	9.999000099990002e-05	0.999443333761086	1.0	0.9997215893896493	1933	1044	3	nt	0.7	1.0
True	PROKKA_06122025	1681	cdhit	0.9895048265233932	0.9991030384572261	0.9958282117716944	9.999000099990002e-05	0.9979634722860775	0.9997490602689464	0.9988554682837084	1921	1035	5	aa	0.7	1.0
True	PROKKA_06122025	1681	panx	0.10249291168183146	0.9521246776544455	0.8104301057253213	9.999000099990002e-05	0.9068800854055211	0.9771741401424825	0.9407157773399258	1788	956	2	aa	0.5	1377.0
True	PROKKA_06122025	1681	ppanggolin	0.311699143922075	0.9493216728332773	0.8699865699508554	9.999000099990002e-05	0.9481565452819439	0.9768292541706083	0.9622793593886675	1862	981	5	aa	0.6	6.0
True	PROKKA_06122025	1681	panx	0.24501486609711987	0.9458459468550285	0.8606043261630465	9.999000099990002e-05	0.943377994182569	0.9757953823774471	0.9593129019014003	1886	999	6	aa	0.9	1336.0
True	PROKKA_06122025	1681	panaroo	0.2914243030640797	0.9046978360802781	0.8484808952968833	9.999000099990002e-05	0.9511441043535169	0.9641305503911888	0.9575933003237331	2080	1038	84	aa	0.95	34.0
True	PROKKA_06122025	1681	cdhit	0.9939471050516852	1.0	0.9978885960118962	9.999000099990002e-05	0.9988438205630994	1.0	0.9994215759005249	1928	1041	3	nt	0.8	34.0
True	PROKKA_06122025	1681	panta	0.2616161906408411	0.9273461150353178	0.8558070627566289	9.999000099990002e-05	0.946529023750374	0.9710172932761589	0.9586167932304457	1958	1017	30	aa	0.95	12.0
True	PROKKA_06122025	1681	mmseqs2	0.985571603798005	1.0	0.9949882583075635	9.999000099990002e-05	0.9972477351048744	1.0000000000000002	0.9986219712022951	1910	1026	5	aa	0.5	2.0
True	PROKKA_06122025	1681	cdhit	0.9816243404267863	1.0	0.9936377103604561	9.999000099990002e-05	0.9965013780937304	0.9999999999999999	0.9982476235956269	1904	1022	7	aa	0.6	1.0
True	PROKKA_06122025	1681	panaroo	0.31299510378124346	0.9487610718690436	0.874045521637013	9.999000099990002e-05	0.9509712559705948	0.9767678421309	0.9636969468925556	1893	1004	2	aa	0.8	32.0
True	PROKKA_06122025	1681	cdhit	0.9952679394966747	0.9968606346002915	0.9972463586491777	9.999000099990002e-05	0.9995222970751428	0.9989750447201677	0.999248595970075	1947	1050	7	aa	0.9	1.0
True	PROKKA_06122025	1681	cdhit	0.9949527773644542	0.9997757596143065	0.9979998597365916	9.999000099990002e-05	0.999010372411349	0.9998948172649793	0.9994523991703799	1931	1044	3	aa	0.85	1.0
True	PROKKA_06122025	1681	panta	0.26982654286983127	0.9473035093620361	0.8662431473628274	9.999000099990002e-05	0.946545485446857	0.9762342233371555	0.9611606494671019	1890	1002	4	aa	0.85	11.0
True	PROKKA_06122025	1681	mmseqs2	0.9982610250299604	0.9994393990357664	0.9992789909576286	9.999000099990002e-05	0.9997419226819207	0.999863980732026	0.9998029479816974	1938	1048	2	nt	0.85	1.0
True	PROKKA_06122025	1681	mmseqs2	0.9692104800776151	0.9672609036887544	0.981743837419353	9.999000099990002e-05	0.9999400336486419	0.9903527584215668	0.995123304998789	2074	1106	40	aa	0.95	1.0
True	PROKKA_06122025	1681	diamond	0.9901769534492104	0.9922637066935756	0.9944723500784335	9.999000099990002e-05	0.9993374414586035	0.9976552080468473	0.9984956162099942	1968	1068	8	aa	0.9	2.0
True	PROKKA_06122025	1681	mmseqs2	0.9808662457329104	0.980378966251822	0.9882281674200699	9.999000099990002e-05	0.9999253954063667	0.9937533072491609	0.9968297974632997	2031	1095	28	nt	0.95	1.0
True	PROKKA_06122025	1681	hdbscan_dist	0.025496395671673847	0.9931606682363494	0.7099896872593365	9.999000099990002e-05	0.804643535410678	0.9980012892162332	0.8909523104370454	1555	906	0	nt	0.9	1928.0
True	PROKKA_06122025	1681	hdbscan_tsne	0.8271010254845264	0.9559367642112344	0.8963792400912233	9.999000099990002e-05	0.9506592294357837	0.98834837772847	0.9691375152050778	1134	197	0	nt	0.9	1928.0
True	PROKKA_06122025	1681	hdbscan_umap	0.7339886098080441	0.9730911537167843	0.8753313734510049	9.999000099990002e-05	0.9304916341253681	0.9931742389648114	0.960811680981839	926	70	0	nt	0.9	1928.0
True	PROKKA_06122025	1681	panx	0.298421118080593	0.9275703554210113	0.8612057907333609	9.999000099990002e-05	0.9505031219212005	0.9707166431424527	0.9605035473671587	1977	1034	30	aa	0.95	1319.0
True	PROKKA_06122025	1681	diamond	0.9915446126003332	0.9979818365287588	0.9966262959483012	9.999000099990002e-05	0.9988144688718389	0.9993398943818167	0.9990771125450862	1937	1046	6	aa	0.85	2.0
True	PROKKA_06122025	1681	panta	0.2705050468682563	0.9483125910976566	0.8667826452069427	9.999000099990002e-05	0.9465454854468569	0.976508808269841	0.9612937159257102	1983	1100	2	aa	0.7	14.0
True	PROKKA_06122025	1681	mmseqs2	0.998081360782552	0.9993272788429196	0.9992236691258917	9.999000099990002e-05	0.9997165499062584	0.9998590972354092	0.9997878184898206	1938	1048	3	aa	0.8	4.0
True	PROKKA_06122025	1681	panta	0.2704412103332311	0.94820047090481	0.8666850744876652	9.999000099990002e-05	0.946545485446857	0.9764591494948428	0.9612696536278938	1984	1101	2	aa	0.5	12.0
True	PROKKA_06122025	1681	panaroo	0.3132143128399026	0.9493216728332773	0.8740146189379033	9.999000099990002e-05	0.9507867580445574	0.9768918714602465	0.9636625537155736	1890	1002	3	aa	0.7	36.0
True	PROKKA_06122025	1681	cdhit	0.9851007893545282	0.9858728557013118	0.9910508042987121	9.999000099990002e-05	0.9996473010448764	0.9955178846719098	0.9975783195080702	2000	1077	22	nt	0.95	2.0
True	PROKKA_06122025	1681	cdhit	0.9934125521426512	0.9998878798071533	0.9975703076404645	9.999000099990002e-05	0.9987166653001535	0.9999526137969958	0.9993342574021378	1927	1040	4	aa	0.8	1.0
True	PROKKA_06122025	1681	ppanggolin	0.31253137818932286	0.9480883507119632	0.8731239804418697	9.999000099990002e-05	0.9506504089877946	0.9765431679193827	0.9634228477106548	1892	999	7	aa	0.9	5.0
True	PROKKA_06122025	1681	cdhit	0.9693449619264629	0.9988787980715327	0.9895323921376582	9.999000099990002e-05	0.9945802123656725	0.9996457098907956	0.9971065277384935	1889	1009	8	aa	0.5	4.0
True	PROKKA_06122025	1681	panaroo	0.30932583140032893	0.9413611391411594	0.8701092658139051	9.999000099990002e-05	0.9510253019233762	0.9747417900980463	0.962737507631078	1920	1007	13	aa	0.9	32.0
True	PROKKA_06122025	1681	ppanggolin	0.3101064049604718	0.9493216728332773	0.8664309570566787	9.999000099990002e-05	0.9458156582591792	0.9767732387346775	0.9610452085813136	1840	965	7	aa	0.5	6.0
True	PROKKA_06122025	1681	cdhit	0.9941490330604289	0.9995515192286131	0.9979237183776668	9.999000099990002e-05	0.998983519032485	0.9998799596753387	0.999431538338226	1932	1045	3	nt	0.85	30.0
True	PROKKA_06122025	1681	diamond	0.9660907478367466	0.9995515192286131	0.9888801282254921	9.999000099990002e-05	0.9940740296576698	0.9997857136057843	0.9969216906817797	1886	1010	9	aa	0.5	2.0
True	PROKKA_06122025	1681	mmseqs2	0.9963340360986482	0.997084874985985	0.9979398572551599	9.999000099990002e-05	0.9997823274042548	0.9990939499851639	0.9994380201622428	1951	1054	9	aa	0.9	2.0
True	PROKKA_06122025	1681	panaroo	0.3131874870257881	0.9493216728332773	0.8738351126436767	9.999000099990002e-05	0.9506699266171581	0.976889097246213	0.9636011918647084	1887	998	4	aa	0.6	38.0
True	PROKKA_06122025	1681	panx	0.15673673811938194	0.9505549949545913	0.8375166569464766	9.999000099990002e-05	0.9262441729395768	0.976923626730511	0.9509091282681352	1830	974	2	aa	0.6	1379.0
True	PROKKA_06122025	1681	panaroo	0.31259513293287017	0.9493216728332773	0.8722763101294707	9.999000099990002e-05	0.9496545135650176	0.9768649577309048	0.9630675734916122	1877	991	4	aa	0.5	38.0
True	PROKKA_06122025	1681	panx	0.18834614147492362	0.9501065141832044	0.848278308444203	9.999000099990002e-05	0.933632180083562	0.9769094379640528	0.9547806545482488	1848	982	2	aa	0.7	1337.0
True	PROKKA_06122025	1681	diamond	0.9919239855274824	0.9985424374929925	0.9968919258379367	9.999000099990002e-05	0.9987591129204973	0.9995397398617828	0.9991492739168442	1933	1044	4	aa	0.8	2.0
True	PROKKA_06122025	1681	panx	0.2262650964899128	0.947751990133423	0.8575028128153	9.999000099990002e-05	0.9405865892253037	0.9763499732004324	0.9581346708946075	1873	994	3	aa	0.85	1335.0
True	PROKKA_06122025	1681	panta	0.26890771987073164	0.9453974660836416	0.865325979076438	9.999000099990002e-05	0.946545485446857	0.975768492077797	0.9609348647683966	1895	1003	6	aa	0.9	12.0
True	PROKKA_06122025	1681	mmseqs2	0.9984265165481211	0.9997757596143065	0.9992810191328075	9.999000099990002e-05	0.9996945950485984	0.9999123462670717	0.9998034588016067	1937	1047	3	nt	0.8	2.0
True	PROKKA_06122025	1681	panx	0.2108385858624677	0.9483125910976566	0.8540062320503911	9.999000099990002e-05	0.938017931271999	0.9765197372630542	0.9568816940485233	1863	988	2	aa	0.8	1340.0
True	PROKKA_06122025	1681	mmseqs2	0.9979003572533675	0.9989909182643795	0.9990566627501863	9.999000099990002e-05	0.9997719058575999	0.999712683925411	0.9997422940144701	1942	1052	3	aa	0.85	1.0
True	PROKKA_06122025	1681	ppanggolin	0.31275387910195085	0.9493216728332773	0.8727513947891935	9.999000099990002e-05	0.9499644339932103	0.976872330845154	0.9632305006727344	1881	995	4	aa	0.8	5.0
True	PROKKA_06122025	1681	mmseqs2	0.9972616578664187	0.9997757596143065	0.9987050818473739	9.999000099990002e-05	0.9993623068412821	0.9999293227159365	0.9996457343733803	1932	1042	3	nt	0.5	4.0
True	PROKKA_06122025	1681	hdbscan_dist	0.9600894555850713	0.9860970960870052	0.9752429471218197	9.999000099990002e-05	0.9894081684675116	0.9968561010361499	0.9931181709252647	1784	893	0	aa	0.9	2092.0
True	PROKKA_06122025	1681	hdbscan_tsne	0.8462926932388887	0.9536943603542998	0.9086582363326271	9.999000099990002e-05	0.9575161395935943	0.9893093462531106	0.9731531387633897	1213	255	0	aa	0.9	2092.0
True	PROKKA_06122025	1681	hdbscan_umap	0.5127228978411896	0.9466307882049557	0.8315159464753265	9.999000099990002e-05	0.9076677136577803	0.9860671577931241	0.9452445916480176	919	92	0	aa	0.9	2092.0
True	PROKKA_06122025	1681	cdhit	0.994716422051365	0.9984303173001458	0.9978108056858207	9.999000099990002e-05	0.9992566882105656	0.9995462795969827	0.9994014629254255	1938	1047	4	nt	0.9	2.0
True	PROKKA_06122025	1681	mmseqs2	0.99756107596633	1.0	0.9989945117557086	9.999000099990002e-05	0.9994500073639986	1.0000000000000002	0.9997249280382228	1934	1046	3	aa	0.7	1.0
True	PROKKA_06122025	1681	mmseqs2	0.9976147271910333	0.9985424374929925	0.9988686943054274	9.999000099990002e-05	0.9997719058575998	0.9996101417497026	0.9996910172597228	1943	1051	4	nt	0.9	2.0
True	PROKKA_06122025	1681	mmseqs2	0.9967259022196073	1.0	0.9984457806349711	9.999000099990002e-05	0.9991493925385981	1.0	0.9995745153090727	1928	1039	4	aa	0.6	1.0
True	PROKKA_06122025	1681	ppanggolin	0.30560271205129735	0.9325036439062675	0.8656485026388788	9.999000099990002e-05	0.951085520894252	0.9724741746160526	0.9616609342353123	1953	1024	19	aa	0.95	5.0
True	PROKKA_06122025	1681	ppanggolin	0.31214316813561743	0.9493216728332773	0.8712002094942642	9.999000099990002e-05	0.948951584296219	0.9768482173645757	0.9626978491592217	1871	988	4	aa	0.7	5.0
True	PROKKA_06122025	1681	cdhit	0.9753882941440047	0.9733153941024778	0.9844214442595975	9.999000099990002e-05	0.9998274812399667	0.9918496564540321	0.9958225909339354	2061	1109	35	aa	0.95	1.0
True	PROKKA_06122025	1681	ppanggolin	0.3124578947823372	0.9487610718690436	0.8725813683113266	9.999000099990002e-05	0.9500184799459915	0.9767450843689027	0.9631964165533823	1883	996	4	aa	0.85	5.0
True	PROKKA_06122025	1681	mmseqs2	0.99760585685033	1.0	0.9989823237950325	9.999000099990002e-05	0.999443333761086	1.0	0.9997215893896493	1933	1044	3	nt	0.6	1.0
True	PROKKA_06122025	1894	panaroo	0.3625741054858889	0.9563307149514046	0.883459045685509	9.999000099990002e-05	0.9588250795530961	0.9812492402594738	0.9699075661638572	1895	1026	8	aa	0.85	34.0
True	PROKKA_06122025	1894	panta	0.3234591065417734	0.9561975768872321	0.8772944023773223	9.999000099990002e-05	0.9554019657213518	0.9811102161572312	0.9680854454492558	1985	1120	8	aa	0.6	14.0
True	PROKKA_06122025	1894	diamond	0.9787474138642802	1.0	0.9924401408889979	9.999000099990002e-05	0.9962654356130436	1.0	0.9981292245408189	1903	1042	11	aa	0.6	3.0
True	PROKKA_06122025	1894	diamond	0.9698679969359626	0.9711090400745573	0.9837228201974982	9.999000099990002e-05	0.9996308544315031	0.9925565997476844	0.9960811667556687	2020	1097	21	aa	0.95	2.0
True	PROKKA_06122025	1894	diamond	0.9891156236435873	0.9996005858074823	0.9957196596118183	9.999000099990002e-05	0.997981986403717	0.999910992559675	0.9989455582344299	1919	1052	10	aa	0.7	3.0
True	PROKKA_06122025	1894	panta	0.3234591065417734	0.9561975768872321	0.8772944023773223	9.999000099990002e-05	0.9554019657213518	0.9811102161572312	0.9680854454492558	1886	1021	8	aa	0.8	11.0
True	PROKKA_06122025	1894	mmseqs2	0.9955551920980659	1.0	0.9983090353763912	9.999000099990002e-05	0.9991695195775806	1.0	0.9995845872927299	1932	1064	10	nt	0.7	1.0
True	PROKKA_06122025	1894	cdhit	0.9868620796129371	0.9997337238716549	0.9954212532004887	9.999000099990002e-05	0.9978233401937103	0.9999220107396355	0.9988715731194548	1920	1054	11	aa	0.7	1.0
True	PROKKA_06122025	1894	panx	0.10625771106483667	0.9592597523632006	0.809394553427032	9.999000099990002e-05	0.9125945174637712	0.9815973355178672	0.9458390873559893	1791	984	8	aa	0.5	1023.0
True	PROKKA_06122025	1894	ppanggolin	0.3598349343669371	0.9563307149514046	0.8781171376932424	9.999000099990002e-05	0.9557243453304948	0.9811895499711307	0.9682895481993032	1866	1005	9	aa	0.6	5.0
True	PROKKA_06122025	1894	panx	0.2602268121841245	0.9561975768872321	0.8661798922197909	9.999000099990002e-05	0.9488200621797567	0.9811146039444354	0.964697132871878	1876	1019	11	aa	0.9	1047.0
True	PROKKA_06122025	1894	panaroo	0.3482067042803299	0.9317001730794834	0.8689496140440919	9.999000099990002e-05	0.9588250795530961	0.974711626484099	0.966703088580482	1978	1043	35	aa	0.95	34.0
True	PROKKA_06122025	1894	cdhit	0.9924350481956297	1.0	0.9973486321645503	9.999000099990002e-05	0.9986966006430499	1.0	0.9993478753320886	1928	1062	9	nt	0.8	29.0
True	PROKKA_06122025	1894	panta	0.3163019260547762	0.9427506324058048	0.869927262235447	9.999000099990002e-05	0.9554019657213517	0.9777473097742946	0.9664454924181857	1924	1030	18	aa	0.95	10.0
True	PROKKA_06122025	1894	mmseqs2	0.9864436738223854	1.0	0.9944582591410912	9.999000099990002e-05	0.9972678549659312	1.0000000000000002	0.9986320587760548	1911	1048	11	aa	0.5	3.0
True	PROKKA_06122025	1894	cdhit	0.9788027922901148	0.9997337238716549	0.9925003734733813	9.999000099990002e-05	0.9963674537731919	0.9999287743825243	0.9981449374439739	1905	1043	10	aa	0.6	1.0
True	PROKKA_06122025	1894	panaroo	0.36256125411928425	0.9563307149514046	0.8833785536960644	9.999000099990002e-05	0.9587785834267158	0.9812483479895456	0.969883341143535	1894	1025	8	aa	0.8	35.0
True	PROKKA_06122025	1894	cdhit	0.994754200738562	0.9976035148448942	0.9974154250816324	9.999000099990002e-05	0.9993916908767595	0.9993412421758664	0.9993664658896418	1940	1066	10	aa	0.9	1.0
True	PROKKA_06122025	1894	cdhit	0.9942832558591995	1.0	0.9979891419013713	9.999000099990002e-05	0.9990120992636318	0.9999999999999999	0.9995058055242726	1930	1062	9	aa	0.85	1.0
True	PROKKA_06122025	1894	panta	0.32336654577823454	0.9560644388230595	0.8771719601004987	9.999000099990002e-05	0.9554019657213518	0.9810537850804149	0.9680579732907635	1887	1022	8	aa	0.85	11.0
True	PROKKA_06122025	1894	mmseqs2	0.9973717001491906	1.0	0.9991096063382364	9.999000099990002e-05	0.9995630498260892	0.9999999999999999	0.9997814771712505	1937	1069	9	nt	0.85	2.0
True	PROKKA_06122025	1894	mmseqs2	0.9807777565376589	0.9824257755292238	0.9893092898152722	9.999000099990002e-05	1.0	0.9948401014550273	0.9974133773723471	2002	1099	19	aa	0.95	1.0
True	PROKKA_06122025	1894	diamond	0.9934664098345042	0.9965384103315138	0.9962502886362015	9.999000099990002e-05	0.9993102364618219	0.9988534952731947	0.9990818136664524	1952	1082	10	aa	0.9	2.0
True	PROKKA_06122025	1894	mmseqs2	0.9903914387880053	0.991479163892957	0.9947593691766008	9.999000099990002e-05	1.0000000000000002	0.997450303530586	0.998723524452695	1969	1079	20	nt	0.95	1.0
True	PROKKA_06122025	1894	hdbscan_dist	0.0250451797678527	0.9945413393689255	0.6920519322586577	9.999000099990002e-05	0.8070943714914632	0.9984851942696926	0.8926461016664283	1543	892	0	nt	0.9	1240.0
True	PROKKA_06122025	1894	hdbscan_tsne	0.7618392006512794	0.8516841965117827	0.848833190625215	9.999000099990002e-05	0.9650433702174176	0.9615203899581487	0.9632786589667999	1686	467	22	nt	0.9	1240.0
True	PROKKA_06122025	1894	hdbscan_umap	0.7185062565724377	0.9817600852083611	0.8510936076776899	9.999000099990002e-05	0.9198818536997712	0.9955494212601744	0.9562210443678738	853	39	1	nt	0.9	1240.0
True	PROKKA_06122025	1894	panx	0.3293790657677275	0.9454133936892558	0.872388226069059	9.999000099990002e-05	0.9562267711251643	0.9782235256865579	0.9671000851741948	1928	1041	22	aa	0.95	930.0
True	PROKKA_06122025	1894	diamond	0.9928427825509523	1.0	0.9974760175476014	9.999000099990002e-05	0.9987593791162436	1.0	0.9993793045342432	1928	1061	9	aa	0.85	2.0
True	PROKKA_06122025	1894	panta	0.3234591065417734	0.9561975768872321	0.8772944023773223	9.999000099990002e-05	0.9554019657213518	0.9811102161572312	0.9680854454492558	1985	1120	8	aa	0.7	13.0
True	PROKKA_06122025	1894	mmseqs2	0.9973704456043658	0.9998668619358274	0.999020744580406	9.999000099990002e-05	0.9995834886965219	0.9999360124652846	0.9997597195051855	1938	1070	9	aa	0.8	2.0
True	PROKKA_06122025	1894	panta	0.3234591065417734	0.9561975768872321	0.8772944023773223	9.999000099990002e-05	0.9554019657213518	0.9811102161572312	0.9680854454492558	1985	1120	8	aa	0.5	14.0
True	PROKKA_06122025	1894	panaroo	0.36242951458447925	0.9560644388230595	0.8830983481129179	9.999000099990002e-05	0.958706325107835	0.9811756879789097	0.9698108769106353	1893	1022	9	aa	0.7	38.0
True	PROKKA_06122025	1894	cdhit	0.9887436199401055	0.9933430967913727	0.9941412269469486	9.999000099990002e-05	0.9994171487306023	0.9977240219238303	0.9985698676317359	1969	1090	18	nt	0.95	1.0
True	PROKKA_06122025	1894	cdhit	0.9926666322205404	0.9996005858074823	0.9970811846556886	9.999000099990002e-05	0.9986897846865843	0.9998755306924277	0.9992823059387828	1928	1060	10	aa	0.8	1.0
True	PROKKA_06122025	1894	ppanggolin	0.3616351366998364	0.9563307149514046	0.8815579646978885	9.999000099990002e-05	0.9577257752849458	0.9812281216366435	0.9693345107563933	1885	1019	9	aa	0.9	5.0
True	PROKKA_06122025	1894	cdhit	0.9676100419449084	0.9997337238716549	0.9885692607858636	9.999000099990002e-05	0.9944395714262289	0.9998936543376787	0.9971591549957738	1888	1033	11	aa	0.5	3.0
True	PROKKA_06122025	1894	panaroo	0.36006879749935106	0.9526028491545733	0.8813426945041265	9.999000099990002e-05	0.9588250795530959	0.9802795261588982	0.969433615788315	1905	1027	10	aa	0.9	34.0
True	PROKKA_06122025	1894	ppanggolin	0.3576236848425041	0.9563307149514046	0.8740407675644876	9.999000099990002e-05	0.9533332809342877	0.9811432609358893	0.9670383731924822	1845	992	9	aa	0.5	7.0
True	PROKKA_06122025	1894	cdhit	0.9941971403330156	1.0	0.9979997746922616	9.999000099990002e-05	0.9990173337799179	1.0000000000000002	0.9995084253630638	1931	1064	9	nt	0.85	26.0
True	PROKKA_06122025	1894	diamond	0.9671806703022285	1.0	0.9883395187940629	9.999000099990002e-05	0.9942161086826299	1.0	0.9970996667351208	1883	1027	13	aa	0.5	3.0
True	PROKKA_06122025	1894	mmseqs2	0.9960440468416975	0.9968046864598589	0.998114221661506	9.999000099990002e-05	0.9999395882261802	0.9991379944149895	0.9995386306083034	1947	1070	12	aa	0.9	2.0
True	PROKKA_06122025	1894	panaroo	0.36231083362165933	0.9563307149514046	0.8828263843879327	9.999000099990002e-05	0.958459675662914	0.9812422257966356	0.9697171557919534	1890	1020	10	aa	0.6	38.0
True	PROKKA_06122025	1894	panx	0.166129916941974	0.9581946478498202	0.8409657099715393	9.999000099990002e-05	0.9328772658473454	0.9815419107032934	0.9565910592488753	1836	1001	8	aa	0.6	1013.0
True	PROKKA_06122025	1894	panaroo	0.36177903210751133	0.9563307149514046	0.8814051904145679	9.999000099990002e-05	0.9576368452416189	0.9812264111305822	0.969288124610745	1880	1012	10	aa	0.5	39.0
True	PROKKA_06122025	1894	panx	0.21071874102322374	0.9577952336573026	0.8552979009372544	9.999000099990002e-05	0.9417038672358886	0.9815433344578993	0.9612109697646453	1854	1008	8	aa	0.7	1015.0
True	PROKKA_06122025	1894	diamond	0.9913850640972391	1.0	0.9969608066726238	9.999000099990002e-05	0.9985053725921227	1.0000000000000002	0.9992521274006191	1926	1060	9	aa	0.8	2.0
True	PROKKA_06122025	1894	panx	0.24819123862292314	0.9567301291439222	0.8639375837901976	9.999000099990002e-05	0.9473033682230793	0.981250807074094	0.9639783071892909	1871	1017	9	aa	0.85	1022.0
True	PROKKA_06122025	1894	panta	0.32201664392091023	0.9535348156037812	0.8758167284710725	9.999000099990002e-05	0.9554019657213519	0.9804303221611944	0.967754348255252	1894	1024	10	aa	0.9	11.0
True	PROKKA_06122025	1894	mmseqs2	0.9975883920293137	1.0	0.9991448851510627	9.999000099990002e-05	0.9995803769467233	1.0	0.9997901444432469	1937	1069	9	nt	0.8	2.0
True	PROKKA_06122025	1894	panx	0.23618633714425452	0.9572626814006124	0.8614044747893398	9.999000099990002e-05	0.9455993905421266	0.981390208293143	0.9631624201883798	1864	1013	8	aa	0.8	1018.0
True	PROKKA_06122025	1894	mmseqs2	0.9972826928036193	0.9997337238716549	0.9989997851311095	9.999000099990002e-05	0.9996337267047904	0.9998755931564496	0.999754645302186	1940	1072	9	aa	0.85	2.0
True	PROKKA_06122025	1894	ppanggolin	0.3614370673608611	0.9563307149514046	0.8810844907704447	9.999000099990002e-05	0.957451196653196	0.9812228393073608	0.9691912763589445	1882	1017	8	aa	0.8	5.0
True	PROKKA_06122025	1894	mmseqs2	0.9952726099056015	0.9997337238716549	0.9980257979572121	9.999000099990002e-05	0.9991082714140059	0.999922111032099	0.9995150255590062	1931	1061	11	nt	0.5	4.0
True	PROKKA_06122025	1894	hdbscan_dist	0.9338820453733785	0.9675143123418986	0.9579611905899149	9.999000099990002e-05	0.9865627683481478	0.9925285761684506	0.9895366805401941	1767	831	0	aa	0.9	1198.0
True	PROKKA_06122025	1894	hdbscan_tsne	0.7664942320727797	0.8656636932499001	0.8604758021017846	9.999000099990002e-05	0.9641607004377373	0.9669301780305622	0.9655434533084165	1610	440	0	aa	0.9	1198.0
True	PROKKA_06122025	1894	hdbscan_umap	0.17895369029941904	0.9657835175076555	0.7738427944397684	9.999000099990002e-05	0.8723886727718252	0.9902889620439799	0.9276075012771239	824	38	0	aa	0.9	1198.0
True	PROKKA_06122025	1894	cdhit	0.9945201503710815	1.0	0.998232138685956	9.999000099990002e-05	0.9991316900986476	1.0	0.999565656476933	1933	1066	9	nt	0.9	1.0
True	PROKKA_06122025	1894	mmseqs2	0.9955098841981423	0.9998668619358274	0.9983013733247664	9.999000099990002e-05	0.9992299313514006	0.999935989826036	0.9995828359070787	1934	1066	10	aa	0.7	2.0
True	PROKKA_06122025	1894	mmseqs2	0.997151891182511	0.9996005858074823	0.9989367504791647	9.999000099990002e-05	0.9996337267047904	0.9998447017452023	0.9997392030944768	1940	1071	10	nt	0.9	2.0
True	PROKKA_06122025	1894	mmseqs2	0.9937667859945565	1.0	0.997608976053014	9.999000099990002e-05	0.9988248849665253	0.9999999999999999	0.9994120970564689	1928	1060	11	aa	0.6	2.0
True	PROKKA_06122025	1894	ppanggolin	0.359465349177215	0.9510051923845028	0.8797974928559062	9.999000099990002e-05	0.9584602681046608	0.9798551489765939	0.969039631543589	1909	1030	12	aa	0.95	5.0
True	PROKKA_06122025	1894	ppanggolin	0.3608123309265055	0.9563307149514046	0.8800510608177058	9.999000099990002e-05	0.9568512122331343	0.981211286487018	0.9688781549118718	1875	1010	8	aa	0.7	5.0
True	PROKKA_06122025	1894	cdhit	0.9829069638853699	0.9845559845559846	0.9898068704486201	9.999000099990002e-05	0.9997428817260806	0.9953250835766081	0.9975290913541984	2002	1104	25	aa	0.95	1.0
True	PROKKA_06122025	1894	ppanggolin	0.3614498395096831	0.9563307149514046	0.8811645686780246	9.999000099990002e-05	0.9574976927795762	0.9812237340064687	0.9692155339400792	1883	1018	8	aa	0.85	5.0
True	PROKKA_06122025	1894	mmseqs2	0.9955551920980659	1.0	0.9983090353763912	9.999000099990002e-05	0.9991695195775806	1.0	0.9995845872927299	1932	1064	10	nt	0.6	2.0
True	PROKKA_06122025	5319	panaroo	0.5407465062319881	0.9694296761720638	0.9223165284133835	9.999000099990002e-05	0.9711835510832929	0.9863723965829609	0.9787190480517494	1893	1051	2	aa	0.85	32.0
True	PROKKA_06122025	5319	panta	0.460303974999599	0.9699130014499758	0.9148747487417341	9.999000099990002e-05	0.9667296000642982	0.9863883423472095	0.9764600355143258	1883	1048	1	aa	0.6	11.0
True	PROKKA_06122025	5319	diamond	0.973721759564075	0.999879168680522	0.9918949721462804	9.999000099990002e-05	0.9957228092670666	0.9999486908861449	0.9978312758744494	1903	1071	6	aa	0.6	2.0
True	PROKKA_06122025	5319	diamond	0.9674980926105187	0.9677380376993717	0.9818054916804564	9.999000099990002e-05	0.99951953941547	0.9910700011600088	0.9952768372344215	2044	1126	40	aa	0.95	1.0
True	PROKKA_06122025	5319	diamond	0.9838479777626938	0.999879168680522	0.9952128331361066	9.999000099990002e-05	0.9975030313663139	0.9999487824517214	0.998724409576684	1918	1081	4	aa	0.7	2.0
True	PROKKA_06122025	5319	panta	0.46012146726424236	0.9697921701304978	0.9147478803174047	9.999000099990002e-05	0.9667296000642983	0.9863238789927475	0.9764284483729445	1883	1048	1	aa	0.8	9.0
True	PROKKA_06122025	5319	mmseqs2	0.9908636034728389	1.0	0.997452416775173	9.999000099990002e-05	0.9986467421953475	0.9999999999999998	0.9993229129610137	1932	1095	3	nt	0.7	1.0
True	PROKKA_06122025	5319	cdhit	0.9844893838447145	0.999637506041566	0.9952618168007719	9.999000099990002e-05	0.9975594421109495	0.9999187777505422	0.9987377165576904	1920	1083	4	aa	0.7	0.0
True	PROKKA_06122025	5319	panx	0.13747241580708425	0.972208796520058	0.8485219158249071	9.999000099990002e-05	0.9242138667563219	0.9868353301798195	0.9544986050798346	1788	1009	1	aa	0.5	957.0
True	PROKKA_06122025	5319	ppanggolin	0.5346623893395833	0.9701546640889318	0.917037537407093	9.999000099990002e-05	0.9678593556488123	0.9864957138705224	0.9770886783759977	1861	1028	4	aa	0.6	4.0
True	PROKKA_06122025	5319	panx	0.38604578624572494	0.9684630256162398	0.9056953719931403	9.999000099990002e-05	0.9617867369621115	0.985881531028662	0.9736850944719087	1877	1045	4	aa	0.9	972.0
True	PROKKA_06122025	5319	panaroo	0.5148474676661434	0.9352344127597874	0.9022868784797466	9.999000099990002e-05	0.9712646523701419	0.9764636435080253	0.9738572092123349	2029	1091	52	aa	0.95	33.0
True	PROKKA_06122025	5319	cdhit	0.9910979340548871	1.0	0.9971988406168155	9.999000099990002e-05	0.9985116644321197	1.0	0.9992552780179528	1928	1091	3	nt	0.8	31.0
True	PROKKA_06122025	5319	panta	0.4499185568647754	0.9550507491541808	0.9063057392598981	9.999000099990002e-05	0.9667341542992557	0.9820830390055602	0.9743481527424976	1935	1065	12	aa	0.95	9.0
True	PROKKA_06122025	5319	mmseqs2	0.9803664800805499	1.0	0.9933918633475973	9.999000099990002e-05	0.9964756266039623	0.9999999999999998	0.9982347025182406	1910	1080	5	aa	0.5	1.0
True	PROKKA_06122025	5319	cdhit	0.9758668074544746	0.999637506041566	0.9923586335069462	9.999000099990002e-05	0.9960484285031272	0.9998734240007906	0.9979572611308675	1906	1073	4	aa	0.6	0.0
True	PROKKA_06122025	5319	panaroo	0.5401841941858294	0.9696713388110199	0.9219711932752754	9.999000099990002e-05	0.9709166361428843	0.9864233223487358	0.9786085547303487	1891	1051	1	aa	0.8	32.0
True	PROKKA_06122025	5319	cdhit	0.9943161987756869	0.9977042049299178	0.9971304749377358	9.999000099990002e-05	0.9992312892008284	0.9992482098171558	0.9992397494373608	1943	1097	8	aa	0.9	0.0
True	PROKKA_06122025	5319	cdhit	0.9936324070002109	1.0	0.9978914586376813	9.999000099990002e-05	0.9988804368791585	1.0	0.9994399049086751	1930	1091	3	aa	0.85	0.0
True	PROKKA_06122025	5319	panta	0.45975632210625106	0.9693088448525858	0.9145057345093782	9.999000099990002e-05	0.9667296000642983	0.9862009025297016	0.9763681839361298	1884	1048	1	aa	0.85	9.0
True	PROKKA_06122025	5319	mmseqs2	0.9971787592664192	1.0	0.999174328091191	9.999000099990002e-05	0.9995621524679801	1.0	0.9997810282958799	1938	1098	3	nt	0.85	2.0
True	PROKKA_06122025	5319	mmseqs2	0.9754420332718375	0.9753504108264862	0.9853534094565038	9.999000099990002e-05	0.9999237440072429	0.9924810041024751	0.9961884726682702	2041	1152	19	aa	0.95	1.0
True	PROKKA_06122025	5319	diamond	0.9926353577200984	0.9971000483325277	0.996305954568699	9.999000099990002e-05	0.9990230094904746	0.9990196925842355	0.9990213510346018	1948	1106	7	aa	0.9	1.0
True	PROKKA_06122025	5319	mmseqs2	0.9857658605196314	0.986104398260029	0.9919629898104291	9.999000099990002e-05	0.9998793967805014	0.9959101810900481	0.9978908419577548	1989	1119	12	nt	0.95	1.0
True	PROKKA_06122025	5319	hdbscan_dist	0.02696223453711726	0.9937167713871435	0.709388477230196	9.999000099990002e-05	0.8089831390163955	0.9981071080193334	0.8936485852265157	1529	884	0	nt	0.9	1623.0
True	PROKKA_06122025	5319	hdbscan_tsne	0.7277715684241552	0.8203238279362011	0.8340941122646311	9.999000099990002e-05	0.9631106402456844	0.9515576735346427	0.9572993020176862	1747	484	0	nt	0.9	1623.0
True	PROKKA_06122025	5319	hdbscan_umap	0.7336483343153474	0.9806669888835186	0.8689753399337222	9.999000099990002e-05	0.9262100158362843	0.9950536324046164	0.9593984058057524	860	35	0	nt	0.9	1623.0
True	PROKKA_06122025	5319	panx	0.5118158984786653	0.958313194780087	0.9132232587251061	9.999000099990002e-05	0.9696692256562428	0.9830850229776945	0.9763310397628328	1932	1072	12	aa	0.95	992.0
True	PROKKA_06122025	5319	diamond	0.9910700493310949	0.9991541807636539	0.9968650748286589	9.999000099990002e-05	0.9985924162626097	0.9997426626126957	0.9991672083954067	1932	1092	4	aa	0.85	1.0
True	PROKKA_06122025	5319	panta	0.46039521266308436	0.9700338327694539	0.9149759484064465	9.999000099990002e-05	0.9667296000642982	0.9864397666888156	0.9764852320245699	1881	1046	1	aa	0.7	11.0
True	PROKKA_06122025	5319	mmseqs2	0.9949804251289285	1.0	0.9986716587248761	9.999000099990002e-05	0.9992952430964774	0.9999999999999999	0.999647497333895	1937	1098	3	aa	0.8	1.0
True	PROKKA_06122025	5319	panta	0.460303974999599	0.9699130014499758	0.9148747487417345	9.999000099990002e-05	0.9667296000642982	0.9863883423472097	0.9764600355143259	1883	1048	1	aa	0.5	11.0
True	PROKKA_06122025	5319	panaroo	0.5400815350036189	0.9697921701304978	0.9218157566699108	9.999000099990002e-05	0.9708252914744158	0.9864217580750433	0.9785613839809856	1889	1049	1	aa	0.7	36.0
True	PROKKA_06122025	5319	cdhit	0.9883753317776813	0.9910584823586274	0.9936315790434982	9.999000099990002e-05	0.9994451404330911	0.997201021180335	0.9983218196740904	1973	1115	10	nt	0.95	1.0
True	PROKKA_06122025	5319	cdhit	0.9891849473197459	0.998912518124698	0.9963469542165039	9.999000099990002e-05	0.9983532367204218	0.9997058891362333	0.9990291050668623	1929	1090	3	aa	0.8	0.0
True	PROKKA_06122025	5319	ppanggolin	0.5395280255551319	0.9701546640889318	0.9210992796444292	9.999000099990002e-05	0.9702687983229051	0.9865287969501642	0.9783312414529014	1882	1043	3	aa	0.9	4.0
True	PROKKA_06122025	5319	cdhit	0.9659623303482678	0.998912518124698	0.9885594822081258	9.999000099990002e-05	0.9941783231590876	0.9996958579699141	0.9969294563841005	1888	1058	7	aa	0.5	2.0
True	PROKKA_06122025	5319	panaroo	0.5378026844906076	0.9653214113098115	0.9200830340436897	9.999000099990002e-05	0.9712215596877785	0.9852147634458215	0.9781681191122874	1907	1052	7	aa	0.9	32.0
True	PROKKA_06122025	5319	ppanggolin	0.531298812748667	0.9701546640889318	0.9134926751654753	9.999000099990002e-05	0.9657386951334432	0.986466461203155	0.9759925384307117	1840	1014	5	aa	0.5	5.0
True	PROKKA_06122025	5319	cdhit	0.9926659910958515	0.999637506041566	0.9974374855457161	9.999000099990002e-05	0.9987925089186921	0.9998468880568628	0.9993194203697316	1932	1094	3	nt	0.85	28.0
True	PROKKA_06122025	5319	diamond	0.9681766066402828	0.999879168680522	0.9892666574026029	9.999000099990002e-05	0.9943041466535031	0.9999486176826067	0.9971183942003888	1885	1055	8	aa	0.5	1.0
True	PROKKA_06122025	5319	mmseqs2	0.9976625449608817	0.9983083615273078	0.9985941317812254	9.999000099990002e-05	0.9998355089539561	0.9994203971318925	0.9996279099474346	1947	1101	7	aa	0.9	1.0
True	PROKKA_06122025	5319	panaroo	0.5398551840927901	0.9701546640889318	0.9214129800832253	9.999000099990002e-05	0.9704540500470641	0.9865313338571702	0.9784266518434795	1885	1047	2	aa	0.6	38.0
True	PROKKA_06122025	5319	panx	0.23196479536912148	0.97148380860319	0.8811960373356711	9.999000099990002e-05	0.9454710277610243	0.986802320891671	0.9656946365077743	1830	1023	1	aa	0.6	939.0
True	PROKKA_06122025	5319	panaroo	0.5382446721993562	0.9701546640889318	0.91986467754478	9.999000099990002e-05	0.9695385106721203	0.98651878679902	0.9779549469637155	1875	1038	3	aa	0.5	38.0
True	PROKKA_06122025	5319	panx	0.31650344619888093	0.9705171580473658	0.8968548722786592	9.999000099990002e-05	0.9555803924758233	0.9865367538943781	0.9708118588419244	1850	1028	2	aa	0.7	951.0
True	PROKKA_06122025	5319	diamond	0.9891048765037145	0.999758337361044	0.99662173870464	9.999000099990002e-05	0.9983044380095997	0.99990008584264	0.9991016248311737	1929	1092	3	aa	0.8	1.0
True	PROKKA_06122025	5319	panx	0.38581608784540744	0.9697921701304978	0.9062738443480239	9.999000099990002e-05	0.961610944086866	0.9863227114920992	0.9738100792661072	1869	1040	1	aa	0.85	947.0
True	PROKKA_06122025	5319	panta	0.4588296424252067	0.9682213629772837	0.9137314671019684	9.999000099990002e-05	0.9667296000642983	0.9858083114495583	0.9761757444482065	1889	1049	3	aa	0.9	9.0
True	PROKKA_06122025	5319	mmseqs2	0.9967213846609663	1.0	0.9989566549572311	9.999000099990002e-05	0.9994466026319223	0.9999999999999998	0.9997232247326089	1936	1096	3	nt	0.8	1.0
True	PROKKA_06122025	5319	panx	0.3511005681298966	0.9700338327694539	0.9019849943643993	9.999000099990002e-05	0.9588992367636551	0.9864028232778522	0.9724566007630353	1862	1036	1	aa	0.8	943.0
True	PROKKA_06122025	5319	mmseqs2	0.9971787592664192	1.0	0.9991743280911906	9.999000099990002e-05	0.9995621524679801	0.9999999999999999	0.9997810282958798	1938	1098	3	aa	0.85	1.0
True	PROKKA_06122025	5319	ppanggolin	0.5382980237363095	0.9701546640889318	0.9201985713574847	9.999000099990002e-05	0.9697363955234986	0.9865215007024217	0.9780569382423773	1879	1042	2	aa	0.8	5.0
True	PROKKA_06122025	5319	mmseqs2	0.9908468698068174	1.0	0.997408293578111	9.999000099990002e-05	0.9986232434744842	0.9999999999999999	0.9993111475461867	1931	1093	4	nt	0.5	3.0
True	PROKKA_06122025	5319	hdbscan_dist	0.9561137710213932	0.9881585306911551	0.9705436991304228	9.999000099990002e-05	0.9868741920976359	0.9971864782838797	0.9920035357969755	1766	940	0	aa	0.9	1653.0
True	PROKKA_06122025	5319	hdbscan_tsne	0.8389947330791774	0.9690671822136298	0.9005296211504455	9.999000099990002e-05	0.9498360818126457	0.9928675444891605	0.97087523330748	1120	251	0	aa	0.9	1653.0
True	PROKKA_06122025	5319	hdbscan_umap	0.1679207427354618	0.9543257612373127	0.7820969792789945	9.999000099990002e-05	0.8724320903014271	0.9872915624845132	0.9263148751213622	830	66	0	aa	0.9	1653.0
True	PROKKA_06122025	5319	cdhit	0.993438911100809	0.99939584340261	0.9977602767794935	9.999000099990002e-05	0.9990230110711947	0.9997883977939246	0.9994055578912618	1936	1097	3	nt	0.9	1.0
True	PROKKA_06122025	5319	mmseqs2	0.9928757479822602	1.0	0.9979351458563465	9.999000099990002e-05	0.99890368501851	0.9999999999999999	0.9994515418678215	1933	1095	3	aa	0.7	1.0
True	PROKKA_06122025	5319	mmseqs2	0.9983632183158976	0.9990333494441759	0.9990450076184034	9.999000099990002e-05	0.9998355089539559	0.9996587060562981	0.9997470996883341	1944	1101	4	nt	0.9	1.0
True	PROKKA_06122025	5319	mmseqs2	0.9887595954176661	1.0	0.9966600955562026	9.999000099990002e-05	0.998224473438093	0.9999999999999998	0.9991114478951144	1928	1092	4	aa	0.6	1.0
True	PROKKA_06122025	5319	ppanggolin	0.5356531954841115	0.9635089415176413	0.9180714917054067	9.999000099990002e-05	0.97070190090097	0.9846399380468749	0.9776212430246155	1913	1062	5	aa	0.95	4.0
True	PROKKA_06122025	5319	ppanggolin	0.5361933291978034	0.9701546640889318	0.9186180471112603	9.999000099990002e-05	0.9687996485151896	0.9865086439649029	0.9775739521036422	1870	1035	2	aa	0.7	4.0
True	PROKKA_06122025	5319	cdhit	0.979145470220934	0.9806669888835186	0.9869941084909816	9.999000099990002e-05	0.9995998400299213	0.9936248933040881	0.996603411332521	2035	1154	33	aa	0.95	0.0
True	PROKKA_06122025	5319	ppanggolin	0.5389390655023403	0.9701546640889318	0.9206330985140637	9.999000099990002e-05	0.9699933383466609	0.9865250229297777	0.9781893380544325	1880	1042	2	aa	0.85	4.0
True	PROKKA_06122025	5319	mmseqs2	0.9908636034728389	1.0	0.997452416775173	9.999000099990002e-05	0.9986467421953475	0.9999999999999998	0.9993229129610137	1932	1095	3	nt	0.6	1.0
True	PROKKA_06122025	5455	panaroo	0.6672940115953493	0.9779668920494288	0.9435780790341929	9.999000099990002e-05	0.9788162695956606	0.9900886384362516	0.9844201857487687	1893	1026	3	aa	0.85	34.0
True	PROKKA_06122025	5455	panta	0.587661568365236	0.9776171601771975	0.9373239222998764	9.999000099990002e-05	0.9752671471918987	0.9899768067400015	0.9825669267815728	1980	1120	3	aa	0.6	13.0
True	PROKKA_06122025	5455	diamond	0.9810288988390314	1.0	0.9931701667075392	9.999000099990002e-05	0.9962957715972113	0.9999999999999999	0.9981444491064442	1902	1043	10	aa	0.6	2.0
True	PROKKA_06122025	5455	diamond	0.9775087641315872	0.9766845418512474	0.9866535575910352	9.999000099990002e-05	0.9997907103752791	0.993153784897017	0.9964611964553679	2026	1104	28	aa	0.95	2.0
True	PROKKA_06122025	5455	diamond	0.9889793235506471	1.0	0.9960149061705125	9.999000099990002e-05	0.9978447384312428	1.0	0.9989212066747241	1917	1054	7	aa	0.7	2.0
True	PROKKA_06122025	5455	panta	0.5878571438517971	0.9782000466309163	0.9376971024301424	9.999000099990002e-05	0.9752671471918988	0.9901717987375033	0.9826629592179484	1882	1020	4	aa	0.8	11.0
True	PROKKA_06122025	5455	mmseqs2	0.9968692933353758	1.0	0.9988339082367681	9.999000099990002e-05	0.9993710989747846	1.0	0.9996854505771651	1932	1064	8	nt	0.7	1.0
True	PROKKA_06122025	5455	cdhit	0.9900032240161268	0.9997668454185125	0.996273061261358	9.999000099990002e-05	0.9980739053147922	0.9999114569047091	0.9989918361096045	1920	1055	9	aa	0.7	0.0
True	PROKKA_06122025	5455	panx	0.15260169350890507	0.9788995103753789	0.8657125141269655	9.999000099990002e-05	0.930392132962234	0.9900284874995037	0.9592843425692532	1784	981	2	aa	0.5	1046.0
True	PROKKA_06122025	5455	ppanggolin	0.6589397920879072	0.9782000466309163	0.9381760440694952	9.999000099990002e-05	0.9755371534974857	0.9901624532628156	0.9827953954247106	1859	1001	6	aa	0.6	5.0
True	PROKKA_06122025	5455	panx	0.4764315952476516	0.9771508510142224	0.9276508465988718	9.999000099990002e-05	0.9696614193546187	0.9898428123565937	0.9796481894090824	1872	1017	4	aa	0.9	1141.0
True	PROKKA_06122025	5455	panaroo	0.6487344669439885	0.9553508976451387	0.9300612403901511	9.999000099990002e-05	0.9788162695956606	0.9831865077652239	0.9809965214646872	1995	1067	28	aa	0.95	34.0
True	PROKKA_06122025	5455	cdhit	0.9927358065554952	1.0	0.9975230852727266	9.999000099990002e-05	0.9986624105921093	1.0000000000000002	0.9993307577103557	1928	1065	6	nt	0.8	31.0
True	PROKKA_06122025	5455	panta	0.5785496248227232	0.9666588948472837	0.931011163779873	9.999000099990002e-05	0.9752671471918989	0.9867093105509892	0.9809548637661138	1928	1043	9	aa	0.95	10.0
True	PROKKA_06122025	5455	mmseqs2	0.9857930623386958	1.0	0.9947958808077525	9.999000099990002e-05	0.9971820442981003	1.0	0.99858903412939	1911	1050	9	aa	0.5	2.0
True	PROKKA_06122025	5455	cdhit	0.9837077388709761	0.9991839589647936	0.9936467006650359	9.999000099990002e-05	0.996787651215335	0.99977039686791	0.9982767960143342	1906	1044	9	aa	0.6	0.0
True	PROKKA_06122025	5455	panaroo	0.6674733166109038	0.9782000466309163	0.9436833670929025	9.999000099990002e-05	0.978758641159892	0.9901945150840348	0.9844433677807234	1890	1025	2	aa	0.8	33.0
True	PROKKA_06122025	5455	cdhit	0.9969058259997938	0.9977850314758685	0.9980056263647906	9.999000099990002e-05	0.9995143710613466	0.999411518439583	0.9994629421043781	1939	1068	7	aa	0.9	0.0
True	PROKKA_06122025	5455	cdhit	0.9936146044193384	0.9998834227092562	0.9978241260965253	9.999000099990002e-05	0.9988786986167408	0.9999468039751249	0.9994124659160798	1931	1067	6	aa	0.85	0.0
True	PROKKA_06122025	5455	panta	0.5874379872593085	0.977850314758685	0.9374764100246852	9.999000099990002e-05	0.9752671471918988	0.9900564085253192	0.9826061325043995	1883	1021	3	aa	0.85	11.0
True	PROKKA_06122025	5455	mmseqs2	0.9979001021770966	1.0	0.9993938919989311	9.999000099990002e-05	0.9996732931811014	0.9999999999999999	0.9998366199018547	1937	1070	6	nt	0.85	2.0
True	PROKKA_06122025	5455	mmseqs2	0.9816228869358976	0.9820470972254605	0.9891813895794432	9.999000099990002e-05	1.0	0.9942669539803153	0.997125236414191	2019	1113	22	aa	0.95	1.0
True	PROKKA_06122025	5455	diamond	0.9928278930718726	0.9947540219165306	0.9959672856436838	9.999000099990002e-05	0.9993428000372929	0.998489484591059	0.9989159600798473	1954	1081	9	aa	0.9	2.0
True	PROKKA_06122025	5455	mmseqs2	0.9893019793588819	0.9900909302867801	0.9936142026044791	9.999000099990002e-05	0.999977339146201	0.9966154118378052	0.998293545031154	1987	1097	18	nt	0.95	1.0
True	PROKKA_06122025	5455	hdbscan_dist	0.023827793955037445	0.9956866402424808	0.6974590087278195	9.999000099990002e-05	0.7962583377079011	0.9985938718852118	0.886021358441396	1518	872	0	nt	0.9	1787.0
True	PROKKA_06122025	5455	hdbscan_tsne	0.7393346745486361	0.8265329913732805	0.8417281465019333	9.999000099990002e-05	0.9661488280572088	0.9516984385026656	0.9588691936585141	1822	538	0	nt	0.9	1787.0
True	PROKKA_06122025	5455	hdbscan_umap	0.7809382444196704	0.9872930753089298	0.8856446836056701	9.999000099990002e-05	0.9344410253739405	0.9966754421140659	0.9645554142113155	894	37	0	nt	0.9	1787.0
True	PROKKA_06122025	5455	panx	0.62252954836636	0.9682909769176964	0.9351609461236777	9.999000099990002e-05	0.9771450960065162	0.9872080707180546	0.9821508080939273	1923	1039	10	aa	0.95	1171.0
True	PROKKA_06122025	5455	diamond	0.991888116235728	1.0	0.9973471768655772	9.999000099990002e-05	0.9985671689581388	1.0	0.999283070859906	1927	1063	7	aa	0.85	2.0
True	PROKKA_06122025	5455	panta	0.587661568365236	0.9776171601771975	0.9373239222998768	9.999000099990002e-05	0.9752671471918987	0.9899768067400017	0.9825669267815729	1980	1120	3	aa	0.7	13.0
True	PROKKA_06122025	5455	mmseqs2	0.9980271180584779	1.0	0.9994080007051116	9.999000099990002e-05	0.9996809024370054	1.0	0.999840425758627	1937	1070	6	aa	0.8	1.0
True	PROKKA_06122025	5455	panta	0.587661568365236	0.9776171601771975	0.937323922299876	9.999000099990002e-05	0.9752671471918987	0.9899768067400015	0.9825669267815728	1981	1121	3	aa	0.5	12.0
True	PROKKA_06122025	5455	panaroo	0.6672711454192196	0.9780834693401725	0.9434540836800056	9.999000099990002e-05	0.9786846611201294	0.9901405471194669	0.9843792752789542	1889	1023	3	aa	0.7	39.0
True	PROKKA_06122025	5455	cdhit	0.9911315761226477	0.9934716717183493	0.9948383918766668	9.999000099990002e-05	0.9996601323473758	0.997575079096174	0.9986165173554585	1972	1090	16	nt	0.95	1.0
True	PROKKA_06122025	5455	cdhit	0.9921486271815261	0.9994171135462812	0.9971667685208313	9.999000099990002e-05	0.9985833915555365	0.9998865478683685	0.9992345448328133	1927	1062	7	aa	0.8	0.0
True	PROKKA_06122025	5455	ppanggolin	0.6650510613868831	0.9782000466309163	0.9420830585511925	9.999000099990002e-05	0.9778263505252829	0.990185257980583	0.9839669979286134	1881	1018	3	aa	0.9	5.0
True	PROKKA_06122025	5455	cdhit	0.9718693462097231	0.9995336908370249	0.9898932769614625	9.999000099990002e-05	0.9946348287090546	0.9998677657522673	0.9972444324539055	1888	1034	10	aa	0.5	2.0
True	PROKKA_06122025	5455	panaroo	0.6629393431120938	0.9730706458381907	0.9408625063975643	9.999000099990002e-05	0.9788162695956606	0.988680013269013	0.9837234162422308	1910	1030	7	aa	0.9	34.0
True	PROKKA_06122025	5455	ppanggolin	0.6526524234035932	0.9782000466309163	0.9339992642940608	9.999000099990002e-05	0.9730689639455687	0.9901377464164621	0.9815291543000025	1838	990	6	aa	0.5	8.0
True	PROKKA_06122025	5455	cdhit	0.9954613216280953	1.0	0.9983563513117667	9.999000099990002e-05	0.999113122779608	1.0000000000000002	0.9995563646647676	1931	1066	6	nt	0.85	28.0
True	PROKKA_06122025	5455	diamond	0.9724657120614826	1.0	0.9900403873066902	9.999000099990002e-05	0.9945814461989081	1.0	0.9972833629775218	1883	1026	13	aa	0.5	2.0
True	PROKKA_06122025	5455	mmseqs2	0.9989787212170489	0.9993005362555374	0.9994214606755168	9.999000099990002e-05	0.9999773391462011	0.9997112297746623	0.9998442667541252	1943	1073	8	aa	0.9	1.0
True	PROKKA_06122025	5455	panaroo	0.6668960642749441	0.9782000466309163	0.9431084265161145	9.999000099990002e-05	0.9784239665082872	0.990191193969346	0.9842724114448084	1885	1020	3	aa	0.6	41.0
True	PROKKA_06122025	5455	panx	0.2784741164877644	0.9786663557938914	0.9011857537505436	9.999000099990002e-05	0.9530707096015819	0.9901462805065728	0.971254803735782	1825	994	2	aa	0.6	1142.0
True	PROKKA_06122025	5455	panaroo	0.6641955215415078	0.9782000466309163	0.9411859733378557	9.999000099990002e-05	0.9773022086306102	0.990180045876823	0.9836989823520892	1875	1014	3	aa	0.5	41.0
True	PROKKA_06122025	5455	panx	0.36021331870142004	0.9785497785031476	0.9146124289849437	9.999000099990002e-05	0.9613593148631041	0.9901801550327783	0.9755569181330882	1844	1001	2	aa	0.7	1146.0
True	PROKKA_06122025	5455	diamond	0.9916842584320786	1.0	0.9972384485508127	9.999000099990002e-05	0.9985082818677827	1.0	0.9992535842129096	1926	1062	7	aa	0.8	2.0
True	PROKKA_06122025	5455	panx	0.44184393846027425	0.9782000466309163	0.9245164884894622	9.999000099990002e-05	0.9674755561003239	0.9901042547286195	0.9786591168768146	1863	1012	3	aa	0.85	1134.0
True	PROKKA_06122025	5455	panta	0.5866548962964461	0.9769176964327349	0.9369640768857157	9.999000099990002e-05	0.9752671471918988	0.9897888500117829	0.9824743411353134	1886	1022	3	aa	0.9	10.0
True	PROKKA_06122025	5455	mmseqs2	0.9972337979515052	1.0	0.9991220323991248	9.999000099990002e-05	0.9995266269587022	1.0	0.9997632574455796	1936	1070	6	nt	0.8	1.0
True	PROKKA_06122025	5455	panx	0.4129848625778321	0.9783166239216601	0.9214123755045466	9.999000099990002e-05	0.9655527194833898	0.990143253534916	0.9776933882553133	1857	1008	3	aa	0.8	1140.0
True	PROKKA_06122025	5455	mmseqs2	0.9980900920321593	0.9998834227092562	0.9994185444254879	9.999000099990002e-05	0.9997397895273615	0.9999468497912255	0.9998433089391257	1939	1072	6	aa	0.85	2.0
True	PROKKA_06122025	5455	ppanggolin	0.6636461602282162	0.9782000466309163	0.9412260078280069	9.999000099990002e-05	0.9773258101180307	0.9901802806906883	0.983711053815496	1877	1015	4	aa	0.8	6.0
True	PROKKA_06122025	5455	mmseqs2	0.995729953195685	1.0	0.9984781886610135	9.999000099990002e-05	0.9991789627701624	0.9999999999999999	0.9995893127903366	1931	1064	8	nt	0.5	4.0
True	PROKKA_06122025	5455	hdbscan_dist	0.9695005342789232	0.988692002797855	0.9804822186531482	9.999000099990002e-05	0.992561620266948	0.9968274665399749	0.9946899697771794	1834	940	8	aa	0.9	1865.0
True	PROKKA_06122025	5455	hdbscan_tsne	0.7814926447747951	0.8653532291909536	0.869045128496894	9.999000099990002e-05	0.9686050774860737	0.961996746089811	0.9652896018318164	1773	588	20	aa	0.9	1865.0
True	PROKKA_06122025	5455	hdbscan_umap	0.10123624473580761	0.9770342737234786	0.7835181386022977	9.999000099990002e-05	0.8654959315705675	0.9928382277017945	0.9248040160011879	848	48	1	aa	0.9	1865.0
True	PROKKA_06122025	5455	cdhit	0.9968054215994681	0.9998834227092562	0.9987519217388986	9.999000099990002e-05	0.9993711267967359	0.9999557839584428	0.9996633698928207	1934	1068	6	nt	0.9	1.0
True	PROKKA_06122025	5455	mmseqs2	0.9968851358307126	1.0	0.9988758782449139	9.999000099990002e-05	0.9993937598285836	1.0	0.9996967880046458	1933	1066	7	aa	0.7	1.0
True	PROKKA_06122025	5455	mmseqs2	0.9981060380245548	0.9998834227092562	0.9994219235826667	9.999000099990002e-05	0.9997397895273615	0.9999486700916659	0.9998442189000418	1939	1072	6	nt	0.9	1.0
True	PROKKA_06122025	5455	mmseqs2	0.9953033706399299	1.0	0.9981488159117992	9.999000099990002e-05	0.9990009342083771	1.0	0.9995002174463623	1928	1061	9	aa	0.6	1.0
True	PROKKA_06122025	5455	ppanggolin	0.6624512102693223	0.9727209139659594	0.9402013083941371	9.999000099990002e-05	0.978625772159356	0.9885053665817615	0.9835407600469633	1910	1033	7	aa	0.95	4.0
True	PROKKA_06122025	5455	ppanggolin	0.6621659252876011	0.9782000466309163	0.9399527894024695	9.999000099990002e-05	0.9765803578916347	0.9901728586740615	0.9833296384658002	1868	1008	4	aa	0.7	5.0
True	PROKKA_06122025	5455	cdhit	0.985402265344844	0.9855444159477734	0.9906184862556476	9.999000099990002e-05	0.999897590259596	0.9951167814713779	0.9975014575527006	2013	1115	24	aa	0.95	1.0
True	PROKKA_06122025	5455	ppanggolin	0.6637351842620887	0.9782000466309163	0.9413245640082586	9.999000099990002e-05	0.9773834385537993	0.9901808539953251	0.9837405278525865	1878	1016	4	aa	0.85	5.0
True	PROKKA_06122025	5455	mmseqs2	0.9968692933353758	1.0	0.9988339082367681	9.999000099990002e-05	0.9993710989747846	1.0	0.9996854505771651	1932	1064	8	nt	0.6	1.0
True	PROKKA_06122025	6032	panaroo	0.43860529909180934	0.961456102783726	0.9075574128475147	9.999000099990002e-05	0.9624490149132098	0.9819336917168153	0.9720937252531998	1887	1002	0	aa	0.85	31.0
True	PROKKA_06122025	6032	panta	0.40679330261949287	0.9607423269093505	0.9034658773549962	9.999000099990002e-05	0.9600895078959981	0.9816380738813038	0.9707442219284166	1974	1094	0	aa	0.6	12.0
True	PROKKA_06122025	6032	diamond	0.9801574007461626	0.9997960640358927	0.9936572645944813	9.999000099990002e-05	0.996382620904581	0.9999115434907073	0.9981439630945478	1907	1028	9	aa	0.6	2.0
True	PROKKA_06122025	6032	diamond	0.9534725926036448	0.9465687774038952	0.9730041270535161	9.999000099990002e-05	0.999801052560488	0.9851408417173353	0.9924168090851516	2133	1087	70	aa	0.95	1.0
True	PROKKA_06122025	6032	diamond	0.9862219016272806	0.9997960640358927	0.9956410937924014	9.999000099990002e-05	0.9975466008007792	0.9999116466964135	0.9987277236086697	1919	1038	7	aa	0.7	1.0
True	PROKKA_06122025	6032	panta	0.4069563605071664	0.9613541348016723	0.9038516556684123	9.999000099990002e-05	0.9600895078959979	0.9818499287800951	0.9708478000361391	1877	995	1	aa	0.8	10.0
True	PROKKA_06122025	6032	mmseqs2	0.9931846816376828	1.0	0.9979993620354376	9.999000099990002e-05	0.9988358547072396	1.0	0.9994175883477281	1932	1050	4	nt	0.7	2.0
True	PROKKA_06122025	6032	cdhit	0.9882805593248123	0.9996940960538391	0.9961711977643799	9.999000099990002e-05	0.997837031765653	0.9999313828864362	0.9988831095244713	1920	1039	5	aa	0.7	1.0
True	PROKKA_06122025	6032	panx	0.12882132912631467	0.9639033343530131	0.8443976206038305	9.999000099990002e-05	0.9183025692042511	0.9822790856126912	0.9492140531900666	1781	953	0	aa	0.5	1281.0
True	PROKKA_06122025	6032	ppanggolin	0.4351927014905224	0.9615580707657796	0.9030285337665631	9.999000099990002e-05	0.959399623524177	0.9819241038746096	0.9705311919809424	1856	979	4	aa	0.6	6.0
True	PROKKA_06122025	6032	panx	0.33339447276468603	0.9594167431426532	0.8944766697545774	9.999000099990002e-05	0.9544817859709782	0.9813071257374689	0.9677085887771794	1874	994	2	aa	0.9	1009.0
True	PROKKA_06122025	6032	panaroo	0.4046180608396895	0.9031304170490466	0.8769697832701497	9.999000099990002e-05	0.96244901491321	0.9658762487942615	0.9641595862233392	2122	1045	72	aa	0.95	35.0
True	PROKKA_06122025	6032	cdhit	0.9920066298490471	0.9998980320179464	0.9975404072536546	9.999000099990002e-05	0.9986149373892743	0.9999533730002002	0.9992837070214435	1929	1047	4	nt	0.8	37.0
True	PROKKA_06122025	6032	panta	0.3927755053394769	0.9353522993779954	0.8910975422564772	9.999000099990002e-05	0.9600895078959979	0.9749674218642099	0.967471269579893	1968	1012	25	aa	0.95	10.0
True	PROKKA_06122025	6032	mmseqs2	0.9791458366718254	1.0	0.9938569813448547	9.999000099990002e-05	0.9964108105267692	1.0000000000000002	0.9982021789031069	1911	1035	7	aa	0.5	2.0
True	PROKKA_06122025	6032	cdhit	0.9808449090724178	0.9998980320179464	0.9938875962641511	9.999000099990002e-05	0.9964742966965224	0.9999548731724056	0.9982115509143277	1905	1025	8	aa	0.6	0.0
True	PROKKA_06122025	6032	panaroo	0.43866640736347634	0.9615580707657796	0.9075741439504076	9.999000099990002e-05	0.9624040451600785	0.9819795161146179	0.9720932406499908	1885	1001	0	aa	0.8	31.0
True	PROKKA_06122025	6032	cdhit	0.9946591330423029	0.9972468644845518	0.9972903692178189	9.999000099990002e-05	0.9992530323333012	0.9991736537048912	0.9992133414426144	1943	1055	4	aa	0.9	1.0
True	PROKKA_06122025	6032	cdhit	0.9937798485285849	1.0	0.9980950547613888	9.999000099990002e-05	0.9988916400693268	1.0	0.9994455127489379	1930	1047	4	aa	0.85	1.0
True	PROKKA_06122025	6032	panta	0.4068877086182832	0.9612521668196187	0.9037694938094823	9.999000099990002e-05	0.9600895078959981	0.9818047765678638	0.970825726535602	1878	996	1	aa	0.85	10.0
True	PROKKA_06122025	6032	mmseqs2	0.997701869931276	1.0	0.9993342655987779	9.999000099990002e-05	0.9996131266630072	0.9999999999999999	0.9998065259065194	1938	1053	4	nt	0.85	2.0
True	PROKKA_06122025	6032	mmseqs2	0.9676057389302204	0.9658407260120322	0.9804518436437234	9.999000099990002e-05	1.0	0.9889861732897564	0.9944625926222368	2109	1135	43	aa	0.95	1.0
True	PROKKA_06122025	6032	diamond	0.9917507687753521	0.9938819210767819	0.9959048354368223	9.999000099990002e-05	0.9993492894079302	0.9982786955661639	0.9988137056040081	1960	1065	7	aa	0.9	1.0
True	PROKKA_06122025	6032	mmseqs2	0.9819261558126081	0.9817477312123993	0.9897164359695774	9.999000099990002e-05	0.9998212856100972	0.9942950163027646	0.9970504935162836	2019	1083	26	nt	0.95	2.0
True	PROKKA_06122025	6032	hdbscan_dist	0.02387015094838336	0.994697664933211	0.709655304614775	9.999000099990002e-05	0.7943441033134392	0.9982813413512982	0.8847123076494541	1516	865	0	nt	0.9	2779.0
True	PROKKA_06122025	6032	hdbscan_tsne	0.840511912342103	0.943815641888447	0.9035044244267878	9.999000099990002e-05	0.9550309217398077	0.9855168246339299	0.9700344072224248	1158	173	0	nt	0.9	2779.0
True	PROKKA_06122025	6032	hdbscan_umap	0.773397796809882	0.9712450290608748	0.8873527248202501	9.999000099990002e-05	0.9358044388651232	0.9920122108994608	0.9630889228822498	926	56	0	nt	0.9	2779.0
True	PROKKA_06122025	6032	panx	0.3784800080545773	0.9402467625165698	0.8921012178450672	9.999000099990002e-05	0.9591938792461452	0.976218208029417	0.9676311686867495	1957	1021	18	aa	0.95	1004.0
True	PROKKA_06122025	6032	diamond	0.9920914000878915	0.9990822881615172	0.9972603592514973	9.999000099990002e-05	0.9986830455089433	0.9997228413741533	0.9992026729320767	1932	1048	4	aa	0.85	1.0
True	PROKKA_06122025	6032	panta	0.40679330261949287	0.9607423269093505	0.9034658773549962	9.999000099990002e-05	0.9600895078959981	0.9816380738813038	0.9707442219284166	1974	1094	0	aa	0.7	12.0
True	PROKKA_06122025	6032	mmseqs2	0.9976058432304759	1.0	0.9992569384778207	9.999000099990002e-05	0.9995681569098757	1.0	0.9997840318227552	1937	1052	4	aa	0.8	2.0
True	PROKKA_06122025	6032	panta	0.40679330261949287	0.9607423269093505	0.9034658773549962	9.999000099990002e-05	0.9600895078959981	0.9816380738813038	0.9707442219284166	1974	1094	0	aa	0.5	13.0
True	PROKKA_06122025	6032	panaroo	0.4383603819791591	0.9615580707657796	0.907244022774814	9.999000099990002e-05	0.9621869204344474	0.981975522952479	0.9719805128275584	1884	1001	0	aa	0.7	40.0
True	PROKKA_06122025	6032	cdhit	0.9890197796956798	0.9894972978484756	0.9928808358047229	9.999000099990002e-05	0.99972754079228	0.9961768726969862	0.997949048466151	2003	1097	17	nt	0.95	2.0
True	PROKKA_06122025	6032	cdhit	0.9925117808563405	0.9993881921076782	0.9973812874264881	9.999000099990002e-05	0.998644220024653	0.9998317213674064	0.9992376178873194	1928	1044	4	aa	0.8	1.0
True	PROKKA_06122025	6032	ppanggolin	0.4374626180068789	0.9615580707657796	0.9060699006955587	9.999000099990002e-05	0.9614131674110254	0.9819612783829647	0.9715785910104769	1877	997	0	aa	0.9	6.0
True	PROKKA_06122025	6032	cdhit	0.9741380121142241	0.9996940960538391	0.9912828909755568	9.999000099990002e-05	0.9949745703940183	0.9999201765755291	0.9974412430810169	1888	1009	13	aa	0.5	3.0
True	PROKKA_06122025	6032	panaroo	0.4349005420431672	0.9553380238605078	0.9044868106702637	9.999000099990002e-05	0.96244901491321	0.9802568397536854	0.9712713095669734	1908	1003	3	aa	0.9	32.0
True	PROKKA_06122025	6032	ppanggolin	0.4325760114990646	0.9615580707657796	0.8995047960221112	9.999000099990002e-05	0.9570499821214578	0.981880530072965	0.9693062622323734	1834	964	6	aa	0.5	6.0
True	PROKKA_06122025	6032	cdhit	0.9947315791075321	0.9998980320179464	0.9983208273623289	9.999000099990002e-05	0.9990778765963236	0.9999454758967391	0.9995114879724561	1932	1048	4	nt	0.85	34.0
True	PROKKA_06122025	6032	diamond	0.9691888117355273	0.9997960640358927	0.9899754007787415	9.999000099990002e-05	0.9942101685475052	0.9999113502211928	0.9970526095619409	1885	1013	9	aa	0.5	2.0
True	PROKKA_06122025	6032	mmseqs2	0.9961787183630709	0.9963291526460691	0.9978026690978986	9.999000099990002e-05	0.9998693001755483	0.9988579808839548	0.9993633846752588	1955	1059	8	aa	0.9	1.0
True	PROKKA_06122025	6032	panaroo	0.43780925077743665	0.9610482308555114	0.9066097165218503	9.999000099990002e-05	0.961909481155254	0.9818534014853537	0.9717791243243149	1881	997	1	aa	0.6	39.0
True	PROKKA_06122025	6032	panx	0.20418172056588754	0.9628836545324768	0.8715751047681929	9.999000099990002e-05	0.9377607622858635	0.9821450567882242	0.9594398724966586	1824	972	0	aa	0.6	1250.0
True	PROKKA_06122025	6032	panaroo	0.4373712671176766	0.9615580707657796	0.9056220748250536	9.999000099990002e-05	0.9611171787109524	0.9819558233610709	0.9714247581652108	1870	988	2	aa	0.5	40.0
True	PROKKA_06122025	6032	panx	0.251599169281929	0.9623738146222086	0.8821452143642741	9.999000099990002e-05	0.9451915825982741	0.9820447558159646	0.9632658106641784	1842	981	0	aa	0.7	1231.0
True	PROKKA_06122025	6032	diamond	0.9919342550164963	0.9997960640358927	0.997340402816232	9.999000099990002e-05	0.998540013596505	0.9999117345882896	0.9992254033233429	1928	1046	4	aa	0.8	1.0
True	PROKKA_06122025	6032	panx	0.3106219072770764	0.9613541348016723	0.8920765191949152	9.999000099990002e-05	0.9522665882283463	0.9817959815943796	0.9668058565601371	1864	991	2	aa	0.85	1007.0
True	PROKKA_06122025	6032	panta	0.40566815326719424	0.9591108391964923	0.9027232636067538	9.999000099990002e-05	0.9600895078959981	0.9812306467375682	0.9705449629317469	1885	996	3	aa	0.9	10.0
True	PROKKA_06122025	6032	mmseqs2	0.9962035581444223	1.0	0.9988905056211717	9.999000099990002e-05	0.9993549659897087	1.0	0.9996773789440776	1936	1052	4	nt	0.8	2.0
True	PROKKA_06122025	6032	panx	0.3028367581472044	0.9615580707657796	0.8908341528214019	9.999000099990002e-05	0.9513448715369287	0.9818596713109125	0.9663614399483554	1859	988	1	aa	0.8	988.0
True	PROKKA_06122025	6032	mmseqs2	0.9990241109478345	1.0	0.9996923587889471	9.999000099990002e-05	0.9998212856100972	0.9999999999999998	0.9999106348196266	1939	1053	4	aa	0.85	1.0
True	PROKKA_06122025	6032	ppanggolin	0.4371430560651308	0.9615580707657796	0.90555907509059	9.999000099990002e-05	0.9610758163848172	0.9819550607976165	0.9714032574487634	1873	994	0	aa	0.8	6.0
True	PROKKA_06122025	6032	mmseqs2	0.9923244889772652	0.9996940960538391	0.9975610064269038	9.999000099990002e-05	0.9986729355327757	0.9999075614098284	0.9992898671253773	1931	1049	4	nt	0.5	5.0
True	PROKKA_06122025	6032	hdbscan_dist	0.959891740783285	0.9850107066381156	0.976145513734638	9.999000099990002e-05	0.989385175924473	0.9965658906478477	0.9929625514295561	1758	856	0	aa	0.9	2726.0
True	PROKKA_06122025	6032	hdbscan_tsne	0.8427025128772675	0.9426939940858571	0.910047341991291	9.999000099990002e-05	0.9585995604136898	0.9862687511699684	0.9722373342094763	1222	242	0	aa	0.9	2726.0
True	PROKKA_06122025	6032	hdbscan_umap	0.10223031985434	0.949423880901397	0.7881749357165666	9.999000099990002e-05	0.8691807361817483	0.9849737847881046	0.9234615882327183	907	65	0	aa	0.9	2726.0
True	PROKKA_06122025	6032	cdhit	0.9952469939699456	1.0	0.9985928169808699	9.999000099990002e-05	0.9991816567425535	1.0	0.9995906608813229	1933	1049	4	nt	0.9	2.0
True	PROKKA_06122025	6032	mmseqs2	0.9944711348216457	1.0	0.9983518147810678	9.999000099990002e-05	0.9990412748933603	1.0	0.9995204075480179	1933	1050	4	aa	0.7	1.0
True	PROKKA_06122025	6032	mmseqs2	0.9986501192505322	0.9996940960538391	0.9994430095072634	9.999000099990002e-05	0.9998212856100972	0.9998552235869992	0.9998382543105551	1942	1056	4	nt	0.9	2.0
True	PROKKA_06122025	6032	mmseqs2	0.9897585130718275	1.0	0.9970910843655414	9.999000099990002e-05	0.9983058265334744	1.0	0.9991521951024561	1928	1047	5	aa	0.6	1.0
True	PROKKA_06122025	6032	ppanggolin	0.4305162226713241	0.9466707453859489	0.9000594320044196	9.999000099990002e-05	0.9623021607053365	0.9779819332577449	0.970078691499717	1940	1014	17	aa	0.95	6.0
True	PROKKA_06122025	6032	ppanggolin	0.43615183057117446	0.9615580707657796	0.9042858781341808	9.999000099990002e-05	0.9602336349636491	0.9819395201574491	0.9709652841911078	1865	988	1	aa	0.7	6.0
True	PROKKA_06122025	6032	cdhit	0.974731504702357	0.9735902926481085	0.9837140207673675	9.999000099990002e-05	0.999898115545258	0.9908742422307285	0.9953657269540294	2092	1138	46	aa	0.95	1.0
True	PROKKA_06122025	6032	ppanggolin	0.4371633318858916	0.9615580707657796	0.9056270894756822	9.999000099990002e-05	0.9611207861379487	0.9819558898652031	0.971426633313674	1874	995	0	aa	0.85	6.0
True	PROKKA_06122025	6032	mmseqs2	0.9931846816376828	1.0	0.9979993620354376	9.999000099990002e-05	0.9988358547072396	1.0	0.9994175883477281	1932	1050	4	nt	0.6	2.0
True	PROKKA_06122025	11998	panaroo	0.18689360168522665	0.9245493214502735	0.825585445548343	9.999000099990002e-05	0.9273546071910833	0.9647099511281418	0.9456635227885575	1909	1006	9	aa	0.85	32.0
True	PROKKA_06122025	11998	panta	0.16969169796050249	0.9257646343933563	0.8210452336632582	9.999000099990002e-05	0.923524794238208	0.9650473823282056	0.9438296256329876	1989	1100	1	aa	0.6	12.0
True	PROKKA_06122025	11998	diamond	0.987537139006188	0.9996961717642293	0.9952212053126467	9.999000099990002e-05	0.9973076040918379	0.9999046479928643	0.9986044375295211	1905	1007	11	aa	0.6	1.0
True	PROKKA_06122025	11998	diamond	0.9470070534790416	0.943184119910877	0.9669410285123586	9.999000099990002e-05	0.9998326770695536	0.9818984252793161	0.990784400561495	2219	1147	92	aa	0.95	1.0
True	PROKKA_06122025	11998	diamond	0.9919675790220565	0.9996961717642293	0.9969594933196507	9.999000099990002e-05	0.9983246118776855	0.9999047451200865	0.9991140537405081	1920	1023	8	aa	0.7	1.0
True	PROKKA_06122025	11998	panta	0.16971399269699308	0.926068462629127	0.8212802645469907	9.999000099990002e-05	0.9235247942382081	0.9651709368633292	0.9438887123989425	1893	1002	2	aa	0.8	9.0
True	PROKKA_06122025	11998	mmseqs2	0.997858012340612	1.0	0.9991032880907611	9.999000099990002e-05	0.9994787786423146	1.0000000000000002	0.9997393213855267	1932	1034	6	nt	0.7	1.0
True	PROKKA_06122025	11998	cdhit	0.990935627295884	0.9994936196070489	0.996627044654731	9.999000099990002e-05	0.9982175319253139	0.9998180331902444	0.9990171415270729	1921	1025	7	aa	0.7	1.0
True	PROKKA_06122025	11998	panx	0.0762629969595038	0.9309297144014583	0.7728844319755811	9.999000099990002e-05	0.8854719159702168	0.9659502844005645	0.9239619670638601	1802	960	0	aa	0.5	1385.0
True	PROKKA_06122025	11998	ppanggolin	0.18703080948609963	0.9264735669434879	0.8234654317647557	9.999000099990002e-05	0.9248555393433218	0.9652761717790576	0.9446336561761175	1866	975	4	aa	0.6	5.0
True	PROKKA_06122025	11998	panx	0.15336014035503828	0.920498278306664	0.8125612795096986	9.999000099990002e-05	0.9200367473247921	0.9630606119758317	0.9410571880871252	1922	1021	12	aa	0.9	1388.0
True	PROKKA_06122025	11998	panaroo	0.1703861665815625	0.8774559449058132	0.7931634197461311	9.999000099990002e-05	0.9273546071910834	0.9484942032777436	0.9378052904848098	2199	1152	120	aa	0.95	35.0
True	PROKKA_06122025	11998	cdhit	0.9944149978378095	0.9995948956856391	0.9979563867182278	9.999000099990002e-05	0.9989428790883872	0.9998683209610089	0.9994053857866901	1929	1031	7	nt	0.8	37.0
True	PROKKA_06122025	11998	panta	0.15840372534506456	0.8907231112011343	0.7974465942506467	9.999000099990002e-05	0.9235247942382081	0.9530288491282083	0.938044883401553	2100	1094	91	aa	0.95	9.0
True	PROKKA_06122025	11998	mmseqs2	0.99100076876224	0.9998987239214098	0.9965542733594103	9.999000099990002e-05	0.9980436505578524	0.9999486892610361	0.9989952617046458	1912	1013	9	aa	0.5	1.0
True	PROKKA_06122025	11998	cdhit	0.9850104579681078	0.9991897913712781	0.9945788559375665	9.999000099990002e-05	0.9970759017738594	0.9997608116939734	0.9984165516936668	1907	1010	11	aa	0.6	0.0
True	PROKKA_06122025	11998	panaroo	0.18742995184477346	0.9261697387077172	0.8266730815780885	9.999000099990002e-05	0.9273546071910834	0.9652792439951282	0.9459369582592717	1899	1004	0	aa	0.8	32.0
True	PROKKA_06122025	11998	cdhit	0.9925062531149779	0.9939234352845858	0.9956849097916705	9.999000099990002e-05	0.9994801187564383	0.9980230709527077	0.9987510634440818	1963	1049	13	aa	0.9	0.0
True	PROKKA_06122025	11998	cdhit	0.9952021567624476	0.9988859631355074	0.997949930589859	9.999000099990002e-05	0.9992259287001051	0.9995826399893721	0.9994042525150412	1936	1035	10	aa	0.85	0.0
True	PROKKA_06122025	11998	panta	0.16936613300132364	0.9250557018432246	0.820546123760024	9.999000099990002e-05	0.9235247942382081	0.9647849490536526	0.9437040980423301	1900	1006	5	aa	0.85	9.0
True	PROKKA_06122025	11998	mmseqs2	0.9994124385746215	0.9997974478428195	0.9996216736363503	9.999000099990002e-05	0.9998768500137347	0.9999034269806976	0.9998901383206129	1939	1040	6	nt	0.85	1.0
True	PROKKA_06122025	11998	mmseqs2	0.9599152163872129	0.9599959489568564	0.974550450630847	9.999000099990002e-05	1.0	0.9857893170741183	0.9928438113732933	2181	1177	72	aa	0.95	1.0
True	PROKKA_06122025	11998	diamond	0.9858200936249063	0.988454527040713	0.9922462794327623	9.999000099990002e-05	0.9993703539298284	0.9961638571534235	0.9977645293839434	1988	1053	28	aa	0.9	1.0
True	PROKKA_06122025	11998	mmseqs2	0.9729045057540291	0.9737694956451286	0.982950113500025	9.999000099990002e-05	0.9999802922854776	0.9903755309231207	0.9951547369940732	2102	1137	46	nt	0.95	1.0
True	PROKKA_06122025	11998	hdbscan_dist	0.02281285297577391	0.9988859631355074	0.7053311372143949	9.999000099990002e-05	0.7890676609199206	0.9996504589203271	0.8819632792988485	1501	856	0	nt	0.9	2820.0
True	PROKKA_06122025	11998	hdbscan_tsne	0.8609307815653578	0.9713388697589629	0.9118940352058396	9.999000099990002e-05	0.953918748361946	0.9912887890919065	0.9722448044731721	1086	137	0	nt	0.9	2820.0
True	PROKKA_06122025	11998	hdbscan_umap	0.7869669612137689	0.9821754101681183	0.8921899946056351	9.999000099990002e-05	0.935823110395697	0.9949304838233134	0.964472051521054	893	32	0	nt	0.9	2820.0
True	PROKKA_06122025	11998	panx	0.1750161391906486	0.8933562892444804	0.8038888732372592	9.999000099990002e-05	0.9270481814387839	0.9538997232658856	0.9402822922599182	2103	1118	70	aa	0.95	1387.0
True	PROKKA_06122025	11998	diamond	0.9949203554612314	0.9976706501924245	0.9973227029680765	9.999000099990002e-05	0.9992583366947069	0.9991870973746656	0.9992227157649392	1942	1037	11	aa	0.85	0.0
True	PROKKA_06122025	11998	panta	0.1696827799139673	0.9256633583147661	0.8209931485573551	9.999000099990002e-05	0.923524794238208	0.9650200078070603	0.9438165334289027	1990	1101	2	aa	0.7	12.0
True	PROKKA_06122025	11998	mmseqs2	0.9993403975282382	0.9996961717642293	0.9995477383140128	9.999000099990002e-05	0.9998801469943707	0.9998572186654145	0.9998686826984483	1940	1041	6	aa	0.8	1.0
True	PROKKA_06122025	11998	panta	0.16969169796050249	0.9257646343933563	0.8210452336632582	9.999000099990002e-05	0.923524794238208	0.9650473823282057	0.9438296256329876	1989	1100	1	aa	0.5	12.0
True	PROKKA_06122025	11998	panaroo	0.18748148102325607	0.9264735669434879	0.8264969594520899	9.999000099990002e-05	0.9271018363133383	0.9653573903707765	0.9458429504761934	1895	1001	1	aa	0.7	35.0
True	PROKKA_06122025	11998	cdhit	0.9769979211169151	0.9780230909459185	0.9858333054183979	9.999000099990002e-05	0.9995982969526691	0.9923335980654405	0.9959527001058545	2068	1121	34	nt	0.95	2.0
True	PROKKA_06122025	11998	cdhit	0.9935658847668523	1.0	0.9978418918451892	9.999000099990002e-05	0.9987440218991461	1.0	0.9993716163315098	1926	1030	7	aa	0.8	0.0
True	PROKKA_06122025	11998	ppanggolin	0.18592614527148194	0.9224225237998784	0.823245158678011	9.999000099990002e-05	0.9267363466300546	0.9639022244121842	0.9449539850103627	1914	1008	11	aa	0.9	5.0
True	PROKKA_06122025	11998	cdhit	0.9743821155945477	0.9988859631355074	0.9914858316275826	9.999000099990002e-05	0.9953410694487747	0.9996766348268638	0.9975041411201908	1890	997	10	aa	0.5	3.0
True	PROKKA_06122025	11998	panaroo	0.18358561569215218	0.9158395786915131	0.8197973738325042	9.999000099990002e-05	0.9273546071910834	0.9617085525371499	0.9442192045063201	1956	1023	27	aa	0.9	33.0
True	PROKKA_06122025	11998	ppanggolin	0.18655912936223346	0.9264735669434879	0.8208474738447639	9.999000099990002e-05	0.9229037339008382	0.9652052911742368	0.9435806464302339	1847	962	4	aa	0.5	7.0
True	PROKKA_06122025	11998	cdhit	0.9964221284419663	0.9989872392140976	0.9983641647311997	9.999000099990002e-05	0.9992950983439284	0.999754047489393	0.999524520233034	1933	1034	7	nt	0.85	34.0
True	PROKKA_06122025	11998	diamond	0.9774737553508162	0.9996961717642293	0.9922615717624963	9.999000099990002e-05	0.9955679951928634	0.9999044813951463	0.9977315263491389	1884	987	13	aa	0.5	1.0
True	PROKKA_06122025	11998	mmseqs2	0.9925360120778365	0.9928093984200932	0.9953476661271119	9.999000099990002e-05	0.9999301739284826	0.9973864528122444	0.9986566935678167	1980	1060	20	aa	0.9	1.0
True	PROKKA_06122025	11998	panaroo	0.18747995657790567	0.9264735669434879	0.8264170815490782	9.999000099990002e-05	0.9270427131697709	0.9653552575442232	0.9458111570356925	1892	995	4	aa	0.6	38.0
True	PROKKA_06122025	11998	panx	0.10293927787358223	0.9289041928296536	0.7929316955464502	9.999000099990002e-05	0.9015097796969047	0.9656233438325725	0.9324657968930812	1835	972	0	aa	0.6	1032.0
True	PROKKA_06122025	11998	panaroo	0.18729314409713707	0.9264735669434879	0.8253486151057011	9.999000099990002e-05	0.9262530945230577	0.9653267474008911	0.9453863560911242	1883	987	4	aa	0.5	38.0
True	PROKKA_06122025	11998	panx	0.12048280526094822	0.9280939842009317	0.8029841678386817	9.999000099990002e-05	0.9093254968364137	0.9655370793756124	0.9365886284754749	1859	987	0	aa	0.7	1058.0
True	PROKKA_06122025	11998	diamond	0.9938374784687616	0.9988859631355074	0.9974694543486523	9.999000099990002e-05	0.9989506142947614	0.9995779645873057	0.9992641909764949	1935	1035	10	aa	0.8	1.0
True	PROKKA_06122025	11998	panx	0.13948852540612527	0.926068462629127	0.8103520157708206	9.999000099990002e-05	0.9157167184444605	0.9649362266936918	0.9396823983929878	1882	1000	3	aa	0.85	1018.0
True	PROKKA_06122025	11998	panta	0.16794210006170623	0.9211059347782053	0.8177987421279304	9.999000099990002e-05	0.923524794238208	0.9633472682309856	0.9430158041650333	1923	1017	13	aa	0.9	10.0
True	PROKKA_06122025	11998	mmseqs2	0.9997242586738205	1.0	0.9997983422171335	9.999000099990002e-05	0.9998828651441192	1.0000000000000002	0.9999414291417151	1937	1038	6	nt	0.8	3.0
True	PROKKA_06122025	11998	panx	0.13884423936626586	0.9264735669434879	0.8102735808151288	9.999000099990002e-05	0.9154330708476889	0.965092683134231	0.939607188791203	1877	996	2	aa	0.8	996.0
True	PROKKA_06122025	11998	mmseqs2	0.9982466832596897	0.9983795827425562	0.9988470767382537	9.999000099990002e-05	0.9999290793004729	0.999402286523142	0.999665613510948	1948	1044	10	aa	0.85	1.0
True	PROKKA_06122025	11998	ppanggolin	0.1873043018657246	0.9264735669434879	0.8252908657971364	9.999000099990002e-05	0.926210064982679	0.9653251924186452	0.9453631971183416	1885	994	1	aa	0.8	5.0
True	PROKKA_06122025	11998	mmseqs2	0.996546245486115	1.0	0.9987483024005251	9.999000099990002e-05	0.9992721862466994	1.0000000000000002	0.9996359606469258	1931	1034	6	nt	0.5	3.0
True	PROKKA_06122025	11998	hdbscan_dist	0.9723354016397835	0.9976706501924245	0.9811068825979864	9.999000099990002e-05	0.9894235422563857	0.9994111214183182	0.9943922539011772	1738	849	0	aa	0.9	2916.0
True	PROKKA_06122025	11998	hdbscan_tsne	0.8773202793748465	0.9829856187968402	0.9224958834626021	9.999000099990002e-05	0.9560375744783931	0.99571612812845	0.9754735248955716	1080	159	0	aa	0.9	2916.0
True	PROKKA_06122025	11998	hdbscan_umap	0.16339411881321708	0.9754911889811626	0.8208183400744775	9.999000099990002e-05	0.8859880868934421	0.9920260660377455	0.9360134746859006	880	73	0	aa	0.9	2916.0
True	PROKKA_06122025	11998	cdhit	0.9959063625129925	0.9986834109783269	0.9983162054553059	9.999000099990002e-05	0.9994180920736258	0.9996036782638729	0.9995108765539772	1939	1038	8	nt	0.9	2.0
True	PROKKA_06122025	11998	mmseqs2	0.9979893786611826	1.0	0.9991874035926107	9.999000099990002e-05	0.9995277109484167	0.9999999999999999	0.9997637996967997	1933	1035	6	aa	0.7	1.0
True	PROKKA_06122025	11998	mmseqs2	0.9964750609725236	0.9967591654851125	0.9977681516580665	9.999000099990002e-05	0.9999301739284826	0.998777661082838	0.9993535852195112	1958	1049	14	nt	0.9	1.0
True	PROKKA_06122025	11998	mmseqs2	0.9977266805399256	1.0	0.998924979578674	9.999000099990002e-05	0.9993750241765798	1.0	0.9996874144090714	1928	1027	9	aa	0.6	1.0
True	PROKKA_06122025	11998	ppanggolin	0.17897742076502796	0.9018634798460604	0.8099897170577266	9.999000099990002e-05	0.9273546071910834	0.9567315688276349	0.9418140629557337	2054	1091	51	aa	0.95	5.0
True	PROKKA_06122025	11998	ppanggolin	0.18726018565680597	0.9264735669434879	0.8248217868675027	9.999000099990002e-05	0.925862191381428	0.9653126159947965	0.9451759303552123	1878	987	1	aa	0.7	5.0
True	PROKKA_06122025	11998	cdhit	0.9597987944472554	0.9582742556208224	0.9739474015175801	9.999000099990002e-05	0.9997453777340013	0.9856972445411313	0.9926716118805868	2194	1206	60	aa	0.95	0.0
True	PROKKA_06122025	11998	ppanggolin	0.18711613586580517	0.9256633583147661	0.8252960730273986	9.999000099990002e-05	0.9265882661608572	0.9650732088066641	0.9454392586620872	1891	995	3	aa	0.85	5.0
True	PROKKA_06122025	11998	mmseqs2	0.997858012340612	1.0	0.9991032880907611	9.999000099990002e-05	0.9994787786423146	1.0000000000000002	0.9997393213855267	1932	1034	6	nt	0.6	1.0
True	PROKKA_06122025	13478	panaroo	0.4320559882170901	0.961489415965315	0.9009386793200713	9.999000099990002e-05	0.9650734052154096	0.9834976557904451	0.9741984274416008	1907	1017	5	aa	0.85	30.0
True	PROKKA_06122025	13478	panta	0.3672616006631163	0.9609793420045907	0.893246042944129	9.999000099990002e-05	0.9608470642974529	0.9833123588292796	0.9719499152482086	1996	1110	6	aa	0.6	11.0
True	PROKKA_06122025	13478	diamond	0.9765465816892732	1.0	0.9920404554747626	9.999000099990002e-05	0.9959941883007344	0.9999999999999999	0.9979930744674783	1904	1020	12	aa	0.6	1.0
True	PROKKA_06122025	13478	diamond	0.9762247058791819	0.9788319306299413	0.9856449618276363	9.999000099990002e-05	0.999540797706453	0.9934200205946987	0.996471010091621	2028	1087	37	aa	0.95	1.0
True	PROKKA_06122025	13478	diamond	0.9863916019728195	0.9997449630196379	0.9948706897466786	9.999000099990002e-05	0.9975010208600547	0.9999253686206261	0.9987117234816008	1918	1031	10	aa	0.7	1.0
True	PROKKA_06122025	13478	panta	0.36739617472610314	0.961489415965315	0.8935506517677081	9.999000099990002e-05	0.9608470642974529	0.9834563410309283	0.9720202469991411	1898	1011	6	aa	0.8	9.0
True	PROKKA_06122025	13478	mmseqs2	0.9940066739029148	1.0	0.9978463942299913	9.999000099990002e-05	0.9989223832667677	0.9999999999999999	0.9994609011624197	1932	1042	9	nt	0.7	1.0
True	PROKKA_06122025	13478	cdhit	0.9897648197498855	0.9993624075490947	0.9956251203272437	9.999000099990002e-05	0.9980118066892059	0.999795669550151	0.9989029417049227	1922	1032	10	aa	0.7	0.0
True	PROKKA_06122025	13478	panx	0.12454996948386012	0.9640397857689365	0.8306711729881813	9.999000099990002e-05	0.9216766918427696	0.983845957807074	0.9517471627441796	1798	962	5	aa	0.5	1545.0
True	PROKKA_06122025	13478	ppanggolin	0.4278437645994757	0.961489415965315	0.8949071982615237	9.999000099990002e-05	0.9616000604973854	0.9834390356992115	0.9723969436635602	1877	999	7	aa	0.6	6.0
True	PROKKA_06122025	13478	panx	0.34953288627221923	0.9608518235144096	0.8896739620833918	9.999000099990002e-05	0.9589609195815794	0.9831399266698011	0.9708999097306467	1894	1012	5	aa	0.9	1105.0
True	PROKKA_06122025	13478	panaroo	0.4183818227673478	0.9424891609283346	0.8874908314031891	9.999000099990002e-05	0.9650734052154096	0.9772816168385494	0.9711391451182391	2004	1058	48	aa	0.95	32.0
True	PROKKA_06122025	13478	cdhit	0.993676574472753	0.9994899260392757	0.9972757636228421	9.999000099990002e-05	0.9987725971334723	0.9998640635494718	0.9993180323135811	1929	1038	9	nt	0.8	30.0
True	PROKKA_06122025	13478	panta	0.36280818875098475	0.9547309359857179	0.8884701381280593	9.999000099990002e-05	0.9608470642974529	0.9810699464798567	0.9708532060989598	1936	1036	18	aa	0.95	9.0
True	PROKKA_06122025	13478	mmseqs2	0.9874287822882593	1.0	0.9947400545663412	9.999000099990002e-05	0.9973598888483667	1.0	0.998678199574161	1910	1021	11	aa	0.5	3.0
True	PROKKA_06122025	13478	cdhit	0.9749064146675562	0.9989798520785514	0.9912037162148354	9.999000099990002e-05	0.995876877897074	0.9996966642797819	0.9977831153053407	1908	1025	10	aa	0.6	0.0
True	PROKKA_06122025	13478	panaroo	0.4320265975381288	0.961489415965315	0.9008450850304335	9.999000099990002e-05	0.965019820768622	0.9834967545906372	0.9741706833226074	1906	1016	5	aa	0.8	34.0
True	PROKKA_06122025	13478	cdhit	0.9950522978451437	0.9975771486865596	0.9970766524821296	9.999000099990002e-05	0.9992678110846441	0.9992725119458732	0.9992701615097301	1941	1042	15	aa	0.9	0.0
True	PROKKA_06122025	13478	cdhit	0.9936574621545667	0.9994899260392757	0.9974276366006439	9.999000099990002e-05	0.9988411445962979	0.9998716861855569	0.9993561497159513	1931	1040	9	aa	0.85	0.0
True	PROKKA_06122025	13478	panta	0.3673288904649841	0.9613618974751339	0.8934483535704587	9.999000099990002e-05	0.9608470642974529	0.9834079670474694	0.9719966186644324	1899	1013	5	aa	0.85	9.0
True	PROKKA_06122025	13478	mmseqs2	0.9981700844659874	1.0	0.9992046093671331	9.999000099990002e-05	0.9996025386671047	0.9999999999999998	0.9998012298318242	1937	1044	9	nt	0.85	1.0
True	PROKKA_06122025	13478	mmseqs2	0.98302418112367	0.9861004845702627	0.9893413124197425	9.999000099990002e-05	0.9998377869796147	0.9949177390488805	0.9973716953855771	2020	1103	27	aa	0.95	1.0
True	PROKKA_06122025	13478	diamond	0.9919342906027137	0.9956643713338434	0.9951668239544211	9.999000099990002e-05	0.9990776026137992	0.998512711485271	0.9987950771778055	1957	1060	16	aa	0.9	1.0
True	PROKKA_06122025	13478	mmseqs2	0.9910385201708473	0.9929864830400408	0.9946906138988808	9.999000099990002e-05	0.9998205323750727	0.9975460602033893	0.9986820012781703	1978	1075	14	nt	0.95	2.0
True	PROKKA_06122025	13478	hdbscan_dist	0.023531885616327772	0.9928589645498598	0.6879594618994391	9.999000099990002e-05	0.8017908718588959	0.9976877934207543	0.889076354351208	1531	857	0	nt	0.9	1452.0
True	PROKKA_06122025	13478	hdbscan_tsne	0.7645545022280122	0.8607498087222647	0.8538637140246752	9.999000099990002e-05	0.9646071722426228	0.9627683791378332	0.9636868985492681	1680	444	0	nt	0.9	1452.0
True	PROKKA_06122025	13478	hdbscan_umap	0.7457036720221242	0.9929864830400408	0.8693376509667172	9.999000099990002e-05	0.9274625139814318	0.9980003132112812	0.9614393655105866	882	36	0	nt	0.9	1452.0
True	PROKKA_06122025	13478	panx	0.42248777938704196	0.9526906401428207	0.8936302737738641	9.999000099990002e-05	0.964566325183351	0.9804915899601891	0.9724637630970354	1949	1042	19	aa	0.95	1101.0
True	PROKKA_06122025	13478	diamond	0.9945065370006272	0.9997449630196379	0.997490076406878	9.999000099990002e-05	0.9988548007469711	0.9998892767950575	0.9993717710677334	1930	1039	9	aa	0.85	1.0
True	PROKKA_06122025	13478	panta	0.3671943053198152	0.9608518235144096	0.8931436885848574	9.999000099990002e-05	0.9608470642974529	0.9832639990087504	0.9719262903326507	1997	1111	6	aa	0.7	11.0
True	PROKKA_06122025	13478	mmseqs2	0.9981903801257033	1.0	0.9992090645639802	9.999000099990002e-05	0.9996047666861109	1.0	0.9998023442829934	1937	1044	9	aa	0.8	1.0
True	PROKKA_06122025	13478	panta	0.3672616006631163	0.9609793420045907	0.8932460429441292	9.999000099990002e-05	0.9608470642974529	0.9833123588292796	0.9719499152482086	1996	1110	6	aa	0.5	15.0
True	PROKKA_06122025	13478	panaroo	0.4317958093228906	0.961489415965315	0.9004885310118866	9.999000099990002e-05	0.9648157082062554	0.9834933208606453	0.9740649873564823	1904	1014	6	aa	0.7	35.0
True	PROKKA_06122025	13478	cdhit	0.9894743647833616	0.9926039275694976	0.9938146707147937	9.999000099990002e-05	0.9994194576258718	0.9975086910685383	0.9984631601859122	1972	1065	19	nt	0.95	1.0
True	PROKKA_06122025	13478	cdhit	0.9927155318737094	0.9997449630196379	0.9970121335854814	9.999000099990002e-05	0.9985931829929224	0.9999109232458477	0.9992516186846073	1927	1036	9	aa	0.8	1.0
True	PROKKA_06122025	13478	ppanggolin	0.4314647218485259	0.9613618974751339	0.8997747576289108	9.999000099990002e-05	0.9644745701963632	0.9834316090346883	0.973860844587159	1900	1012	5	aa	0.9	5.0
True	PROKKA_06122025	13478	cdhit	0.9676084171980117	0.9993624075490947	0.9885619291137666	9.999000099990002e-05	0.9943798962116087	0.9998462824610139	0.9971055973629966	1887	1005	11	aa	0.5	3.0
True	PROKKA_06122025	13478	panaroo	0.4301997151306603	0.9591940831420556	0.8991946700109245	9.999000099990002e-05	0.9650734052154096	0.9826784728799868	0.9737963759342031	1920	1021	11	aa	0.9	31.0
True	PROKKA_06122025	13478	ppanggolin	0.4259456600589849	0.961489415965315	0.8918081679370139	9.999000099990002e-05	0.9597970876566229	0.983408442188957	0.9714593173938774	1855	980	8	aa	0.5	7.0
True	PROKKA_06122025	13478	cdhit	0.9953547259257632	0.9997449630196379	0.9979307399957182	9.999000099990002e-05	0.9990449754054219	0.9999199543616514	0.9994822733873873	1932	1040	10	nt	0.85	27.0
True	PROKKA_06122025	13478	diamond	0.9681682938714183	1.0	0.9888789056453227	9.999000099990002e-05	0.9943853682541887	0.9999999999999999	0.9971847809178793	1883	998	16	aa	0.5	1.0
True	PROKKA_06122025	13478	mmseqs2	0.9971275929196785	0.9985972966080081	0.9986053921725561	9.999000099990002e-05	0.9997133634814976	0.9995905136826537	0.9996519348077437	1943	1046	10	aa	0.9	1.0
True	PROKKA_06122025	13478	panaroo	0.4313976628685973	0.9609793420045907	0.899986718472981	9.999000099990002e-05	0.9646484135488539	0.9833916693986652	0.9739298714503276	1903	1012	7	aa	0.6	37.0
True	PROKKA_06122025	13478	panx	0.18452743895649543	0.96327467482785	0.8570120992599144	9.999000099990002e-05	0.9384263125947914	0.983806459018151	0.9605807176710045	1843	988	5	aa	0.6	1525.0
True	PROKKA_06122025	13478	panaroo	0.4311300010950701	0.961489415965315	0.8991099419177864	9.999000099990002e-05	0.964024779569652	0.9834800017770247	0.9736552135894196	1892	1001	8	aa	0.5	38.0
True	PROKKA_06122025	13478	panx	0.24517905479612062	0.9625095638867636	0.872519407667077	9.999000099990002e-05	0.9481372381158032	0.9836271280495366	0.9655561774089011	1862	994	6	aa	0.7	1386.0
True	PROKKA_06122025	13478	diamond	0.9927586344010496	0.9998724815098189	0.9970370706652112	9.999000099990002e-05	0.9985675574413831	0.9999488933157511	0.9992577480022621	1927	1037	9	aa	0.8	1.0
True	PROKKA_06122025	13478	panx	0.31132769815816724	0.9617444529456771	0.8848319224764978	9.999000099990002e-05	0.9557091450860818	0.9834634409346057	0.9693876771306638	1884	1007	5	aa	0.85	1107.0
True	PROKKA_06122025	13478	panta	0.36707315973527627	0.9608518235144096	0.8931533324920973	9.999000099990002e-05	0.9608470642974529	0.9832685187814507	0.9719284983982535	1901	1014	5	aa	0.9	9.0
True	PROKKA_06122025	13478	mmseqs2	0.9963872874402457	1.0	0.9988378566279437	9.999000099990002e-05	0.9994190609663285	0.9999999999999999	0.9997094460861091	1937	1045	9	nt	0.8	1.0
True	PROKKA_06122025	13478	panx	0.2948406513115787	0.9619994899260392	0.8820102127567832	9.999000099990002e-05	0.9539481955892651	0.9835308783764894	0.9685136932221242	1876	1000	6	aa	0.8	1388.0
True	PROKKA_06122025	13478	mmseqs2	0.9983324728194568	1.0	0.9993162240707076	9.999000099990002e-05	0.9996583511328981	0.9999999999999998	0.9998291463804762	1938	1045	9	aa	0.85	1.0
True	PROKKA_06122025	13478	ppanggolin	0.43102967939612563	0.961489415965315	0.8990617584860293	9.999000099990002e-05	0.9639971733353484	0.9834795365052221	0.9736409051092644	1895	1009	5	aa	0.8	5.0
True	PROKKA_06122025	13478	mmseqs2	0.9938441943490501	0.9998724815098189	0.997645886372546	9.999000099990002e-05	0.9988730933918891	0.999948908947498	0.999410711654392	1931	1039	11	nt	0.5	4.0
True	PROKKA_06122025	13478	hdbscan_dist	0.9508666206775058	0.9850803366488141	0.9684276970174682	9.999000099990002e-05	0.9879838747030543	0.995967528878005	0.9919596382080572	1762	832	0	aa	0.9	1455.0
True	PROKKA_06122025	13478	hdbscan_tsne	0.813254208982173	0.9035960214231064	0.8805288129024098	9.999000099990002e-05	0.9647169704782356	0.97421459989906	0.9694425236754532	1530	381	0	aa	0.9	1455.0
True	PROKKA_06122025	13478	hdbscan_umap	0.6698553787019247	0.991583779648049	0.8502877561468677	9.999000099990002e-05	0.9153504982128595	0.9974942957774774	0.9546586356331552	846	42	0	aa	0.9	1455.0
True	PROKKA_06122025	13478	cdhit	0.9946598432738922	0.9992348890589136	0.9976931461529471	9.999000099990002e-05	0.9991377198093409	0.9997089703589697	0.9994232634552861	1937	1045	9	nt	0.9	1.0
True	PROKKA_06122025	13478	mmseqs2	0.9940871866773772	1.0	0.9979351035053282	9.999000099990002e-05	0.9989668629486032	0.9999999999999999	0.9994831644933458	1933	1043	9	aa	0.7	1.0
True	PROKKA_06122025	13478	mmseqs2	0.9983324728194568	1.0	0.9993162240707076	9.999000099990002e-05	0.9996583511328981	0.9999999999999998	0.9998291463804762	1938	1045	9	nt	0.9	1.0
True	PROKKA_06122025	13478	mmseqs2	0.9922386812675232	1.0	0.9971628362734452	9.999000099990002e-05	0.9985793826200154	1.0	0.9992891864129398	1928	1038	10	aa	0.6	1.0
True	PROKKA_06122025	13478	ppanggolin	0.42665426933624345	0.9547309359857179	0.8955787526345717	9.999000099990002e-05	0.9647476231174115	0.9812502149843111	0.9729289458132263	1936	1030	19	aa	0.95	5.0
True	PROKKA_06122025	13478	ppanggolin	0.4303412249140261	0.961489415965315	0.897932060718086	9.999000099990002e-05	0.963347329789572	0.9834685765538399	0.9733039719554983	1889	1006	5	aa	0.7	7.0
True	PROKKA_06122025	13478	cdhit	0.9826066301467903	0.9853353736291762	0.9895756952232646	9.999000099990002e-05	0.9995995300894963	0.9952613268002398	0.9974257113219385	2007	1083	30	aa	0.95	0.0
True	PROKKA_06122025	13478	ppanggolin	0.43105893508629073	0.961489415965315	0.8991549854895962	9.999000099990002e-05	0.964050757782136	0.9834804395864304	0.9736686778915569	1896	1010	5	aa	0.85	5.0
True	PROKKA_06122025	13478	mmseqs2	0.9940066739029148	1.0	0.9978463942299913	9.999000099990002e-05	0.9989223832667677	0.9999999999999999	0.9994609011624197	1932	1042	9	nt	0.6	1.0
True	PROKKA_06122025	14557	panaroo	0.7783069311483235	0.9840510366826156	0.9586757621356236	9.999000099990002e-05	0.9850450845746865	0.9930503593237734	0.9890315234326199	1898	1036	2	aa	0.85	34.0
True	PROKKA_06122025	14557	panta	0.6271316644052954	0.9847871426818795	0.9490555792685846	9.999000099990002e-05	0.9794740688329638	0.9932346127007298	0.9863063477283132	1986	1133	2	aa	0.6	12.0
True	PROKKA_06122025	14557	diamond	0.9848655852076289	1.0	0.9938390800753872	9.999000099990002e-05	0.9967695019303153	0.9999999999999998	0.9983821377146627	1903	1047	9	aa	0.6	2.0
True	PROKKA_06122025	14557	diamond	0.9757792630743678	0.9760765550239234	0.9857961772378375	9.999000099990002e-05	0.999758557845433	0.9929831046449789	0.9963593127511292	2029	1117	29	aa	0.95	1.0
True	PROKKA_06122025	14557	diamond	0.9903142112433699	1.0	0.99602686842267	9.999000099990002e-05	0.9979212018137815	0.9999999999999999	0.9989595194323322	1917	1060	7	aa	0.7	2.0
True	PROKKA_06122025	14557	panta	0.6272914311068916	0.9849098270150902	0.9491688591611044	9.999000099990002e-05	0.9794740688329638	0.9932926004351508	0.9863349376749502	1886	1033	2	aa	0.8	9.0
True	PROKKA_06122025	14557	mmseqs2	0.9977740361893674	1.0	0.9988491304175325	9.999000099990002e-05	0.9993995307635206	1.0	0.9996996752138628	1932	1069	7	nt	0.7	1.0
True	PROKKA_06122025	14557	cdhit	0.9907133577665425	0.9998773156667894	0.9962186904748768	9.999000099990002e-05	0.9980815233061014	0.9999407553522695	0.9990102742878297	1920	1062	7	aa	0.7	0.0
True	PROKKA_06122025	14557	panx	0.19954054974521598	0.9861366703471967	0.8875805587112962	9.999000099990002e-05	0.9426008689192483	0.9935675345432771	0.9674133920537092	1788	990	2	aa	0.5	1002.0
True	PROKKA_06122025	14557	ppanggolin	0.7705260989447393	0.9847871426818795	0.9540055845883039	9.999000099990002e-05	0.9822207959844511	0.9932481834844017	0.9877037114037267	1864	1011	5	aa	0.6	5.0
True	PROKKA_06122025	14557	panx	0.5857807639538547	0.9827015090172985	0.9434112305875053	9.999000099990002e-05	0.9769568373692995	0.9926189930125684	0.9847256421076613	1881	1028	6	aa	0.9	997.0
True	PROKKA_06122025	14557	panaroo	0.7592128761492221	0.9634400687032266	0.9456654673991958	9.999000099990002e-05	0.9850480818991189	0.9865567470196382	0.9858018372467413	1993	1075	33	aa	0.95	32.0
True	PROKKA_06122025	14557	cdhit	0.9954688612895475	0.9998773156667894	0.9979117243671095	9.999000099990002e-05	0.9989525881601058	0.9999569719331264	0.9994545277123476	1928	1066	7	nt	0.8	30.0
True	PROKKA_06122025	14557	panta	0.6224661307434514	0.9784075573549258	0.9457117722984826	9.999000099990002e-05	0.9794740688329638	0.9915315319765072	0.9854659201398093	1908	1037	11	aa	0.95	9.0
True	PROKKA_06122025	14557	mmseqs2	0.9910849808860069	1.0	0.9955883258259217	9.999000099990002e-05	0.9976907257010196	0.9999999999999998	0.9988440281224361	1910	1051	9	aa	0.5	1.0
True	PROKKA_06122025	14557	cdhit	0.9848853571653041	0.9995092626671574	0.9935987999538689	9.999000099990002e-05	0.9968080447530782	0.9998362464975241	0.9983198492709017	1906	1049	10	aa	0.6	0.0
True	PROKKA_06122025	14557	panaroo	0.7790532308121241	0.9847871426818795	0.9590010738316315	9.999000099990002e-05	0.984989234955876	0.9932670325628867	0.9891108149887176	1895	1035	2	aa	0.8	33.0
True	PROKKA_06122025	14557	cdhit	0.9960776317516667	0.9987731566678935	0.9977344521098338	9.999000099990002e-05	0.9992885564229474	0.9995300813116882	0.9994093042751304	1938	1074	8	aa	0.9	0.0
True	PROKKA_06122025	14557	cdhit	0.9938093212927316	0.9998773156667894	0.9977736903123342	9.999000099990002e-05	0.9988701372345258	0.9999671578162275	0.999418346486828	1930	1068	9	aa	0.85	0.0
True	PROKKA_06122025	14557	panta	0.6272914311068916	0.9849098270150902	0.9491688591611044	9.999000099990002e-05	0.9794740688329638	0.9932926004351508	0.9863349376749502	1886	1033	2	aa	0.85	9.0
True	PROKKA_06122025	14557	mmseqs2	0.9991084257188891	1.0	0.9995324091333833	9.999000099990002e-05	0.9997561986026489	1.0000000000000002	0.9998780844397326	1937	1073	7	nt	0.85	1.0
True	PROKKA_06122025	14557	mmseqs2	0.9841954858481721	0.9857686173475647	0.9904920634235468	9.999000099990002e-05	0.9999482163715538	0.9951652607039072	0.9975510053638581	2010	1122	19	aa	0.95	1.0
True	PROKKA_06122025	14557	diamond	0.9920212300390648	0.995460679671206	0.995480025099471	9.999000099990002e-05	0.99911890542689	0.9985290151044958	0.9988238731706175	1956	1092	8	aa	0.9	1.0
True	PROKKA_06122025	14557	mmseqs2	0.9921080560005322	0.9934977303398356	0.9953596427736757	9.999000099990002e-05	0.9998902136110147	0.997706531626271	0.9987971790676866	1971	1095	13	nt	0.95	1.0
True	PROKKA_06122025	14557	hdbscan_dist	0.023235927624215554	0.9937430990062569	0.6885149102683561	9.999000099990002e-05	0.7953543801826398	0.9978777489128715	0.8851798109204773	1540	901	0	nt	0.9	1547.0
True	PROKKA_06122025	14557	hdbscan_tsne	0.7575106237993562	0.8505704821494295	0.8507405849178772	9.999000099990002e-05	0.9642505982912788	0.9589900734426982	0.9616131414679491	1710	517	0	nt	0.9	1547.0
True	PROKKA_06122025	14557	hdbscan_umap	0.7608629762911507	0.9878542510121457	0.8755783958141747	9.999000099990002e-05	0.9297646703956932	0.9968841610173687	0.9621552804837906	881	52	0	nt	0.9	1547.0
True	PROKKA_06122025	14557	panx	0.7598529156021638	0.976199239357134	0.9527457192682114	9.999000099990002e-05	0.9842759035428271	0.9907530450038458	0.9875038533248343	1924	1048	11	aa	0.95	1037.0
True	PROKKA_06122025	14557	diamond	0.9937230285601263	0.9987731566678935	0.9972075961838494	9.999000099990002e-05	0.9988738525719846	0.9996684062810106	0.9992709714824777	1930	1066	8	aa	0.85	1.0
True	PROKKA_06122025	14557	panta	0.6272914311068916	0.9849098270150902	0.9491688591611044	9.999000099990002e-05	0.9794740688329638	0.9932926004351508	0.9863349376749502	1985	1132	2	aa	0.7	12.0
True	PROKKA_06122025	14557	mmseqs2	0.9992153308234554	1.0	0.9995485421918892	9.999000099990002e-05	0.9997646140538103	1.0	0.9998822931736389	1937	1073	7	aa	0.8	1.0
True	PROKKA_06122025	14557	panta	0.6271316644052954	0.9847871426818795	0.9490555792685849	9.999000099990002e-05	0.9794740688329638	0.9932346127007298	0.9863063477283132	1986	1132	2	aa	0.5	11.0
True	PROKKA_06122025	14557	panaroo	0.7789968865657764	0.9847871426818795	0.9588799673716747	9.999000099990002e-05	0.9849224334152125	0.9932665789798688	0.9890769080901889	1893	1032	3	aa	0.7	37.0
True	PROKKA_06122025	14557	cdhit	0.9928056464529308	0.9946018893387314	0.9953193241654824	9.999000099990002e-05	0.9996652862122806	0.9979072241021482	0.9987854815226235	1969	1097	14	nt	0.95	1.0
True	PROKKA_06122025	14557	cdhit	0.9932812165402685	1.0	0.997482202372625	9.999000099990002e-05	0.9986845578773611	0.9999999999999999	0.9993418460569705	1926	1065	7	aa	0.8	0.0
True	PROKKA_06122025	14557	ppanggolin	0.7759680971745733	0.9836829836829837	0.9571675121141274	9.999000099990002e-05	0.9842876767101448	0.9929757435287929	0.9886126224996119	1890	1030	2	aa	0.9	6.0
True	PROKKA_06122025	14557	cdhit	0.9766014752541673	0.9991412096675255	0.9900825388813634	9.999000099990002e-05	0.9950976267989666	0.9996873416155012	0.9973872040686649	1890	1038	11	aa	0.5	3.0
True	PROKKA_06122025	14557	panaroo	0.7764838486898046	0.9819654030180346	0.9578162754069973	9.999000099990002e-05	0.9850450845746865	0.9926138693469018	0.9888149935477633	1902	1037	3	aa	0.9	34.0
True	PROKKA_06122025	14557	ppanggolin	0.7649875424830979	0.9847871426818795	0.9506744667021756	9.999000099990002e-05	0.9803587326466752	0.9932354460409417	0.9867550822914902	1844	997	6	aa	0.5	7.0
True	PROKKA_06122025	14557	cdhit	0.9970815589178693	1.0	0.9986435370659805	9.999000099990002e-05	0.9992921183061646	1.0	0.9996459338346039	1931	1068	7	nt	0.85	27.0
True	PROKKA_06122025	14557	diamond	0.9787065321262488	1.0	0.9909275327241107	9.999000099990002e-05	0.9952289765423937	1.0	0.9976087839973765	1883	1028	14	aa	0.5	2.0
True	PROKKA_06122025	14557	mmseqs2	0.9969948952933401	0.9976689976689976	0.998454994376437	9.999000099990002e-05	0.9998835825518829	0.9993124947135456	0.9995979570645972	1946	1076	10	aa	0.9	1.0
True	PROKKA_06122025	14557	panaroo	0.7782539039598444	0.9847871426818795	0.9584230316674972	9.999000099990002e-05	0.9846703208827111	0.9932648665829746	0.9889489211756576	1890	1029	4	aa	0.6	39.0
True	PROKKA_06122025	14557	panx	0.32639012682803076	0.9856459330143541	0.9160460836537301	9.999000099990002e-05	0.9600597698479103	0.9934801106295624	0.9764840696534661	1830	1008	2	aa	0.6	993.0
True	PROKKA_06122025	14557	panaroo	0.7769066433839731	0.9847871426818795	0.9572600457467032	9.999000099990002e-05	0.9840274877558935	0.9932604963923083	0.9886224351615107	1880	1020	4	aa	0.5	41.0
True	PROKKA_06122025	14557	panx	0.44478895838114235	0.9852778800147222	0.9311348079662957	9.999000099990002e-05	0.9690743560479642	0.9933582345043426	0.9810660463565922	1850	1016	2	aa	0.7	996.0
True	PROKKA_06122025	14557	diamond	0.9927098027548957	0.9995092626671574	0.9972303454793983	9.999000099990002e-05	0.9986845578773611	0.9998686198011183	0.9992762380848402	1927	1065	7	aa	0.8	1.0
True	PROKKA_06122025	14557	panx	0.5560945908935615	0.9838056680161943	0.9415248533732005	9.999000099990002e-05	0.9755284705400509	0.9929380417139061	0.9841562689985284	1873	1025	4	aa	0.85	1064.0
True	PROKKA_06122025	14557	panta	0.6267480727313741	0.9840510366826156	0.9487168295822762	9.999000099990002e-05	0.9794740688329638	0.9930613334230695	0.9862209050708126	1889	1033	3	aa	0.9	9.0
True	PROKKA_06122025	14557	mmseqs2	0.9985208556101512	1.0	0.9993593101969981	9.999000099990002e-05	0.9996658879806707	1.0	0.9998329160779621	1937	1074	7	nt	0.8	1.0
True	PROKKA_06122025	14557	panx	0.513664974210266	0.9846644583486689	0.9381561194222161	9.999000099990002e-05	0.9733255703451492	0.993185309429607	0.9831551584090098	1865	1022	3	aa	0.8	1021.0
True	PROKKA_06122025	14557	mmseqs2	0.998893620698111	0.9996319470003681	0.9994331226040751	9.999000099990002e-05	0.999820463672621	0.9998840608567793	0.9998522612534002	1939	1074	7	aa	0.85	1.0
True	PROKKA_06122025	14557	ppanggolin	0.7751286760703013	0.9847871426818795	0.9569267926804081	9.999000099990002e-05	0.9838432221062862	0.9932592426478983	0.9885288103113621	1883	1026	2	aa	0.8	5.0
True	PROKKA_06122025	14557	mmseqs2	0.9968154769425491	1.0	0.998517206316459	9.999000099990002e-05	0.9992260945266175	1.0	0.9996128974729266	1931	1069	7	nt	0.5	3.0
True	PROKKA_06122025	14557	hdbscan_dist	0.9645372126754255	0.9907986750092014	0.9763089548797153	9.999000099990002e-05	0.9896969766992357	0.9977480256271345	0.9937061939474474	1769	878	15	aa	0.9	1618.0
True	PROKKA_06122025	14557	hdbscan_tsne	0.8055203727341544	0.8955956324377377	0.8824868073422392	9.999000099990002e-05	0.9652682559368913	0.9724210309362581	0.9688314415804933	1573	479	10	aa	0.9	1618.0
True	PROKKA_06122025	14557	hdbscan_umap	0.10288242749607335	0.9736228683597105	0.7763558457965437	9.999000099990002e-05	0.8647558397888127	0.9923795142297595	0.9241824817561332	843	46	0	aa	0.9	1618.0
True	PROKKA_06122025	14557	cdhit	0.9975431037648531	1.0	0.9988756062334032	9.999000099990002e-05	0.99941336072415	1.0	0.9997065943004214	1933	1070	7	nt	0.9	1.0
True	PROKKA_06122025	14557	mmseqs2	0.9977909406467528	0.9998773156667894	0.9988487429489509	9.999000099990002e-05	0.9994585981120108	0.9999408369759456	0.9996996593879345	1934	1071	7	aa	0.7	1.0
True	PROKKA_06122025	14557	mmseqs2	0.9988757558425893	0.9996319470003681	0.9993738144465693	9.999000099990002e-05	0.999820463672621	0.9998531701226463	0.999836816630162	1940	1075	8	nt	0.9	1.0
True	PROKKA_06122025	14557	mmseqs2	0.9965849872162563	1.0	0.9983211589779621	9.999000099990002e-05	0.9991236015386777	1.0	0.9995616086665938	1928	1064	9	aa	0.6	1.0
True	PROKKA_06122025	14557	ppanggolin	0.7737301846983411	0.979389032020611	0.9553937518212946	9.999000099990002e-05	0.9848143194070025	0.9915984892353047	0.9881947607616558	1916	1046	7	aa	0.95	5.0
True	PROKKA_06122025	14557	ppanggolin	0.7734809942378322	0.9847871426818795	0.9556995838916464	9.999000099990002e-05	0.9831627827595955	0.99325460889072	0.988182930783044	1874	1019	3	aa	0.7	6.0
True	PROKKA_06122025	14557	cdhit	0.986223573612509	0.9877315666789351	0.990916627182483	9.999000099990002e-05	0.9998610422979097	0.9954649706183506	0.997658163779268	2011	1127	21	aa	0.95	0.0
True	PROKKA_06122025	14557	ppanggolin	0.7745769356393388	0.9841737210158262	0.9566740155434507	9.999000099990002e-05	0.9838990717250967	0.9930794451052092	0.9884679432479214	1886	1028	2	aa	0.85	5.0
True	PROKKA_06122025	14557	mmseqs2	0.9977740361893674	1.0	0.9988491304175325	9.999000099990002e-05	0.9993995307635206	1.0	0.9996996752138628	1932	1069	7	nt	0.6	1.0
True	PROKKA_06122025	14720	panaroo	0.7389483460064279	0.9830463222533707	0.9528178329211037	9.999000099990002e-05	0.983701489957031	0.9928100306333894	0.9882347724303814	1898	1022	5	aa	0.85	30.0
True	PROKKA_06122025	14720	panta	0.6139032635721077	0.9831798157789348	0.9437417734377603	9.999000099990002e-05	0.978895569490768	0.9928288092274399	0.98581295956521	1985	1115	5	aa	0.6	10.0
True	PROKKA_06122025	14720	diamond	0.9766457071063547	1.0	0.9916859881330757	9.999000099990002e-05	0.995910851779091	1.0	0.9979512370418427	1903	1035	13	aa	0.6	1.0
True	PROKKA_06122025	14720	diamond	0.9802867619866255	0.9827793352022427	0.987995609359103	9.999000099990002e-05	0.9996581310944855	0.9945749039613335	0.9971100390478039	2008	1086	42	aa	0.95	1.0
True	PROKKA_06122025	14720	diamond	0.9826213686141865	1.0	0.994084438579527	9.999000099990002e-05	0.9970974513141038	0.9999999999999999	0.9985466163987209	1916	1045	12	aa	0.7	1.0
True	PROKKA_06122025	14720	panta	0.613687446808725	0.9829128287278067	0.9435251579657341	9.999000099990002e-05	0.978895569490768	0.9927253953972986	0.9857619781706433	1888	1018	5	aa	0.8	8.0
True	PROKKA_06122025	14720	mmseqs2	0.9960852528968062	1.0	0.9982945826368212	9.999000099990002e-05	0.9991666991713785	0.9999999999999999	0.9995831759157617	1932	1054	12	nt	0.7	1.0
True	PROKKA_06122025	14720	cdhit	0.9827204921248134	0.999733012948872	0.9942080887035725	9.999000099990002e-05	0.9972596754831731	0.9998996945444856	0.9985779401103557	1921	1050	12	aa	0.7	1.0
True	PROKKA_06122025	14720	panx	0.16968633847955109	0.9845147510345749	0.8728663311876722	9.999000099990002e-05	0.9384520111167628	0.9931431280756156	0.9650233084134194	1798	985	5	aa	0.5	1263.0
True	PROKKA_06122025	14720	ppanggolin	0.7256478666740803	0.9830463222533707	0.9452909024101429	9.999000099990002e-05	0.9797512446089066	0.9927812507617126	0.9862232113701308	1865	1003	7	aa	0.6	5.0
True	PROKKA_06122025	14720	panx	0.5257799555224395	0.9815778934721666	0.9345310899194641	9.999000099990002e-05	0.9746145341477412	0.9922446874753156	0.983350595927561	1884	1019	7	aa	0.9	1286.0
True	PROKKA_06122025	14720	panaroo	0.7241702808581831	0.9688960085435856	0.9425810448914757	9.999000099990002e-05	0.9837014899570309	0.9880162512209025	0.9858541495367655	1969	1055	37	aa	0.95	30.0
True	PROKKA_06122025	14720	cdhit	0.9931801054449878	1.0	0.997350805732325	9.999000099990002e-05	0.9987043407641929	0.9999999999999999	0.999351750426823	1928	1052	11	nt	0.8	28.0
True	PROKKA_06122025	14720	panta	0.6102252264906168	0.9797089841142704	0.9412990813598652	9.999000099990002e-05	0.978895569490768	0.9916661868668567	0.9852394969159212	1901	1023	12	aa	0.95	8.0
True	PROKKA_06122025	14720	mmseqs2	0.9875494581915494	1.0	0.9946346846268311	9.999000099990002e-05	0.9973688418086809	1.0	0.9986826878760477	1911	1037	13	aa	0.5	3.0
True	PROKKA_06122025	14720	cdhit	0.9732455811112178	1.0	0.99087834513873	9.999000099990002e-05	0.99551002733437	1.0000000000000002	0.9977499623634427	1904	1039	13	aa	0.6	0.0
True	PROKKA_06122025	14720	panaroo	0.7382434840581251	0.9830463222533707	0.9524473728420694	9.999000099990002e-05	0.9835085177886755	0.9928086300494724	0.9881366917813418	1897	1022	5	aa	0.8	34.0
True	PROKKA_06122025	14720	cdhit	0.9960980785097289	0.999065545321052	0.9979197031332074	9.999000099990002e-05	0.999354655760146	0.9996299193385775	0.9994922685972302	1938	1057	12	aa	0.9	1.0
True	PROKKA_06122025	14720	cdhit	0.9899238575233752	1.0	0.9970454206487575	9.999000099990002e-05	0.9985545598351078	1.0000000000000002	0.9992767572154692	1930	1054	11	aa	0.85	1.0
True	PROKKA_06122025	14720	panta	0.6132948806654706	0.9826458416766787	0.9433127975332819	9.999000099990002e-05	0.978895569490768	0.9926240541647646	0.9857120133455237	1889	1018	6	aa	0.85	8.0
True	PROKKA_06122025	14720	mmseqs2	0.9986990159008221	1.0	0.9993816030464894	9.999000099990002e-05	0.9996981645513175	0.9999999999999999	0.9998490594960614	1937	1057	11	nt	0.85	1.0
True	PROKKA_06122025	14720	mmseqs2	0.9884775659330504	0.9901214791082632	0.992845508878388	9.999000099990002e-05	0.9999581178670198	0.9965875511050492	0.998269989392012	1989	1093	21	aa	0.95	1.0
True	PROKKA_06122025	14720	diamond	0.9934435061992367	0.9978641035909759	0.9964889284224815	9.999000099990002e-05	0.9989597757064572	0.9993260342096874	0.9991428713929811	1944	1067	13	aa	0.9	1.0
True	PROKKA_06122025	14720	mmseqs2	0.9932661963813953	0.9946602589774396	0.9959001262966105	9.999000099990002e-05	0.9999323054287709	0.9980789310686864	0.9990047586448245	1966	1075	18	nt	0.95	1.0
True	PROKKA_06122025	14720	hdbscan_dist	0.02234658916927671	0.9962621812842077	0.6764440627420916	9.999000099990002e-05	0.7952428028679648	0.9988685311454837	0.8855002422037953	1524	879	0	nt	0.9	1300.0
True	PROKKA_06122025	14720	hdbscan_tsne	0.7537903437631354	0.8599652916833533	0.8441799505196632	9.999000099990002e-05	0.9620912401886649	0.9619264188413487	0.9620088224552804	1663	470	0	nt	0.9	1300.0
True	PROKKA_06122025	14720	hdbscan_umap	0.7235004773329349	0.9935923107729275	0.8569412109766142	9.999000099990002e-05	0.9208186096168742	0.9982634683014052	0.9579783892409023	846	36	0	nt	0.9	1300.0
True	PROKKA_06122025	14720	panx	0.7098101143079377	0.9782405553330663	0.9467337577413971	9.999000099990002e-05	0.9824596195805947	0.9910505411368568	0.9867363817133742	1918	1036	12	aa	0.95	1294.0
True	PROKKA_06122025	14720	diamond	0.9897996582775093	0.999199038846616	0.9964144740845423	9.999000099990002e-05	0.9984393092845449	0.9998065835729204	0.9991224786587284	1930	1054	11	aa	0.85	1.0
True	PROKKA_06122025	14720	panta	0.6139032635721077	0.9831798157789348	0.9437417734377604	9.999000099990002e-05	0.978895569490768	0.9928288092274398	0.98581295956521	1985	1115	5	aa	0.7	10.0
True	PROKKA_06122025	14720	mmseqs2	0.9977529681854477	1.0	0.9991238930161643	9.999000099990002e-05	0.9995722692635136	0.9999999999999999	0.9997860888835771	1937	1058	11	aa	0.8	1.0
True	PROKKA_06122025	14720	panta	0.6139032635721077	0.9831798157789348	0.9437417734377608	9.999000099990002e-05	0.978895569490768	0.9928288092274401	0.9858129595652102	1985	1115	5	aa	0.5	11.0
True	PROKKA_06122025	14720	panaroo	0.7381428990103923	0.9830463222533707	0.9522902256530053	9.999000099990002e-05	0.9834265824559295	0.992808035201216	0.988095041316703	1895	1019	6	aa	0.7	37.0
True	PROKKA_06122025	14720	cdhit	0.9919765345494993	0.9949272460285676	0.9953173067343656	9.999000099990002e-05	0.9995194238937776	0.9982048832522253	0.9988617210766124	1962	1077	14	nt	0.95	1.0
True	PROKKA_06122025	14720	cdhit	0.9871723537574653	0.9994660258977439	0.995750339035104	9.999000099990002e-05	0.9980755769659223	0.9998437689857608	0.9989588905360935	1928	1053	12	aa	0.8	1.0
True	PROKKA_06122025	14720	ppanggolin	0.7358494611718991	0.9830463222533707	0.950859045305516	9.999000099990002e-05	0.9826793709513776	0.9928026059220593	0.9877150504915813	1889	1017	5	aa	0.9	5.0
True	PROKKA_06122025	14720	cdhit	0.966312909302662	0.999866506474436	0.9879908825513462	9.999000099990002e-05	0.9941388440355361	0.9999339741693326	0.9970279882631948	1888	1025	13	aa	0.5	3.0
True	PROKKA_06122025	14720	panaroo	0.7362574939652867	0.9810439193699105	0.9513508273683274	9.999000099990002e-05	0.983701489957031	0.99211440977611	0.9878900389822893	1906	1023	8	aa	0.9	31.0
True	PROKKA_06122025	14720	ppanggolin	0.7208799508785714	0.9830463222533707	0.9421502296144358	9.999000099990002e-05	0.9780843844395972	0.9927690374617578	0.9853720039308694	1846	988	7	aa	0.5	6.0
True	PROKKA_06122025	14720	cdhit	0.9942865972354998	0.9995995194233079	0.9975918894542083	9.999000099990002e-05	0.9989926439617994	0.9998305556885435	0.9994114241978169	1933	1055	11	nt	0.85	25.0
True	PROKKA_06122025	14720	diamond	0.9688730301880911	1.0	0.9883552565772378	9.999000099990002e-05	0.9942535520599598	1.0	0.9971184968259906	1882	1015	15	aa	0.5	1.0
True	PROKKA_06122025	14720	mmseqs2	0.9975260325921882	0.999065545321052	0.9988688122813965	9.999000099990002e-05	0.9997652414318691	0.9996830900678328	0.9997241640621737	1941	1059	11	aa	0.9	1.0
True	PROKKA_06122025	14720	panaroo	0.7371134769349098	0.9830463222533707	0.9516449053869069	9.999000099990002e-05	0.983089938532999	0.9928055901424896	0.9879238779822089	1892	1017	7	aa	0.6	39.0
True	PROKKA_06122025	14720	panx	0.2681545097269418	0.9839807769323188	0.901039882834958	9.999000099990002e-05	0.9550942426995072	0.993026593185391	0.9736911227768518	1833	999	5	aa	0.6	1256.0
True	PROKKA_06122025	14720	panaroo	0.7353750100503272	0.9830463222533707	0.9502696153197926	9.999000099990002e-05	0.9823709038238142	0.9928003621919933	0.9875580977749533	1882	1007	8	aa	0.5	39.0
True	PROKKA_06122025	14720	panx	0.36290857130834564	0.9835802963556267	0.9175178840141915	9.999000099990002e-05	0.9645379875950726	0.9929059852684632	0.9785164267061375	1854	1005	5	aa	0.7	1259.0
True	PROKKA_06122025	14720	diamond	0.9863599930185447	0.999866506474436	0.9956990536210686	9.999000099990002e-05	0.997957713707612	0.9999357832352481	0.9989457692502999	1927	1054	11	aa	0.8	1.0
True	PROKKA_06122025	14720	panx	0.4654034549630555	0.9822453610999866	0.9294077402177513	9.999000099990002e-05	0.9715744678194421	0.9924781711304902	0.9819150788688209	1877	1017	7	aa	0.85	1288.0
True	PROKKA_06122025	14720	panta	0.6132948806654706	0.9826458416766787	0.9433127975332819	9.999000099990002e-05	0.978895569490768	0.9926240541647645	0.9857120133455237	1889	1018	6	aa	0.9	8.0
True	PROKKA_06122025	14720	mmseqs2	0.9987210383224973	1.0	0.9993366986530391	9.999000099990002e-05	0.9996762324403909	0.9999999999999999	0.9998380900095941	1937	1058	11	nt	0.8	1.0
True	PROKKA_06122025	14720	panx	0.418864900169754	0.9829128287278067	0.9245732301825054	9.999000099990002e-05	0.968682982264093	0.9926946648261533	0.9805418449914731	1868	1013	6	aa	0.8	1091.0
True	PROKKA_06122025	14720	mmseqs2	0.9989853830365623	1.0	0.9995189638040031	9.999000099990002e-05	0.9997652414318691	1.0	0.9998826069364207	1938	1058	11	aa	0.85	2.0
True	PROKKA_06122025	14720	ppanggolin	0.731527172818421	0.9830463222533707	0.9490882920942044	9.999000099990002e-05	0.9817520526558186	0.9927958565674185	0.9872430701736498	1885	1017	5	aa	0.8	5.0
True	PROKKA_06122025	14720	mmseqs2	0.9947070182139526	1.0	0.99787761602638	9.999000099990002e-05	0.9989625332319944	0.9999999999999999	0.999480997392018	1931	1054	12	nt	0.5	3.0
True	PROKKA_06122025	14720	hdbscan_dist	0.9565408352428802	0.9954612201308236	0.9697528281421808	9.999000099990002e-05	0.9859687938346865	0.9988736282913346	0.9923792594323679	1700	806	0	aa	0.9	1273.0
True	PROKKA_06122025	14720	hdbscan_tsne	0.8017853946960198	0.907755973835269	0.8762591313926911	9.999000099990002e-05	0.9620856968642965	0.975519494289449	0.9687560259985903	1523	436	0	aa	0.9	1273.0
True	PROKKA_06122025	14720	hdbscan_umap	0.09508436860550103	0.9898544920571353	0.758575225983944	9.999000099990002e-05	0.8540259153362233	0.9967482588796089	0.9198840744685846	784	16	0	aa	0.9	1273.0
True	PROKKA_06122025	14720	cdhit	0.9970061963481318	1.0	0.9986575320582318	9.999000099990002e-05	0.9993442795250017	1.0	0.9996720322349115	1933	1054	11	nt	0.9	1.0
True	PROKKA_06122025	14720	mmseqs2	0.9969623033469756	1.0	0.9986241997945144	9.999000099990002e-05	0.9993279762646404	1.0	0.9996638751903952	1933	1054	12	aa	0.7	2.0
True	PROKKA_06122025	14720	mmseqs2	0.9989853830365623	1.0	0.9995189638040031	9.999000099990002e-05	0.9997652414318691	1.0	0.9998826069364207	1938	1058	11	nt	0.9	1.0
True	PROKKA_06122025	14720	mmseqs2	0.9944667644392108	1.0	0.9976461292084983	9.999000099990002e-05	0.9988491116146462	0.9999999999999999	0.9994242244806442	1929	1052	13	aa	0.6	2.0
True	PROKKA_06122025	14720	ppanggolin	0.7349375423959482	0.9805099452676546	0.9501360800054554	9.999000099990002e-05	0.9833569519667312	0.991849800853666	0.9875851179463409	1908	1029	8	aa	0.95	6.0
True	PROKKA_06122025	14720	ppanggolin	0.7291763484760652	0.9830463222533707	0.9474300131324396	9.999000099990002e-05	0.9808802316884045	0.9927894995872922	0.9867989349399104	1875	1009	6	aa	0.7	5.0
True	PROKKA_06122025	14720	cdhit	0.9866989420474669	0.9883860632759311	0.9911456533729051	9.999000099990002e-05	0.9998453871875675	0.9958868540685304	0.9978621947545949	2002	1104	26	aa	0.95	1.0
True	PROKKA_06122025	14720	ppanggolin	0.7322192896872443	0.9830463222533707	0.9494561770978921	9.999000099990002e-05	0.981945024824174	0.9927972621307688	0.9873413241295654	1886	1017	5	aa	0.85	5.0
True	PROKKA_06122025	14720	mmseqs2	0.9960852528968062	1.0	0.9982945826368212	9.999000099990002e-05	0.9991666991713785	0.9999999999999999	0.9995831759157617	1932	1054	12	nt	0.6	1.0
True	PROKKA_06122025	14928	panaroo	0.9263939814549269	0.9957818181818182	0.9821230004318637	9.999000099990002e-05	0.9935446169412069	0.9982353424011571	0.9958844562434466	1897	1015	10	aa	0.85	33.0
True	PROKKA_06122025	14928	panta	0.8466709415924857	0.9954909090909091	0.975793956100846	9.999000099990002e-05	0.990617774742451	0.9981834933784532	0.9943862434575809	1987	1110	10	aa	0.6	10.0
True	PROKKA_06122025	14928	diamond	0.9767058606917414	1.0	0.9907672433638258	9.999000099990002e-05	0.9957626087151663	1.0000000000000002	0.9978768059556135	1902	1032	14	aa	0.6	1.0
True	PROKKA_06122025	14928	diamond	0.9895295866709152	0.9917090909090909	0.9933484387031944	9.999000099990002e-05	0.9995643080139109	0.997430538346485	0.9984962832240779	1973	1079	20	aa	0.95	1.0
True	PROKKA_06122025	14928	diamond	0.9802796526832548	1.0	0.9930461078545908	9.999000099990002e-05	0.9968157807397154	1.0000000000000002	0.9984053515146476	1918	1049	12	aa	0.7	1.0
True	PROKKA_06122025	14928	panta	0.8467251646490579	0.9957818181818182	0.9759302686483592	9.999000099990002e-05	0.9906177747424509	0.9982453623640849	0.9944169420835426	1889	1011	10	aa	0.8	8.0
True	PROKKA_06122025	14928	mmseqs2	0.9947854908159196	1.0	0.9977055163229978	9.999000099990002e-05	0.9989541983384284	1.0	0.9994768256008862	1932	1055	10	nt	0.7	1.0
True	PROKKA_06122025	14928	cdhit	0.98273856648877	1.0	0.9937267090420951	9.999000099990002e-05	0.9971293732940871	0.9999999999999999	0.9985626235614481	1919	1048	12	aa	0.7	0.0
True	PROKKA_06122025	14928	panx	0.21572921518008217	0.9963636363636363	0.8977732190027493	9.999000099990002e-05	0.950680515723653	0.9983944449269292	0.9739534548039599	1794	974	9	aa	0.5	1061.0
True	PROKKA_06122025	14928	ppanggolin	0.906976908570829	0.9957818181818182	0.9741834860045893	9.999000099990002e-05	0.9898019262249351	0.9982286816050466	0.993997444480142	1867	999	12	aa	0.6	5.0
True	PROKKA_06122025	14928	panx	0.725453042943302	0.9946181818181818	0.9652989203931667	9.999000099990002e-05	0.9859440148302614	0.997854850447064	0.9918636759882345	1882	1013	10	aa	0.9	1419.0
True	PROKKA_06122025	14928	panaroo	0.9196685832864547	0.9890909090909091	0.9771127719125242	9.999000099990002e-05	0.993544616941207	0.9959836260499618	0.9947626264764878	1933	1037	22	aa	0.95	35.0
True	PROKKA_06122025	14928	cdhit	0.9901359504474607	1.0	0.9962964341636573	9.999000099990002e-05	0.9983095935327854	1.0	0.9991540817935892	1928	1053	11	nt	0.8	26.0
True	PROKKA_06122025	14928	panta	0.844525050372214	0.9936	0.9745306545601121	9.999000099990002e-05	0.9906177747424509	0.9976111913361441	0.9941021836823101	1897	1015	12	aa	0.95	9.0
True	PROKKA_06122025	14928	mmseqs2	0.9844910872362621	1.0	0.9933477740130048	9.999000099990002e-05	0.9969547943090746	1.0000000000000002	0.9984750752998499	1910	1037	11	aa	0.5	2.0
True	PROKKA_06122025	14928	cdhit	0.9761563426726595	1.0	0.9908661049164746	9.999000099990002e-05	0.995808407965359	1.0	0.9978998023969072	1904	1034	15	aa	0.6	0.0
True	PROKKA_06122025	14928	panaroo	0.9253939228910865	0.9957818181818182	0.981735341980943	9.999000099990002e-05	0.9933632679375142	0.9982350208127907	0.9957931858502301	1896	1015	10	aa	0.8	32.0
True	PROKKA_06122025	14928	cdhit	0.9952367551641199	0.9986909090909091	0.9973675626307426	9.999000099990002e-05	0.999122539520363	0.9996787214963919	0.9994005531274001	1935	1054	11	aa	0.9	0.0
True	PROKKA_06122025	14928	cdhit	0.9907476405872673	0.9995636363636363	0.9965369223111216	9.999000099990002e-05	0.9985274470158776	0.9998928824326995	0.9992096982523831	1931	1054	11	aa	0.85	0.0
True	PROKKA_06122025	14928	panta	0.8467251646490579	0.9957818181818182	0.9759302686483592	9.999000099990002e-05	0.9906177747424509	0.998245362364085	0.9944169420835426	1889	1011	10	aa	0.85	8.0
True	PROKKA_06122025	14928	mmseqs2	0.9989034426483866	1.0	0.9993319929025362	9.999000099990002e-05	0.9996960205443005	1.0	0.9998479871677612	1937	1055	11	nt	0.85	1.0
True	PROKKA_06122025	14928	mmseqs2	0.9946521280934538	0.9954909090909091	0.9964206901113386	9.999000099990002e-05	0.9998879217534333	0.9984914706155794	0.9991892082702025	1962	1074	14	aa	0.95	1.0
True	PROKKA_06122025	14928	diamond	0.9921624492412291	0.9985454545454545	0.9963230790640124	9.999000099990002e-05	0.9988545240180392	0.9994708240003514	0.9991625789732022	1941	1064	11	aa	0.9	1.0
True	PROKKA_06122025	14928	mmseqs2	0.9965064774841047	0.9972363636363636	0.9975846979825149	9.999000099990002e-05	0.9998332817234978	0.9990708981331755	0.999451944541493	1953	1068	12	nt	0.95	1.0
True	PROKKA_06122025	14928	hdbscan_dist	0.026630619976647847	0.9975272727272727	0.6909162781366328	9.999000099990002e-05	0.8163611981461807	0.9993580895192937	0.898637991983877	1517	848	0	nt	0.9	887.0
True	PROKKA_06122025	14928	hdbscan_tsne	0.7874062926372228	0.9124363636363636	0.8608773130243178	9.999000099990002e-05	0.9577496027775669	0.9759497117676376	0.966764006943009	1443	347	0	nt	0.9	887.0
True	PROKKA_06122025	14928	hdbscan_umap	0.7004474537636278	0.9962181818181818	0.8391841173499125	9.999000099990002e-05	0.9142516760774911	0.9989947122987121	0.9547464410862478	813	28	0	nt	0.9	887.0
True	PROKKA_06122025	14928	panx	0.8548668179505821	0.9909818181818182	0.9726480357626344	9.999000099990002e-05	0.9907421329547487	0.996643768201132	0.993684187987202	1913	1032	14	aa	0.95	1418.0
True	PROKKA_06122025	14928	diamond	0.9908589755662877	0.9998545454545454	0.996460931178908	9.999000099990002e-05	0.9984488400303184	0.9999364506065439	0.9991920916250976	1929	1052	12	aa	0.85	1.0
True	PROKKA_06122025	14928	panta	0.8466709415924857	0.9954909090909091	0.975793956100846	9.999000099990002e-05	0.990617774742451	0.9981834933784532	0.9943862434575809	1987	1110	10	aa	0.7	11.0
True	PROKKA_06122025	14928	mmseqs2	0.997973255059956	1.0	0.999073152892972	9.999000099990002e-05	0.9995781263913059	1.0000000000000002	0.9997890186919302	1937	1056	11	aa	0.8	1.0
True	PROKKA_06122025	14928	panta	0.8466709415924857	0.9954909090909091	0.9757939561008461	9.999000099990002e-05	0.990617774742451	0.9981834933784532	0.9943862434575809	1987	1110	10	aa	0.5	10.0
True	PROKKA_06122025	14928	panaroo	0.9247996726849652	0.9957818181818182	0.9813849511354683	9.999000099990002e-05	0.9931992203257108	0.9982347298042021	0.9957106087087672	1894	1013	11	aa	0.7	35.0
True	PROKKA_06122025	14928	cdhit	0.9944563157880333	0.9972363636363636	0.9967842200140533	9.999000099990002e-05	0.9994012400404474	0.9991374543711636	0.9992693297973662	1947	1062	14	nt	0.95	1.0
True	PROKKA_06122025	14928	cdhit	0.9882292929965123	1.0	0.9957155494158476	9.999000099990002e-05	0.9980433345334925	1.0000000000000002	0.9990207091944959	1926	1051	12	aa	0.8	0.0
True	PROKKA_06122025	14928	ppanggolin	0.920543460144115	0.9957818181818182	0.9797096622308012	9.999000099990002e-05	0.9924133185404832	0.9982333343392019	0.9953148185050344	1888	1011	10	aa	0.9	5.0
True	PROKKA_06122025	14928	cdhit	0.9658683163123021	0.9997090909090909	0.987186092460553	9.999000099990002e-05	0.9941771178535642	0.999922363182623	0.9970414641396569	1887	1018	15	aa	0.5	2.0
True	PROKKA_06122025	14928	panaroo	0.9261729909073998	0.9956363636363637	0.9819823836080499	9.999000099990002e-05	0.993544616941207	0.9981717045291937	0.9958527859889785	1898	1016	10	aa	0.9	34.0
True	PROKKA_06122025	14928	ppanggolin	0.8930720469616049	0.9957818181818182	0.969282336430739	9.999000099990002e-05	0.9874613493376728	0.9982244905085537	0.992813749848588	1846	984	11	aa	0.5	6.0
True	PROKKA_06122025	14928	cdhit	0.9914830810110883	1.0	0.996927922186689	9.999000099990002e-05	0.9985987030913396	0.9999999999999999	0.9992988602932179	1931	1055	11	nt	0.85	23.0
True	PROKKA_06122025	14928	diamond	0.9614477362076199	1.0	0.9856889314572758	9.999000099990002e-05	0.9933984387313909	1.0000000000000002	0.9966882881312928	1881	1017	15	aa	0.5	1.0
True	PROKKA_06122025	14928	mmseqs2	0.998600855361323	0.9995636363636363	0.9991406353828266	9.999000099990002e-05	0.9997594753949988	0.9998496362764013	0.9998045538030567	1940	1057	12	aa	0.9	1.0
True	PROKKA_06122025	14928	panaroo	0.9236134551471908	0.9957818181818182	0.9808529681523274	9.999000099990002e-05	0.9929499415790065	0.9982342874180035	0.9955851025127381	1891	1009	13	aa	0.6	43.0
True	PROKKA_06122025	14928	panx	0.3959904522719765	0.9962181818181818	0.9338458800629597	9.999000099990002e-05	0.9697573019308606	0.9983633591212451	0.9838524401959086	1836	993	9	aa	0.6	1085.0
True	PROKKA_06122025	14928	panaroo	0.9225957351730486	0.9957818181818182	0.9798764969225575	9.999000099990002e-05	0.9924916413220016	0.9982334735098793	0.9953542768561012	1882	999	12	aa	0.5	38.0
True	PROKKA_06122025	14928	panx	0.5239549945613312	0.9959272727272728	0.9487430004654681	9.999000099990002e-05	0.9773935432861174	0.9982577915204203	0.987715496937784	1856	1002	10	aa	0.7	1411.0
True	PROKKA_06122025	14928	diamond	0.9880097239047997	0.9998545454545454	0.9955759929185656	9.999000099990002e-05	0.9980433345334924	0.9999364247880357	0.998988982807156	1927	1052	12	aa	0.8	1.0
True	PROKKA_06122025	14928	panx	0.6746286351558284	0.9956363636363637	0.9621468515539551	9.999000099990002e-05	0.9840902921369902	0.9981630965736367	0.9910767401401157	1874	1009	10	aa	0.85	1420.0
True	PROKKA_06122025	14928	panta	0.8467251646490579	0.9957818181818182	0.9759302686483592	9.999000099990002e-05	0.9906177747424509	0.998245362364085	0.9944169420835426	1889	1011	10	aa	0.9	8.0
True	PROKKA_06122025	14928	mmseqs2	0.9981646228420535	1.0	0.9991096260685436	9.999000099990002e-05	0.9995947424368324	1.0	0.9997973301516717	1937	1056	11	nt	0.8	1.0
True	PROKKA_06122025	14928	panx	0.6199381545779168	0.9956363636363637	0.9575809507273801	9.999000099990002e-05	0.9818666400363301	0.9981589441623449	0.9899457628710656	1868	1006	10	aa	0.8	1406.0
True	PROKKA_06122025	14928	mmseqs2	0.9991225619834585	1.0	0.9994713641784503	9.999000099990002e-05	0.9997594753949987	1.0000000000000002	0.9998797232327384	1938	1056	11	aa	0.85	1.0
True	PROKKA_06122025	14928	ppanggolin	0.9169329576009703	0.9957818181818182	0.9784370921320998	9.999000099990002e-05	0.9918145734202363	0.9982322697122065	0.9950130733611432	1885	1011	10	aa	0.8	5.0
True	PROKKA_06122025	14928	mmseqs2	0.9922796825967586	0.9994181818181819	0.9967970056414944	9.999000099990002e-05	0.998694155582218	0.9998454405501566	0.9992694664597782	1931	1054	10	nt	0.5	3.0
True	PROKKA_06122025	14928	hdbscan_dist	0.9495442082472445	0.9863272727272727	0.9628207628548786	9.999000099990002e-05	0.9864614424292482	0.9962311432124952	0.9913222227622843	1719	729	99	aa	0.9	904.0
True	PROKKA_06122025	14928	hdbscan_tsne	0.6851163526163377	0.7847272727272727	0.7999107433214707	9.999000099990002e-05	0.9760905185687938	0.9421608176469589	0.9588255967400346	2160	530	623	aa	0.9	904.0
True	PROKKA_06122025	14928	hdbscan_umap	0.08499933160924142	0.9928727272727272	0.7355283838233928	9.999000099990002e-05	0.8450283078853388	0.9976380601894907	0.9150136090720705	771	15	5	aa	0.9	904.0
True	PROKKA_06122025	14928	cdhit	0.9932398320737308	1.0	0.9975212348720464	9.999000099990002e-05	0.9988700021555051	1.0	0.9994346816735074	1933	1056	11	nt	0.9	1.0
True	PROKKA_06122025	14928	mmseqs2	0.9950571543995208	1.0	0.9978908371415639	9.999000099990002e-05	0.9990388432483412	1.0000000000000002	0.9995191905575498	1933	1055	11	aa	0.7	1.0
True	PROKKA_06122025	14928	mmseqs2	0.9991225619834585	1.0	0.9994713641784503	9.999000099990002e-05	0.9997594753949987	1.0	0.9998797232327384	1938	1056	11	nt	0.9	1.0
True	PROKKA_06122025	14928	mmseqs2	0.9924823162857057	1.0	0.9968000575950274	9.999000099990002e-05	0.9985401866335578	1.0000000000000002	0.9992695601638609	1928	1051	12	aa	0.6	1.0
True	PROKKA_06122025	14928	ppanggolin	0.9230176633273031	0.9947636363636364	0.9803060004706182	9.999000099990002e-05	0.9930352177479939	0.9979046702108011	0.9954639891116913	1898	1018	10	aa	0.95	5.0
True	PROKKA_06122025	14928	ppanggolin	0.9099800856553197	0.9957818181818182	0.9757791395173055	9.999000099990002e-05	0.9905590000648177	0.9982300330089101	0.9943797224220907	1876	1007	11	aa	0.7	5.0
True	PROKKA_06122025	14928	cdhit	0.9929969905944986	0.9944727272727273	0.9951943972143799	9.999000099990002e-05	0.9997046110344145	0.9981206057438733	0.998911980438125	1967	1079	17	aa	0.95	0.0
True	PROKKA_06122025	14928	ppanggolin	0.9194150675359539	0.9957818181818182	0.9792985973844215	9.999000099990002e-05	0.9922200789170622	0.9982329908805526	0.9952174527680028	1887	1011	10	aa	0.85	5.0
True	PROKKA_06122025	14928	mmseqs2	0.9947854908159196	1.0	0.9977055163229978	9.999000099990002e-05	0.9989541983384284	1.0	0.9994768256008862	1932	1055	10	nt	0.6	2.0
True	PROKKA_06122025	21708	panaroo	0.6101748352277858	0.9760510910058542	0.9334615073521956	9.999000099990002e-05	0.9768480885823092	0.9897045968379653	0.9832343174428375	1893	1021	6	aa	0.85	31.0
True	PROKKA_06122025	21708	panta	0.5205847141935392	0.974720596061735	0.9248217068500496	9.999000099990002e-05	0.9727666328296813	0.9891782205858761	0.9809037855805293	1982	1115	6	aa	0.6	10.0
True	PROKKA_06122025	21708	diamond	0.9782724670135954	1.0	0.9917962611115031	9.999000099990002e-05	0.9959584232268686	1.0	0.997975119758959	1901	1038	11	aa	0.6	2.0
True	PROKKA_06122025	21708	diamond	0.9765788073976241	0.9784459819052688	0.9858178895162404	9.999000099990002e-05	0.9994740755337673	0.993713993006499	0.9965857112846496	2017	1089	50	aa	0.95	0.0
True	PROKKA_06122025	21708	diamond	0.9876517670333351	1.0	0.9953913911666133	9.999000099990002e-05	0.9977376822052713	1.0	0.9988675601332045	1919	1052	9	aa	0.7	2.0
True	PROKKA_06122025	21708	panta	0.5214520946151946	0.9759180415114422	0.9257571015707007	9.999000099990002e-05	0.9727666328296813	0.9896198210812414	0.9811208584488208	1883	1015	6	aa	0.8	8.0
True	PROKKA_06122025	21708	mmseqs2	0.9970153957162747	1.0	0.9986347514111287	9.999000099990002e-05	0.9993319660355138	1.0	0.9996658714131347	1933	1061	8	nt	0.7	1.0
True	PROKKA_06122025	21708	cdhit	0.9843839163506887	0.9993347525279404	0.9944346814018229	9.999000099990002e-05	0.9974337285709516	0.9998331738317686	0.9986320098973579	1920	1052	10	aa	0.7	0.0
True	PROKKA_06122025	21708	panx	0.17536533137749896	0.9775146354443853	0.865433385187218	9.999000099990002e-05	0.9376739536665227	0.9899193896539401	0.9630886422434008	1795	975	6	aa	0.5	1283.0
True	PROKKA_06122025	21708	ppanggolin	0.6021117006440422	0.9760510910058542	0.9268758588403969	9.999000099990002e-05	0.9732937960489428	0.9896673883663076	0.9814123039175908	1861	1000	8	aa	0.6	5.0
True	PROKKA_06122025	21708	panx	0.4722632053505878	0.9753858435337945	0.9201803984488885	9.999000099990002e-05	0.9698760849598186	0.9894710264178852	0.9795755736292884	1879	1015	9	aa	0.9	1446.0
True	PROKKA_06122025	21708	panaroo	0.5940854443165096	0.9582224587546567	0.9210135250839474	9.999000099990002e-05	0.9768943658921826	0.9839055788500595	0.9803874374087267	1978	1054	47	aa	0.95	32.0
True	PROKKA_06122025	21708	cdhit	0.989695805636197	1.0	0.9965231474982885	9.999000099990002e-05	0.9982951742076405	1.0000000000000002	0.9991468598761766	1928	1062	7	nt	0.8	28.0
True	PROKKA_06122025	21708	panta	0.5143933128961237	0.9664715274081959	0.9195551566817426	9.999000099990002e-05	0.9727666328296813	0.9867131288433685	0.9796902491039435	1924	1032	26	aa	0.95	9.0
True	PROKKA_06122025	21708	mmseqs2	0.9889417567916643	1.0	0.9950695752255816	9.999000099990002e-05	0.997578911179237	1.0000000000000002	0.9987879883957458	1912	1043	10	aa	0.5	2.0
True	PROKKA_06122025	21708	cdhit	0.9773557664137092	0.9996008515167643	0.9918181704410677	9.999000099990002e-05	0.9960594860970694	0.999910946779887	0.9979815005143475	1905	1041	10	aa	0.6	0.0
True	PROKKA_06122025	21708	panaroo	0.6101661058405422	0.9760510910058542	0.933413540146042	9.999000099990002e-05	0.9768223627916897	0.9897043284877398	0.983221153219716	1892	1019	7	aa	0.8	30.0
True	PROKKA_06122025	21708	cdhit	0.9929251397858371	0.9976051091005854	0.9966703677435734	9.999000099990002e-05	0.9991162046997529	0.9992562088892039	0.999186201890194	1941	1066	9	aa	0.9	0.0
True	PROKKA_06122025	21708	cdhit	0.9907317985430599	1.0	0.9969659739819315	9.999000099990002e-05	0.9985129627164765	1.0	0.9992559281269298	1930	1063	7	aa	0.85	0.0
True	PROKKA_06122025	21708	panta	0.5214520946151946	0.9759180415114422	0.9257571015707007	9.999000099990002e-05	0.9727666328296813	0.9896198210812414	0.9811208584488208	1883	1015	6	aa	0.85	9.0
True	PROKKA_06122025	21708	mmseqs2	0.9985054711602656	1.0	0.9993010441248238	9.999000099990002e-05	0.9996582178349853	1.0000000000000002	0.9998290797087391	1937	1065	7	nt	0.85	0.0
True	PROKKA_06122025	21708	mmseqs2	0.9841974145564513	0.9856306546035125	0.9899214613044881	9.999000099990002e-05	0.9999440654997842	0.9952016538582009	0.997567223381864	2009	1109	25	aa	0.95	1.0
True	PROKKA_06122025	21708	diamond	0.990107510687905	0.9964076636508781	0.9956279159547801	9.999000099990002e-05	0.9988807408299475	0.9989823180653861	0.9989315268654241	1945	1070	9	aa	0.9	1.0
True	PROKKA_06122025	21708	mmseqs2	0.9895312648853171	0.9908195848855774	0.9932655898479027	9.999000099990002e-05	0.9998858052663182	0.996853356492106	0.998367278188469	1985	1096	19	nt	0.95	2.0
True	PROKKA_06122025	21708	hdbscan_dist	0.023328964698801306	0.9958754656732305	0.6822174643662388	9.999000099990002e-05	0.7993493388589682	0.9988135963004314	0.8880185129333936	1513	866	0	nt	0.9	1270.0
True	PROKKA_06122025	21708	hdbscan_tsne	0.7596270981261396	0.8717402873869079	0.8505789031258825	9.999000099990002e-05	0.9613774765260404	0.9649277246197675	0.9631493289569837	1617	438	0	nt	0.9	1270.0
True	PROKKA_06122025	21708	hdbscan_umap	0.7371403064272792	0.9936136242682277	0.8622287490228867	9.999000099990002e-05	0.9241398525956261	0.9982660657481581	0.9597738396961603	861	38	0	nt	0.9	1270.0
True	PROKKA_06122025	21708	diamond	0.9903570814404146	0.9994678020223523	0.9963642377478651	9.999000099990002e-05	0.998359981415432	0.9998578024035149	0.9991083305423065	1928	1060	7	aa	0.85	1.0
True	PROKKA_06122025	21708	panta	0.5205847141935392	0.974720596061735	0.924821706850049	9.999000099990002e-05	0.9727666328296813	0.989178220585876	0.9809037855805293	1982	1115	6	aa	0.7	10.0
True	PROKKA_06122025	21708	mmseqs2	0.9986152110547318	1.0	0.9993573459606785	9.999000099990002e-05	0.9996857664194256	0.9999999999999999	0.9998428585201478	1937	1064	8	aa	0.8	1.0
True	PROKKA_06122025	21708	panta	0.5205847141935392	0.974720596061735	0.9248217068500492	9.999000099990002e-05	0.9727666328296813	0.9891782205858759	0.9809037855805292	1982	1115	6	aa	0.5	10.0
True	PROKKA_06122025	21708	panaroo	0.6100700990197618	0.9760510910058542	0.9332496204174446	9.999000099990002e-05	0.976734451760021	0.9897034113667882	0.9831761654235648	1890	1016	8	aa	0.7	34.0
True	PROKKA_06122025	21708	cdhit	0.9903471107639567	0.9928153273017563	0.993986383601234	9.999000099990002e-05	0.9994969188746496	0.99758065692596	0.9985378685419634	1970	1087	14	nt	0.95	1.0
True	PROKKA_06122025	21708	cdhit	0.9902566997961975	1.0	0.9965752559842098	9.999000099990002e-05	0.9983208089912781	1.0000000000000002	0.9991596989826826	1926	1058	8	aa	0.8	0.0
True	PROKKA_06122025	21708	ppanggolin	0.6075533286901476	0.9759180415114422	0.931376593742436	9.999000099990002e-05	0.9757973754564325	0.9896330740614318	0.9826665263794155	1885	1017	6	aa	0.9	4.0
True	PROKKA_06122025	21708	cdhit	0.9712666715809407	0.9992017030335285	0.9886859766724463	9.999000099990002e-05	0.9946740090359777	0.9997393369339272	0.9972002406306049	1889	1026	11	aa	0.5	2.0
True	PROKKA_06122025	21708	panaroo	0.6082064852490424	0.9740553485896754	0.9320439568341605	9.999000099990002e-05	0.9768480885823093	0.9890384111495928	0.9829054542037104	1902	1024	10	aa	0.9	31.0
True	PROKKA_06122025	21708	ppanggolin	0.5988564915253809	0.9760510910058542	0.9237253291552863	9.999000099990002e-05	0.9715755059569166	0.9896493036642605	0.9805291246680052	1841	984	8	aa	0.5	6.0
True	PROKKA_06122025	21708	cdhit	0.9915046620952283	0.9996008515167643	0.9970240512598326	9.999000099990002e-05	0.9986403049870911	0.9999016616708144	0.9992705852836001	1932	1064	7	nt	0.85	25.0
True	PROKKA_06122025	21708	diamond	0.975164498173024	1.0	0.9898547163351333	9.999000099990002e-05	0.9949921792694816	1.0	0.9974898043297833	1884	1018	14	aa	0.5	2.0
True	PROKKA_06122025	21708	mmseqs2	0.9973359997675576	0.9986695050558808	0.9984731640369698	9.999000099990002e-05	0.9997250695507299	0.9995292317683685	0.9996271410678638	1945	1071	8	aa	0.9	1.0
True	PROKKA_06122025	21708	panaroo	0.6097735410814358	0.9760510910058542	0.9328533721345896	9.999000099990002e-05	0.9765218367828378	0.9897011926117801	0.9830673448809989	1887	1013	9	aa	0.6	36.0
True	PROKKA_06122025	21708	panx	0.2695768133965863	0.9771154869611496	0.8919309399990818	9.999000099990002e-05	0.9533874657676246	0.9899086913767227	0.9713048987858381	1833	993	6	aa	0.6	1662.0
True	PROKKA_06122025	21708	panaroo	0.6081909606782779	0.9760510910058542	0.9313203214142977	9.999000099990002e-05	0.9756977078837681	0.9896925833262749	0.9826453192322324	1878	1007	8	aa	0.5	37.0
True	PROKKA_06122025	21708	panx	0.33516089863672976	0.9769824374667376	0.9038276303027656	9.999000099990002e-05	0.9601955577083418	0.9899224366494306	0.9748324243935125	1848	999	6	aa	0.7	1652.0
True	PROKKA_06122025	21708	diamond	0.9902566997961975	1.0	0.9965752559842098	9.999000099990002e-05	0.9983208089912781	1.0	0.9991596989826825	1926	1058	8	aa	0.8	1.0
True	PROKKA_06122025	21708	panx	0.4194358501824984	0.9761841405002661	0.91497706674423	9.999000099990002e-05	0.9667176025769341	0.9897082295350141	0.9780778307081808	1869	1011	7	aa	0.85	1645.0
True	PROKKA_06122025	21708	panta	0.5208197300866628	0.9751197445449707	0.9251826008396877	9.999000099990002e-05	0.9727666328296813	0.9893484455548419	0.9809874728347169	1887	1016	9	aa	0.9	9.0
True	PROKKA_06122025	21708	mmseqs2	0.9975627011616343	1.0	0.999041966282227	9.999000099990002e-05	0.9995314116757082	1.0000000000000002	0.9997656509312356	1937	1066	7	nt	0.8	1.0
True	PROKKA_06122025	21708	panx	0.41255959141864723	0.976317189994678	0.9139417170619198	9.999000099990002e-05	0.9660830213744871	0.9897555566062962	0.9777760284650574	1863	1005	7	aa	0.8	1644.0
True	PROKKA_06122025	21708	mmseqs2	0.998461041659023	0.999866950505588	0.9992906869298986	9.999000099990002e-05	0.9997114922100452	0.9999417263491683	0.9998265960253689	1939	1067	7	aa	0.85	4.0
True	PROKKA_06122025	21708	ppanggolin	0.6070655530046657	0.9760510910058542	0.9307970906020894	9.999000099990002e-05	0.9754160243646842	0.989689637409948	0.982500992445921	1879	1011	7	aa	0.8	4.0
True	PROKKA_06122025	21708	mmseqs2	0.9968403845830724	1.0	0.9985158617619473	9.999000099990002e-05	0.9992737058020479	1.0000000000000002	0.9996367209773009	1932	1060	8	nt	0.5	3.0
True	PROKKA_06122025	21708	hdbscan_dist	0.947747734769555	0.9853645556146887	0.9657999026483739	9.999000099990002e-05	0.9867666519175393	0.9961642287238002	0.9914431716549559	1741	832	0	aa	0.9	1299.0
True	PROKKA_06122025	21708	hdbscan_tsne	0.8036085394754896	0.9107237892496008	0.8768046750270276	9.999000099990002e-05	0.9607330698884208	0.976683478011535	0.9686426155040515	1479	388	0	aa	0.9	1299.0
True	PROKKA_06122025	21708	hdbscan_umap	0.08606939832051792	0.9892229909526343	0.7534517498380563	9.999000099990002e-05	0.850143109529743	0.9966601254299291	0.917589618794236	786	18	0	aa	0.9	1299.0
True	PROKKA_06122025	21708	cdhit	0.9924787216850237	0.9997339010111762	0.997421455450383	9.999000099990002e-05	0.998859534111687	0.9998777406721884	0.9993683780420439	1935	1067	7	nt	0.9	2.0
True	PROKKA_06122025	21708	mmseqs2	0.9970153957162747	1.0	0.9986347514111287	9.999000099990002e-05	0.9993319660355138	0.9999999999999999	0.9996658714131347	1933	1061	8	aa	0.7	2.0
True	PROKKA_06122025	21708	mmseqs2	0.9977773075283201	0.9992017030335285	0.9987814701528855	9.999000099990002e-05	0.9997250695507299	0.9996795655596165	0.9997023170373658	1943	1070	8	nt	0.9	3.0
True	PROKKA_06122025	21708	mmseqs2	0.9947014658198565	1.0	0.9976633508598459	9.999000099990002e-05	0.998855544054413	1.0	0.9994274443948733	1928	1057	9	aa	0.6	1.0
True	PROKKA_06122025	21708	ppanggolin	0.6041872041166497	0.9701969132517296	0.9288712472280605	9.999000099990002e-05	0.9764400594093643	0.9879058638677587	0.9821394989295955	1915	1032	15	aa	0.95	5.0
True	PROKKA_06122025	21708	ppanggolin	0.6036799338542282	0.9760510910058542	0.928336327054426	9.999000099990002e-05	0.9740863938137588	0.9896757090379373	0.9818191735769972	1869	1006	7	aa	0.7	6.0
True	PROKKA_06122025	21708	cdhit	0.9827891878294751	0.984832357637041	0.9888234198254046	9.999000099990002e-05	0.9996654116042905	0.9949497603213864	0.9973020116126241	2015	1119	28	aa	0.95	0.0
True	PROKKA_06122025	21708	ppanggolin	0.6070741941327659	0.9760510910058542	0.9308447909994579	9.999000099990002e-05	0.9754417501553038	0.9896899065265378	0.9825141753233511	1880	1013	6	aa	0.85	5.0
True	PROKKA_06122025	21708	mmseqs2	0.9970153957162747	1.0	0.9986347514111287	9.999000099990002e-05	0.9993319660355138	1.0	0.9996658714131347	1933	1061	8	nt	0.6	1.0
True	PROKKA_06122025	25172	panaroo	0.7846141292984926	0.9837627482555019	0.9578826070784963	9.999000099990002e-05	0.9861199985465725	0.993162693280597	0.9896288162357066	1915	1030	7	aa	0.85	32.0
True	PROKKA_06122025	25172	panta	0.6491204482985236	0.9838969404186796	0.9485625029969569	9.999000099990002e-05	0.981241505105791	0.9932023383532013	0.9871856934183071	2002	1124	6	aa	0.6	11.0
True	PROKKA_06122025	25172	diamond	0.9836943341865436	1.0	0.993037157714162	9.999000099990002e-05	0.9966062220002734	1.0	0.9983002266734766	1903	1022	14	aa	0.6	2.0
True	PROKKA_06122025	25172	diamond	0.980734703703829	0.9821524422973699	0.987716824410411	9.999000099990002e-05	0.9997533986019993	0.9943969091625913	0.9970679598460677	2020	1099	34	aa	0.95	0.0
True	PROKKA_06122025	25172	diamond	0.9898430253542916	1.0	0.9956573991971956	9.999000099990002e-05	0.9978888809181952	1.0000000000000002	0.9989433250757999	1917	1034	11	aa	0.7	1.0
True	PROKKA_06122025	25172	panta	0.6488318994301998	0.9836285560923242	0.9483732622687105	9.999000099990002e-05	0.9812415051057909	0.9931127246980287	0.9871414258010182	1904	1025	7	aa	0.8	9.0
True	PROKKA_06122025	25172	mmseqs2	0.9953534519332353	1.0	0.9981464234340879	9.999000099990002e-05	0.999101127251334	1.0	0.9995503615417887	1932	1046	12	nt	0.7	1.0
True	PROKKA_06122025	25172	cdhit	0.9893226947740891	0.9993290391841116	0.9954194181488748	9.999000099990002e-05	0.9979435063998275	0.9998303821238552	0.9988860531950349	1921	1038	11	aa	0.7	0.0
True	PROKKA_06122025	25172	panx	0.18300276795259432	0.9855072463768116	0.8792178663266578	9.999000099990002e-05	0.9422446748463399	0.9935610935596878	0.9672227088278439	1807	983	6	aa	0.5	1540.0
True	PROKKA_06122025	25172	ppanggolin	0.7756295109973637	0.9838969404186796	0.9523648752965141	9.999000099990002e-05	0.9832040330491669	0.9932101385113821	0.9881817565380636	1882	1005	9	aa	0.6	5.0
True	PROKKA_06122025	25172	panx	0.5939132620945451	0.9824208266237252	0.9421383479705323	9.999000099990002e-05	0.9784755096468465	0.9926474564927802	0.9855105364569297	1900	1025	9	aa	0.9	1097.0
True	PROKKA_06122025	25172	panaroo	0.769566209382316	0.9695383789586688	0.9477392058380616	9.999000099990002e-05	0.9861199985465725	0.9884519903903951	0.9872846174141171	1985	1064	34	aa	0.95	33.0
True	PROKKA_06122025	25172	cdhit	0.9912043129042654	0.9994632313472893	0.9964270498733494	9.999000099990002e-05	0.9984649892918179	0.9998005374131778	0.9991323170432461	1929	1044	13	nt	0.8	28.0
True	PROKKA_06122025	25172	panta	0.645338963489132	0.9797369833601718	0.9456209430378345	9.999000099990002e-05	0.9812415051057909	0.9918148848853512	0.9864998642391541	1923	1034	16	aa	0.95	9.0
True	PROKKA_06122025	25172	mmseqs2	0.9841528393395559	1.0	0.99379140713534	9.999000099990002e-05	0.9969761440275456	1.0	0.9984857826261481	1911	1032	13	aa	0.5	4.0
True	PROKKA_06122025	25172	cdhit	0.9839349295851022	0.9990606548577563	0.9928066341888026	9.999000099990002e-05	0.996726787654973	0.9997688743714418	0.9982455133794237	1907	1025	13	aa	0.6	0.0
True	PROKKA_06122025	25172	panaroo	0.7849055129764319	0.9838969404186796	0.9580255948368799	9.999000099990002e-05	0.9861199985465725	0.9932300802671611	0.9896622692398775	1914	1030	6	aa	0.8	32.0
True	PROKKA_06122025	25172	cdhit	0.9937231942196774	0.9986580783682233	0.9971520087133858	9.999000099990002e-05	0.9991254548171342	0.9994947505685715	0.9993100685744767	1938	1049	13	aa	0.9	0.0
True	PROKKA_06122025	25172	cdhit	0.9935449300897288	0.9998658078368223	0.9975735143284749	9.999000099990002e-05	0.9988792701754867	0.999943575822209	0.9994111396454453	1931	1045	11	aa	0.85	0.0
True	PROKKA_06122025	25172	panta	0.6488318994301998	0.9836285560923242	0.9483732622687105	9.999000099990002e-05	0.9812415051057909	0.9931127246980287	0.9871414258010182	1904	1025	7	aa	0.85	9.0
True	PROKKA_06122025	25172	mmseqs2	0.9961785988811067	0.9998658078368223	0.998672940075744	9.999000099990002e-05	0.9994243360905808	0.9999326005506555	0.9996784037166556	1938	1052	11	nt	0.85	1.0
True	PROKKA_06122025	25172	mmseqs2	0.988201861470954	0.991009125067096	0.9928964809809677	9.999000099990002e-05	0.9998380297057975	0.996755391494588	0.998294330882259	1988	1087	19	aa	0.95	1.0
True	PROKKA_06122025	25172	diamond	0.9893974800875301	0.9955716586151369	0.9944153738293876	9.999000099990002e-05	0.9989378957280618	0.998363046515024	0.9986503883969994	1963	1079	12	aa	0.9	0.0
True	PROKKA_06122025	25172	mmseqs2	0.9923101256168889	0.9946323134728932	0.9954734431444826	9.999000099990002e-05	0.9998380297057975	0.9979830080304969	0.9989096576535161	1970	1074	18	nt	0.95	1.0
True	PROKKA_06122025	25172	hdbscan_dist	0.025305484003401733	0.99020397208803	0.6914179654457474	9.999000099990002e-05	0.8101866406342947	0.9972814775555974	0.8940507685156177	1602	965	0	nt	0.9	1191.0
True	PROKKA_06122025	25172	hdbscan_tsne	0.8214266133175236	0.9659151905528717	0.8883419134625434	9.999000099990002e-05	0.9514556811535597	0.9898027121767738	0.9702504488402127	1244	312	13	nt	0.9	1191.0
True	PROKKA_06122025	25172	hdbscan_umap	0.7240066111841764	0.9942297369833601	0.8598462490219766	9.999000099990002e-05	0.9231135125627443	0.9984472695607054	0.9593036813483957	891	83	0	nt	0.9	1191.0
True	PROKKA_06122025	25172	panx	0.7498834664574772	0.977589908749329	0.9507778716668835	9.999000099990002e-05	0.9846868686524688	0.9911324451045685	0.9878991434030429	1938	1045	14	aa	0.95	920.0
True	PROKKA_06122025	25172	diamond	0.9922814869573777	0.9990606548577563	0.9967256223919231	9.999000099990002e-05	0.9987193240465203	0.9996922600357669	0.9992055552019342	1931	1044	13	aa	0.85	1.0
True	PROKKA_06122025	25172	panta	0.6488318994301998	0.9836285560923242	0.9483732622687105	9.999000099990002e-05	0.9812415051057909	0.9931127246980287	0.9871414258010182	2003	1124	7	aa	0.7	11.0
True	PROKKA_06122025	25172	mmseqs2	0.9957043260792354	0.999597423510467	0.9984615128778511	9.999000099990002e-05	0.9994264181392281	0.9998281986303719	0.999627268012863	1939	1052	12	aa	0.8	1.0
True	PROKKA_06122025	25172	panta	0.6491204482985236	0.9838969404186796	0.9485625029969571	9.999000099990002e-05	0.981241505105791	0.9932023383532014	0.9871856934183072	2002	1124	6	aa	0.5	11.0
True	PROKKA_06122025	25172	panaroo	0.7848041264226148	0.9838969404186796	0.9579155639596535	9.999000099990002e-05	0.9860636344247412	0.9932296959135039	0.9896336927520296	1913	1029	6	aa	0.7	36.0
True	PROKKA_06122025	25172	cdhit	0.9908520332044484	0.9944981213097155	0.9945159886647359	9.999000099990002e-05	0.9994450299535396	0.9979120294260453	0.998677941389717	1968	1074	17	nt	0.95	1.0
True	PROKKA_06122025	25172	cdhit	0.9919638263795936	0.9994632313472893	0.9967255282892993	9.999000099990002e-05	0.9985357535389178	0.9998747326738789	0.9992047945336111	1928	1043	11	aa	0.8	0.0
True	PROKKA_06122025	25172	ppanggolin	0.780496526458733	0.9834943639291466	0.9558281715724866	9.999000099990002e-05	0.9851778024181403	0.9930534217338403	0.9890999350967654	1908	1026	8	aa	0.9	8.0
True	PROKKA_06122025	25172	cdhit	0.9721029002440723	0.9986580783682233	0.9882020088563216	9.999000099990002e-05	0.9947258610982125	0.9995050913668575	0.9971097494530132	1889	1009	17	aa	0.5	2.0
True	PROKKA_06122025	25172	panaroo	0.7823680418277407	0.9818840579710145	0.956593455916684	9.999000099990002e-05	0.9861199985465725	0.9925564128154406	0.9893277372111743	1922	1031	10	aa	0.9	32.0
True	PROKKA_06122025	25172	ppanggolin	0.7666388564322548	0.9838969404186796	0.9476466118205604	9.999000099990002e-05	0.9807474068914723	0.993193246686282	0.9869310908250407	1861	993	10	aa	0.5	6.0
True	PROKKA_06122025	25172	cdhit	0.9932110073532974	0.9998658078368223	0.9975186990716016	9.999000099990002e-05	0.9988526145613299	0.9999435743165452	0.9993977967114368	1932	1047	11	nt	0.85	25.0
True	PROKKA_06122025	25172	diamond	0.9746772501288387	1.0	0.9894767698891399	9.999000099990002e-05	0.9948525707013418	1.0000000000000002	0.99741964425128	1884	1006	17	aa	0.5	1.0
True	PROKKA_06122025	25172	mmseqs2	0.9942633402251596	0.9973161567364466	0.9972856946476647	9.999000099990002e-05	0.9995808560649145	0.999106989797641	0.9993438667571134	1948	1056	14	aa	0.9	1.0
True	PROKKA_06122025	25172	panaroo	0.784225275758766	0.9838969404186796	0.9574349769650353	9.999000099990002e-05	0.9858173164120722	0.9932280157294219	0.989508791081761	1909	1024	8	aa	0.6	38.0
True	PROKKA_06122025	25172	panx	0.3507192205654535	0.984970477724101	0.9168858778333978	9.999000099990002e-05	0.9638472688357154	0.9934938278802556	0.9784460298863058	1851	999	7	aa	0.6	1521.0
True	PROKKA_06122025	25172	panaroo	0.7796319250947495	0.9837627482555019	0.9549544109999015	9.999000099990002e-05	0.9846064476907708	0.9931609277398051	0.9888651872764045	1899	1018	8	aa	0.5	39.0
True	PROKKA_06122025	25172	panx	0.45714114539061296	0.9841653247450349	0.9302856202848767	9.999000099990002e-05	0.9714703470721923	0.9932409475436984	0.9822350293204097	1872	1007	8	aa	0.7	1539.0
True	PROKKA_06122025	25172	diamond	0.991064436953811	0.9994632313472893	0.9964765797445659	9.999000099990002e-05	0.998498451854204	0.9997912582615561	0.9991444368631613	1928	1042	13	aa	0.8	1.0
True	PROKKA_06122025	25172	panx	0.5515841000988984	0.9834943639291466	0.9392810479189584	9.999000099990002e-05	0.976549925301708	0.9930148680578146	0.9847135758060139	1890	1019	8	aa	0.85	1125.0
True	PROKKA_06122025	25172	panta	0.6487081979354579	0.9834943639291466	0.9482592618205168	9.999000099990002e-05	0.981241505105791	0.9930587687988993	0.9871147705688628	1905	1025	8	aa	0.9	9.0
True	PROKKA_06122025	25172	mmseqs2	0.9960689396864931	1.0	0.9986773614984557	9.999000099990002e-05	0.9993589394057084	1.0000000000000002	0.9996793669302412	1937	1052	11	nt	0.8	1.0
True	PROKKA_06122025	25172	panx	0.5497181665086852	0.9834943639291466	0.9390489002127651	9.999000099990002e-05	0.9764271345045366	0.9930139957777189	0.9846507169078738	1889	1018	8	aa	0.8	1100.0
True	PROKKA_06122025	25172	mmseqs2	0.9958835101248414	0.999597423510467	0.9985825272954227	9.999000099990002e-05	0.9994851258577973	0.9998282087199004	0.9996566378522797	1940	1053	12	aa	0.85	1.0
True	PROKKA_06122025	25172	ppanggolin	0.7808560000860318	0.9838969404186796	0.9558343695395917	9.999000099990002e-05	0.9849953653874493	0.993222402998767	0.9890917768379573	1903	1022	7	aa	0.8	5.0
True	PROKKA_06122025	25172	mmseqs2	0.9950630780869646	1.0	0.9979250459513783	9.999000099990002e-05	0.9989935504338391	1.0	0.9994965218542389	1930	1044	12	nt	0.5	3.0
True	PROKKA_06122025	25172	hdbscan_dist	0.9587473980794217	0.9932903918411164	0.9709196144415765	9.999000099990002e-05	0.9871755503633122	0.9984047530511149	0.9927583990269551	1726	825	0	aa	0.9	1193.0
True	PROKKA_06122025	25172	hdbscan_tsne	0.8168857168876055	0.9235104669887279	0.8823072182309966	9.999000099990002e-05	0.9606559378215038	0.9797027002270865	0.9700858365229109	1456	388	0	aa	0.9	1193.0
True	PROKKA_06122025	25172	hdbscan_umap	0.109700001527186	0.9895330112721417	0.7655548768560143	9.999000099990002e-05	0.8608142266693837	0.9962411591141134	0.9235896457630003	805	32	0	aa	0.9	1193.0
True	PROKKA_06122025	25172	cdhit	0.9930227072236703	0.9994632313472893	0.9974551229972825	9.999000099990002e-05	0.9989884544018646	0.9997775397445536	0.9993828413131851	1936	1050	12	nt	0.9	1.0
True	PROKKA_06122025	25172	mmseqs2	0.9946976141136825	0.999597423510467	0.9979020257400208	9.999000099990002e-05	0.9991548108161245	0.9998281519364155	0.9994913679715355	1935	1048	13	aa	0.7	1.0
True	PROKKA_06122025	25172	mmseqs2	0.9958835101248414	0.999597423510467	0.9985825272954227	9.999000099990002e-05	0.9994851258577973	0.9998282087199006	0.9996566378522798	1940	1053	12	nt	0.9	2.0
True	PROKKA_06122025	25172	mmseqs2	0.9943713302737187	1.0	0.9976102710994111	9.999000099990002e-05	0.99884050726753	1.0	0.9994199173329467	1928	1041	14	aa	0.6	1.0
True	PROKKA_06122025	25172	ppanggolin	0.7796650494800419	0.9805421363392378	0.9547569658806773	9.999000099990002e-05	0.985732549243187	0.9920468797853464	0.9888796348335879	1929	1041	10	aa	0.95	5.0
True	PROKKA_06122025	25172	ppanggolin	0.7791678982003855	0.9838969404186796	0.9544377519234415	9.999000099990002e-05	0.9842757729979738	0.9932174815851913	0.9887264112548719	1893	1014	7	aa	0.7	5.0
True	PROKKA_06122025	25172	cdhit	0.9855387610469688	0.9880568974771873	0.9907509199132151	9.999000099990002e-05	0.9996817927318966	0.9958918365568631	0.9977832157373795	2002	1098	23	aa	0.95	0.0
True	PROKKA_06122025	25172	ppanggolin	0.7808560000860318	0.9838969404186796	0.9558343695395917	9.999000099990002e-05	0.9849953653874493	0.993222402998767	0.9890917768379573	1903	1022	7	aa	0.85	5.0
True	PROKKA_06122025	25172	mmseqs2	0.9953534519332353	1.0	0.9981464234340879	9.999000099990002e-05	0.999101127251334	1.0	0.9995503615417887	1932	1046	12	nt	0.6	1.0
True	PROKKA_06122025	25913	panaroo	0.4349252100128075	0.9622291021671827	0.9023725494678193	9.999000099990002e-05	0.9642637613318289	0.9834871006382951	0.9737805685513425	1894	1025	2	aa	0.85	32.0
True	PROKKA_06122025	25913	panta	0.3522086736397362	0.9629721362229102	0.8932590823687572	9.999000099990002e-05	0.9586147754970065	0.983664781620049	0.9709782408425833	1980	1121	0	aa	0.6	11.0
True	PROKKA_06122025	25913	diamond	0.9776878907978104	1.0	0.9919065897114779	9.999000099990002e-05	0.9958022237535865	1.0	0.997896697279694	1904	1052	3	aa	0.6	1.0
True	PROKKA_06122025	25913	diamond	0.9763636692889014	0.9763467492260062	0.9848959045770301	9.999000099990002e-05	0.9997644065929501	0.9926252527776438	0.996182039135778	2041	1115	41	aa	0.95	1.0
True	PROKKA_06122025	25913	diamond	0.9845066868538817	0.9998761609907121	0.9945594885811623	9.999000099990002e-05	0.997229428089944	0.9999565623503148	0.9985911332850593	1920	1064	2	aa	0.7	1.0
True	PROKKA_06122025	25913	panta	0.351782140548346	0.9624767801857586	0.892972888445389	9.999000099990002e-05	0.9586147754970065	0.9835245720235413	0.9709099277657895	1882	1022	0	aa	0.8	9.0
True	PROKKA_06122025	25913	mmseqs2	0.9932572209362017	1.0	0.9978070963977909	9.999000099990002e-05	0.9988692667251288	1.0	0.999434313542314	1933	1070	2	nt	0.7	1.0
True	PROKKA_06122025	25913	cdhit	0.9843736346447938	0.9997523219814242	0.9943303546912341	9.999000099990002e-05	0.9971761322247071	0.9998912342396779	0.9985318375811455	1919	1062	3	aa	0.7	0.0
True	PROKKA_06122025	25913	panx	0.10629701038557342	0.964953560371517	0.8207201745528198	9.999000099990002e-05	0.9122277850169441	0.983762116200189	0.9466454812536537	1782	985	0	aa	0.5	1630.0
True	PROKKA_06122025	25913	ppanggolin	0.43121098458257384	0.9628482972136223	0.8965019682163228	9.999000099990002e-05	0.9605118395497948	0.9836480743619944	0.9719422920041962	1858	1007	1	aa	0.6	5.0
True	PROKKA_06122025	25913	panx	0.3101625462895713	0.9606191950464397	0.8848742498667709	9.999000099990002e-05	0.9544425147197876	0.9829250555128214	0.9684744146430675	1877	1019	5	aa	0.9	953.0
True	PROKKA_06122025	25913	panaroo	0.4180061380938025	0.9379566563467492	0.8858099113216067	9.999000099990002e-05	0.964402862484793	0.9755086221320044	0.9699239527400809	2018	1076	54	aa	0.95	31.0
True	PROKKA_06122025	25913	cdhit	0.991005400767043	1.0	0.9968409014786341	9.999000099990002e-05	0.9983695013625644	1.0	0.9991840855075481	1928	1067	2	nt	0.8	30.0
True	PROKKA_06122025	25913	panta	0.3444971777762041	0.9508359133126935	0.8855836563224055	9.999000099990002e-05	0.9586147754970065	0.9799440739961014	0.9691620852666144	1929	1039	19	aa	0.95	9.0
True	PROKKA_06122025	25913	mmseqs2	0.978809264081766	1.0	0.992864703569456	9.999000099990002e-05	0.9963027181312041	0.9999999999999999	0.9981479352629159	1911	1057	2	aa	0.5	4.0
True	PROKKA_06122025	25913	cdhit	0.9776384477963458	0.9991331269349846	0.9916679244529312	9.999000099990002e-05	0.9959196077010297	0.9997608473125035	0.997836530742158	1907	1052	4	aa	0.6	0.0
True	PROKKA_06122025	25913	panaroo	0.43550911245414525	0.9628482972136223	0.9028318835043109	9.999000099990002e-05	0.964263761331829	0.9837106628143414	0.9738901415026036	1891	1025	0	aa	0.8	32.0
True	PROKKA_06122025	25913	cdhit	0.9923201573074626	0.9975232198142415	0.9964683727272897	9.999000099990002e-05	0.9990177553905132	0.9991645417335745	0.9990911431705862	1944	1074	6	aa	0.9	0.0
True	PROKKA_06122025	25913	cdhit	0.993174767838665	0.9992569659442725	0.9972338710360149	9.999000099990002e-05	0.9987978674049136	0.9997760203582585	0.9992867045151042	1933	1068	3	aa	0.85	0.0
True	PROKKA_06122025	25913	panta	0.351782140548346	0.9624767801857586	0.8929728884453894	9.999000099990002e-05	0.9586147754970065	0.9835245720235414	0.9709099277657895	1882	1022	0	aa	0.85	9.0
True	PROKKA_06122025	25913	mmseqs2	0.9953902696090057	1.0	0.9986650705677205	9.999000099990002e-05	0.999312251685654	1.0	0.9996560075527141	1937	1072	2	nt	0.85	1.0
True	PROKKA_06122025	25913	mmseqs2	0.980474291591653	0.9826625386996904	0.987689911236178	9.999000099990002e-05	0.9998677547195051	0.9939083650112138	0.9968791535680716	2032	1129	29	aa	0.95	1.0
True	PROKKA_06122025	25913	diamond	0.9901768619719447	0.9957894736842106	0.995006060456953	9.999000099990002e-05	0.9989401270964662	0.9984933336851497	0.9987166804205945	1959	1092	6	aa	0.9	1.0
True	PROKKA_06122025	25913	mmseqs2	0.9882521576979203	0.9904643962848297	0.9931400984096158	9.999000099990002e-05	0.9997964930449155	0.9967053361916256	0.9982485216200394	1987	1097	18	nt	0.95	1.0
True	PROKKA_06122025	25913	hdbscan_dist	0.02535249264383642	0.9934365325077399	0.6995248670492407	9.999000099990002e-05	0.8060980498089633	0.9977203244763179	0.8917310293324785	1524	860	0	nt	0.9	1578.0
True	PROKKA_06122025	25913	hdbscan_tsne	0.7539842982427125	0.8435913312693498	0.8482987985507141	9.999000099990002e-05	0.9674202539157948	0.956694361206916	0.9620274120516237	1804	556	0	nt	0.9	1578.0
True	PROKKA_06122025	25913	hdbscan_umap	0.7579725600724373	0.9912074303405572	0.8739779253961251	9.999000099990002e-05	0.9288831531661342	0.9975136255903484	0.9619758630022859	879	41	0	nt	0.9	1578.0
True	PROKKA_06122025	25913	panx	0.42563291784172486	0.9538080495356037	0.8957234040335732	9.999000099990002e-05	0.9638198404480662	0.9806359809159515	0.9721551955868319	1930	1044	16	aa	0.95	953.0
True	PROKKA_06122025	25913	diamond	0.9901846591899687	0.9991331269349846	0.9963291817375227	9.999000099990002e-05	0.9983749584451673	0.9997310633960679	0.9990525507296624	1931	1067	4	aa	0.85	1.0
True	PROKKA_06122025	25913	panta	0.3522086736397362	0.9629721362229102	0.8932590823687572	9.999000099990002e-05	0.9586147754970065	0.983664781620049	0.9709782408425833	1980	1121	0	aa	0.7	11.0
True	PROKKA_06122025	25913	mmseqs2	0.9942024390259826	0.9991331269349846	0.9980265566329222	9.999000099990002e-05	0.9992360692057595	0.9997474400552145	0.9994916892222071	1940	1074	3	aa	0.8	0.0
True	PROKKA_06122025	25913	panta	0.3522086736397362	0.9629721362229102	0.8932590823687573	9.999000099990002e-05	0.9586147754970065	0.9836647816200489	0.9709782408425833	1980	1121	0	aa	0.5	11.0
True	PROKKA_06122025	25913	panaroo	0.43514597115005	0.9626006191950465	0.9022367493943617	9.999000099990002e-05	0.9639934705233648	0.9836397990412774	0.9737175457417236	1889	1023	0	aa	0.7	37.0
True	PROKKA_06122025	25913	cdhit	0.9890364311715761	0.9928173374613003	0.9936949936065039	9.999000099990002e-05	0.9993584133453197	0.9974148233012924	0.9983856724116246	1975	1094	15	nt	0.95	1.0
True	PROKKA_06122025	25913	cdhit	0.9894967190023832	0.9993808049535604	0.9959883734278197	9.999000099990002e-05	0.9981649483077495	0.9997642882360943	0.9989639781370864	1930	1069	3	aa	0.8	0.0
True	PROKKA_06122025	25913	ppanggolin	0.4334449766402723	0.9617337461300309	0.9000225856197477	9.999000099990002e-05	0.9630364673368864	0.9833349262590394	0.9730798517788751	1886	1022	4	aa	0.9	5.0
True	PROKKA_06122025	25913	cdhit	0.9650239866801801	0.9988854489164086	0.9874425287883055	9.999000099990002e-05	0.9938036557628924	0.9996606683962861	0.9967235578129936	1890	1043	2	aa	0.5	2.0
True	PROKKA_06122025	25913	panaroo	0.4325433911357731	0.9587616099071208	0.9001436116133874	9.999000099990002e-05	0.964263761331829	0.9824064399314518	0.9732505570899158	1909	1028	10	aa	0.9	37.0
True	PROKKA_06122025	25913	ppanggolin	0.4277362825496212	0.9628482972136223	0.8919422270303738	9.999000099990002e-05	0.9577770892686484	0.9836021501614937	0.970517851686297	1837	997	0	aa	0.5	6.0
True	PROKKA_06122025	25913	cdhit	0.9934878866469844	0.9993808049535604	0.9974181540660202	9.999000099990002e-05	0.9988806148945223	0.9997884751710359	0.9993343388429986	1934	1069	3	nt	0.85	27.0
True	PROKKA_06122025	25913	diamond	0.9669961394234614	1.0	0.9880802158793068	9.999000099990002e-05	0.9937939616887349	0.9999999999999999	0.9968873221453591	1883	1035	5	aa	0.5	1.0
True	PROKKA_06122025	25913	mmseqs2	0.9948749795178374	0.998266253869969	0.9978678164749389	9.999000099990002e-05	0.9995053286779765	0.999397928588986	0.9994516257482042	1947	1077	5	aa	0.9	1.0
True	PROKKA_06122025	25913	panaroo	0.43491253346380887	0.9628482972136223	0.9018097717705624	9.999000099990002e-05	0.9636613361245187	0.9837006456437282	0.9735778837243436	1884	1019	1	aa	0.6	39.0
True	PROKKA_06122025	25913	panx	0.1723894879440489	0.9644582043343654	0.8537682008008936	9.999000099990002e-05	0.9337763771426207	0.9838945016445182	0.958180523466292	1822	1000	0	aa	0.6	1218.0
True	PROKKA_06122025	25913	panaroo	0.4340862194009489	0.9628482972136223	0.9003859840809736	9.999000099990002e-05	0.9628199073313574	0.9836866336646594	0.9731414239003479	1875	1013	0	aa	0.5	39.0
True	PROKKA_06122025	25913	panx	0.22700401371908163	0.9639628482972136	0.8698666157258739	9.999000099990002e-05	0.9440416041204455	0.983837260779487	0.9635286975439102	1844	1008	0	aa	0.7	1003.0
True	PROKKA_06122025	25913	diamond	0.9897041490613055	0.9997523219814242	0.9963291708926212	9.999000099990002e-05	0.9981916923156694	0.9999132122116547	0.9990517106532627	1928	1067	3	aa	0.8	1.0
True	PROKKA_06122025	25913	panx	0.30137710867673456	0.9623529411764706	0.8842820092714564	9.999000099990002e-05	0.9534240762437015	0.9834540926486729	0.9682062866637127	1867	1015	1	aa	0.85	944.0
True	PROKKA_06122025	25913	panta	0.35107076163795187	0.961609907120743	0.8923984677718534	9.999000099990002e-05	0.9586147754970065	0.9832435411346565	0.9707729738785739	1885	1023	1	aa	0.9	9.0
True	PROKKA_06122025	25913	mmseqs2	0.9949481991133571	1.0	0.9984954518492639	9.999000099990002e-05	0.9992247348078456	0.9999999999999998	0.9996122170866253	1937	1073	2	nt	0.8	1.0
True	PROKKA_06122025	25913	panx	0.2683732708850529	0.9629721362229102	0.8785483768520543	9.999000099990002e-05	0.9496980352739861	0.983622256647271	0.9663625096091681	1857	1012	0	aa	0.8	1002.0
True	PROKKA_06122025	25913	mmseqs2	0.9950148504345195	0.9993808049535604	0.9983638484642471	9.999000099990002e-05	0.9993800808364243	0.9997773658842624	0.999578683884861	1941	1074	4	aa	0.85	1.0
True	PROKKA_06122025	25913	ppanggolin	0.43377042271647753	0.9628482972136223	0.900019891242314	9.999000099990002e-05	0.96260324667401	0.9836830217997475	0.9730289791594501	1877	1019	0	aa	0.8	5.0
True	PROKKA_06122025	25913	mmseqs2	0.9918280539913827	1.0	0.997317328483771	9.999000099990002e-05	0.9986160552424069	1.0	0.9993075484638668	1931	1069	2	nt	0.5	3.0
True	PROKKA_06122025	25913	hdbscan_dist	0.9534843410999705	0.9827863777089784	0.9708686361292369	9.999000099990002e-05	0.9892927789847284	0.9955096043288535	0.9923914554438349	1787	875	0	aa	0.9	1498.0
True	PROKKA_06122025	25913	hdbscan_tsne	0.7907079343647717	0.8839628482972136	0.872769767471229	9.999000099990002e-05	0.965019395196355	0.9688838565047516	0.9669477647315468	1609	460	0	aa	0.9	1498.0
True	PROKKA_06122025	25913	hdbscan_umap	0.24906443527316968	0.981671826625387	0.8130553748299115	9.999000099990002e-05	0.8904196150716324	0.9943063161389117	0.9394998313744742	835	33	0	aa	0.9	1498.0
True	PROKKA_06122025	25913	cdhit	0.993427894422478	0.9990092879256965	0.9974101243830101	9.999000099990002e-05	0.9989775421968118	0.9996878872392289	0.9993325884862679	1937	1071	4	nt	0.9	1.0
True	PROKKA_06122025	25913	mmseqs2	0.9916566546172855	0.9996284829721362	0.997250130195995	9.999000099990002e-05	0.9987179461712685	0.9998639367732387	0.9992906129156728	1935	1072	3	aa	0.7	0.0
True	PROKKA_06122025	25913	mmseqs2	0.9952382934768894	0.9996284829721362	0.9985153399439326	9.999000099990002e-05	0.9993800808364243	0.9998552745610063	0.9996176212248551	1940	1074	3	nt	0.9	1.0
True	PROKKA_06122025	25913	mmseqs2	0.9898842402669186	0.9996284829721362	0.9965162536103197	9.999000099990002e-05	0.998338215629864	0.9998638850269177	0.9991004678880291	1930	1067	4	aa	0.6	0.0
True	PROKKA_06122025	25913	ppanggolin	0.43040930632941155	0.9564086687306501	0.8976944891752863	9.999000099990002e-05	0.9638998071864014	0.9815163563948704	0.9726283192154543	1919	1039	14	aa	0.95	5.0
True	PROKKA_06122025	25913	ppanggolin	0.4325538921116412	0.9628482972136223	0.8982797841604768	9.999000099990002e-05	0.9615707125901991	0.9836657868322379	0.9724927656618737	1869	1016	0	aa	0.7	5.0
True	PROKKA_06122025	25913	cdhit	0.9817786834119877	0.98328173374613	0.9878424652039749	9.999000099990002e-05	0.9996032312283035	0.9942378559749873	0.9969133245580131	2032	1132	33	aa	0.95	0.0
True	PROKKA_06122025	25913	ppanggolin	0.43411319887668703	0.9628482972136223	0.9005535380707256	9.999000099990002e-05	0.9629191443944961	0.9836882874729742	0.9731929187341681	1879	1019	0	aa	0.85	5.0
True	PROKKA_06122025	25913	mmseqs2	0.9919378441213474	1.0	0.9974134289034172	9.999000099990002e-05	0.9986657597700441	1.0	0.9993324345386747	1932	1070	2	nt	0.6	1.0
True	PROKKA_06122025	27347	panaroo	0.847989266842786	0.9901366774693533	0.9690580489589885	9.999000099990002e-05	0.989285361573988	0.9959286172433915	0.992595874021039	1896	1028	12	aa	0.85	31.0
True	PROKKA_06122025	27347	panta	0.7962018312587643	0.9894321544314499	0.9640828156041252	9.999000099990002e-05	0.9870496633782851	0.9957126532336096	0.9913622333464087	1984	1120	12	aa	0.6	10.0
True	PROKKA_06122025	27347	diamond	0.978462134167082	1.0	0.9919600253182802	9.999000099990002e-05	0.9961862477302834	1.0	0.9980894807415626	1903	1043	16	aa	0.6	1.0
True	PROKKA_06122025	27347	diamond	0.9881623481338613	0.9914048189375793	0.9937850009424705	9.999000099990002e-05	0.9997054431507908	0.997390333917177	0.9985465466527319	1965	1074	26	aa	0.95	0.0
True	PROKKA_06122025	27347	diamond	0.9840295595098216	1.0	0.994507429555961	9.999000099990002e-05	0.9974012235677755	1.0	0.9986989211773974	1917	1055	14	aa	0.7	1.0
True	PROKKA_06122025	27347	panta	0.7964213663262334	0.9899957728617725	0.9644701327820833	9.999000099990002e-05	0.9870496633782851	0.9958926149472844	0.991451421545861	1886	1020	13	aa	0.8	8.0
True	PROKKA_06122025	27347	mmseqs2	0.9962914855120752	1.0	0.9983449167299516	9.999000099990002e-05	0.999219881204871	1.0	0.9996097883967326	1932	1066	13	nt	0.7	1.0
True	PROKKA_06122025	27347	cdhit	0.9828119302538534	0.9994363815696773	0.9939939231171682	9.999000099990002e-05	0.9973190259502822	0.9998393012114589	0.9985775733745996	1919	1056	15	aa	0.7	0.0
True	PROKKA_06122025	27347	panx	0.18962797525087047	0.9905593912920952	0.883162693443764	9.999000099990002e-05	0.9435010443226909	0.9959155549638342	0.9690000245550837	1782	977	11	aa	0.5	1641.0
True	PROKKA_06122025	27347	ppanggolin	0.8329788920002046	0.9901366774693533	0.961976144289989	9.999000099990002e-05	0.9857753084781726	0.9959141794906838	0.9908188073515621	1864	1006	14	aa	0.6	5.0
True	PROKKA_06122025	27347	panx	0.6065772774167165	0.9884458221783853	0.9496651835992843	9.999000099990002e-05	0.9801819502778697	0.9953451473256479	0.9877053560933448	1882	1024	14	aa	0.9	959.0
True	PROKKA_06122025	27347	panaroo	0.838216340839564	0.9812596871917711	0.9629206492229212	9.999000099990002e-05	0.989285361573988	0.993105862447207	0.9911919305407783	1933	1044	26	aa	0.95	32.0
True	PROKKA_06122025	27347	cdhit	0.9927081434237843	1.0	0.9973625105681262	9.999000099990002e-05	0.9987556190706309	1.0	0.9993774221733283	1928	1062	13	nt	0.8	27.0
True	PROKKA_06122025	27347	panta	0.7914501110762233	0.9853459208116105	0.9612512418143584	9.999000099990002e-05	0.9870496633782851	0.9944028221727716	0.9907125990104997	1905	1028	21	aa	0.95	8.0
True	PROKKA_06122025	27347	mmseqs2	0.9874053191537452	1.0	0.9942697592220759	9.999000099990002e-05	0.9972880883199058	1.0	0.9986422030472452	1910	1049	14	aa	0.5	2.0
True	PROKKA_06122025	27347	cdhit	0.9785219620620441	0.999577286177258	0.9918190253187963	9.999000099990002e-05	0.9962608161749331	0.9998597877806384	0.9980570575353925	1907	1047	16	aa	0.6	0.0
True	PROKKA_06122025	27347	panaroo	0.8468926952581084	0.9901366774693533	0.9686357961292447	9.999000099990002e-05	0.9890775158845759	0.9959277651632075	0.9924908204255707	1895	1028	12	aa	0.8	31.0
True	PROKKA_06122025	27347	cdhit	0.9956679462481736	0.9988727631393547	0.9978769127677913	9.999000099990002e-05	0.9993019920661549	0.9996979877268868	0.9994999506737682	1936	1067	13	aa	0.9	0.0
True	PROKKA_06122025	27347	cdhit	0.9914868799860639	1.0	0.9972921526666105	9.999000099990002e-05	0.998722339602119	1.0000000000000002	0.9993607614361607	1930	1065	13	aa	0.85	0.0
True	PROKKA_06122025	27347	panta	0.7964213663262334	0.9899957728617725	0.9644701327820833	9.999000099990002e-05	0.9870496633782851	0.9958926149472844	0.991451421545861	1886	1020	13	aa	0.85	8.0
True	PROKKA_06122025	27347	mmseqs2	0.9995039395943233	1.0	0.9996305548432942	9.999000099990002e-05	0.9998260849471117	1.0000000000000002	0.9999130349112869	1937	1068	13	nt	0.85	1.0
True	PROKKA_06122025	27347	mmseqs2	0.9913144162558466	0.9930956742285473	0.9950395989917483	9.999000099990002e-05	1.0	0.9976825963471144	0.9988399540261685	1969	1087	20	aa	0.95	1.0
True	PROKKA_06122025	27347	diamond	0.993356776461107	0.9985909539241933	0.9972142825029334	9.999000099990002e-05	0.9989714795426257	0.9997153743837022	0.9993432885273871	1933	1064	13	aa	0.9	0.0
True	PROKKA_06122025	27347	mmseqs2	0.9959397132224962	0.997041003240806	0.9977333536268969	9.999000099990002e-05	0.9999469170898877	0.9989895843853974	0.9994680214942658	1951	1076	16	nt	0.95	1.0
True	PROKKA_06122025	27347	hdbscan_dist	0.02949893900487623	0.9985909539241933	0.707526381278666	9.999000099990002e-05	0.8233369915280714	0.9996694905043928	0.9029752542806697	1540	881	0	nt	0.9	1121.0
True	PROKKA_06122025	27347	hdbscan_tsne	0.7723885800344964	0.8984077779343385	0.8533995734921475	9.999000099990002e-05	0.9577301896598949	0.9709076808536681	0.9642739174032963	1524	421	16	nt	0.9	1121.0
True	PROKKA_06122025	27347	hdbscan_umap	0.7054808142159561	0.996195575595322	0.8465993613942254	9.999000099990002e-05	0.916193783825946	0.998934972815691	0.9557770038866727	832	47	1	nt	0.9	1121.0
True	PROKKA_06122025	27347	panx	0.7701705992073825	0.9854868254191912	0.9600782661269515	9.999000099990002e-05	0.9864621076953775	0.9944055608689525	0.9904179073100299	1910	1040	15	aa	0.95	1014.0
True	PROKKA_06122025	27347	diamond	0.9914868799860639	1.0	0.9971001062274789	9.999000099990002e-05	0.998631461617613	1.0	0.9993152622638696	1928	1062	14	aa	0.85	0.0
True	PROKKA_06122025	27347	panta	0.7962018312587643	0.9894321544314499	0.9640828156041258	9.999000099990002e-05	0.9870496633782851	0.9957126532336097	0.9913622333464087	1984	1120	12	aa	0.7	10.0
True	PROKKA_06122025	27347	mmseqs2	0.9982164791638366	1.0	0.9993201940085552	9.999000099990002e-05	0.9996798857857079	1.0	0.9998399172704754	1937	1069	13	aa	0.8	1.0
True	PROKKA_06122025	27347	panta	0.7961368879690841	0.9892912498238693	0.963946906730156	9.999000099990002e-05	0.9870224423120859	0.9956748734894791	0.9913297784266735	1984	1119	13	aa	0.5	10.0
True	PROKKA_06122025	27347	panaroo	0.8467466995512779	0.9901366774693533	0.9684604104414174	9.999000099990002e-05	0.9889911092036089	0.9959274108270786	0.9924471405555961	1893	1025	13	aa	0.7	37.0
True	PROKKA_06122025	27347	cdhit	0.9941986791302729	0.99788643088629	0.997365143492747	9.999000099990002e-05	0.9994770486187091	0.9992837102662692	0.9993803700917656	1945	1073	16	nt	0.95	1.0
True	PROKKA_06122025	27347	cdhit	0.9880832478293539	1.0	0.9961835625623694	9.999000099990002e-05	0.9981972860275254	1.0	0.999097829836383	1926	1062	14	aa	0.8	0.0
True	PROKKA_06122025	27347	ppanggolin	0.8435293485102633	0.9901366774693533	0.9670987533625472	9.999000099990002e-05	0.9883193736446695	0.9959246540724289	0.9921074389651449	1887	1021	12	aa	0.9	6.0
True	PROKKA_06122025	27347	cdhit	0.9710948215099888	0.999154572354516	0.9882702548097247	9.999000099990002e-05	0.9946528755178063	0.9997668104759073	0.9972032866208496	1888	1030	17	aa	0.5	2.0
True	PROKKA_06122025	27347	panaroo	0.8475418243108184	0.9895730590390306	0.9687435337628287	9.999000099990002e-05	0.989285361573988	0.995782761920247	0.9925234283056855	1898	1028	13	aa	0.9	31.0
True	PROKKA_06122025	27347	ppanggolin	0.8246397651918034	0.9901366774693533	0.9575189772157504	9.999000099990002e-05	0.9835397317884876	0.9959049304895974	0.989683709665598	1842	992	13	aa	0.5	6.0
True	PROKKA_06122025	27347	cdhit	0.9931458354311808	0.9998590953924194	0.9976282187976926	9.999000099990002e-05	0.998943215735313	0.999938292064096	0.9994405062169639	1932	1066	13	nt	0.85	24.0
True	PROKKA_06122025	27347	diamond	0.9719715267441806	1.0	0.988700766967067	9.999000099990002e-05	0.9946226905229693	1.0	0.9973040969088641	1882	1023	18	aa	0.5	1.0
True	PROKKA_06122025	27347	mmseqs2	0.9997023047812794	1.0	0.9997614785854834	9.999000099990002e-05	0.9998877314751201	1.0	0.9999438625863277	1938	1069	13	aa	0.9	0.0
True	PROKKA_06122025	27347	panaroo	0.8460539054897477	0.9901366774693533	0.9679932431845782	9.999000099990002e-05	0.9887608232771611	0.9959264661703481	0.9923307090743084	1890	1022	14	aa	0.6	39.0
True	PROKKA_06122025	27347	panx	0.336064721127514	0.9904184866845146	0.9188809824809658	9.999000099990002e-05	0.9633536754154725	0.9959384470452255	0.9793751043551614	1829	998	12	aa	0.6	1675.0
True	PROKKA_06122025	27347	panaroo	0.8432578129577004	0.9901366774693533	0.9664140532449953	9.999000099990002e-05	0.9879807776331893	0.9959232630834185	0.9919361216369362	1881	1014	15	aa	0.5	41.0
True	PROKKA_06122025	27347	panx	0.44002639236526403	0.9904184866845146	0.933812718097825	9.999000099990002e-05	0.9712747253729742	0.9959714368441364	0.9834680604585715	1849	1008	12	aa	0.7	1281.0
True	PROKKA_06122025	27347	diamond	0.9880832478293539	1.0	0.9961835625623695	9.999000099990002e-05	0.9981972860275254	1.0	0.999097829836383	1926	1062	14	aa	0.8	1.0
True	PROKKA_06122025	27347	panx	0.5507629599952343	0.9891503452162885	0.9451253564668382	9.999000099990002e-05	0.9776033307855999	0.9955741735919754	0.9865069168773535	1872	1019	13	aa	0.85	941.0
True	PROKKA_06122025	27347	panta	0.7959089933909247	0.9891503452162885	0.9640288203274887	9.999000099990002e-05	0.9870496633782851	0.9956875645807506	0.9913497982393049	1889	1020	15	aa	0.9	8.0
True	PROKKA_06122025	27347	mmseqs2	0.9995287309444327	1.0	0.9996357806542163	9.999000099990002e-05	0.9998285458603522	1.0	0.9999142655804155	1937	1068	13	nt	0.8	1.0
True	PROKKA_06122025	27347	panx	0.5098449581955592	0.9894321544314499	0.9412546631841995	9.999000099990002e-05	0.9754906653274062	0.9956758540137105	0.9854799092335699	1864	1014	13	aa	0.8	1340.0
True	PROKKA_06122025	27347	mmseqs2	0.9997023047812794	1.0	0.9997614785854834	9.999000099990002e-05	0.9998877314751201	1.0	0.9999438625863277	1938	1069	13	aa	0.85	1.0
True	PROKKA_06122025	27347	ppanggolin	0.839187694445095	0.9901366774693533	0.9654078668491632	9.999000099990002e-05	0.9874826476015137	0.9959212149845263	0.9916839799768961	1882	1019	13	aa	0.8	6.0
True	PROKKA_06122025	27347	mmseqs2	0.9960452274022821	1.0	0.9981260537083628	9.999000099990002e-05	0.9991165278790393	1.0000000000000002	0.9995580687225383	1930	1064	13	nt	0.5	3.0
True	PROKKA_06122025	27347	hdbscan_dist	0.9385664406402958	0.9761871213188671	0.9554958794022984	9.999000099990002e-05	0.9860454001038572	0.9926670915275442	0.9893451661875344	1733	715	126	aa	0.9	998.0
True	PROKKA_06122025	27347	hdbscan_tsne	0.661987524767437	0.7589122164294773	0.7880933276862115	9.999000099990002e-05	0.9772189001355595	0.935371758644855	0.9558375254050985	2260	560	634	aa	0.9	998.0
True	PROKKA_06122025	27347	hdbscan_umap	0.07658819053525152	0.9959137663801606	0.7399528204125911	9.999000099990002e-05	0.8427893028625626	0.9985701272697394	0.9140901093498905	766	14	7	aa	0.9	998.0
True	PROKKA_06122025	27347	cdhit	0.9943460104652896	0.9997181907848387	0.9980513819106964	9.999000099990002e-05	0.9991699392726677	0.9999115990086196	0.9995406315626726	1934	1066	14	nt	0.9	1.0
True	PROKKA_06122025	27347	mmseqs2	0.997154347102682	1.0	0.9986840082558687	9.999000099990002e-05	0.9993799196386197	1.0	0.9996898636645843	1933	1066	13	aa	0.7	1.0
True	PROKKA_06122025	27347	mmseqs2	0.9995533908016805	0.9998590953924194	0.9996416724676295	9.999000099990002e-05	0.99988773147512	0.9999436259752649	0.9999156779440779	1939	1070	13	nt	0.9	2.0
True	PROKKA_06122025	27347	mmseqs2	0.9951842803342597	1.0	0.997732163473634	9.999000099990002e-05	0.9989304096636554	1.0000000000000002	0.9994649186729195	1928	1062	14	aa	0.6	1.0
True	PROKKA_06122025	27347	ppanggolin	0.844353004122346	0.9891503452162885	0.9672669660845142	9.999000099990002e-05	0.9887600035205647	0.9955904629516326	0.9921634774558501	1897	1029	13	aa	0.95	5.0
True	PROKKA_06122025	27347	ppanggolin	0.8355828485553752	0.9901366774693533	0.963667394974898	9.999000099990002e-05	0.9866182808066436	0.9959176561879529	0.9912461584557074	1874	1014	13	aa	0.7	5.0
True	PROKKA_06122025	27347	cdhit	0.9919932222468254	0.9946456249119346	0.9952496846731431	9.999000099990002e-05	0.9997692759512922	0.9980072139412164	0.9988874678667004	1968	1093	18	aa	0.95	0.0
True	PROKKA_06122025	27347	ppanggolin	0.8402644284003092	0.9901366774693533	0.9658273444278719	9.999000099990002e-05	0.9876904932909257	0.9959220698077647	0.9917892018904407	1883	1019	13	aa	0.85	6.0
True	PROKKA_06122025	27347	mmseqs2	0.9962914855120752	1.0	0.9983449167299516	9.999000099990002e-05	0.999219881204871	1.0	0.9996097883967326	1932	1066	13	nt	0.6	2.0
True	PROKKA_06122025	28734	panaroo	0.6357288730181812	0.9763622791739238	0.9380371020890577	9.999000099990002e-05	0.9777967122912974	0.9896010796094016	0.983663482906695	1897	1021	4	aa	0.85	32.0
True	PROKKA_06122025	28734	panta	0.5226763350361954	0.9758646429460065	0.9283214681045687	9.999000099990002e-05	0.9725029728536496	0.9894201980990228	0.9808886487491901	1982	1117	4	aa	0.6	11.0
True	PROKKA_06122025	28734	diamond	0.9769039417589359	1.0	0.9926762566482582	9.999000099990002e-05	0.9962140459553589	0.9999999999999999	0.9981034328195856	1906	1041	9	aa	0.6	2.0
True	PROKKA_06122025	28734	diamond	0.9707625550874727	0.971759144065688	0.9830593574938674	9.999000099990002e-05	0.9997546764147558	0.9917535052537092	0.9957380179050481	2045	1111	35	aa	0.95	1.0
True	PROKKA_06122025	28734	diamond	0.9820221010490845	1.0	0.9946895543342916	9.999000099990002e-05	0.997260300962713	1.0	0.998628271419621	1917	1050	7	aa	0.7	2.0
True	PROKKA_06122025	28734	panta	0.5229066861045211	0.9764866882309032	0.9287002830070148	9.999000099990002e-05	0.9725029728536495	0.9896084612410168	0.980981155091298	1884	1018	4	aa	0.8	9.0
True	PROKKA_06122025	28734	mmseqs2	0.9959916769151861	1.0	0.9984307770305861	9.999000099990002e-05	0.9991934120152928	0.9999999999999999	0.9995965432959815	1932	1059	7	nt	0.7	1.0
True	PROKKA_06122025	28734	cdhit	0.9839017244219986	0.9995023637720826	0.994883705036933	9.999000099990002e-05	0.9975299686965804	0.9998323108962496	0.998679812851459	1920	1051	8	aa	0.7	0.0
True	PROKKA_06122025	28734	panx	0.14045606142087536	0.9784772331425727	0.8562915881162706	9.999000099990002e-05	0.9281909715639962	0.9899730167197448	0.958087026785862	1785	977	4	aa	0.5	1621.0
True	PROKKA_06122025	28734	ppanggolin	0.6253025107926108	0.9766110972878825	0.9313054801762057	9.999000099990002e-05	0.9738825195307642	0.9896732444551212	0.9817143882541323	1864	1003	6	aa	0.6	5.0
True	PROKKA_06122025	28734	panx	0.4594373085103046	0.9761134610599652	0.9228657742933811	9.999000099990002e-05	0.9692552656638097	0.9895258374427505	0.9792856658977075	1880	1017	5	aa	0.9	1119.0
True	PROKKA_06122025	28734	panaroo	0.6123882972378888	0.9491166956954467	0.9211551838545349	9.999000099990002e-05	0.9777967122912974	0.9814501429665932	0.979620021331351	2011	1065	44	aa	0.95	34.0
True	PROKKA_06122025	28734	cdhit	0.9892187921401443	0.9997511818860413	0.9965148217293256	9.999000099990002e-05	0.9983028369863186	0.9999028913911219	0.9991022235704741	1928	1058	7	nt	0.8	31.0
True	PROKKA_06122025	28734	panta	0.5122980397696972	0.9626772829061956	0.9205888099267783	9.999000099990002e-05	0.9725029728536496	0.9856203147577278	0.9790177076910128	1936	1039	21	aa	0.95	9.0
True	PROKKA_06122025	28734	mmseqs2	0.9879243280515845	1.0	0.9951394638142779	9.999000099990002e-05	0.9974934836066329	1.0	0.9987451691763012	1911	1041	7	aa	0.5	2.0
True	PROKKA_06122025	28734	cdhit	0.9734019735989199	0.9990047275441652	0.9913482561854186	9.999000099990002e-05	0.9957966341690773	0.9997286042603747	0.9977587454504404	1907	1043	9	aa	0.6	0.0
True	PROKKA_06122025	28734	panaroo	0.6359908680240418	0.9766110972878825	0.9381763073983787	9.999000099990002e-05	0.9777467794591428	0.989713638132143	0.9836938152536892	1894	1020	4	aa	0.8	31.0
True	PROKKA_06122025	28734	cdhit	0.9937822816892733	0.9962677282906196	0.9964143442894434	9.999000099990002e-05	0.9992992332114955	0.9988626447071995	0.9990808912631312	1946	1063	12	aa	0.9	0.0
True	PROKKA_06122025	28734	cdhit	0.9923101300582428	1.0	0.997696055931877	9.999000099990002e-05	0.9988149080307949	1.0	0.9994071026964809	1930	1058	7	aa	0.85	0.0
True	PROKKA_06122025	28734	panta	0.5229066861045211	0.9764866882309032	0.9287002830070148	9.999000099990002e-05	0.9725029728536495	0.9896084612410168	0.980981155091298	1884	1018	4	aa	0.85	9.0
True	PROKKA_06122025	28734	mmseqs2	0.998766116145504	1.0	0.9994643704961927	9.999000099990002e-05	0.9997249654594557	1.0	0.9998624638161273	1937	1062	7	nt	0.85	1.0
True	PROKKA_06122025	28734	mmseqs2	0.9788216507012623	0.9802189599402836	0.9873167665803615	9.999000099990002e-05	1.0	0.9936129073914394	0.9967962222832325	2030	1118	23	aa	0.95	0.0
True	PROKKA_06122025	28734	diamond	0.9877345687432714	0.9936551380940533	0.9945415154089596	9.999000099990002e-05	0.9988971067545399	0.9983058119465863	0.9986013718207617	1955	1076	9	aa	0.9	1.0
True	PROKKA_06122025	28734	mmseqs2	0.9873223016168515	0.9885543667579	0.9925840499482589	9.999000099990002e-05	0.9999475738944325	0.9962872048330214	0.9981140334704701	1990	1094	13	nt	0.95	1.0
True	PROKKA_06122025	28734	hdbscan_dist	0.027333056124387925	0.988927593928838	0.7072004682271105	9.999000099990002e-05	0.813864092675593	0.9965961214033483	0.8960084201823671	1540	862	0	nt	0.9	1555.0
True	PROKKA_06122025	28734	hdbscan_tsne	0.7426488915837902	0.8403831798954964	0.8444963667468651	9.999000099990002e-05	0.9634355464681732	0.95788806202364	0.9606537955524397	1687	430	0	nt	0.9	1555.0
True	PROKKA_06122025	28734	hdbscan_umap	0.7644021655944958	0.9843244588206022	0.8726980533676751	9.999000099990002e-05	0.9298970649770463	0.9961214012843488	0.9618707023231877	885	37	0	nt	0.9	1555.0
True	PROKKA_06122025	28734	panx	0.6113730856470706	0.9661607365016173	0.9298920207178598	9.999000099990002e-05	0.9767299831913716	0.9865322669067303	0.9816066543584869	1935	1043	15	aa	0.95	1226.0
True	PROKKA_06122025	28734	diamond	0.9895995340200797	0.9997511818860413	0.9967823697142062	9.999000099990002e-05	0.9984411285047677	0.999902782610736	0.9991714210069387	1929	1058	8	aa	0.85	2.0
True	PROKKA_06122025	28734	panta	0.5226763350361954	0.9758646429460065	0.9283214681045693	9.999000099990002e-05	0.9725029728536496	0.9894201980990229	0.9808886487491902	1982	1117	4	aa	0.7	11.0
True	PROKKA_06122025	28734	mmseqs2	0.9985784742213187	0.999626772829062	0.999297373480029	9.999000099990002e-05	0.9997389346196253	0.9999003443775143	0.9998196329841174	1938	1062	7	aa	0.8	0.0
True	PROKKA_06122025	28734	panta	0.5226164449087831	0.9758646429460065	0.9282162992379919	9.999000099990002e-05	0.9724431046830461	0.9894195536481573	0.9808578786061956	1982	1116	4	aa	0.5	11.0
True	PROKKA_06122025	28734	panaroo	0.6356001718867204	0.9762378701169445	0.9378107416015508	9.999000099990002e-05	0.977655229977194	0.9896128641473575	0.9835977060532962	1893	1018	4	aa	0.7	36.0
True	PROKKA_06122025	28734	cdhit	0.9864044466730759	0.9915401841254043	0.9931008630329491	9.999000099990002e-05	0.9993558054224384	0.9971253073455955	0.9982393104113807	1977	1086	17	nt	0.95	1.0
True	PROKKA_06122025	28734	cdhit	0.9900591491081056	0.999626772829062	0.9966855130106754	9.999000099990002e-05	0.9984271282533402	0.9998669556996853	0.9991465232582991	1928	1057	7	aa	0.8	0.0
True	PROKKA_06122025	28734	ppanggolin	0.6325575848464474	0.9766110972878825	0.9361886694275887	9.999000099990002e-05	0.9766347543006612	0.9897020463901899	0.9831249809977093	1888	1019	4	aa	0.9	5.0
True	PROKKA_06122025	28734	cdhit	0.9624209129110728	0.999626772829062	0.9879236163282474	9.999000099990002e-05	0.9938705252197644	0.9998595929300949	0.9968560636417684	1888	1029	10	aa	0.5	2.0
True	PROKKA_06122025	28734	panaroo	0.6312313220073156	0.9715103259517293	0.9352187635432714	9.999000099990002e-05	0.9777967122912974	0.9882128805004738	0.9829772033056586	1913	1023	11	aa	0.9	34.0
True	PROKKA_06122025	28734	ppanggolin	0.6208997154840938	0.9766110972878825	0.9280170272460345	9.999000099990002e-05	0.9720128418250606	0.9896535863412633	0.9807538948210751	1844	987	6	aa	0.5	5.0
True	PROKKA_06122025	28734	cdhit	0.9914420451115928	0.9997511818860413	0.9974223251836053	9.999000099990002e-05	0.998740516691396	0.9999334942979147	0.9993366494597137	1932	1060	8	nt	0.85	28.0
True	PROKKA_06122025	28734	diamond	0.9645910641816055	1.0	0.9885326848126246	9.999000099990002e-05	0.9940475314373948	0.9999999999999998	0.9970148813061067	1884	1022	11	aa	0.5	2.0
True	PROKKA_06122025	28734	mmseqs2	0.9969404031826257	0.9973874098034337	0.9983725825505849	9.999000099990002e-05	0.9999475738944325	0.9992189711464654	0.9995831397496285	1948	1067	8	aa	0.9	0.0
True	PROKKA_06122025	28734	panaroo	0.6355245230806025	0.9766110972878825	0.9376255163227174	9.999000099990002e-05	0.9774389325949474	0.9897104317517298	0.9835364060530082	1889	1014	6	aa	0.6	39.0
True	PROKKA_06122025	28734	panx	0.23940676633217467	0.9776063697437174	0.8898322494455356	9.999000099990002e-05	0.9492961935735352	0.9898555662116778	0.9691517091951615	1831	997	4	aa	0.6	1389.0
True	PROKKA_06122025	28734	panaroo	0.6338816870377452	0.9766110972878825	0.9361581214179939	9.999000099990002e-05	0.976617161255158	0.9897018627904788	0.9831159765099706	1879	1006	5	aa	0.5	39.0
True	PROKKA_06122025	28734	panx	0.32312795122687726	0.9772331425727793	0.9060077649080241	9.999000099990002e-05	0.9590929250818111	0.9897901815230041	0.9741997939198611	1853	1006	4	aa	0.7	1380.0
True	PROKKA_06122025	28734	diamond	0.9891315970122433	1.0	0.9965727351833551	9.999000099990002e-05	0.9982351361034023	1.0	0.9991167886778134	1926	1057	7	aa	0.8	1.0
True	PROKKA_06122025	28734	panx	0.4116355080469974	0.9768599154018413	0.9178431976115321	9.999000099990002e-05	0.9661367465412712	0.9897082169518682	0.9777804423140767	1872	1017	4	aa	0.85	1013.0
True	PROKKA_06122025	28734	panta	0.5223383569572954	0.9756158248320478	0.9282997756376249	9.999000099990002e-05	0.9725029728536496	0.9894093669388938	0.9808833261317548	1886	1018	4	aa	0.9	9.0
True	PROKKA_06122025	28734	mmseqs2	0.9986540956078885	1.0	0.9993671875960702	9.999000099990002e-05	0.9996750326273012	1.0	0.9998374899084118	1936	1061	7	nt	0.8	1.0
True	PROKKA_06122025	28734	panx	0.39815201712953563	0.9771087335158	0.9160778740665126	9.999000099990002e-05	0.9649946512134139	0.9898042493754223	0.9772420130867404	1864	1010	4	aa	0.8	912.0
True	PROKKA_06122025	28734	mmseqs2	0.9984844716893154	0.9995023637720826	0.9992778666742277	9.999000099990002e-05	0.9997888674517799	0.9998404840589187	0.9998146750891573	1940	1064	7	aa	0.85	1.0
True	PROKKA_06122025	28734	ppanggolin	0.6318420020834578	0.9766110972878825	0.9354840663081138	9.999000099990002e-05	0.9762392630227704	0.9896979174914962	0.9829225218013596	1884	1017	4	aa	0.8	5.0
True	PROKKA_06122025	28734	mmseqs2	0.9955818518562847	0.9998755909430207	0.9981546686560698	9.999000099990002e-05	0.9991079805387252	0.9999434101780206	0.9995255207899036	1931	1057	8	nt	0.5	3.0
True	PROKKA_06122025	28734	hdbscan_dist	0.9649236983901613	0.988181139586962	0.9774519023711362	9.999000099990002e-05	0.9914131243939734	0.9968749967532557	0.9941365586302716	1816	921	0	aa	0.9	1486.0
True	PROKKA_06122025	28734	hdbscan_tsne	0.8115356719807958	0.9014680268723563	0.8834105679788846	9.999000099990002e-05	0.9647208482194691	0.9740765456031499	0.9693761238787136	1528	418	0	aa	0.9	1486.0
True	PROKKA_06122025	28734	hdbscan_umap	0.32674204117365	0.9748693704901716	0.8134516218583466	9.999000099990002e-05	0.8924847134073998	0.9929020501496167	0.9400192244879967	830	48	0	aa	0.9	1486.0
True	PROKKA_06122025	28734	cdhit	0.9915528022591825	0.9998755909430207	0.9976150286376319	9.999000099990002e-05	0.9988258092857053	0.9999475150186379	0.9993863474031862	1934	1063	7	nt	0.9	1.0
True	PROKKA_06122025	28734	mmseqs2	0.9973286292078134	0.999626772829062	0.9986808544082584	9.999000099990002e-05	0.9994220198433595	0.9999003127800608	0.999661109101292	1934	1059	7	aa	0.7	1.0
True	PROKKA_06122025	28734	mmseqs2	0.9992321636010477	0.999626772829062	0.9995891250285995	9.999000099990002e-05	0.9999475738944325	0.9998416222141906	0.9998945952475761	1941	1064	8	nt	0.9	1.0
True	PROKKA_06122025	28734	mmseqs2	0.9950270351142556	1.0	0.9979377236719088	9.999000099990002e-05	0.9989394608201452	0.9999999999999999	0.9994694490750511	1928	1054	9	aa	0.6	1.0
True	PROKKA_06122025	28734	ppanggolin	0.627326101713925	0.9677780542423489	0.932044278058085	9.999000099990002e-05	0.9773936478693851	0.9870082640881778	0.982177426973726	1930	1040	13	aa	0.95	5.0
True	PROKKA_06122025	28734	ppanggolin	0.6274255168296449	0.9766110972878825	0.9330573285998865	9.999000099990002e-05	0.9748733219232599	0.9896836316706932	0.9822226511630051	1874	1011	4	aa	0.7	6.0
True	PROKKA_06122025	28734	cdhit	0.9796738709388956	0.9825827320228913	0.9874068659018508	9.999000099990002e-05	0.999689609189093	0.993954610115345	0.9968138608849472	2032	1122	40	aa	0.95	0.0
True	PROKKA_06122025	28734	ppanggolin	0.6318896573596783	0.9766110972878825	0.9355729420680674	9.999000099990002e-05	0.9762891958549249	0.9896984389690571	0.9829480877752148	1885	1018	4	aa	0.85	5.0
True	PROKKA_06122025	28734	mmseqs2	0.9959916769151861	1.0	0.9984307770305861	9.999000099990002e-05	0.9991934120152928	0.9999999999999999	0.9995965432959815	1932	1059	7	nt	0.6	1.0
True	PROKKA_06122025	29492	panaroo	0.8443238670061665	0.9908532423208191	0.9691140208272295	9.999000099990002e-05	0.9887628332375608	0.9960164058386124	0.9923763650878075	1886	1037	7	aa	0.85	30.0
True	PROKKA_06122025	29492	panta	0.726418468850411	0.9898976109215017	0.9597643535110991	9.999000099990002e-05	0.9843382791589208	0.9956706305736749	0.9899720251666242	1974	1134	7	aa	0.6	10.0
True	PROKKA_06122025	29492	diamond	0.9819027812827569	1.0	0.9927700198374453	9.999000099990002e-05	0.9964690985141407	1.0000000000000002	0.9982314269284274	1904	1063	10	aa	0.6	1.0
True	PROKKA_06122025	29492	diamond	0.9815649148709973	0.9845733788395904	0.9890407466502749	9.999000099990002e-05	0.9994498559792631	0.9953012923771144	0.9973712602115129	1999	1125	23	aa	0.95	1.0
True	PROKKA_06122025	29492	diamond	0.986238379764663	1.0	0.9948323402204193	9.999000099990002e-05	0.9974814602967015	1.0000000000000002	0.9987391423883734	1917	1076	8	aa	0.7	1.0
True	PROKKA_06122025	29492	panta	0.7270223179478811	0.9908532423208191	0.9604295708163592	9.999000099990002e-05	0.9843382791589208	0.9959901909795823	0.9901299561475666	1875	1034	7	aa	0.8	9.0
True	PROKKA_06122025	29492	mmseqs2	0.9966930623537802	1.0	0.9984297260494004	9.999000099990002e-05	0.9992374280576478	1.0000000000000002	0.9996185685943801	1932	1086	7	nt	0.7	1.0
True	PROKKA_06122025	29492	cdhit	0.9895810204943938	0.9995904436860068	0.9954957101102534	9.999000099990002e-05	0.997934904663156	0.9998721938560509	0.9989026099573506	1920	1075	10	aa	0.7	0.0
True	PROKKA_06122025	29492	panx	0.21151632708031065	0.9919453924914676	0.8929325881467528	9.999000099990002e-05	0.9469332444174997	0.9963259157498504	0.9710018624762264	1781	987	8	aa	0.5	1483.0
True	PROKKA_06122025	29492	ppanggolin	0.8304071227437858	0.9908532423208191	0.9625991142458001	9.999000099990002e-05	0.9854352995590183	0.9960030081437671	0.9906909731948722	1857	1018	9	aa	0.6	5.0
True	PROKKA_06122025	29492	panx	0.658590226597824	0.9892150170648464	0.9536417675170235	9.999000099990002e-05	0.9813561516807228	0.9954843766230881	0.9883697778488465	1869	1028	10	aa	0.9	1017.0
True	PROKKA_06122025	29492	panaroo	0.8325368356957003	0.9791126279863481	0.9611371367798334	9.999000099990002e-05	0.9887673458728241	0.9922364822745514	0.9904988764956674	1940	1063	26	aa	0.95	31.0
True	PROKKA_06122025	29492	cdhit	0.9928027239301017	1.0	0.9972673639809233	9.999000099990002e-05	0.9986714240528134	1.0000000000000002	0.999335270454564	1928	1083	8	nt	0.8	27.0
True	PROKKA_06122025	29492	panta	0.7237590548356484	0.9873037542662116	0.9582717791663149	9.999000099990002e-05	0.9843382791589207	0.9949557380061638	0.9896185311478117	1888	1040	11	aa	0.95	9.0
True	PROKKA_06122025	29492	mmseqs2	0.9901665454184729	1.0	0.9952530461710583	9.999000099990002e-05	0.9976874394366466	1.0	0.9988423811865156	1911	1065	10	aa	0.5	1.0
True	PROKKA_06122025	29492	cdhit	0.9801255753222311	0.9990443686006826	0.9920497824458666	9.999000099990002e-05	0.9963245016960067	0.9997926349990911	0.998055555511181	1906	1065	10	aa	0.6	0.0
True	PROKKA_06122025	29492	panaroo	0.8442408381066894	0.9908532423208191	0.9690124576576321	9.999000099990002e-05	0.9887112872426772	0.9960161989831836	0.992350300024167	1885	1036	7	aa	0.8	35.0
True	PROKKA_06122025	29492	cdhit	0.9950865606656277	0.9994539249146758	0.9978033642260965	9.999000099990002e-05	0.9991379112986307	0.9997954340833406	0.9994665645492576	1935	1089	7	aa	0.9	0.0
True	PROKKA_06122025	29492	cdhit	0.9925078991758837	0.999863481228669	0.9972671138819849	9.999000099990002e-05	0.9987372911113408	0.9999342909858323	0.9993354326083325	1931	1087	7	aa	0.85	0.0
True	PROKKA_06122025	29492	panta	0.7261379158129029	0.9898976109215017	0.9599890337533644	9.999000099990002e-05	0.9843382791589207	0.9957784574920425	0.9900253203546546	1877	1035	7	aa	0.85	9.0
True	PROKKA_06122025	29492	mmseqs2	0.9988650232377361	1.0	0.9994442672223705	9.999000099990002e-05	0.999730391208391	1.0000000000000002	0.9998651774295204	1938	1091	7	nt	0.85	2.0
True	PROKKA_06122025	29492	mmseqs2	0.9903203277268221	0.9918088737201365	0.9938387838876885	9.999000099990002e-05	0.9999425279927278	0.997095833524179	0.9985171518366376	1982	1121	17	aa	0.95	0.0
True	PROKKA_06122025	29492	diamond	0.992920554836255	0.9982252559726963	0.996650416249305	9.999000099990002e-05	0.9989585379181005	0.9994155685055184	0.999187000950084	1944	1100	8	aa	0.9	0.0
True	PROKKA_06122025	29492	mmseqs2	0.9947957284597576	0.9959044368600682	0.9967749114209594	9.999000099990002e-05	0.9998781536880385	0.9985641918895278	0.9992207408284586	1959	1104	12	nt	0.95	1.0
True	PROKKA_06122025	29492	hdbscan_dist	0.02425489517050289	0.9975426621160409	0.6856567870873614	9.999000099990002e-05	0.8030884188209587	0.9992500330935705	0.8904943777140942	1532	895	0	nt	0.9	1171.0
True	PROKKA_06122025	29492	hdbscan_tsne	0.7706304713491218	0.8876450511945393	0.8541841061314484	9.999000099990002e-05	0.9584967864478723	0.9689055452008406	0.9636730600529255	1539	440	0	nt	0.9	1171.0
True	PROKKA_06122025	29492	hdbscan_umap	0.7081812611313208	0.9938566552901024	0.8528390607479039	9.999000099990002e-05	0.9184652631259467	0.9983808485992961	0.9567571681415146	836	47	0	nt	0.9	1171.0
True	PROKKA_06122025	29492	panx	0.7987241851539385	0.9866211604095563	0.9621769642881911	9.999000099990002e-05	0.986829169819182	0.9945115329144023	0.9906554577387944	1899	1047	12	aa	0.95	998.0
True	PROKKA_06122025	29492	diamond	0.990845398044568	0.9994539249146758	0.9964076285983223	9.999000099990002e-05	0.9984316748538393	0.9998212914658603	0.9991259999792013	1929	1085	8	aa	0.85	1.0
True	PROKKA_06122025	29492	panta	0.726418468850411	0.9898976109215017	0.9597643535110993	9.999000099990002e-05	0.9843382791589208	0.9956706305736749	0.9899720251666242	1974	1134	7	aa	0.7	11.0
True	PROKKA_06122025	29492	mmseqs2	0.9987516670117874	1.0	0.9993380877559571	9.999000099990002e-05	0.9996788452135074	1.0000000000000002	0.9998393968175134	1937	1090	7	aa	0.8	0.0
True	PROKKA_06122025	29492	panta	0.726418468850411	0.9898976109215017	0.9597643535110991	9.999000099990002e-05	0.9843382791589208	0.9956706305736749	0.9899720251666242	1974	1134	7	aa	0.5	11.0
True	PROKKA_06122025	29492	panaroo	0.8441080257620528	0.9908532423208191	0.9688945303809609	9.999000099990002e-05	0.9886514255732513	0.9960159587297726	0.9923200283131673	1884	1035	7	aa	0.7	35.0
True	PROKKA_06122025	29492	cdhit	0.9918418075733075	0.9963139931740614	0.995749432079742	9.999000099990002e-05	0.9992738217535011	0.9986685731146571	0.998971105758284	1955	1104	12	nt	0.95	1.0
True	PROKKA_06122025	29492	cdhit	0.9921059693075527	0.9997269624573378	0.996809450943291	9.999000099990002e-05	0.998543120965401	0.9999054362487334	0.999223814271139	1928	1083	8	aa	0.8	0.0
True	PROKKA_06122025	29492	ppanggolin	0.8396335126121086	0.9908532423208191	0.9669014578698135	9.999000099990002e-05	0.9876377162916589	0.9960118858264073	0.9918071248738535	1876	1030	8	aa	0.9	5.0
True	PROKKA_06122025	29492	cdhit	0.9731094487462482	0.9989078498293515	0.9888802677946293	9.999000099990002e-05	0.9948191027116333	0.9997338090544998	0.9972704008071911	1889	1050	10	aa	0.5	2.0
True	PROKKA_06122025	29492	panaroo	0.8438010792020939	0.9901706484641638	0.9686916218508698	9.999000099990002e-05	0.9887628332375608	0.9958142907737868	0.9922760346383107	1889	1038	9	aa	0.9	31.0
True	PROKKA_06122025	29492	ppanggolin	0.8218842212724193	0.9908532423208191	0.9584233995650796	9.999000099990002e-05	0.9832789786755126	0.9959942778925451	0.9895957853045054	1835	1000	11	aa	0.5	6.0
True	PROKKA_06122025	29492	cdhit	0.993696400415008	0.999863481228669	0.9976844672422553	9.999000099990002e-05	0.9989406142528989	0.9999343043592855	0.9994372123121412	1932	1086	8	nt	0.85	24.0
True	PROKKA_06122025	29492	diamond	0.9717754620722033	1.0	0.9888358809280963	9.999000099990002e-05	0.9945263211764098	1.0000000000000004	0.9972556497422599	1883	1043	15	aa	0.5	1.0
True	PROKKA_06122025	29492	mmseqs2	0.9981145285157179	0.9994539249146758	0.9989520569707143	9.999000099990002e-05	0.999730391208391	0.999761449665574	0.9997459201957644	1942	1095	7	aa	0.9	0.0
True	PROKKA_06122025	29492	panaroo	0.8439420689683852	0.9908532423208191	0.968647041703481	9.999000099990002e-05	0.9885257399565217	0.9960154541991814	0.9922564638818256	1881	1031	8	aa	0.6	39.0
True	PROKKA_06122025	29492	panx	0.38120025418744224	0.9911262798634812	0.926375878427425	9.999000099990002e-05	0.9661483447900415	0.9960293897263489	0.9808613453495579	1825	1008	8	aa	0.6	1450.0
True	PROKKA_06122025	29492	panaroo	0.8423191324206268	0.9908532423208191	0.9674833272845534	9.999000099990002e-05	0.9879339696427458	0.9960130769805798	0.9919570732820394	1872	1021	10	aa	0.5	38.0
True	PROKKA_06122025	29492	panx	0.5156168212594943	0.9909897610921502	0.9417870691959342	9.999000099990002e-05	0.974514662153481	0.9960108680457203	0.9851455154469877	1842	1013	8	aa	0.7	1089.0
True	PROKKA_06122025	29492	diamond	0.9908763670889292	0.999863481228669	0.9964877572588754	9.999000099990002e-05	0.9983534842994777	0.9999379169849991	0.9991450724988822	1927	1084	8	aa	0.8	1.0
True	PROKKA_06122025	29492	panx	0.6387324954535545	0.9900341296928328	0.952461880391563	9.999000099990002e-05	0.9805157585297063	0.9956897275076029	0.9880444876053969	1865	1026	10	aa	0.85	962.0
True	PROKKA_06122025	29492	panta	0.7261379158129029	0.9898976109215017	0.9599890337533644	9.999000099990002e-05	0.9843382791589207	0.9957784574920425	0.9900253203546546	1877	1035	7	aa	0.9	9.0
True	PROKKA_06122025	29492	mmseqs2	0.998457061000243	1.0	0.9991930781753301	9.999000099990002e-05	0.9996084313031735	1.0000000000000002	0.9998041773125695	1936	1089	7	nt	0.8	1.0
True	PROKKA_06122025	29492	panx	0.599259598088892	0.9909897610921502	0.9495664593913209	9.999000099990002e-05	0.9786258090578643	0.9960275595734506	0.9872500073338092	1854	1020	8	aa	0.8	970.0
True	PROKKA_06122025	29492	mmseqs2	0.9988650232377361	1.0	0.9994442672223705	9.999000099990002e-05	0.999730391208391	1.0000000000000002	0.9998651774295204	1938	1091	7	aa	0.85	0.0
True	PROKKA_06122025	29492	ppanggolin	0.8382398052763979	0.9908532423208191	0.966160172059671	9.999000099990002e-05	0.9872596076836552	0.9960103645202029	0.9916156806754652	1873	1029	8	aa	0.8	6.0
True	PROKKA_06122025	29492	mmseqs2	0.9965801977256769	1.0	0.9983237606683307	9.999000099990002e-05	0.9991858820627643	1.0	0.9995927752669023	1931	1085	7	nt	0.5	4.0
True	PROKKA_06122025	29492	hdbscan_dist	0.9522314858519614	0.9896245733788396	0.967610644896476	9.999000099990002e-05	0.9862937666427478	0.9976089121847529	0.9919190715711784	1719	845	0	aa	0.9	1122.0
True	PROKKA_06122025	29492	hdbscan_tsne	0.813424319535365	0.9179522184300342	0.8809274952979105	9.999000099990002e-05	0.9604877755964054	0.9791221887663643	0.9697154689904421	1434	388	0	aa	0.9	1122.0
True	PROKKA_06122025	29492	hdbscan_umap	0.11682672532008034	0.9825255972696246	0.759306305366258	9.999000099990002e-05	0.8582415563498679	0.9942006106559136	0.9212317605493777	777	27	0	aa	0.9	1122.0
True	PROKKA_06122025	29492	cdhit	0.994575468654951	1.0	0.998105912634935	9.999000099990002e-05	0.9990798838711885	1.0	0.999539730184754	1933	1087	8	nt	0.9	1.0
True	PROKKA_06122025	29492	mmseqs2	0.9979588920732418	1.0	0.9988361750388315	9.999000099990002e-05	0.9994350389963284	1.0000000000000002	0.9997174396803835	1933	1086	7	aa	0.7	0.0
True	PROKKA_06122025	29492	mmseqs2	0.9988650232377361	1.0	0.9994442672223705	9.999000099990002e-05	0.999730391208391	1.0000000000000002	0.9998651774295204	1938	1091	7	nt	0.9	1.0
True	PROKKA_06122025	29492	mmseqs2	0.9959711694379073	1.0	0.9979448959789314	9.999000099990002e-05	0.9990014980787345	1.0000000000000002	0.9995004996633444	1928	1081	9	aa	0.6	1.0
True	PROKKA_06122025	29492	ppanggolin	0.8400834583358735	0.9897610921501706	0.9669848662662661	9.999000099990002e-05	0.9881128426644025	0.9956071991733911	0.991845864339768	1889	1041	9	aa	0.95	6.0
True	PROKKA_06122025	29492	ppanggolin	0.834783773813398	0.9908532423208191	0.9645616273528003	9.999000099990002e-05	0.9864423224424489	0.9960070722338715	0.9912016237508046	1865	1023	8	aa	0.7	6.0
True	PROKKA_06122025	29492	cdhit	0.9894991967291846	0.9933105802047781	0.9940023266340349	9.999000099990002e-05	0.9995292366281641	0.9975790559448977	0.9985531941086466	1975	1120	14	aa	0.95	0.0
True	PROKKA_06122025	29492	ppanggolin	0.8388131251386077	0.9908532423208191	0.9665443811224989	9.999000099990002e-05	0.9874556669084862	0.9960111535022004	0.9917149585856586	1875	1030	8	aa	0.85	6.0
True	PROKKA_06122025	29492	mmseqs2	0.9966930623537802	1.0	0.9984297260494004	9.999000099990002e-05	0.9992374280576478	1.0000000000000002	0.9996185685943801	1932	1086	7	nt	0.6	1.0
True	PROKKA_06122025	30354	panaroo	0.5837135784450546	0.9713166540308315	0.9282877492783743	9.999000099990002e-05	0.9746644134086278	0.9876407302107469	0.9811096669642568	1904	1040	3	aa	0.85	31.0
True	PROKKA_06122025	30354	panta	0.485602406331826	0.9715693707354056	0.919707089129723	9.999000099990002e-05	0.9698544934556161	0.9875658483882714	0.9786300419667969	1989	1135	3	aa	0.6	10.0
True	PROKKA_06122025	30354	diamond	0.9780760324656661	0.9998736416477129	0.9919953522962561	9.999000099990002e-05	0.9959136765172321	0.999960060472648	0.997932766726674	1904	1056	7	aa	0.6	2.0
True	PROKKA_06122025	30354	diamond	0.9762213583489037	0.9747283295425828	0.985339842291739	9.999000099990002e-05	0.9998373955184472	0.992818164268493	0.9963154170927095	2028	1102	41	aa	0.95	1.0
True	PROKKA_06122025	30354	diamond	0.9872691928059191	0.9996209249431387	0.9952429873110544	9.999000099990002e-05	0.9976703797593675	0.9998859096305378	0.9987769160505745	1920	1066	5	aa	0.7	2.0
True	PROKKA_06122025	30354	panta	0.485782377463424	0.9720748041445539	0.9201601517771723	9.999000099990002e-05	0.9698544934556161	0.9877885065603988	0.9787393530521938	1892	1035	3	aa	0.8	8.0
True	PROKKA_06122025	30354	mmseqs2	0.9964200760292031	1.0	0.9984113109710331	9.999000099990002e-05	0.9991861608753853	0.9999999999999999	0.9995929147867558	1932	1074	5	nt	0.7	1.0
True	PROKKA_06122025	30354	cdhit	0.987438892211819	0.9998736416477129	0.9953468263556676	9.999000099990002e-05	0.9976628666531001	0.9999465747918981	0.9988034153314765	1919	1066	5	aa	0.7	0.0
True	PROKKA_06122025	30354	panx	0.13528154453769806	0.9740965377811474	0.8479117386855117	9.999000099990002e-05	0.9254335291785086	0.9880537435090879	0.9557189911060748	1793	996	3	aa	0.5	1254.0
True	PROKKA_06122025	30354	ppanggolin	0.5768206848764287	0.9724538792014152	0.9221680934492523	9.999000099990002e-05	0.9708756199107085	0.9878678594364624	0.9792980352280709	1868	1021	4	aa	0.6	5.0
True	PROKKA_06122025	30354	panx	0.4259606441487142	0.9700530705079605	0.912368477003171	9.999000099990002e-05	0.9660961395872163	0.9871492423971936	0.9765092303021106	1888	1034	4	aa	0.9	1617.0
True	PROKKA_06122025	30354	panaroo	0.5637692239048185	0.9471822087439979	0.912527747623443	9.999000099990002e-05	0.9746644134086276	0.9801038997339039	0.9773765884079996	2011	1066	49	aa	0.95	33.0
True	PROKKA_06122025	30354	cdhit	0.9941039975991246	1.0	0.9978523173839334	9.999000099990002e-05	0.9988991992441978	1.0	0.9994492965146925	1928	1069	5	nt	0.8	30.0
True	PROKKA_06122025	30354	panta	0.47873169458724657	0.9618397776093	0.9141919056717872	9.999000099990002e-05	0.9698544934556161	0.9848772052825746	0.9773081222982187	1928	1041	19	aa	0.95	8.0
True	PROKKA_06122025	30354	mmseqs2	0.9852598016443821	1.0	0.9941703889702024	9.999000099990002e-05	0.9970010648929342	0.9999999999999999	0.9984982806670527	1910	1057	7	aa	0.5	1.0
True	PROKKA_06122025	30354	cdhit	0.976108880188139	0.998610058124842	0.9912295666102572	9.999000099990002e-05	0.9958615228315185	0.9996187215099295	0.9977365850417674	1908	1059	7	aa	0.6	0.0
True	PROKKA_06122025	30354	panaroo	0.5840347010834315	0.9719484457922669	0.9285128823416486	9.999000099990002e-05	0.9746020682456372	0.9878042093874878	0.981158729936323	1901	1039	3	aa	0.8	31.0
True	PROKKA_06122025	30354	cdhit	0.9970899703486145	0.9983573414202679	0.998177614650226	9.999000099990002e-05	0.99956699731597	0.9995010676648778	0.9995340314032376	1938	1072	6	aa	0.9	0.0
True	PROKKA_06122025	30354	cdhit	0.9944476509576896	0.9987364164771292	0.9974596834121863	9.999000099990002e-05	0.9990468325214663	0.9996521532792537	0.9993494012374277	1933	1072	5	aa	0.85	0.0
True	PROKKA_06122025	30354	panta	0.4853473740656344	0.9716957290876927	0.9198469743553686	9.999000099990002e-05	0.9698544934556161	0.9876345011043425	0.9786637487616308	1894	1036	4	aa	0.85	8.0
True	PROKKA_06122025	30354	mmseqs2	0.9992395111748059	0.9994945665908517	0.9995506781081738	9.999000099990002e-05	0.9998892083071119	0.9998809838859756	0.9998850960796315	1939	1076	5	nt	0.85	1.0
True	PROKKA_06122025	30354	mmseqs2	0.9810178253451003	0.9824361890320951	0.988204963191222	9.999000099990002e-05	1.0000000000000002	0.9940724561562431	0.9970274180231231	2023	1124	25	aa	0.95	1.0
True	PROKKA_06122025	30354	diamond	0.990502266012017	0.994061157442507	0.9952688765515784	9.999000099990002e-05	0.9992866490952196	0.99829989148047	0.9987930265710969	1957	1089	9	aa	0.9	1.0
True	PROKKA_06122025	30354	mmseqs2	0.9891433185033922	0.9902704068738943	0.9934972104983018	9.999000099990002e-05	1.0000000000000002	0.9967062745926373	0.9983504206656362	1983	1095	25	nt	0.95	1.0
True	PROKKA_06122025	30354	hdbscan_dist	0.025875158027873567	0.9901440485216073	0.6990772041161101	9.999000099990002e-05	0.8081092847642527	0.996803511546327	0.8925928991281717	1542	873	0	nt	0.9	1461.0
True	PROKKA_06122025	30354	hdbscan_tsne	0.7453157086483478	0.8386403841293909	0.8440126451098777	9.999000099990002e-05	0.9658082938547552	0.9563617242426271	0.9610617963056465	1763	523	0	nt	0.9	1461.0
True	PROKKA_06122025	30354	hdbscan_umap	0.7533631155546254	0.9912812736921911	0.8702162791303634	9.999000099990002e-05	0.9265836861396072	0.9977058135223051	0.9608304057563434	847	20	0	nt	0.9	1461.0
True	PROKKA_06122025	30354	panx	0.5204919605183911	0.9620924943138741	0.9173829863678244	9.999000099990002e-05	0.9719039450084178	0.984696175100275	0.978258242324438	1937	1055	17	aa	0.95	1277.0
True	PROKKA_06122025	30354	diamond	0.9924353140488456	0.9988627748294162	0.9971884066526636	9.999000099990002e-05	0.9988547043633041	0.9997046544244879	0.9992794986599329	1931	1070	5	aa	0.85	1.0
True	PROKKA_06122025	30354	panta	0.485602406331826	0.9715693707354056	0.919707089129723	9.999000099990002e-05	0.9698544934556161	0.9875658483882714	0.9786300419667969	1989	1135	3	aa	0.7	10.0
True	PROKKA_06122025	30354	mmseqs2	0.9990686663433498	0.9996209249431387	0.9994503472807028	9.999000099990002e-05	0.9998268631441214	0.9998919661708351	0.9998594135977282	1938	1075	5	aa	0.8	1.0
True	PROKKA_06122025	30354	panta	0.4854223924620358	0.9713166540308315	0.9195442219108899	9.999000099990002e-05	0.9698544934556161	0.9874858534841143	0.978590763453886	1990	1135	4	aa	0.5	10.0
True	PROKKA_06122025	30354	panaroo	0.5840236169131379	0.9724538792014152	0.9284368570062512	9.999000099990002e-05	0.9744332240717598	0.9879116177995371	0.9811261326652067	1899	1039	3	aa	0.7	35.0
True	PROKKA_06122025	30354	cdhit	0.9901790662383269	0.9922921405104878	0.9941293223459968	9.999000099990002e-05	0.9996359730049184	0.9973804921549606	0.9985069588814113	1971	1093	14	nt	0.95	1.0
True	PROKKA_06122025	30354	cdhit	0.9927243469568141	0.9991154915339904	0.9971122358216197	9.999000099990002e-05	0.9987593015808283	0.9997606135008092	0.9992597066987947	1929	1068	5	aa	0.8	0.0
True	PROKKA_06122025	30354	ppanggolin	0.5831369081479643	0.9715693707354056	0.9275317772537961	9.999000099990002e-05	0.9741462537778239	0.987713903848296	0.9808831638666203	1896	1034	3	aa	0.9	5.0
True	PROKKA_06122025	30354	cdhit	0.9633915076608317	0.9988627748294162	0.9871865039094531	9.999000099990002e-05	0.9937225668496277	0.999646745979708	0.9966758532545762	1889	1044	9	aa	0.5	2.0
True	PROKKA_06122025	30354	panaroo	0.5807894513761916	0.9685367702805155	0.9265286259174639	9.999000099990002e-05	0.9746644134086278	0.9867826429933912	0.9806860937243078	1913	1040	8	aa	0.9	33.0
True	PROKKA_06122025	30354	ppanggolin	0.5730707431201896	0.9724538792014152	0.9190515340999141	9.999000099990002e-05	0.9690892130871123	0.9878457670217989	0.978377602470279	1849	1005	5	aa	0.5	6.0
True	PROKKA_06122025	30354	cdhit	0.9942672610186001	0.9994945665908517	0.9979045917983089	9.999000099990002e-05	0.9990855053437596	0.9998410849047037	0.999463152322471	1932	1071	5	nt	0.85	27.0
True	PROKKA_06122025	30354	diamond	0.9661282481932981	0.9998736416477129	0.9882813774153095	9.999000099990002e-05	0.9939768818795818	0.9999599826523604	0.9969594556791257	1884	1036	11	aa	0.5	2.0
True	PROKKA_06122025	30354	mmseqs2	0.9973124926187332	0.9974728329542583	0.9986704258949203	9.999000099990002e-05	1.0000000000000002	0.999321325804971	0.9996605477137321	1947	1080	7	aa	0.9	1.0
True	PROKKA_06122025	30354	panaroo	0.5828984888214886	0.9724538792014152	0.9275393831050811	9.999000099990002e-05	0.9739268482070641	0.9879054086773609	0.9808663280191293	1895	1036	4	aa	0.6	38.0
True	PROKKA_06122025	30354	panx	0.2170797894667258	0.9734647460197119	0.8784735257861256	9.999000099990002e-05	0.9447841788491361	0.9879944088689672	0.9659062783728931	1835	1015	3	aa	0.6	1273.0
True	PROKKA_06122025	30354	panaroo	0.5812947015727017	0.9724538792014152	0.9259090846698718	9.999000099990002e-05	0.9730043132974151	0.9878940802499829	0.9803926652469684	1885	1028	5	aa	0.5	38.0
True	PROKKA_06122025	30354	panx	0.31987109789371365	0.9730856709628506	0.8996306609466271	9.999000099990002e-05	0.9576019484287258	0.9879884914963121	0.9725579290145757	1858	1020	3	aa	0.7	1272.0
True	PROKKA_06122025	30354	diamond	0.9922101383334476	0.9988627748294162	0.9970670650811125	9.999000099990002e-05	0.9987923592003135	0.9997046359943013	0.9992482893785933	1930	1069	5	aa	0.8	1.0
True	PROKKA_06122025	30354	panx	0.3974468323409798	0.9710639373262573	0.9094056034257503	9.999000099990002e-05	0.9640088586847237	0.9874511378045032	0.9755891958578574	1879	1030	4	aa	0.85	1244.0
True	PROKKA_06122025	30354	panta	0.48492713382698155	0.9708112206216831	0.9194731830015204	9.999000099990002e-05	0.9698544934556161	0.9874508876720819	0.9785735937881473	1896	1036	4	aa	0.9	8.0
True	PROKKA_06122025	30354	mmseqs2	0.998955220223613	0.9998736416477129	0.999341634828585	9.999000099990002e-05	0.9997206127962031	0.9999424987416576	0.9998315434585135	1937	1076	5	nt	0.8	1.0
True	PROKKA_06122025	30354	panx	0.37003812448177215	0.9724538792014152	0.9065438537276399	9.999000099990002e-05	0.9619250379808386	0.9877929420700347	0.9746873886787767	1869	1024	4	aa	0.8	1236.0
True	PROKKA_06122025	30354	mmseqs2	0.999220484158769	0.9993682082385645	0.9995437128657487	9.999000099990002e-05	0.9998892083071119	0.9998774235363627	0.999883315887013	1939	1076	5	aa	0.85	1.0
True	PROKKA_06122025	30354	ppanggolin	0.5818122038534377	0.9724538792014152	0.9264392254662268	9.999000099990002e-05	0.9733046567942153	0.9878977706991495	0.9805469207857782	1887	1030	3	aa	0.8	5.0
True	PROKKA_06122025	30354	mmseqs2	0.9962879776011445	1.0	0.9983074333848588	9.999000099990002e-05	0.9991328576813846	0.9999999999999999	0.9995662407752023	1931	1073	5	nt	0.5	3.0
True	PROKKA_06122025	30354	hdbscan_dist	0.9564732035299964	0.9845842810209755	0.9732217346221522	9.999000099990002e-05	0.9900630124523245	0.9960568713605413	0.9930508975519343	1805	917	0	aa	0.9	1478.0
True	PROKKA_06122025	30354	hdbscan_tsne	0.8031013769455285	0.8952489259540055	0.880424720565649	9.999000099990002e-05	0.9653568218694318	0.9724152940942894	0.9688732024892724	1575	484	0	aa	0.9	1478.0
True	PROKKA_06122025	30354	hdbscan_umap	0.45265074592459925	0.973591104371999	0.8229957206532009	9.999000099990002e-05	0.8997465226313892	0.9928562881540086	0.9440110599524744	846	63	0	aa	0.9	1478.0
True	PROKKA_06122025	30354	cdhit	0.9945054364698234	0.9987364164771292	0.997952608159655	9.999000099990002e-05	0.9992603675651865	0.9996914622218835	0.9994758684085222	1936	1073	6	nt	0.9	1.0
True	PROKKA_06122025	30354	mmseqs2	0.9969847829131735	0.9997472832954258	0.9986304825862228	9.999000099990002e-05	0.9993873217423659	0.9999114611533414	0.9996493227432346	1935	1075	6	aa	0.7	0.0
True	PROKKA_06122025	30354	mmseqs2	0.9989917590699431	0.9991154915339904	0.999424667452638	9.999000099990002e-05	0.9999466968059993	0.9997591929884845	0.9998529361065288	1942	1079	5	nt	0.9	1.0
True	PROKKA_06122025	30354	mmseqs2	0.9921867764703407	0.9997472832954258	0.9970184868614317	9.999000099990002e-05	0.9985595693415691	0.9999113877658833	0.9992350213509218	1929	1072	7	aa	0.6	2.0
True	PROKKA_06122025	30354	ppanggolin	0.5800807527701075	0.9673995451099318	0.9254669998420938	9.999000099990002e-05	0.9745018089270748	0.9864046809526303	0.9804171192084146	1917	1043	9	aa	0.95	5.0
True	PROKKA_06122025	30354	ppanggolin	0.5795694507768201	0.9724538792014152	0.9245742155258382	9.999000099990002e-05	0.9722467580343542	0.987884761838305	0.9800033796418205	1879	1027	3	aa	0.7	6.0
True	PROKKA_06122025	30354	cdhit	0.9857594145750315	0.9864796563052818	0.9906030103163236	9.999000099990002e-05	0.9998982652831874	0.9953592443221736	0.9976235918823091	2007	1115	28	aa	0.95	0.0
True	PROKKA_06122025	30354	ppanggolin	0.5815588749646363	0.9719484457922669	0.9263258104150138	9.999000099990002e-05	0.9733670019572058	0.9877889236020269	0.9805249349144634	1889	1031	3	aa	0.85	5.0
True	PROKKA_06122025	30354	mmseqs2	0.9964200760292031	1.0	0.9984113109710331	9.999000099990002e-05	0.9991861608753853	0.9999999999999999	0.9995929147867558	1932	1074	5	nt	0.6	0.0
True	PROKKA_06122025	31001	panaroo	0.9556357635442931	0.9977962146746175	0.9882228015485562	9.999000099990002e-05	0.9948097440423631	0.9992109028349879	0.9970054663679254	1892	1038	6	aa	0.85	34.0
True	PROKKA_06122025	31001	panta	0.8948933673378279	0.9970184080891885	0.9822539048621247	9.999000099990002e-05	0.9919824845718515	0.9989623951569422	0.9954602046809239	1979	1132	5	aa	0.6	9.0
True	PROKKA_06122025	31001	diamond	0.9757537246740052	0.9997407311381903	0.991874318411418	9.999000099990002e-05	0.9959874160342046	0.9998928650566051	0.9979363195416574	1905	1056	14	aa	0.6	1.0
True	PROKKA_06122025	31001	diamond	0.9858169300461292	0.9870365569095152	0.9908724894695728	9.999000099990002e-05	0.9993819393147136	0.9960693468694597	0.9977228935214044	1996	1116	30	aa	0.95	1.0
True	PROKKA_06122025	31001	diamond	0.979912695655064	0.9997407311381903	0.9939317089450936	9.999000099990002e-05	0.9970367192588537	0.9998929777956931	0.9984628058382291	1920	1071	12	aa	0.7	1.0
True	PROKKA_06122025	31001	panta	0.8951533411188515	0.9975369458128078	0.9826643138651117	9.999000099990002e-05	0.9919824845718515	0.9991693616564686	0.9955629529325218	1881	1032	5	aa	0.8	7.0
True	PROKKA_06122025	31001	mmseqs2	0.9946551883952469	1.0	0.997997740251729	9.999000099990002e-05	0.9989906787884164	0.9999999999999999	0.9994950845832882	1932	1076	12	nt	0.7	1.0
True	PROKKA_06122025	31001	cdhit	0.9804691529340522	0.9997407311381903	0.9939925608144747	9.999000099990002e-05	0.9970784774753323	0.9998822853627569	0.9984784130932728	1920	1071	12	aa	0.7	0.0
True	PROKKA_06122025	31001	panx	0.2693241234193051	0.9977962146746175	0.9173898493883441	9.999000099990002e-05	0.9560790544231405	0.9991813359759223	0.9771551161041387	1793	995	5	aa	0.5	1008.0
True	PROKKA_06122025	31001	ppanggolin	0.9338829184407753	0.9979258491055224	0.9814543539088735	9.999000099990002e-05	0.9912523474838844	0.9992654185458397	0.9952427542193949	1863	1021	7	aa	0.6	6.0
True	PROKKA_06122025	31001	panx	0.7472608804738526	0.9962406015037594	0.9712066555560313	9.999000099990002e-05	0.9865021270766022	0.9986642579101802	0.9925459368186197	1877	1036	7	aa	0.9	1258.0
True	PROKKA_06122025	31001	panaroo	0.9438258285231871	0.985480943738657	0.9800403982766392	9.999000099990002e-05	0.9948097440423631	0.9951416905185392	0.9949756895942319	1954	1073	25	aa	0.95	32.0
True	PROKKA_06122025	31001	cdhit	0.9895444479721981	1.0	0.9966946332823926	9.999000099990002e-05	0.998331651518025	1.0	0.9991651293314062	1928	1074	13	nt	0.8	29.0
True	PROKKA_06122025	31001	panta	0.8909186130242878	0.9935182784547576	0.9799848802887314	9.999000099990002e-05	0.9919824845718515	0.9978225732876447	0.9948939585836045	1898	1039	13	aa	0.95	8.0
True	PROKKA_06122025	31001	mmseqs2	0.9873617370154469	1.0	0.9945809351495108	9.999000099990002e-05	0.997258997579775	1.0	0.9986276179386117	1910	1056	15	aa	0.5	2.0
True	PROKKA_06122025	31001	cdhit	0.973637378884815	0.9998703655690951	0.9916344304971958	9.999000099990002e-05	0.9958092432093604	0.9999477251133904	0.9978741933001278	1905	1057	14	aa	0.6	0.0
True	PROKKA_06122025	31001	panaroo	0.9556309932248996	0.9979258491055224	0.9882214958528738	9.999000099990002e-05	0.9947507944115851	0.9992680001100701	0.9970042806723134	1890	1037	5	aa	0.8	33.0
True	PROKKA_06122025	31001	cdhit	0.9944656250332012	0.9990925589836661	0.997678587101706	9.999000099990002e-05	0.9991321555945729	0.9996984898205462	0.9994152424770367	1936	1077	13	aa	0.9	0.0
True	PROKKA_06122025	31001	cdhit	0.9914004178036895	1.0	0.9973736908973021	9.999000099990002e-05	0.9986752907474123	1.0	0.9993372063692786	1930	1074	13	aa	0.85	0.0
True	PROKKA_06122025	31001	panta	0.8951533411188515	0.9975369458128078	0.9826643138651117	9.999000099990002e-05	0.9919824845718515	0.9991693616564686	0.9955629529325218	1881	1032	5	aa	0.85	8.0
True	PROKKA_06122025	31001	mmseqs2	0.9977510151790152	1.0	0.9991239774419429	9.999000099990002e-05	0.9995588969611624	1.0000000000000002	0.9997793998268779	1937	1079	12	nt	0.85	1.0
True	PROKKA_06122025	31001	mmseqs2	0.9917903238476259	0.9928701063002333	0.9943710127410449	9.999000099990002e-05	0.9998779579598847	0.9973114587021097	0.9985930592839951	1984	1118	16	aa	0.95	0.0
True	PROKKA_06122025	31001	diamond	0.99269225400149	0.9981851179673321	0.9967827520643404	9.999000099990002e-05	0.9988902147224524	0.9994890119291927	0.9991895236135973	1943	1089	12	aa	0.9	1.0
True	PROKKA_06122025	31001	mmseqs2	0.9950751518831703	0.9964998703655691	0.9971181024437352	9.999000099990002e-05	0.9997988906281126	0.9987555403576336	0.999276943151082	1957	1092	16	nt	0.95	1.0
True	PROKKA_06122025	31001	hdbscan_dist	0.02516064928731918	0.9977962146746175	0.694723128455227	9.999000099990002e-05	0.8040417397210983	0.9993553908087625	0.8911220201281459	1518	876	0	nt	0.9	1447.0
True	PROKKA_06122025	31001	hdbscan_tsne	0.7597143333391868	0.8638838475499092	0.8472833812514907	9.999000099990002e-05	0.9620225638765907	0.9612856990305558	0.9616539902984054	1660	484	0	nt	0.9	1447.0
True	PROKKA_06122025	31001	hdbscan_umap	0.7326030342138455	0.9949442571947109	0.8638617101252469	9.999000099990002e-05	0.922620159146189	0.9985275949209036	0.9590742685849784	847	50	0	nt	0.9	1447.0
True	PROKKA_06122025	31001	panx	0.9152285280843415	0.9920922997148043	0.9803383808366781	9.999000099990002e-05	0.9928281647816224	0.997185037645559	0.9950018318127823	1915	1057	13	aa	0.95	992.0
True	PROKKA_06122025	31001	diamond	0.9894996068346807	0.9997407311381903	0.9965268450042125	9.999000099990002e-05	0.9983541238696223	0.9998931190045814	0.9991230287912134	1930	1076	13	aa	0.85	1.0
True	PROKKA_06122025	31001	panta	0.8948933673378279	0.9970184080891885	0.9822539048621243	9.999000099990002e-05	0.9919824845718515	0.9989623951569421	0.9954602046809238	1979	1132	5	aa	0.7	9.0
True	PROKKA_06122025	31001	mmseqs2	0.9978512009059297	1.0	0.9991392026250772	9.999000099990002e-05	0.9995665697121813	1.0	0.9997832378804568	1937	1079	12	aa	0.8	3.0
True	PROKKA_06122025	31001	panta	0.8948933673378279	0.9970184080891885	0.9822539048621242	9.999000099990002e-05	0.9919824845718515	0.9989623951569421	0.9954602046809238	1979	1132	5	aa	0.5	10.0
True	PROKKA_06122025	31001	panaroo	0.9547829332982394	0.9979258491055224	0.9878144209518307	9.999000099990002e-05	0.9945416685019858	0.9992678463024727	0.9968991558749931	1888	1036	5	aa	0.7	34.0
True	PROKKA_06122025	31001	cdhit	0.9904322833282763	0.9970184080891885	0.9960507059050677	9.999000099990002e-05	0.9990727925328493	0.9989410336929009	0.9990069087684627	1951	1091	14	nt	0.95	1.0
True	PROKKA_06122025	31001	cdhit	0.989500024555988	0.9996110967072854	0.9963511464764063	9.999000099990002e-05	0.9982731064934254	0.9998851899003595	0.9990784978948329	1928	1073	14	aa	0.8	0.0
True	PROKKA_06122025	31001	ppanggolin	0.9475076352991523	0.9979258491055224	0.9857257362973667	9.999000099990002e-05	0.9934660579208496	0.9992670541918073	0.9963581124876612	1882	1034	6	aa	0.9	6.0
True	PROKKA_06122025	31001	cdhit	0.9635883083951181	0.9984443868291418	0.9874796583246039	9.999000099990002e-05	0.99408577638668	0.9995453473360684	0.9968080863272604	1889	1040	18	aa	0.5	2.0
True	PROKKA_06122025	31001	panaroo	0.9552322197497906	0.9972776769509982	0.9879992156276992	9.999000099990002e-05	0.9948097440423631	0.9990983938474679	0.9969494567672527	1893	1039	5	aa	0.9	31.0
True	PROKKA_06122025	31001	ppanggolin	0.9200789217917377	0.9979258491055224	0.9770064189359348	9.999000099990002e-05	0.9889268604873142	0.9992636924305087	0.9940684052683042	1843	1007	8	aa	0.5	6.0
True	PROKKA_06122025	31001	cdhit	0.9905821725042824	0.9996110967072854	0.9969276104443091	9.999000099990002e-05	0.998590219522658	0.9998600586056584	0.9992247356287277	1932	1076	14	nt	0.85	25.0
True	PROKKA_06122025	31001	diamond	0.9651710714488956	0.9997407311381903	0.9881873349007204	9.999000099990002e-05	0.994096241747477	0.9998926612643627	0.996986026564546	1884	1035	19	aa	0.5	1.0
True	PROKKA_06122025	31001	mmseqs2	0.9980315858399781	1.0	0.9992561907240021	9.999000099990002e-05	0.9996255193429593	1.0	0.9998127246059734	1938	1080	12	aa	0.9	0.0
True	PROKKA_06122025	31001	panaroo	0.9544883080314228	0.9979258491055224	0.987551968933561	9.999000099990002e-05	0.994406741693098	0.9992677470324047	0.9968313182767622	1885	1032	6	aa	0.6	36.0
True	PROKKA_06122025	31001	panx	0.4824780810133827	0.9977962146746175	0.9490250841120247	9.999000099990002e-05	0.9739567576079291	0.9991963510884982	0.9864151281830933	1833	1013	5	aa	0.6	1016.0
True	PROKKA_06122025	31001	panaroo	0.9513142254254294	0.9979258491055224	0.9861302950644814	9.999000099990002e-05	0.9936746666310673	0.9992672079512235	0.9964630904696158	1875	1021	8	aa	0.5	37.0
True	PROKKA_06122025	31001	panx	0.5617904805918691	0.9977962146746175	0.9570846576718746	9.999000099990002e-05	0.978363534125773	0.9991999680138174	0.9886719803906993	1847	1021	6	aa	0.7	1029.0
True	PROKKA_06122025	31001	diamond	0.9885344647326191	0.9997407311381903	0.9961004124012641	9.999000099990002e-05	0.9981381068658728	0.999893095875874	0.9990148306155365	1928	1075	13	aa	0.8	1.0
True	PROKKA_06122025	31001	panx	0.7213497285461131	0.9968887736582837	0.9697692039334432	9.999000099990002e-05	0.9854764797371107	0.9989162596605051	0.9921508576182598	1871	1033	6	aa	0.85	1251.0
True	PROKKA_06122025	31001	panta	0.8951533411188515	0.9975369458128078	0.9826643138651117	9.999000099990002e-05	0.9919824845718515	0.9991693616564686	0.9955629529325218	1881	1032	5	aa	0.9	8.0
True	PROKKA_06122025	31001	mmseqs2	0.997871240461669	1.0	0.9991432090648189	9.999000099990002e-05	0.999568588736182	1.0	0.9997842478291327	1937	1079	12	nt	0.8	1.0
True	PROKKA_06122025	31001	panx	0.6892099459107062	0.9971480425200934	0.9674157231458861	9.999000099990002e-05	0.9841213799625347	0.9990141889112464	0.9915118639638114	1865	1029	6	aa	0.8	1250.0
True	PROKKA_06122025	31001	mmseqs2	0.9980315858399781	1.0	0.9992561907240021	9.999000099990002e-05	0.9996255193429593	1.0	0.9998127246059734	1938	1080	12	aa	0.85	0.0
True	PROKKA_06122025	31001	ppanggolin	0.9466195775951153	0.9979258491055224	0.9853073467583048	9.999000099990002e-05	0.9932500409171002	0.9992668949039348	0.9962493832871329	1880	1033	6	aa	0.8	5.0
True	PROKKA_06122025	31001	mmseqs2	0.9945755499322254	1.0	0.997867233410407	9.999000099990002e-05	0.9989247512084215	1.0	0.9994620864087413	1930	1073	13	nt	0.5	4.0
True	PROKKA_06122025	31001	hdbscan_dist	0.959374971374355	0.9944257194710915	0.9711972456608866	9.999000099990002e-05	0.9865666216377501	0.9985813070091217	0.9925376061602759	1712	839	0	aa	0.9	1297.0
True	PROKKA_06122025	31001	hdbscan_tsne	0.8083352131103053	0.9153487166191341	0.8795272822482478	9.999000099990002e-05	0.9604672817147483	0.976560709619125	0.9684471410776194	1477	427	0	aa	0.9	1297.0
True	PROKKA_06122025	31001	hdbscan_umap	0.3444479335240068	0.9946849883329012	0.814848997822916	9.999000099990002e-05	0.8888684603941898	0.9981931127960664	0.9403639901872648	778	23	0	aa	0.9	1297.0
True	PROKKA_06122025	31001	cdhit	0.9912203195069791	0.9998703655690951	0.9973821594064766	9.999000099990002e-05	0.9987319049551824	0.999947878081216	0.9993395216263695	1934	1080	12	nt	0.9	1.0
True	PROKKA_06122025	31001	mmseqs2	0.9948145035243449	1.0	0.9981104652619409	9.999000099990002e-05	0.9990476093951935	1.0	0.9995235778275964	1933	1077	12	aa	0.7	1.0
True	PROKKA_06122025	31001	mmseqs2	0.997870557368295	0.9998703655690951	0.9991430164166872	9.999000099990002e-05	0.9996255193429593	0.9999430513091632	0.9997842601139852	1939	1081	12	nt	0.9	1.0
True	PROKKA_06122025	31001	mmseqs2	0.9941775485102967	1.0	0.9976180413499434	9.999000099990002e-05	0.9987988213727514	1.0	0.9993990497620848	1928	1071	13	aa	0.6	1.0
True	PROKKA_06122025	31001	ppanggolin	0.9505078684499559	0.9967591392273788	0.9860347262956309	9.999000099990002e-05	0.9940929402180434	0.9988109582757876	0.9964463645083814	1895	1045	6	aa	0.95	5.0
True	PROKKA_06122025	31001	ppanggolin	0.9349945213246535	0.9979258491055224	0.982281502803937	9.999000099990002e-05	0.9916825752824217	0.9992657369998642	0.9954597146960089	1871	1030	6	aa	0.7	5.0
True	PROKKA_06122025	31001	cdhit	0.9897104068028001	0.9936479128856625	0.9944213203893889	9.999000099990002e-05	0.9994184648226397	0.9977876458689836	0.9986023895230792	1973	1109	15	aa	0.95	0.0
True	PROKKA_06122025	31001	ppanggolin	0.9467825656346965	0.9979258491055224	0.9854214823937134	9.999000099990002e-05	0.9933089905478782	0.9992669383794245	0.9962790571136608	1881	1034	6	aa	0.85	5.0
True	PROKKA_06122025	31001	mmseqs2	0.9946551883952469	1.0	0.997997740251729	9.999000099990002e-05	0.9989906787884164	0.9999999999999999	0.9994950845832882	1932	1076	12	nt	0.6	1.0
True	PROKKA_06122025	31375	panaroo	0.44309313187235755	0.9617429496070273	0.9046837168231254	9.999000099990002e-05	0.9637742546449822	0.9827368878483379	0.973163205616134	1896	1021	4	aa	0.85	31.0
True	PROKKA_06122025	31375	panta	0.3791144218103641	0.9623208506703652	0.8980797242571429	9.999000099990002e-05	0.9594796378972134	0.9828908670320445	0.9710441656719155	1883	1015	4	aa	0.6	8.0
True	PROKKA_06122025	31375	diamond	0.9864378620805294	1.0	0.9945155766241234	9.999000099990002e-05	0.9970179403382399	1.0000000000000004	0.9985067436794011	1905	1034	10	aa	0.6	1.0
True	PROKKA_06122025	31375	diamond	0.96926668507179	0.9682154415164124	0.9831269060186186	9.999000099990002e-05	0.9998480260957433	0.991248381584041	0.9955296326935021	2041	1088	33	aa	0.95	0.0
True	PROKKA_06122025	31375	diamond	0.9901441608808266	0.9995376791493297	0.9958790014958218	9.999000099990002e-05	0.9978633180622468	0.9998996084232101	0.9988804254623244	1917	1046	7	aa	0.7	1.0
True	PROKKA_06122025	31375	panta	0.3788733813786259	0.9619741100323624	0.8979442767917054	9.999000099990002e-05	0.9595234447474388	0.9827861308809193	0.971015481348069	1885	1016	4	aa	0.8	8.0
True	PROKKA_06122025	31375	mmseqs2	0.9957636904358577	1.0	0.9984122622362318	9.999000099990002e-05	0.999140027709775	1.0	0.9995698288872689	1932	1057	9	nt	0.7	1.0
True	PROKKA_06122025	31375	cdhit	0.9922189888553006	0.999422098936662	0.9964941917362121	9.999000099990002e-05	0.9982489261050255	0.9998493962921292	0.9990485202128984	1921	1047	9	aa	0.7	0.0
True	PROKKA_06122025	31375	panx	0.1499816945239796	0.9641701340730467	0.8470797704712847	9.999000099990002e-05	0.9259552926424189	0.9831089074675005	0.9536765668341844	1795	971	3	aa	0.5	996.0
True	PROKKA_06122025	31375	ppanggolin	0.44093714766863384	0.9620896902450301	0.9007630628363934	9.999000099990002e-05	0.9612075134741941	0.9828088508422385	0.9718881683083709	1863	998	4	aa	0.6	6.0
True	PROKKA_06122025	31375	panx	0.36848489602495604	0.9611650485436893	0.89566456011814	9.999000099990002e-05	0.9583836925585265	0.9825427018921198	0.9703128417729862	1882	1015	5	aa	0.9	998.0
True	PROKKA_06122025	31375	panaroo	0.421821997393002	0.9296116504854369	0.8861635230344045	9.999000099990002e-05	0.9639349681159188	0.9734033677618436	0.9686460303716853	2023	1049	46	aa	0.95	32.0
True	PROKKA_06122025	31375	cdhit	0.9954684058696109	0.9998844197873324	0.998007892127634	9.999000099990002e-05	0.9989645524673588	0.9999561496659995	0.9994601051177019	1928	1053	8	nt	0.8	33.0
True	PROKKA_06122025	31375	panta	0.3692053893348641	0.9457928802588996	0.8892880102270915	9.999000099990002e-05	0.9595234447474389	0.9783989893934365	0.9688692922907338	1937	1031	12	aa	0.95	8.0
True	PROKKA_06122025	31375	mmseqs2	0.9885274333726874	1.0	0.995465656459329	9.999000099990002e-05	0.9975368588706601	1.0000000000000002	0.9987669107989666	1911	1038	10	aa	0.5	1.0
True	PROKKA_06122025	31375	cdhit	0.9864714383048147	0.9991909385113269	0.9941267928046654	9.999000099990002e-05	0.9969920016724974	0.9998149395281675	0.998401475170035	1907	1037	8	aa	0.6	0.0
True	PROKKA_06122025	31375	panaroo	0.44287810992952986	0.9615117891816921	0.904423895758922	9.999000099990002e-05	0.9636504815358546	0.9827046424056283	0.9730842950632832	1895	1021	5	aa	0.8	31.0
True	PROKKA_06122025	31375	cdhit	0.9957189625079645	0.9980351363846509	0.9977800623563993	9.999000099990002e-05	0.999340034211046	0.999459135493714	0.9993995813039706	1939	1059	10	aa	0.9	0.0
True	PROKKA_06122025	31375	cdhit	0.9944738284290722	0.9995376791493297	0.9977213166472728	9.999000099990002e-05	0.9989339675119812	0.9998315863179287	0.9993825753606708	1932	1057	9	aa	0.85	0.0
True	PROKKA_06122025	31375	panta	0.3782817358189302	0.9611650485436893	0.897614827676081	9.999000099990002e-05	0.9595234447474389	0.9826171078705844	0.9709329748980179	1886	1016	4	aa	0.85	8.0
True	PROKKA_06122025	31375	mmseqs2	0.9980954487581392	1.0	0.9993082419747262	9.999000099990002e-05	0.9996256525022094	1.0000000000000002	0.9998127912105338	1937	1061	8	nt	0.85	0.0
True	PROKKA_06122025	31375	mmseqs2	0.9744157406945843	0.9751502542764678	0.9850236754825479	9.999000099990002e-05	1.0	0.9920828244199991	0.9960256795134479	2051	1120	34	aa	0.95	1.0
True	PROKKA_06122025	31375	diamond	0.9942085584439636	0.9960702727693019	0.9968184883144066	9.999000099990002e-05	0.9993810808640081	0.9989004620180417	0.9991407136427441	1948	1065	12	aa	0.9	1.0
True	PROKKA_06122025	31375	mmseqs2	0.9859513996230698	0.9863615349052243	0.9920707853515656	9.999000099990002e-05	0.9999381134454361	0.9958236456539403	0.997876638350775	1994	1088	19	nt	0.95	1.0
True	PROKKA_06122025	31375	hdbscan_dist	0.025139844226692954	0.9922561257512714	0.7040073908892046	9.999000099990002e-05	0.8018976586640487	0.9977266929879316	0.8891574492856925	1538	884	0	nt	0.9	1900.0
True	PROKKA_06122025	31375	hdbscan_tsne	0.7498858367866428	0.8422330097087378	0.8513290221813189	9.999000099990002e-05	0.9655321676090144	0.9559748895670358	0.9607297603787878	1756	509	0	nt	0.9	1900.0
True	PROKKA_06122025	31375	hdbscan_umap	0.7279706620255281	0.9804669440591771	0.8740796807389185	9.999000099990002e-05	0.9285027536474997	0.9947631531660385	0.960491551032609	900	57	0	nt	0.9	1900.0
True	PROKKA_06122025	31375	panx	0.4165234067069225	0.9491447064262598	0.895388638762678	9.999000099990002e-05	0.9623603680515638	0.9791817436655836	0.9706981862885963	1937	1041	13	aa	0.95	1134.0
True	PROKKA_06122025	31375	diamond	0.994443903857342	0.9997688395746648	0.9977416070784012	9.999000099990002e-05	0.9988830935072653	0.9998932415650811	0.9993879122802246	1930	1056	8	aa	0.85	1.0
True	PROKKA_06122025	31375	panta	0.3791144218103641	0.9623208506703652	0.8980797242571433	9.999000099990002e-05	0.9594796378972134	0.9828908670320448	0.9710441656719156	1883	1015	4	aa	0.7	8.0
True	PROKKA_06122025	31375	mmseqs2	0.9969748457556343	1.0	0.9990322423744379	9.999000099990002e-05	0.9994761522471948	1.0	0.9997380075015065	1937	1062	8	aa	0.8	1.0
True	PROKKA_06122025	31375	panta	0.37895604103663433	0.9622052704576977	0.8979608466855817	9.999000099990002e-05	0.9594796378972134	0.9828298383706591	0.971014381545861	1884	1016	4	aa	0.5	9.0
True	PROKKA_06122025	31375	panaroo	0.44303079040183	0.9620896902450301	0.9045279587243643	9.999000099990002e-05	0.9635372649212962	0.9828497047020623	0.9730976738716899	1892	1020	4	aa	0.7	35.0
True	PROKKA_06122025	31375	cdhit	0.9901304131383282	0.9930651872399445	0.9944899296429448	9.999000099990002e-05	0.999483948722014	0.9975516438151641	0.9985168614324081	1972	1082	17	nt	0.95	1.0
True	PROKKA_06122025	31375	cdhit	0.9928659799715761	0.999422098936662	0.9971369765546431	9.999000099990002e-05	0.9986068942116236	0.9998411421170714	0.9992236370266185	1928	1054	8	aa	0.8	0.0
True	PROKKA_06122025	31375	ppanggolin	0.4425981439009579	0.9619741100323624	0.9037002480715401	9.999000099990002e-05	0.9630830067866627	0.9827950963344841	0.9728392080827836	1886	1015	4	aa	0.9	5.0
True	PROKKA_06122025	31375	cdhit	0.9788964144729749	0.9998844197873324	0.9915654914901851	9.999000099990002e-05	0.9954500702305308	0.9999509360310431	0.9976954270100246	1888	1020	10	aa	0.5	3.0
True	PROKKA_06122025	31375	panaroo	0.4406222210732976	0.9583911234396671	0.902660139421825	9.999000099990002e-05	0.9637742546449822	0.9817067295197897	0.9726578457708176	1909	1023	7	aa	0.9	36.0
True	PROKKA_06122025	31375	ppanggolin	0.43880007579793723	0.9620896902450301	0.8979125117312309	9.999000099990002e-05	0.9594314383031319	0.9827775751058071	0.9709641917075135	1844	983	4	aa	0.5	6.0
True	PROKKA_06122025	31375	cdhit	0.9958707228416772	0.9997688395746648	0.9982816995175202	9.999000099990002e-05	0.9991423368330405	0.9999270436420603	0.9995345362246928	1931	1055	8	nt	0.85	29.0
True	PROKKA_06122025	31375	diamond	0.9749151692316378	1.0	0.990681899708983	9.999000099990002e-05	0.9949141142494893	1.0000000000000002	0.9974505740802662	1883	1016	11	aa	0.5	1.0
True	PROKKA_06122025	31375	mmseqs2	0.9972336924744049	0.9988441978733241	0.99874754571611	9.999000099990002e-05	0.9996783307356581	0.9996444187444901	0.9996613744524708	1943	1064	9	aa	0.9	0.0
True	PROKKA_06122025	31375	panaroo	0.4429597817252006	0.9620896902450301	0.9042588440023024	9.999000099990002e-05	0.9633712766620776	0.9828468004045205	0.9730115941539894	1888	1015	5	aa	0.6	37.0
True	PROKKA_06122025	31375	panx	0.22188234225227899	0.9635922330097088	0.8704801244523842	9.999000099990002e-05	0.9415336379687754	0.9831070861465336	0.9618713557647571	1832	990	3	aa	0.6	982.0
True	PROKKA_06122025	31375	panaroo	0.4422846431992237	0.9620896902450301	0.9030529186491744	9.999000099990002e-05	0.9626266945887973	0.98283376033574	0.9726252843098475	1878	1006	5	aa	0.5	38.0
True	PROKKA_06122025	31375	panx	0.27032013837002017	0.9633610725843735	0.8813889668607191	9.999000099990002e-05	0.9485898509930043	0.983127898829312	0.9655501142890506	1850	997	5	aa	0.7	974.0
True	PROKKA_06122025	31375	diamond	0.9923299650450721	0.9998844197873324	0.9971328851909513	9.999000099990002e-05	0.9985012008068345	0.9999441428199627	0.9992221508880554	1927	1055	8	aa	0.8	1.0
True	PROKKA_06122025	31375	panx	0.33312872887394207	0.9616273693943597	0.8912275353105005	9.999000099990002e-05	0.9554103567770531	0.98268769201114	0.9688570699628081	1873	1010	5	aa	0.85	958.0
True	PROKKA_06122025	31375	panta	0.37784829313139284	0.9602404068423486	0.8971483746636695	9.999000099990002e-05	0.9595234447474388	0.9823782022922563	0.9708163316563619	1889	1016	4	aa	0.9	8.0
True	PROKKA_06122025	31375	mmseqs2	0.9979708131411182	1.0	0.9992143051450487	9.999000099990002e-05	0.9995747784974935	1.0000000000000002	0.9997873440358026	1936	1060	8	nt	0.8	1.0
True	PROKKA_06122025	31375	panx	0.30542460436157143	0.962667591308368	0.8875189551768797	9.999000099990002e-05	0.9527170099815353	0.9829651085166303	0.9676047220281504	1864	1004	6	aa	0.8	978.0
True	PROKKA_06122025	31375	mmseqs2	0.99811055925583	0.9998844197873324	0.9993114450860773	9.999000099990002e-05	0.9996783307356581	0.9999491122151133	0.9998137031413181	1939	1063	8	aa	0.85	1.0
True	PROKKA_06122025	31375	ppanggolin	0.4423554363999304	0.9620896902450301	0.903307543067391	9.999000099990002e-05	0.9627841594747887	0.9828365197140342	0.9727070056929307	1882	1012	4	aa	0.8	5.0
True	PROKKA_06122025	31375	mmseqs2	0.9957481818757683	1.0	0.998370854655381	9.999000099990002e-05	0.9991175634332792	1.0000000000000002	0.9995585869571346	1931	1055	10	nt	0.5	3.0
True	PROKKA_06122025	31375	hdbscan_dist	0.957865722938221	0.9862459546925566	0.9721613105549841	9.999000099990002e-05	0.9878866910273408	0.9967833368983386	0.9923150735428605	1799	950	0	aa	0.9	1733.0
True	PROKKA_06122025	31375	hdbscan_tsne	0.8453966722756724	0.9696024040684235	0.903916911396063	9.999000099990002e-05	0.951240765395958	0.992519990478279	0.9714420589675006	1145	262	0	aa	0.9	1733.0
True	PROKKA_06122025	31375	hdbscan_umap	0.14695735401816076	0.9656726768377254	0.7930259033002318	9.999000099990002e-05	0.875691860251679	0.9896836526032667	0.9292047770932903	851	59	0	aa	0.9	1733.0
True	PROKKA_06122025	31375	cdhit	0.9960722524854881	0.9997688395746648	0.998468731792497	9.999000099990002e-05	0.9992686434912303	0.9999022518043129	0.9995853472412742	1935	1060	8	nt	0.9	1.0
True	PROKKA_06122025	31375	mmseqs2	0.996741702901496	1.0	0.9988110774197831	9.999000099990002e-05	0.9993562937128567	1.0	0.999678043233631	1934	1058	9	aa	0.7	1.0
True	PROKKA_06122025	31375	mmseqs2	0.9976566587387732	0.999422098936662	0.9990245872595841	9.999000099990002e-05	0.9996783307356581	0.9997940476256458	0.9997361858321689	1941	1063	10	nt	0.9	1.0
True	PROKKA_06122025	31375	mmseqs2	0.9954381119145462	1.0	0.9981063812255201	9.999000099990002e-05	0.9989740394505564	1.0000000000000002	0.9994867564414567	1928	1052	10	aa	0.6	1.0
True	PROKKA_06122025	31375	ppanggolin	0.4374623992943869	0.9526121128062875	0.8998491518059888	9.999000099990002e-05	0.9637113799502199	0.9803355861555274	0.9719524034347433	1925	1032	11	aa	0.95	5.0
True	PROKKA_06122025	31375	ppanggolin	0.44196467005813256	0.9620896902450301	0.9025226627613852	9.999000099990002e-05	0.9622987010625229	0.9828280098031507	0.9724550199411144	1875	1006	4	aa	0.7	5.0
True	PROKKA_06122025	31375	cdhit	0.9824881495271425	0.9833564493758669	0.9890459841888897	9.999000099990002e-05	0.9997354440045293	0.994428588184328	0.9970749548100403	2024	1112	31	aa	0.95	0.0
True	PROKKA_06122025	31375	ppanggolin	0.4425983274265939	0.9620896902450301	0.9036160343833411	9.999000099990002e-05	0.9629746289453485	0.9828398562717737	0.9728058384768392	1883	1012	4	aa	0.85	4.0
True	PROKKA_06122025	31375	mmseqs2	0.9957636904358577	1.0	0.9984122622362318	9.999000099990002e-05	0.999140027709775	1.0	0.9995698288872689	1932	1057	9	nt	0.6	1.0
True	PROKKA_06122025	35787	panaroo	0.13897695141742406	0.895638789122627	0.7881927319481833	9.999000099990002e-05	0.9137332979735386	0.9547273233656083	0.9337806062180445	1946	1015	17	aa	0.85	34.0
True	PROKKA_06122025	35787	panta	0.12582248843758467	0.9149307337095947	0.790092051924594	9.999000099990002e-05	0.9081642511312323	0.9594114935312066	0.9330847469396236	1974	1111	1	aa	0.6	10.0
True	PROKKA_06122025	35787	diamond	0.9767535835006097	0.9994869163673679	0.9929050859847588	9.999000099990002e-05	0.9960006032516205	0.9998562749817158	0.9979247148505015	1905	1042	5	aa	0.6	2.0
True	PROKKA_06122025	35787	diamond	0.8829182785541936	0.8617752693689071	0.9328109376391757	9.999000099990002e-05	0.9998698554573817	0.9648494279420183	0.9820475283220482	2410	1171	98	aa	0.95	1.0
True	PROKKA_06122025	35787	diamond	0.9818928897303074	0.9993842996408414	0.9947225707052704	9.999000099990002e-05	0.9971067413935841	0.9998173479490826	0.9984602049950186	1919	1055	3	aa	0.7	1.0
True	PROKKA_06122025	35787	panta	0.1255595217755345	0.9141097998973833	0.7898613284748262	9.999000099990002e-05	0.9081642511312323	0.9592911458098643	0.9330278265047276	1879	1011	2	aa	0.8	8.0
True	PROKKA_06122025	35787	mmseqs2	0.9975655120919619	1.0	0.9991079328538465	9.999000099990002e-05	0.9994820674187244	1.0	0.9997409666284508	1934	1064	1	nt	0.7	3.0
True	PROKKA_06122025	35787	cdhit	0.9867083390348462	0.9994869163673679	0.995814708098183	9.999000099990002e-05	0.9977202756036906	0.9998428202433223	0.9987804202505541	1921	1055	3	aa	0.7	1.0
True	PROKKA_06122025	35787	panx	0.06157299307609775	0.9202668034889687	0.742723125335499	9.999000099990002e-05	0.8694811231960722	0.9601356207605638	0.9125624814234201	1786	971	1	aa	0.5	1443.0
True	PROKKA_06122025	35787	ppanggolin	0.1431095711537428	0.9151359671626476	0.7935655981696269	9.999000099990002e-05	0.9104518793072631	0.9594996709537554	0.9343325269498113	1855	994	3	aa	0.6	6.0
True	PROKKA_06122025	35787	panx	0.1253866892345439	0.8857875833760903	0.777977149115072	9.999000099990002e-05	0.909447469644776	0.9523450184584888	0.9304020429776718	1958	1007	28	aa	0.9	943.0
True	PROKKA_06122025	35787	panaroo	0.11335815548669273	0.7831708568496665	0.7262636794175237	9.999000099990002e-05	0.9137332979735386	0.9259025266630954	0.9197776624697015	2375	1082	159	aa	0.95	39.0
True	PROKKA_06122025	35787	cdhit	0.9926837631655189	1.0	0.9978400374342166	9.999000099990002e-05	0.9987443661422221	1.0000000000000002	0.9993717886694029	1928	1060	1	nt	0.8	38.0
True	PROKKA_06122025	35787	panta	0.1042224432102149	0.8064648537711647	0.7340667856074372	9.999000099990002e-05	0.9081642511312323	0.9323198307676063	0.9200835250368646	2247	1055	116	aa	0.95	8.0
True	PROKKA_06122025	35787	mmseqs2	0.9860427859705174	1.0	0.9952494303957099	9.999000099990002e-05	0.9972312920698908	1.0	0.9986137269423414	1911	1047	2	aa	0.5	2.0
True	PROKKA_06122025	35787	cdhit	0.9780120382653589	0.9991790661877886	0.9930835322347574	9.999000099990002e-05	0.9962367655269123	0.999726393983361	0.9979785292211861	1909	1047	3	aa	0.6	0.0
True	PROKKA_06122025	35787	panaroo	0.14232686626041605	0.9097998973832735	0.7949932780257765	9.999000099990002e-05	0.9136452033766302	0.9582440070350035	0.9354133095295837	1902	1013	4	aa	0.8	31.0
True	PROKKA_06122025	35787	cdhit	0.9788503775247404	0.9774243201641868	0.9871212892924307	9.999000099990002e-05	0.999421712620898	0.9932294422515725	0.9963159560300415	2032	1094	34	aa	0.9	0.0
True	PROKKA_06122025	35787	cdhit	0.9875351189790846	0.9933299127757824	0.994752049391262	9.999000099990002e-05	0.9986929352252457	0.9982658189084775	0.9984793313903177	1952	1070	5	aa	0.85	0.0
True	PROKKA_06122025	35787	panta	0.12457807657333003	0.90846587993843	0.7871703555142227	9.999000099990002e-05	0.9081642511312323	0.9578966126248406	0.9323677236492297	1898	1011	10	aa	0.85	8.0
True	PROKKA_06122025	35787	mmseqs2	0.9953040997289234	0.9963057978450487	0.9975147263080326	9.999000099990002e-05	0.9997539925572093	0.9988078004366681	0.9992806725159911	1954	1073	6	nt	0.85	2.0
True	PROKKA_06122025	35787	mmseqs2	0.903229657348842	0.8880451513596717	0.9427828369343718	9.999000099990002e-05	1.0	0.9695483149903311	0.9845387468903912	2368	1190	101	aa	0.95	0.0
True	PROKKA_06122025	35787	diamond	0.9597948512434116	0.9525910723447922	0.9776216341235233	9.999000099990002e-05	0.9995180923779313	0.9879036614558545	0.9936769397303385	2090	1106	28	aa	0.9	1.0
True	PROKKA_06122025	35787	mmseqs2	0.9307819566820775	0.9183170856849666	0.959341303343439	9.999000099990002e-05	0.9999999999999999	0.9778313533419952	0.988791437338403	2244	1158	64	nt	0.95	2.0
True	PROKKA_06122025	35787	hdbscan_dist	0.021969248520361674	0.987891226269882	0.6984562279985473	9.999000099990002e-05	0.7876717752654743	0.9964121207746867	0.879830489820156	1528	871	0	nt	0.9	2702.0
True	PROKKA_06122025	35787	hdbscan_tsne	0.8068258641494854	0.9006670087224218	0.890988981475306	9.999000099990002e-05	0.9576244290110423	0.9765802588529158	0.9670094573085393	1301	257	0	nt	0.9	2702.0
True	PROKKA_06122025	35787	hdbscan_umap	0.7267385636034404	0.9207798871216009	0.8621993010157987	9.999000099990002e-05	0.9318818478623262	0.9804621956416703	0.9555549648478343	994	75	0	nt	0.9	2702.0
True	PROKKA_06122025	35787	panx	0.12127546201262024	0.8185736275012827	0.74686217732046	9.999000099990002e-05	0.9131835817961239	0.93527144722346	0.9240955465172044	2216	1061	103	aa	0.95	920.0
True	PROKKA_06122025	35787	diamond	0.9825014435587809	0.9840944073884043	0.9914044506333626	9.999000099990002e-05	0.9989499836441696	0.9960994380207076	0.9975226743890645	1972	1064	6	aa	0.85	1.0
True	PROKKA_06122025	35787	panta	0.12582248843758467	0.9149307337095947	0.7900920519245942	9.999000099990002e-05	0.9081642511312323	0.9594114935312067	0.9330847469396236	1974	1111	1	aa	0.7	10.0
True	PROKKA_06122025	35787	mmseqs2	0.9949385918684849	0.9957927142124167	0.997267692343245	9.999000099990002e-05	0.9996775487299369	0.9987412015902072	0.9992091558001491	1955	1074	5	aa	0.8	0.0
True	PROKKA_06122025	35787	panta	0.12579406316316152	0.9148281169830682	0.7900038620764471	9.999000099990002e-05	0.9081642511312323	0.9593656066931616	0.9330630448699163	1975	1112	1	aa	0.5	10.0
True	PROKKA_06122025	35787	panaroo	0.14359719740622845	0.9153412006157003	0.7975729405358434	9.999000099990002e-05	0.9134511938911999	0.959696600770862	0.9360030300285256	1881	1011	1	aa	0.7	35.0
True	PROKKA_06122025	35787	cdhit	0.9424406181730032	0.9335043612108773	0.9637917815437653	9.999000099990002e-05	0.9995317480198397	0.9805376650036698	0.9899436048596479	2237	1180	92	nt	0.95	2.0
True	PROKKA_06122025	35787	cdhit	0.9880292884187449	0.9981528989225243	0.9960050554270525	9.999000099990002e-05	0.9982631999542283	0.999414211266324	0.9988383740184403	1935	1063	6	aa	0.8	0.0
True	PROKKA_06122025	35787	ppanggolin	0.13762276403155138	0.8887634684453566	0.7845523644539061	9.999000099990002e-05	0.9132452600076675	0.9531911141753757	0.9327907224087552	1958	1010	28	aa	0.9	5.0
True	PROKKA_06122025	35787	cdhit	0.9676338200385336	0.9987685992816829	0.9896330851765056	9.999000099990002e-05	0.9943498851666449	0.9995808748294693	0.9969585183623871	1891	1031	5	aa	0.5	3.0
True	PROKKA_06122025	35787	panaroo	0.131687288439582	0.8640328373524885	0.7720943741362167	9.999000099990002e-05	0.9137332979735386	0.9467804203758733	0.9299633616615449	2052	1023	46	aa	0.9	36.0
True	PROKKA_06122025	35787	ppanggolin	0.1429989283651728	0.9153412006157003	0.7919737801195055	9.999000099990002e-05	0.9091059135128844	0.9595117610514401	0.9336289899541977	1838	981	2	aa	0.5	6.0
True	PROKKA_06122025	35787	cdhit	0.9926844648257968	0.9991790661877886	0.9976250821504347	9.999000099990002e-05	0.9989197862075573	0.9997005045837439	0.9993099929101621	1936	1067	2	nt	0.85	33.0
True	PROKKA_06122025	35787	diamond	0.9666073960682421	0.9994869163673679	0.9897255518114313	9.999000099990002e-05	0.9941251831459987	0.9998560038830856	0.9969823581544157	1885	1026	6	aa	0.5	1.0
True	PROKKA_06122025	35787	mmseqs2	0.9690993737085277	0.9638789122626988	0.9823135728383614	9.999000099990002e-05	0.9998995196572856	0.9901119250135305	0.994981652873605	2065	1096	35	aa	0.9	1.0
True	PROKKA_06122025	35787	panaroo	0.14350418513014343	0.9150333504361211	0.7972495891077274	9.999000099990002e-05	0.9133338864474291	0.9596028063349071	0.9358968340288433	1880	1009	2	aa	0.6	37.0
True	PROKKA_06122025	35787	panx	0.07669397241053583	0.9188301693175988	0.7592995127251655	9.999000099990002e-05	0.8830428705216206	0.9600446189067828	0.9199352293050362	1819	988	1	aa	0.6	1481.0
True	PROKKA_06122025	35787	panaroo	0.14351066680632726	0.9153412006157003	0.7965716769968891	9.999000099990002e-05	0.9126779904723078	0.9596638337473453	0.935581364453595	1869	998	2	aa	0.5	38.0
True	PROKKA_06122025	35787	panx	0.09568681351424321	0.9172909184197025	0.7738849766032264	9.999000099990002e-05	0.8948899245652779	0.9598479765308604	0.9262314452130379	1842	995	1	aa	0.7	960.0
True	PROKKA_06122025	35787	diamond	0.9845497611351084	0.9937403796818881	0.9943678974459622	9.999000099990002e-05	0.9982565349560971	0.9984748871176363	0.9983656990979385	1944	1064	3	aa	0.8	1.0
True	PROKKA_06122025	35787	panx	0.11134822005069217	0.9081580297588507	0.779980430720027	9.999000099990002e-05	0.9028740319133984	0.9576911685728379	0.929475071845093	1883	1000	8	aa	0.85	926.0
True	PROKKA_06122025	35787	panta	0.11960891231443463	0.8840430990251411	0.77555115713409	9.999000099990002e-05	0.9081642511312323	0.9519891526901515	0.9295604482531431	1969	1016	28	aa	0.9	8.0
True	PROKKA_06122025	35787	mmseqs2	0.9983300015211535	0.9996921498204208	0.9992875890285201	9.999000099990002e-05	0.9997087170344923	0.9998778833582675	0.9997932930405895	1938	1066	2	nt	0.8	1.0
True	PROKKA_06122025	35787	panx	0.10959279710353867	0.9148281169830682	0.7815032719146536	9.999000099990002e-05	0.9016010404689774	0.9593348821413645	0.9295723913842098	1859	999	1	aa	0.8	871.0
True	PROKKA_06122025	35787	mmseqs2	0.9884205774728059	0.9881990764494613	0.9936636744782827	9.999000099990002e-05	0.9998000782783866	0.9965559695114514	0.9981753880320169	1982	1077	19	aa	0.85	0.0
True	PROKKA_06122025	35787	ppanggolin	0.14288461989130402	0.9131862493586455	0.7950324743164793	9.999000099990002e-05	0.9122970842220552	0.9591060571723067	0.9351161597025663	1878	1006	2	aa	0.8	5.0
True	PROKKA_06122025	35787	mmseqs2	0.9973215425486028	0.9997947665469471	0.9989308684852835	9.999000099990002e-05	0.9994545293261102	0.9999247498352298	0.9996895842866772	1934	1063	1	nt	0.5	3.0
True	PROKKA_06122025	35787	hdbscan_dist	0.934136806270245	0.9497178040020523	0.9647313935701479	9.999000099990002e-05	0.9906094332876898	0.9890051102997774	0.9898066217044883	1842	883	0	aa	0.9	2702.0
True	PROKKA_06122025	35787	hdbscan_tsne	0.818398882158025	0.8954335556695742	0.9008404975258032	9.999000099990002e-05	0.9641506838492404	0.9767516870146232	0.9704102804170384	1396	336	0	aa	0.9	2702.0
True	PROKKA_06122025	35787	hdbscan_umap	0.17017920535480613	0.8817855310415598	0.7736136867276338	9.999000099990002e-05	0.8783788838568078	0.9683968188743765	0.9211939659324982	994	115	0	aa	0.9	2702.0
True	PROKKA_06122025	35787	cdhit	0.9867268606817626	0.9906618778860954	0.9935368335332566	9.999000099990002e-05	0.9991128990050332	0.9971561345084413	0.9981335577358761	1977	1082	16	nt	0.9	2.0
True	PROKKA_06122025	35787	mmseqs2	0.9956317397012518	0.9990764494612622	0.9982448956494834	9.999000099990002e-05	0.9992708839664893	0.9997101180052342	0.9994904527296401	1938	1067	3	aa	0.7	0.0
True	PROKKA_06122025	35787	mmseqs2	0.9814528712946609	0.9802975885069266	0.9901819784234542	9.999000099990002e-05	0.9997815306498236	0.9946019632001797	0.9971850210573217	2001	1074	20	nt	0.9	1.0
True	PROKKA_06122025	35787	mmseqs2	0.9935729734433794	0.9998973832734736	0.9977241895063536	9.999000099990002e-05	0.998723955505199	0.9999530611011789	0.9993381303780531	1929	1062	2	aa	0.6	0.0
True	PROKKA_06122025	35787	ppanggolin	0.12414807195894194	0.8281169830682401	0.752962307646525	9.999000099990002e-05	0.9136093238814907	0.9378300578825159	0.9255612617264699	2182	1054	89	aa	0.95	4.0
True	PROKKA_06122025	35787	ppanggolin	0.14328466403570547	0.9151359671626476	0.7950376449120069	9.999000099990002e-05	0.9115947733220107	0.959548393453971	0.9349571061730478	1865	1001	1	aa	0.7	5.0
True	PROKKA_06122025	35787	cdhit	0.9161396184109933	0.9002565418163161	0.9449994959084005	9.999000099990002e-05	0.9998104987654121	0.9707900122398465	0.9850865671793295	2410	1250	149	aa	0.95	0.0
True	PROKKA_06122025	35787	ppanggolin	0.14179460118602055	0.9075423293996921	0.7930745878099997	9.999000099990002e-05	0.9128788347302146	0.9577343535964117	0.93476879789808	1899	1006	9	aa	0.85	5.0
True	PROKKA_06122025	35787	mmseqs2	0.9975655120919619	1.0	0.9991079328538465	9.999000099990002e-05	0.9994820674187244	1.0	0.9997409666284508	1934	1064	1	nt	0.6	1.0
True	PROKKA_06122025	40547	panaroo	0.4483001898244208	0.9631731325998842	0.9070070043897697	9.999000099990002e-05	0.9647316674930912	0.9833778740746301	0.9739655352936424	1891	1018	2	aa	0.85	31.0
True	PROKKA_06122025	40547	panta	0.3685404061254222	0.9630573248407643	0.8980664570624376	9.999000099990002e-05	0.9593739435436832	0.983238584162844	0.9711596774744158	1982	1116	2	aa	0.6	10.0
True	PROKKA_06122025	40547	diamond	0.9681654957285684	0.9998841922408801	0.9911768527040273	9.999000099990002e-05	0.9952658149684479	0.9999470186950931	0.9976009252701786	1903	1044	5	aa	0.6	1.0
True	PROKKA_06122025	40547	diamond	0.9619547423317887	0.9617834394904459	0.9784693418955825	9.999000099990002e-05	0.9994687565580449	0.9892797005628554	0.9943481275063673	2070	1098	50	aa	0.95	0.0
True	PROKKA_06122025	40547	diamond	0.9791076898944481	0.9997683844817603	0.9941613708780878	9.999000099990002e-05	0.996941501862446	0.99990040313702	0.9984187602639003	1919	1057	2	aa	0.7	1.0
True	PROKKA_06122025	40547	panta	0.3682030098825754	0.9623624782860452	0.897630425217972	9.999000099990002e-05	0.9593739435436832	0.9830157135875931	0.9710509508198014	1887	1020	2	aa	0.8	8.0
True	PROKKA_06122025	40547	mmseqs2	0.9954008683522383	1.0	0.9984725118518238	9.999000099990002e-05	0.9991770688170809	1.0	0.9995883650349161	1933	1064	2	nt	0.7	1.0
True	PROKKA_06122025	40547	cdhit	0.9792288321939758	0.999189345686161	0.9941936980374029	9.999000099990002e-05	0.9971157616134249	0.9997451495468334	0.9984287244428061	1922	1056	4	aa	0.7	0.0
True	PROKKA_06122025	40547	panx	0.11745468124680261	0.9661841343370006	0.8346789331395473	9.999000099990002e-05	0.9170010509792439	0.9839621773317769	0.9493022666606133	1788	975	2	aa	0.5	913.0
True	PROKKA_06122025	40547	ppanggolin	0.44327791919307563	0.9631731325998842	0.9012162067831846	9.999000099990002e-05	0.9611738923294146	0.9833173738741334	0.9721195503099808	1862	1001	3	aa	0.6	5.0
True	PROKKA_06122025	40547	panx	0.34315864412599145	0.9600463231036479	0.8930435135970904	9.999000099990002e-05	0.9570970500031697	0.9825279944639819	0.9696458062649369	1887	1020	3	aa	0.9	951.0
True	PROKKA_06122025	40547	panaroo	0.4203427592647984	0.9197452229299363	0.8821808210431994	9.999000099990002e-05	0.9647316674930911	0.9711751506575792	0.9679426858124948	2060	1060	59	aa	0.95	33.0
True	PROKKA_06122025	40547	cdhit	0.9870876263597215	0.9998841922408801	0.9965650238830872	9.999000099990002e-05	0.9981972158605795	0.9999489834647648	0.9990723317784853	1928	1062	2	nt	0.8	34.0
True	PROKKA_06122025	40547	panta	0.35633777422868407	0.9402431962941518	0.8859567348935736	9.999000099990002e-05	0.959373943543683	0.9771489551250199	0.9681798724428687	1960	1029	35	aa	0.95	8.0
True	PROKKA_06122025	40547	mmseqs2	0.9814682456427132	1.0	0.9942211041815243	9.999000099990002e-05	0.996873513017379	1.0	0.9984343089523499	1911	1046	5	aa	0.5	2.0
True	PROKKA_06122025	40547	cdhit	0.9730683115005648	0.9996525767226404	0.9920457836478234	9.999000099990002e-05	0.9958257879676138	0.9998631866456192	0.9978404033565891	1907	1046	5	aa	0.6	0.0
True	PROKKA_06122025	40547	panaroo	0.4480834031073058	0.9629415170816444	0.9067197156356253	9.999000099990002e-05	0.9646439622474982	0.983303237647082	0.9738842318785724	1891	1018	2	aa	0.8	31.0
True	PROKKA_06122025	40547	cdhit	0.99197437216709	0.9974522292993631	0.9963734633085439	9.999000099990002e-05	0.9990067175561439	0.9990422918196922	0.9990245043712271	1945	1072	5	aa	0.9	0.0
True	PROKKA_06122025	40547	cdhit	0.9858172034062257	0.9990735379270411	0.9961866938855594	9.999000099990002e-05	0.9982167116218972	0.9997259134955951	0.9989707425498112	1933	1066	3	aa	0.85	0.0
True	PROKKA_06122025	40547	panta	0.36728500872113257	0.9605095541401274	0.8968446768808245	9.999000099990002e-05	0.9593739435436832	0.982614684191135	0.9708552471349555	1891	1020	3	aa	0.85	9.0
True	PROKKA_06122025	40547	mmseqs2	0.9985472606798961	1.0	0.999448149254724	9.999000099990002e-05	0.9997029776316075	1.0	0.9998514667569559	1937	1066	2	nt	0.85	1.0
True	PROKKA_06122025	40547	mmseqs2	0.9733793568575574	0.9737116386797915	0.9843803595220366	9.999000099990002e-05	1.0	0.9917938164236606	0.9958800034879746	2052	1118	31	aa	0.95	1.0
True	PROKKA_06122025	40547	diamond	0.9868253486993035	0.9943254198031268	0.9945396379692785	9.999000099990002e-05	0.9987160142096514	0.9983493182912218	0.9985326325845634	1956	1078	9	aa	0.9	0.0
True	PROKKA_06122025	40547	mmseqs2	0.9853193934272447	0.9862188766647365	0.9913861099423806	9.999000099990002e-05	1.0	0.9954265736597865	0.9977080457880114	2006	1106	14	nt	0.95	1.0
True	PROKKA_06122025	40547	hdbscan_dist	0.024159365050895866	0.9939779965257672	0.6997209433045173	9.999000099990002e-05	0.7987552019542706	0.998145820511466	0.8873879601319551	1557	931	0	nt	0.9	1953.0
True	PROKKA_06122025	40547	hdbscan_tsne	0.8445062596230551	0.9763752171395483	0.9042250685875987	9.999000099990002e-05	0.949840468402787	0.9941391693242232	0.9714850875213545	1057	149	0	nt	0.9	1953.0
True	PROKKA_06122025	40547	hdbscan_umap	0.7658605241209236	0.9813549507817024	0.8791143877189168	9.999000099990002e-05	0.9316156743162849	0.9953903614253924	0.9624476992469146	892	50	0	nt	0.9	1953.0
True	PROKKA_06122025	40547	panx	0.42571371657948653	0.9467284308048639	0.8953982814198472	9.999000099990002e-05	0.9634224664294951	0.9786021934850165	0.9709530042138097	1954	1043	26	aa	0.95	907.0
True	PROKKA_06122025	40547	diamond	0.9866038387798247	0.9981470758540822	0.9959245253400484	9.999000099990002e-05	0.9983561322548188	0.9994465655132355	0.9989010512959089	1935	1064	3	aa	0.85	1.0
True	PROKKA_06122025	40547	panta	0.36845607013215254	0.9629415170816444	0.8979661119968018	9.999000099990002e-05	0.9593739435436832	0.9831872677003055	0.9711346451230134	1983	1117	2	aa	0.7	10.0
True	PROKKA_06122025	40547	mmseqs2	0.9972723877003342	0.9997683844817603	0.9990457909577605	9.999000099990002e-05	0.9995636928381048	0.9999226386539374	0.9997431335272216	1938	1067	3	aa	0.8	0.0
True	PROKKA_06122025	40547	panta	0.3685404061254222	0.9630573248407643	0.8980664570624377	9.999000099990002e-05	0.9593739435436832	0.983238584162844	0.9711596774744158	1982	1116	2	aa	0.5	11.0
True	PROKKA_06122025	40547	panaroo	0.4479898076614039	0.9631731325998842	0.9065618975262707	9.999000099990002e-05	0.9644597019563961	0.983373264776994	0.9738246575108136	1888	1015	3	aa	0.7	38.0
True	PROKKA_06122025	40547	cdhit	0.9864144606862938	0.989229878401853	0.9919799758422677	9.999000099990002e-05	0.9994405495938766	0.9962822501047196	0.9978589007908957	1994	1103	13	nt	0.95	1.0
True	PROKKA_06122025	40547	cdhit	0.9843555234102048	0.9994209612044007	0.9957134718690406	9.999000099990002e-05	0.9978599436659131	0.9998255575382266	0.9988417835735028	1928	1063	2	aa	0.8	0.0
True	PROKKA_06122025	40547	ppanggolin	0.44589190804246787	0.9631731325998842	0.9047025452390023	9.999000099990002e-05	0.9633216638059411	0.9833539494377064	0.9732347354000694	1884	1017	2	aa	0.9	5.0
True	PROKKA_06122025	40547	cdhit	0.9601691493110518	0.9994209612044007	0.9882318636611005	9.999000099990002e-05	0.9937550872884638	0.9998429168856158	0.9967897069159154	1889	1033	5	aa	0.5	3.0
True	PROKKA_06122025	40547	panaroo	0.4451135937662383	0.9590040532715692	0.9042817115652316	9.999000099990002e-05	0.9647316674930912	0.9819962188191436	0.9732873878412771	1911	1020	13	aa	0.9	31.0
True	PROKKA_06122025	40547	ppanggolin	0.4403977111042253	0.9631731325998842	0.8977372926137204	9.999000099990002e-05	0.9590146641906707	0.9832804408303752	0.970995972064687	1844	990	4	aa	0.5	7.0
True	PROKKA_06122025	40547	cdhit	0.9886808692687746	0.9994209612044007	0.9967987222774419	9.999000099990002e-05	0.9984610168307831	0.9998123947214057	0.9991362488260612	1932	1065	2	nt	0.85	29.0
True	PROKKA_06122025	40547	diamond	0.960210763696901	0.9998841922408801	0.9880662773393896	9.999000099990002e-05	0.9935580607864537	0.9999469276342418	0.9967422565586148	1882	1023	9	aa	0.5	1.0
True	PROKKA_06122025	40547	mmseqs2	0.9972791098077173	0.9981470758540822	0.99838346752007	9.999000099990002e-05	0.9998097743921711	0.999321751100261	0.9995657031786663	1949	1074	5	aa	0.9	0.0
True	PROKKA_06122025	40547	panaroo	0.44776082290886643	0.9631731325998842	0.9061670437043075	9.999000099990002e-05	0.9642181700473422	0.9833691691276033	0.973699511867715	1885	1012	4	aa	0.6	42.0
True	PROKKA_06122025	40547	panx	0.18320159214655368	0.9651418645049218	0.8628625013454235	9.999000099990002e-05	0.9361216915221829	0.983808961284368	0.9593730978001103	1828	993	2	aa	0.6	971.0
True	PROKKA_06122025	40547	panaroo	0.4457697274872709	0.9631731325998842	0.9040486181127301	9.999000099990002e-05	0.9629196339634112	0.9833471152593725	0.9730261739945536	1875	1005	5	aa	0.5	39.0
True	PROKKA_06122025	40547	panx	0.23072362309048386	0.9647944412275622	0.8759883152085584	9.999000099990002e-05	0.944691949472158	0.9837990197653798	0.963848966571416	1847	1001	2	aa	0.7	896.0
True	PROKKA_06122025	40547	diamond	0.9826013890234727	0.9989577301679212	0.9951673939554222	9.999000099990002e-05	0.9977298287622673	0.9996607236660277	0.998694342907658	1930	1064	3	aa	0.8	1.0
True	PROKKA_06122025	40547	panx	0.2835059638583191	0.9622466705269253	0.8857001279077372	9.999000099990002e-05	0.9516714587896551	0.9831815530732712	0.9671699267402598	1872	1015	2	aa	0.85	989.0
True	PROKKA_06122025	40547	panta	0.366925969171624	0.9598147075854082	0.8964558209016895	9.999000099990002e-05	0.9593739435436832	0.9824165827810702	0.970758543156839	1894	1021	4	aa	0.9	8.0
True	PROKKA_06122025	40547	mmseqs2	0.9985950860130998	1.0	0.9994572626385222	9.999000099990002e-05	0.9997078853263178	1.0	0.999853921327297	1937	1066	2	nt	0.8	0.0
True	PROKKA_06122025	40547	panx	0.2691328871076364	0.9640995946728431	0.8838872181567743	9.999000099990002e-05	0.9499340497073444	0.9836567631877702	0.9665013366275885	1862	1009	2	aa	0.8	909.0
True	PROKKA_06122025	40547	mmseqs2	0.9985467511390297	0.9998841922408801	0.9994480355849718	9.999000099990002e-05	0.9997588124878798	0.9999441547926703	0.999851475051057	1939	1068	2	aa	0.85	0.0
True	PROKKA_06122025	40547	ppanggolin	0.4449893487929668	0.9631731325998842	0.9035500964257412	9.999000099990002e-05	0.9626135447215625	0.9833419082288668	0.9728673269660585	1879	1015	2	aa	0.8	6.0
True	PROKKA_06122025	40547	mmseqs2	0.9952108139906922	1.0	0.9983665336608744	9.999000099990002e-05	0.9991198806017214	1.0000000000000002	0.9995597465630658	1932	1063	2	nt	0.5	3.0
True	PROKKA_06122025	40547	hdbscan_dist	0.9574738361314123	0.987492762015055	0.973600893233131	9.999000099990002e-05	0.98839161645823	0.997152000534609	0.9927524827237423	1777	911	0	aa	0.9	1905.0
True	PROKKA_06122025	40547	hdbscan_tsne	0.8405443263150683	0.9681528662420382	0.9027780814746864	9.999000099990002e-05	0.950775785606848	0.9925473132131554	0.9712126120923668	1109	205	0	aa	0.9	1905.0
True	PROKKA_06122025	40547	hdbscan_umap	0.13183141685877767	0.9585408222350897	0.7860550840283711	9.999000099990002e-05	0.8726205895542866	0.9884699979338478	0.9269395892415238	876	78	0	aa	0.9	1905.0
True	PROKKA_06122025	40547	cdhit	0.9883451137932959	0.9996525767226404	0.9970413750752263	9.999000099990002e-05	0.99855930808857	0.9998452133295879	0.9992018469909676	1936	1070	2	nt	0.9	1.0
True	PROKKA_06122025	40547	mmseqs2	0.9954008683522383	1.0	0.9984725118518238	9.999000099990002e-05	0.9991770688170809	1.0	0.9995883650349161	1933	1064	2	aa	0.7	1.0
True	PROKKA_06122025	40547	mmseqs2	0.9982907988604844	0.9996525767226404	0.9992586175424703	9.999000099990002e-05	0.9997588124878798	0.9998422976527208	0.9998005533275095	1941	1070	2	nt	0.9	1.0
True	PROKKA_06122025	40547	mmseqs2	0.9939456341318604	1.0	0.9978793294175251	9.999000099990002e-05	0.9988568211678136	1.0	0.9994280836825928	1929	1060	3	aa	0.6	0.0
True	PROKKA_06122025	40547	ppanggolin	0.4410033753563065	0.9527504342790967	0.9003072772720999	9.999000099990002e-05	0.9641404306386665	0.98047191766345	0.9722375955809711	1927	1027	20	aa	0.95	5.0
True	PROKKA_06122025	40547	ppanggolin	0.44390691791584785	0.9631731325998842	0.9023915557743345	9.999000099990002e-05	0.9619000905755561	0.9833297586693388	0.9724968844137832	1871	1008	2	aa	0.7	6.0
True	PROKKA_06122025	40547	cdhit	0.9757106280191731	0.9770700636942675	0.9848775601105323	9.999000099990002e-05	0.9996519810109106	0.9923790837009274	0.9960022556966794	2059	1142	33	aa	0.95	0.0
True	PROKKA_06122025	40547	ppanggolin	0.44551859427157325	0.9631731325998842	0.9041865508613506	9.999000099990002e-05	0.9630047968337007	0.9833485634268957	0.9730703610908965	1881	1015	2	aa	0.85	5.0
True	PROKKA_06122025	40547	mmseqs2	0.9954008683522383	1.0	0.9984725118518238	9.999000099990002e-05	0.9991770688170809	1.0	0.9995883650349161	1933	1064	2	nt	0.6	0.0
True	PROKKA_06122025	46118	panaroo	0.2781266853619149	0.9439483593329747	0.8638627983005777	9.999000099990002e-05	0.9451155730156668	0.9739854969115164	0.9593333831629874	1891	1019	2	aa	0.85	32.0
True	PROKKA_06122025	46118	panta	0.23985945949978102	0.943733189887036	0.8567298672896151	9.999000099990002e-05	0.9404097855002043	0.9738539606511097	0.9568397208438202	1978	1113	1	aa	0.6	10.0
True	PROKKA_06122025	46118	diamond	0.9838151258926515	1.0	0.9943641827509045	9.999000099990002e-05	0.9968033861786073	0.9999999999999999	0.9983991344147757	1906	1038	7	aa	0.6	1.0
True	PROKKA_06122025	46118	diamond	0.9717572591904575	0.9684776761699838	0.9811548695371695	9.999000099990002e-05	0.9998207251192193	0.9898408989092372	0.9948057834038407	2100	1133	76	aa	0.95	0.0
True	PROKKA_06122025	46118	diamond	0.9905489011300385	1.0	0.9964983649242408	9.999000099990002e-05	0.9980180754020079	0.9999999999999999	0.9990080547206294	1918	1047	6	aa	0.7	1.0
True	PROKKA_06122025	46118	panta	0.23995103644542365	0.9442711135018828	0.8570757024263363	9.999000099990002e-05	0.9404097855002043	0.9740347578903676	0.9569269800995741	1879	1012	2	aa	0.8	8.0
True	PROKKA_06122025	46118	mmseqs2	0.9977647927818613	1.0	0.9989471625101205	9.999000099990002e-05	0.9994055346320423	1.0000000000000002	0.9997026789424853	1932	1057	6	nt	0.7	1.0
True	PROKKA_06122025	46118	cdhit	0.9904834918283596	0.9992469069392146	0.9963782138094015	9.999000099990002e-05	0.9980974341537855	0.9998531839828891	0.9989745376134689	1920	1048	7	aa	0.7	1.0
True	PROKKA_06122025	46118	panx	0.1044052074108226	0.9479289940828403	0.8089892029091879	9.999000099990002e-05	0.9052373353748964	0.9747042695643856	0.9386873437353357	1787	966	1	aa	0.5	1109.0
True	PROKKA_06122025	46118	ppanggolin	0.27713978635944875	0.9441635287789134	0.8601967653852112	9.999000099990002e-05	0.9424793637140912	0.9740159436648236	0.9579881811326607	1859	994	3	aa	0.6	6.0
True	PROKKA_06122025	46118	panx	0.23025570810779025	0.9423345884884347	0.8534713232125509	9.999000099990002e-05	0.9388712795873405	0.9733087049570921	0.9557798916865803	1883	1012	7	aa	0.9	907.0
True	PROKKA_06122025	46118	panaroo	0.26361430875167813	0.9108122646584185	0.8425535999882824	9.999000099990002e-05	0.945198882521226	0.963163112080967	0.9540964448040892	2083	1114	72	aa	0.95	33.0
True	PROKKA_06122025	46118	cdhit	0.9942838433004325	1.0	0.9979767281389416	9.999000099990002e-05	0.9988565046411608	1.0000000000000002	0.999427925238163	1928	1055	5	nt	0.8	34.0
True	PROKKA_06122025	46118	panta	0.2325485019477397	0.9257665411511565	0.8450562213643336	9.999000099990002e-05	0.9404097855002043	0.9678497585085547	0.953932484344778	1987	1076	34	aa	0.95	8.0
True	PROKKA_06122025	46118	mmseqs2	0.9886853186274377	1.0	0.9956772080553987	9.999000099990002e-05	0.9975513048771089	1.0000000000000002	0.9987741515740235	1910	1037	9	aa	0.5	2.0
True	PROKKA_06122025	46118	cdhit	0.9845500133107624	0.9994620763851533	0.9942466665801802	9.999000099990002e-05	0.9969046996181273	0.9998330614040032	0.998366733182829	1907	1036	7	aa	0.6	1.0
True	PROKKA_06122025	46118	panaroo	0.27826780256948963	0.9441635287789134	0.8639932175953379	9.999000099990002e-05	0.9450722157648682	0.9740853847848955	0.9593594946857151	1888	1017	1	aa	0.8	32.0
True	PROKKA_06122025	46118	cdhit	0.9927752559387741	0.994298009682625	0.9956851399932046	9.999000099990002e-05	0.9992998213782351	0.9982725998526256	0.9987859464988328	1956	1068	14	aa	0.9	1.0
True	PROKKA_06122025	46118	cdhit	0.9939084144297924	0.9989241527703067	0.9976064434132835	9.999000099990002e-05	0.9989833984838374	0.9996646952723515	0.9993239307582744	1934	1060	6	aa	0.85	1.0
True	PROKKA_06122025	46118	panta	0.23979404156674247	0.9439483593329747	0.8568392834910805	9.999000099990002e-05	0.9404097855002043	0.9739110774020445	0.9568672892248544	1881	1013	3	aa	0.85	8.0
True	PROKKA_06122025	46118	mmseqs2	0.9982217936193236	1.0	0.9993212786713037	9.999000099990002e-05	0.9996169150976377	1.0000000000000002	0.9998084208532796	1937	1063	5	nt	0.85	1.0
True	PROKKA_06122025	46118	mmseqs2	0.9770071020507268	0.9763313609467456	0.9848728777142294	9.999000099990002e-05	0.9999367512984956	0.9917238200961104	0.9958133520290103	2078	1149	41	aa	0.95	1.0
True	PROKKA_06122025	46118	diamond	0.9920467101355833	0.9946207638515331	0.9952753048179351	9.999000099990002e-05	0.9991584525138089	0.9981830009710064	0.9986704885493559	1966	1084	15	aa	0.9	0.0
True	PROKKA_06122025	46118	mmseqs2	0.9847574314914569	0.984400215169446	0.9898281374820973	9.999000099990002e-05	0.9999200684935834	0.9944290946526374	0.997167022517184	2035	1127	29	nt	0.95	3.0
True	PROKKA_06122025	46118	hdbscan_dist	0.023695489402004333	0.994298009682625	0.7041323279029235	9.999000099990002e-05	0.794647709202794	0.9982867805422247	0.8849027198959489	1543	908	0	nt	0.9	2277.0
True	PROKKA_06122025	46118	hdbscan_tsne	0.8390662925763888	0.9537385691231846	0.9004998210252241	9.999000099990002e-05	0.9520700734563361	0.9877928814733608	0.9696025575766217	1141	205	0	nt	0.9	2277.0
True	PROKKA_06122025	46118	hdbscan_umap	0.7733620124673708	0.9781603012372243	0.8859280120311234	9.999000099990002e-05	0.9340128242657236	0.9944498758940284	0.9632843166710319	900	49	0	nt	0.9	2277.0
True	PROKKA_06122025	46118	panx	0.2501374317833109	0.9289940828402367	0.8502928173175827	9.999000099990002e-05	0.942599861127608	0.968897883425179	0.9555679706826734	1971	1068	26	aa	0.95	902.0
True	PROKKA_06122025	46118	diamond	0.9928202006841171	0.9991393222162452	0.9972417332875823	9.999000099990002e-05	0.9987434920612742	0.9996978458840838	0.9992204410972838	1933	1058	9	aa	0.85	1.0
True	PROKKA_06122025	46118	panta	0.23985945949978102	0.943733189887036	0.8567298672896155	9.999000099990002e-05	0.9404097855002043	0.9738539606511099	0.9568397208438203	1977	1112	1	aa	0.7	10.0
True	PROKKA_06122025	46118	mmseqs2	0.9977090230598792	0.999677245831092	0.9990509027910468	9.999000099990002e-05	0.9996002322927253	0.9998641531026247	0.9997321752794618	1939	1064	7	aa	0.8	1.0
True	PROKKA_06122025	46118	panta	0.2398585625513205	0.943733189887036	0.8566995682513765	9.999000099990002e-05	0.9403888486134809	0.9738533937541534	0.9568286096728167	1977	1111	2	aa	0.5	10.0
True	PROKKA_06122025	46118	panaroo	0.2782569591465161	0.9441635287789134	0.8638928435791982	9.999000099990002e-05	0.9450038638957798	0.9740835589656163	0.9593233909139564	1886	1014	2	aa	0.7	36.0
True	PROKKA_06122025	46118	cdhit	0.9859123953788714	0.9848305540613232	0.9905552764327277	9.999000099990002e-05	0.9997030653204617	0.9950369561484239	0.9973645532375833	2017	1109	19	nt	0.95	1.0
True	PROKKA_06122025	46118	cdhit	0.9930488094704214	0.9994620763851533	0.9972771248504301	9.999000099990002e-05	0.9986661441369186	0.9997947723460057	0.9992301395458038	1929	1056	6	aa	0.8	1.0
True	PROKKA_06122025	46118	ppanggolin	0.27711723741480987	0.942764927380312	0.8616548258188976	9.999000099990002e-05	0.9441922155150816	0.973517245189097	0.9586305156357823	1889	1017	5	aa	0.9	6.0
True	PROKKA_06122025	46118	cdhit	0.9737278469744775	0.9994620763851533	0.991071356568739	9.999000099990002e-05	0.9951159272439652	0.9998057506319407	0.9974553263297002	1888	1022	7	aa	0.5	3.0
True	PROKKA_06122025	46118	panaroo	0.2762126177142893	0.9400753093060785	0.8613143126710489	9.999000099990002e-05	0.9451390388157598	0.9726467608133615	0.9586956215862924	1914	1031	9	aa	0.9	37.0
True	PROKKA_06122025	46118	ppanggolin	0.2764257052315928	0.9441635287789134	0.8581893586867396	9.999000099990002e-05	0.9410998147213061	0.9739788450312616	0.9572570880402586	1842	977	6	aa	0.5	5.0
True	PROKKA_06122025	46118	cdhit	0.9939024159985937	0.9992469069392146	0.9979141513992521	9.999000099990002e-05	0.9989682297748607	0.9998533119429055	0.9994105749008079	1932	1059	5	nt	0.85	32.0
True	PROKKA_06122025	46118	diamond	0.9710633203419773	1.0	0.9905457122227806	9.999000099990002e-05	0.9946172296462302	0.9999999999999999	0.9973013517211398	1882	1016	11	aa	0.5	1.0
True	PROKKA_06122025	46118	mmseqs2	0.9959840757953804	0.9969876277568586	0.9975925752478694	9.999000099990002e-05	0.9997294733032974	0.9989154683415423	0.9993223050590909	1956	1075	11	aa	0.9	1.0
True	PROKKA_06122025	46118	panaroo	0.27815820218823767	0.9441635287789134	0.8635291001126328	9.999000099990002e-05	0.9447563113895064	0.9740769441742384	0.9591926115719166	1883	1011	3	aa	0.6	37.0
True	PROKKA_06122025	46118	panx	0.15087737498364118	0.9463152232383002	0.8322559032098307	9.999000099990002e-05	0.9224477555971963	0.9744514934592585	0.9477367799338264	1829	987	1	aa	0.6	966.0
True	PROKKA_06122025	46118	panaroo	0.27786355027854287	0.9441635287789134	0.8625164179351494	9.999000099990002e-05	0.9440661189179702	0.9740584838623375	0.9588278166351875	1874	1002	4	aa	0.5	38.0
True	PROKKA_06122025	46118	panx	0.18965067465455376	0.9454545454545454	0.8447651276813994	9.999000099990002e-05	0.9314982776005981	0.9742935449962141	0.9524154194393931	1848	994	1	aa	0.7	985.0
True	PROKKA_06122025	46118	diamond	0.9928242383417712	0.9994620763851533	0.9973244504709542	9.999000099990002e-05	0.9986745040724847	0.9998131544622904	0.9992435048909261	1930	1056	8	aa	0.8	1.0
True	PROKKA_06122025	46118	panx	0.2222820621989847	0.9443786982248521	0.8528447001671504	9.999000099990002e-05	0.9374697740264673	0.9740400480816582	0.9554050868132966	1868	1004	3	aa	0.85	916.0
True	PROKKA_06122025	46118	panta	0.23921160787542226	0.9426573426573427	0.8558912832784666	9.999000099990002e-05	0.9404097855002043	0.9734159968818535	0.9566282754230214	1890	1018	7	aa	0.9	8.0
True	PROKKA_06122025	46118	mmseqs2	0.9980738946819346	1.0	0.9992292473487238	9.999000099990002e-05	0.9995649308785235	1.0000000000000002	0.9997824181076805	1936	1062	5	nt	0.8	1.0
True	PROKKA_06122025	46118	panx	0.2115013595085572	0.9447014523937601	0.8502565679262907	9.999000099990002e-05	0.9355667008964462	0.9741168080225697	0.9544526557548025	1861	1001	2	aa	0.8	1254.0
True	PROKKA_06122025	46118	mmseqs2	0.9978031505219456	0.999677245831092	0.9991315028263236	9.999000099990002e-05	0.9996457544814218	0.9998641592880241	0.9997549449566351	1940	1065	7	aa	0.85	1.0
True	PROKKA_06122025	46118	ppanggolin	0.27783111638437175	0.9441635287789134	0.8625202575918597	9.999000099990002e-05	0.9440688980328488	0.9740585582469716	0.9588292860237688	1877	1008	2	aa	0.8	5.0
True	PROKKA_06122025	46118	mmseqs2	0.9970129954443261	1.0	0.9986703140691761	9.999000099990002e-05	0.9992490117809004	1.0	0.9996243648416608	1931	1057	6	nt	0.5	3.0
True	PROKKA_06122025	46118	hdbscan_dist	0.964843285485601	0.9927918235610543	0.9775484273685782	9.999000099990002e-05	0.9890116471135239	0.9981044048528184	0.9935372224062426	1766	899	0	aa	0.9	2382.0
True	PROKKA_06122025	46118	hdbscan_tsne	0.851019330754365	0.9657880580957504	0.910476072854005	9.999000099990002e-05	0.9542738000828678	0.9915707519825503	0.9725648315956571	1141	223	0	aa	0.9	2382.0
True	PROKKA_06122025	46118	hdbscan_umap	0.16479583076861437	0.9685852608929532	0.807755040705077	9.999000099990002e-05	0.8814308830798625	0.9900285813880303	0.9325788597994251	864	68	0	aa	0.9	2382.0
True	PROKKA_06122025	46118	cdhit	0.9945352246960035	0.9983862291554599	0.9977635656728038	9.999000099990002e-05	0.9991741203358431	0.9995634087292842	0.9993687266222699	1938	1062	6	nt	0.9	1.0
True	PROKKA_06122025	46118	mmseqs2	0.9974401851148705	0.999677245831092	0.99883790197049	9.999000099990002e-05	0.9994798962045229	0.9998641367490559	0.9996719795544805	1936	1060	8	aa	0.7	0.0
True	PROKKA_06122025	46118	mmseqs2	0.9976005022002299	0.9994620763851533	0.9989337879282153	9.999000099990002e-05	0.9996457544814218	0.999752718521312	0.99969923364018	1943	1069	6	nt	0.9	1.0
True	PROKKA_06122025	46118	mmseqs2	0.9963016204099024	0.9998924152770307	0.9983165560145147	9.999000099990002e-05	0.9990981414399764	0.9999508615585196	0.9995243196298693	1929	1054	7	aa	0.6	1.0
True	PROKKA_06122025	46118	ppanggolin	0.27285041384312786	0.9329747175901022	0.8562340710563007	9.999000099990002e-05	0.9450174427025474	0.9701279549346447	0.9574080800316005	1957	1061	22	aa	0.95	5.0
True	PROKKA_06122025	46118	ppanggolin	0.2776114848501418	0.9441635287789134	0.8615933963863255	9.999000099990002e-05	0.9434355634630952	0.9740415956414017	0.9584943187011472	1868	1001	1	aa	0.7	6.0
True	PROKKA_06122025	46118	cdhit	0.9766438000039781	0.9741796664873588	0.9839545029136629	9.999000099990002e-05	0.9998211344355358	0.9913389780187957	0.9955619896294502	2086	1147	52	aa	0.95	1.0
True	PROKKA_06122025	46118	ppanggolin	0.27779708084847365	0.9440559440559441	0.8625751000934513	9.999000099990002e-05	0.9441687497149888	0.9740135855622217	0.9588589910070184	1880	1011	2	aa	0.85	6.0
True	PROKKA_06122025	46118	mmseqs2	0.9977647927818613	1.0	0.9989471625101205	9.999000099990002e-05	0.9994055346320423	1.0000000000000002	0.9997026789424853	1932	1057	6	nt	0.6	1.0
True	PROKKA_06122025	49444	panaroo	0.45115034818056043	0.9623160791785752	0.9092273928938158	9.999000099990002e-05	0.9637284316180447	0.9825966250614738	0.9730710716936567	1887	1021	2	aa	0.85	32.0
True	PROKKA_06122025	49444	panta	0.3906455348615124	0.9631629088599556	0.9034742496242326	9.999000099990002e-05	0.959620884928369	0.9828952816594667	0.9711186513672977	1971	1116	0	aa	0.6	11.0
True	PROKKA_06122025	49444	diamond	0.9769897022506439	1.0	0.9934344536678736	9.999000099990002e-05	0.9962265373745176	1.0	0.9981097022032152	1904	1044	11	aa	0.6	1.0
True	PROKKA_06122025	49444	diamond	0.9554516712823554	0.950354609929078	0.9727663290489758	9.999000099990002e-05	0.9998140981158344	0.9852521087756501	0.9924796917426948	2142	1117	93	aa	0.95	1.0
True	PROKKA_06122025	49444	diamond	0.9840173224372402	1.0	0.9954147628035276	9.999000099990002e-05	0.9973698454522784	1.0	0.9986831910205763	1919	1062	7	aa	0.7	1.0
True	PROKKA_06122025	49444	panta	0.3905741799090782	0.9632687625701281	0.9034957489907869	9.999000099990002e-05	0.959620884928369	0.9829069290710322	0.9711243363207361	1873	1016	1	aa	0.8	9.0
True	PROKKA_06122025	49444	mmseqs2	0.9972163972131451	1.0	0.9989018292828659	9.999000099990002e-05	0.9993722329922503	1.0	0.9996860179423367	1932	1068	6	nt	0.7	1.0
True	PROKKA_06122025	49444	cdhit	0.9842088477096225	0.9995765851593098	0.9954898355505186	9.999000099990002e-05	0.9975141041223796	0.999899656463236	0.998705455735692	1920	1061	7	aa	0.7	0.0
True	PROKKA_06122025	49444	panx	0.13248546501636296	0.9650682756430613	0.8453406857425756	9.999000099990002e-05	0.9197500087088554	0.9829907397537556	0.9503194191639047	1778	972	0	aa	0.5	983.0
True	PROKKA_06122025	49444	ppanggolin	0.4470715844777151	0.9632687625701281	0.9043209690974487	9.999000099990002e-05	0.9601218185834594	0.9828852724400217	0.9713702019861626	1851	999	4	aa	0.6	5.0
True	PROKKA_06122025	49444	panx	0.3339831121465814	0.9600931512649519	0.8942504504326938	9.999000099990002e-05	0.9548867706488849	0.98178387252336	0.9681485438054512	1879	1022	4	aa	0.9	1007.0
True	PROKKA_06122025	49444	panaroo	0.421556319639999	0.9154228855721394	0.8805755164344204	9.999000099990002e-05	0.9637284316180447	0.9677453312961029	0.9657327044697046	2130	1085	117	aa	0.95	32.0
True	PROKKA_06122025	49444	cdhit	0.9910700733651089	1.0	0.9974572327436193	9.999000099990002e-05	0.99854437042077	0.9999999999999999	0.9992716551102022	1928	1068	5	nt	0.8	37.0
True	PROKKA_06122025	49444	panta	0.3746481516210887	0.9359585053456123	0.8873171015645064	9.999000099990002e-05	0.959620884928369	0.97431982419918	0.9669144948327425	2000	1053	54	aa	0.95	10.0
True	PROKKA_06122025	49444	mmseqs2	0.9870438858796801	1.0	0.9955594222557271	9.999000099990002e-05	0.997453156393635	1.0	0.9987249545261109	1910	1048	8	aa	0.5	1.0
True	PROKKA_06122025	49444	cdhit	0.9754009304367117	0.999788292579655	0.9928741118403519	9.999000099990002e-05	0.995959826000732	0.9999429675310835	0.9979474222696291	1905	1048	9	aa	0.6	0.0
True	PROKKA_06122025	49444	panaroo	0.451745570164515	0.9632687625701281	0.909606934267109	9.999000099990002e-05	0.9635536008632283	0.9829451884852652	0.9731528023535732	1881	1021	0	aa	0.8	31.0
True	PROKKA_06122025	49444	cdhit	0.991989141043564	0.9948131682015454	0.9956018816226945	9.999000099990002e-05	0.9991151654047898	0.9983778130978558	0.998746353158623	1953	1082	10	aa	0.9	0.0
True	PROKKA_06122025	49444	cdhit	0.989608803797424	0.9992590240287922	0.9969431505124864	9.999000099990002e-05	0.9984354640876603	0.9998145972749357	0.9991245547627968	1933	1074	5	aa	0.85	0.0
True	PROKKA_06122025	49444	panta	0.3902262339831523	0.9626336403090928	0.903169403077718	9.999000099990002e-05	0.959620884928369	0.9827297029228514	0.9710378271180106	1875	1016	1	aa	0.85	9.0
True	PROKKA_06122025	49444	mmseqs2	0.9984315086629738	1.0	0.99947061146737	9.999000099990002e-05	0.9996975465969032	1.0	0.9998487504254774	1937	1073	5	nt	0.85	1.0
True	PROKKA_06122025	49444	mmseqs2	0.9692490396631711	0.9680321795278924	0.980096165022526	9.999000099990002e-05	0.9999999999999999	0.9889774199084661	0.9944581673068761	2117	1163	64	aa	0.95	1.0
True	PROKKA_06122025	49444	diamond	0.9855760835349919	0.9915317031861967	0.9935419093364904	9.999000099990002e-05	0.9988046988992861	0.9975190569843045	0.9981614639620666	1962	1080	10	aa	0.9	1.0
True	PROKKA_06122025	49444	mmseqs2	0.9798421363085345	0.9798877950672171	0.9871562082009145	9.999000099990002e-05	0.9999999999999999	0.9928102233447563	0.9963921418251376	2056	1137	46	nt	0.95	1.0
True	PROKKA_06122025	49444	hdbscan_dist	0.02510537476987298	0.9990473166084471	0.7152052465945952	9.999000099990002e-05	0.8000811700427326	0.9997326223534113	0.8888333333166876	1523	886	0	nt	0.9	2500.0
True	PROKKA_06122025	49444	hdbscan_tsne	0.859542268325816	0.9744892558484175	0.9102782764098926	9.999000099990002e-05	0.9521526235291932	0.9926784958727205	0.9719933260394271	1057	145	0	nt	0.9	2500.0
True	PROKKA_06122025	49444	hdbscan_umap	0.7547749128298523	0.9884619455911929	0.8920073053123382	9.999000099990002e-05	0.9350901411027428	0.9964604341858324	0.9648003421985694	895	53	0	nt	0.9	2500.0
True	PROKKA_06122025	49444	panx	0.43680136588171165	0.943897533608553	0.8974659434627863	9.999000099990002e-05	0.9631891527227068	0.9767771138934443	0.9699355467360937	1973	1054	41	aa	0.95	943.0
True	PROKKA_06122025	49444	diamond	0.988714558580294	0.9975653646660315	0.9961987224319793	9.999000099990002e-05	0.9985115008139387	0.9993143281113003	0.9989127531543462	1935	1068	7	aa	0.85	1.0
True	PROKKA_06122025	49444	panta	0.3906455348615124	0.9631629088599556	0.9034742496242325	9.999000099990002e-05	0.959620884928369	0.9828952816594667	0.9711186513672977	1971	1116	0	aa	0.7	11.0
True	PROKKA_06122025	49444	mmseqs2	0.9975387040692455	0.9998941462898274	0.9991718572366688	9.999000099990002e-05	0.9995751537620724	0.9999516287622735	0.9997633558204306	1938	1075	5	aa	0.8	1.0
True	PROKKA_06122025	49444	panta	0.390643362676847	0.9631629088599556	0.9034427406662279	9.999000099990002e-05	0.9596002651072257	0.9828949204014009	0.9711079164839876	1971	1115	1	aa	0.5	11.0
True	PROKKA_06122025	49444	panaroo	0.4517310572232829	0.9632687625701281	0.9095174708975033	9.999000099990002e-05	0.9634957659715978	0.9829441822120885	0.973122811861224	1879	1018	1	aa	0.7	35.0
True	PROKKA_06122025	49444	cdhit	0.9845051949947434	0.9857097491267068	0.9903088447336058	9.999000099990002e-05	0.9996283987001254	0.9949075094905868	0.9972623671327857	2019	1118	34	nt	0.95	1.0
True	PROKKA_06122025	49444	cdhit	0.9875247968614188	1.0	0.9965457444635375	9.999000099990002e-05	0.9980208065140556	0.9999999999999999	0.9990094229852402	1926	1068	6	aa	0.8	0.0
True	PROKKA_06122025	49444	ppanggolin	0.44924702460488963	0.9615751032073674	0.9072548963145325	9.999000099990002e-05	0.9626387554761858	0.9824222701591666	0.9724299022332129	1881	1020	1	aa	0.9	5.0
True	PROKKA_06122025	49444	cdhit	0.9684231384256438	0.9992590240287922	0.9899928848644177	9.999000099990002e-05	0.9945026192077732	0.9997301548934455	0.997109535511085	1890	1035	10	aa	0.5	3.0
True	PROKKA_06122025	49444	panaroo	0.44826385694547183	0.9575526622208108	0.9063974023230007	9.999000099990002e-05	0.9637284316180448	0.9810746609153161	0.9723241883912255	1912	1027	16	aa	0.9	36.0
True	PROKKA_06122025	49444	ppanggolin	0.44521701426223653	0.9632687625701281	0.9017198016589595	9.999000099990002e-05	0.9584179922182676	0.9828553683920591	0.9704828675123912	1831	983	4	aa	0.5	5.0
True	PROKKA_06122025	49444	cdhit	0.9916035986356969	0.999788292579655	0.9976153975404312	9.999000099990002e-05	0.998717564372189	0.9999178535154847	0.999317348524419	1933	1073	5	nt	0.85	32.0
True	PROKKA_06122025	49444	diamond	0.9677942146221497	1.0	0.9904141877357607	9.999000099990002e-05	0.9944741348438172	1.0000000000000002	0.9972294124753766	1885	1027	13	aa	0.5	1.0
True	PROKKA_06122025	49444	mmseqs2	0.9953465293286512	0.9956599978829258	0.9971144207462289	9.999000099990002e-05	0.9998941564762083	0.9984643970743673	0.9991787653025234	1962	1087	9	aa	0.9	1.0
True	PROKKA_06122025	49444	panaroo	0.4514062106210789	0.9632687625701281	0.9091190373003317	9.999000099990002e-05	0.9632383724854813	0.9829397023648843	0.9729893182874448	1876	1014	3	aa	0.6	37.0
True	PROKKA_06122025	49444	panx	0.20471860213642296	0.9641155922515084	0.8712173020409432	9.999000099990002e-05	0.9379679219142677	0.9828938213108219	0.9599054989656826	1820	993	0	aa	0.6	977.0
True	PROKKA_06122025	49444	panaroo	0.45050661688198995	0.9632687625701281	0.9079036300719545	9.999000099990002e-05	0.9624517185749629	0.9829259963190874	0.9725811158897085	1866	1005	2	aa	0.5	38.0
True	PROKKA_06122025	49444	panx	0.24369487824753136	0.9639038848311633	0.8809125250553648	9.999000099990002e-05	0.9445727634635049	0.9829094332281364	0.9633598496237403	1841	1006	1	aa	0.7	969.0
True	PROKKA_06122025	49444	diamond	0.9867583359156646	0.9990473166084471	0.9961579863238899	9.999000099990002e-05	0.9980208065140556	0.9997782777941545	0.9988987691270963	1928	1068	6	aa	0.8	1.0
True	PROKKA_06122025	49444	panx	0.3199765126961101	0.9627394940192654	0.89361293684116	9.999000099990002e-05	0.9534200148574437	0.9826392802899541	0.9678091570457085	1862	1014	0	aa	0.85	1215.0
True	PROKKA_06122025	49444	panta	0.3885736718826459	0.9596697364242617	0.9014238176065058	9.999000099990002e-05	0.959620884928369	0.9817846711332239	0.9705762631412617	1889	1018	9	aa	0.9	9.0
True	PROKKA_06122025	49444	mmseqs2	0.9985221139607794	1.0	0.9994920034525897	9.999000099990002e-05	0.9997097744786684	1.0000000000000002	0.9998548661785649	1937	1073	5	nt	0.8	0.0
True	PROKKA_06122025	49444	panx	0.29998845380251443	0.9635863237006457	0.8908200836594218	9.999000099990002e-05	0.9512694090627352	0.9828759667953617	0.966814440926477	1853	1010	0	aa	0.8	1046.0
True	PROKKA_06122025	49444	mmseqs2	0.9974560442427693	0.9989414628982746	0.9989245855173228	9.999000099990002e-05	0.9997499845168889	0.9996360887619323	0.9996930333953541	1943	1076	7	aa	0.85	1.0
True	PROKKA_06122025	49444	ppanggolin	0.44975440441025705	0.9632687625701281	0.9073869253448329	9.999000099990002e-05	0.9621171245196304	0.9829201599346684	0.9724073933873615	1871	1017	0	aa	0.8	5.0
True	PROKKA_06122025	49444	mmseqs2	0.9970223078241726	0.9998941462898274	0.998709428023893	9.999000099990002e-05	0.9993049162352735	0.9999572714705852	0.999630987421828	1931	1066	7	nt	0.5	4.0
True	PROKKA_06122025	49444	hdbscan_dist	0.9680274715515182	0.9976712183762041	0.9789197617688407	9.999000099990002e-05	0.9883289478676648	0.999395207704152	0.9938312731829595	1715	852	0	aa	0.9	2539.0
True	PROKKA_06122025	49444	hdbscan_tsne	0.8665797009775835	0.9853921879961892	0.9163078517203329	9.999000099990002e-05	0.9520796583702651	0.9962797336679456	0.9736783391687461	1030	141	0	aa	0.9	2539.0
True	PROKKA_06122025	49444	hdbscan_umap	0.2842113779920025	0.9817931618503228	0.8350882632443724	9.999000099990002e-05	0.8962320805130516	0.9937812278539708	0.9424892549395975	853	73	0	aa	0.9	2539.0
True	PROKKA_06122025	49444	cdhit	0.9906347404789523	0.9985180480575844	0.9970896862906411	9.999000099990002e-05	0.998825536612602	0.9995103152985141	0.9991678086274701	1940	1077	6	nt	0.9	1.0
True	PROKKA_06122025	49444	mmseqs2	0.9972293083927145	1.0	0.9989378618776079	9.999000099990002e-05	0.9993928528133936	1.0000000000000002	0.9996963342217854	1933	1070	5	aa	0.7	0.0
True	PROKKA_06122025	49444	mmseqs2	0.9966616643785369	0.9980946332168943	0.9984356157079203	9.999000099990002e-05	0.9997499845168888	0.9993575729458286	0.9995537402174627	1947	1077	10	nt	0.9	2.0
True	PROKKA_06122025	49444	mmseqs2	0.9940760136516763	1.0	0.9980389803556934	9.999000099990002e-05	0.9988780350139999	1.0	0.9994387026290015	1928	1064	8	aa	0.6	0.0
True	PROKKA_06122025	49444	ppanggolin	0.4421544227912354	0.9483433894357998	0.9003450913248257	9.999000099990002e-05	0.9633452137443845	0.9781649862903707	0.9706985394960085	1954	1046	36	aa	0.95	6.0
True	PROKKA_06122025	49444	ppanggolin	0.44790617760376567	0.9632687625701281	0.9055323693921277	9.999000099990002e-05	0.9609120634709103	0.9828991067333506	0.9717812340131886	1862	1012	0	aa	0.7	5.0
True	PROKKA_06122025	49444	cdhit	0.9730870511710578	0.971842913094104	0.9819312724669153	9.999000099990002e-05	0.9998945181922754	0.9900645152685226	0.994955237598051	2109	1173	59	aa	0.95	0.0
True	PROKKA_06122025	49444	ppanggolin	0.4501167962062248	0.9628453477294379	0.9078442184096882	9.999000099990002e-05	0.9625422156194041	0.9828199379711735	0.97257539312528	1874	1017	0	aa	0.85	5.0
True	PROKKA_06122025	49444	mmseqs2	0.9972163972131451	1.0	0.9989018292828659	9.999000099990002e-05	0.9993722329922503	1.0	0.9996860179423367	1932	1068	6	nt	0.6	1.0
True	PROKKA_06122025	53144	panaroo	0.81181630649129	0.986415633937083	0.9639847296787268	9.999000099990002e-05	0.9866853104590195	0.9940489079835747	0.9903534217290534	1898	1022	1	aa	0.85	35.0
True	PROKKA_06122025	53144	panta	0.7262742847317921	0.9858198284080076	0.957879123487729	9.999000099990002e-05	0.9834902289585999	0.9938508353275343	0.9886433890855869	1986	1116	1	aa	0.6	10.0
True	PROKKA_06122025	53144	diamond	0.983643528180691	0.9996425166825548	0.9935552683910536	9.999000099990002e-05	0.9967200250422366	0.9998649485978733	0.998290009954732	1906	1034	7	aa	0.6	1.0
True	PROKKA_06122025	53144	diamond	0.9717382354734556	0.9722354623450906	0.9833800817136303	9.999000099990002e-05	0.9995764338494736	0.9918612190595656	0.9957038813370644	2045	1104	35	aa	0.95	1.0
True	PROKKA_06122025	53144	diamond	0.9875696086596668	0.9996425166825548	0.995242577147793	9.999000099990002e-05	0.9976182393479804	0.9998650701761773	0.9987403911097754	1919	1047	6	aa	0.7	1.0
True	PROKKA_06122025	53144	panta	0.7265361459784844	0.9862964728312679	0.9582157495793161	9.999000099990002e-05	0.9834902289585999	0.9940249726250587	0.9887295401164857	1889	1017	2	aa	0.8	8.0
True	PROKKA_06122025	53144	mmseqs2	0.997865081193191	1.0	0.9989032995486141	9.999000099990002e-05	0.9994217181086281	1.0	0.9997107754276477	1932	1054	5	nt	0.7	1.0
True	PROKKA_06122025	53144	cdhit	0.9904824243081162	0.9996425166825548	0.9961722573280071	9.999000099990002e-05	0.9981242536320197	0.9998528056959197	0.9989877819346042	1921	1045	7	aa	0.7	1.0
True	PROKKA_06122025	53144	panx	0.20947476148978983	0.9873689227836034	0.8950848892269675	9.999000099990002e-05	0.9458134678620039	0.9942863469281418	0.9694443663844898	1797	976	2	aa	0.5	1430.0
True	PROKKA_06122025	53144	ppanggolin	0.8029520490189554	0.9866539561487131	0.9593433679404353	9.999000099990002e-05	0.9840101977188038	0.9941201357642697	0.9890393315259413	1868	999	4	aa	0.6	5.0
True	PROKKA_06122025	53144	panx	0.6454502943925183	0.9843898951382268	0.9511016926382607	9.999000099990002e-05	0.9801458653736858	0.9934092134952553	0.9867329710296467	1888	1018	4	aa	0.9	985.0
True	PROKKA_06122025	53144	panaroo	0.7865153847720648	0.9598427073403241	0.947852742255404	9.999000099990002e-05	0.9867322304135764	0.9858770575361899	0.9863044586060281	2012	1053	49	aa	0.95	35.0
True	PROKKA_06122025	53144	cdhit	0.9946035128671183	1.0	0.9978276635902472	9.999000099990002e-05	0.9988533245615739	1.0	0.9994263333760731	1928	1053	5	nt	0.8	31.0
True	PROKKA_06122025	53144	panta	0.7153446839779268	0.9743803622497617	0.9514975729593593	9.999000099990002e-05	0.9834902289585998	0.9905814524567823	0.9870231042272545	1929	1025	14	aa	0.95	8.0
True	PROKKA_06122025	53144	mmseqs2	0.9898011812826003	1.0	0.9954797181487852	9.999000099990002e-05	0.9976083750382798	1.0	0.9988027558396303	1910	1036	6	aa	0.5	3.0
True	PROKKA_06122025	53144	cdhit	0.9835418663845368	0.9991658722592945	0.9935761370669399	9.999000099990002e-05	0.9967586245299997	0.9998377378465226	0.9982958069129708	1905	1033	7	aa	0.6	0.0
True	PROKKA_06122025	53144	panaroo	0.8121233786488323	0.9866539561487131	0.9641534215302688	9.999000099990002e-05	0.9866853104590194	0.9941359838393288	0.990396634644871	1897	1022	1	aa	0.8	36.0
True	PROKKA_06122025	53144	cdhit	0.9931820841075204	0.9973784556720686	0.9966447991013359	9.999000099990002e-05	0.9990759332991719	0.9991564926177161	0.9991162113345579	1943	1063	7	aa	0.9	0.0
True	PROKKA_06122025	53144	cdhit	0.9925030320587086	0.9997616777883699	0.9973799984088821	9.999000099990002e-05	0.9987302421283955	0.9998866320645702	0.9993081025557057	1932	1059	4	aa	0.85	0.0
True	PROKKA_06122025	53144	panta	0.7262088026142413	0.9858198284080076	0.9580156810821613	9.999000099990002e-05	0.9834902289585998	0.9939214397017712	0.9886783210512631	1890	1017	2	aa	0.85	8.0
True	PROKKA_06122025	53144	mmseqs2	0.9982906951239329	0.9998808388941849	0.9992393330034764	9.999000099990002e-05	0.9996565040557789	0.9999426064125527	0.9997995347664235	1938	1061	4	nt	0.85	1.0
True	PROKKA_06122025	53144	mmseqs2	0.9816868546317035	0.9833174451858914	0.9888727799438438	9.999000099990002e-05	0.9998641377403306	0.9943671771132696	0.997108081430999	2023	1111	25	aa	0.95	0.0
True	PROKKA_06122025	53144	diamond	0.989668402286411	0.9955910390848427	0.9950739636437953	9.999000099990002e-05	0.9988894328727596	0.9985183366472563	0.9987038502872251	1958	1081	6	aa	0.9	1.0
True	PROKKA_06122025	53144	mmseqs2	0.9895601875214987	0.9914204003813155	0.9938109942061203	9.999000099990002e-05	0.9997730492437383	0.9969926184501905	0.9983808980175571	1984	1090	13	nt	0.95	1.0
True	PROKKA_06122025	53144	hdbscan_dist	0.02573875194187071	0.9951143946615825	0.7070784921498978	9.999000099990002e-05	0.8075986806197877	0.99846330403241	0.8929457060014832	1539	874	0	nt	0.9	1743.0
True	PROKKA_06122025	53144	hdbscan_tsne	0.7633580499806163	0.853670162059104	0.8557756731175535	9.999000099990002e-05	0.9669874649254651	0.958646668607845	0.9627990028774663	1783	549	23	nt	0.9	1743.0
True	PROKKA_06122025	53144	hdbscan_umap	0.7784762481894986	0.9902287893231649	0.8849653039235518	9.999000099990002e-05	0.9346285531215426	0.9974418250879792	0.9650141323203838	922	64	2	nt	0.9	1743.0
True	PROKKA_06122025	53144	panx	0.7572104521241256	0.9785510009532888	0.9556083316724657	9.999000099990002e-05	0.9847458883162566	0.991535038588876	0.988128802012941	1928	1040	8	aa	0.95	994.0
True	PROKKA_06122025	53144	diamond	0.9915970444779058	0.9989275500476644	0.996747601080379	9.999000099990002e-05	0.9986325243908771	0.999650752039735	0.999141378795744	1933	1058	5	aa	0.85	1.0
True	PROKKA_06122025	53144	panta	0.7262742847317921	0.9858198284080076	0.9578791234877291	9.999000099990002e-05	0.9834902289585999	0.9938508353275343	0.9886433890855869	1986	1116	1	aa	0.7	9.0
True	PROKKA_06122025	53144	mmseqs2	0.9985131331137341	1.0	0.9993557585848541	9.999000099990002e-05	0.9996604492153264	1.0	0.999830195779085	1937	1060	4	aa	0.8	1.0
True	PROKKA_06122025	53144	panta	0.7261760590338722	0.9857006673021925	0.9577861648218469	9.999000099990002e-05	0.9834902289585999	0.9938027756703023	0.9886196098358372	1987	1117	1	aa	0.5	10.0
True	PROKKA_06122025	53144	panaroo	0.8120183823697951	0.9866539561487131	0.9640171511206197	9.999000099990002e-05	0.9866098676302087	0.9941355380668349	0.9903584062823507	1895	1019	2	aa	0.7	35.0
True	PROKKA_06122025	53144	cdhit	0.9903427381129646	0.9926120114394662	0.9941137248447128	9.999000099990002e-05	0.9994885373797672	0.9974284431449484	0.9984574276272313	1973	1079	17	nt	0.95	1.0
True	PROKKA_06122025	53144	cdhit	0.9915230787190608	0.9996425166825548	0.9968477039285353	9.999000099990002e-05	0.9984796591490066	0.9998554833287436	0.9991670976215791	1928	1055	4	aa	0.8	1.0
True	PROKKA_06122025	53144	ppanggolin	0.8075720947395744	0.9861773117254529	0.961986036209964	9.999000099990002e-05	0.9856507032576179	0.9939741740409956	0.9897949403427649	1890	1018	1	aa	0.9	5.0
True	PROKKA_06122025	53144	cdhit	0.9754332994659706	0.9995233555767398	0.9906144884839119	9.999000099990002e-05	0.9951326178416876	0.9998792341592952	0.9975002793256499	1887	1019	7	aa	0.5	3.0
True	PROKKA_06122025	53144	panaroo	0.8093368751606529	0.9840324118207817	0.9625566296672481	9.999000099990002e-05	0.9866853104590195	0.9933134918604801	0.9899883070144808	1907	1023	4	aa	0.9	41.0
True	PROKKA_06122025	53144	ppanggolin	0.7949007706201561	0.9866539561487131	0.9555526239361094	9.999000099990002e-05	0.9818833668342292	0.9941074745985617	0.9879576096072797	1848	986	4	aa	0.5	5.0
True	PROKKA_06122025	53144	cdhit	0.994939168648923	0.9997616777883699	0.997951478523084	9.999000099990002e-05	0.999006108053841	0.9999129804305654	0.9994593385266461	1932	1057	5	nt	0.85	28.0
True	PROKKA_06122025	53144	diamond	0.97391459356105	0.9996425166825548	0.9900363179158279	9.999000099990002e-05	0.9948370496268022	0.9998646930142461	0.9973445352359128	1887	1020	9	aa	0.5	1.0
True	PROKKA_06122025	53144	mmseqs2	0.9972786294235723	0.9990467111534795	0.9987440967789796	9.999000099990002e-05	0.999710693967002	0.9996279328079636	0.999669311674564	1943	1064	5	aa	0.9	0.0
True	PROKKA_06122025	53144	panaroo	0.8110979097340509	0.9866539561487131	0.9636187088484267	9.999000099990002e-05	0.9863892336860236	0.9941342340079381	0.9902465901157994	1893	1017	3	aa	0.6	44.0
True	PROKKA_06122025	53144	panx	0.3608587674702584	0.9867731172545281	0.9247355993407814	9.999000099990002e-05	0.9640332829896808	0.9941282130994461	0.9788494839685103	1838	993	2	aa	0.6	1438.0
True	PROKKA_06122025	53144	panaroo	0.809367484420644	0.9866539561487131	0.96248778349204	9.999000099990002e-05	0.985761900411223	0.9941305229781819	0.9899285254197209	1884	1009	2	aa	0.5	44.0
True	PROKKA_06122025	53144	panx	0.46156686999965735	0.9866539561487131	0.9367302944086312	9.999000099990002e-05	0.9710846938927473	0.9941324401210803	0.9824734169013576	1857	1004	2	aa	0.7	1023.0
True	PROKKA_06122025	53144	diamond	0.9914504875629238	0.9991658722592945	0.9967742377583932	9.999000099990002e-05	0.9985591288869683	0.9997377392404949	0.9991480864871559	1931	1057	4	aa	0.8	0.0
True	PROKKA_06122025	53144	panx	0.548398278954548	0.9861773117254529	0.9446040621738843	9.999000099990002e-05	0.975885637861382	0.993910679791082	0.9848156878281762	1873	1013	3	aa	0.85	936.0
True	PROKKA_06122025	53144	panta	0.7254388837535956	0.9851048617731173	0.9574948283295411	9.999000099990002e-05	0.9834902289585998	0.9936521989518639	0.9885450990854364	1894	1019	4	aa	0.9	8.0
True	PROKKA_06122025	53144	mmseqs2	0.9986155339267176	1.0	0.9994072140702863	9.999000099990002e-05	0.9996875850457395	0.9999999999999999	0.9998437681182816	1937	1059	5	nt	0.8	1.0
True	PROKKA_06122025	53144	panx	0.5362638763397448	0.9866539561487131	0.9439981978097159	9.999000099990002e-05	0.975265446083958	0.9941574461246432	0.9846208338577006	1867	1008	2	aa	0.8	965.0
True	PROKKA_06122025	53144	mmseqs2	0.9986326027674863	1.0	0.9994510376313482	9.999000099990002e-05	0.999710693967002	1.0	0.9998553260559786	1938	1061	4	aa	0.85	2.0
True	PROKKA_06122025	53144	ppanggolin	0.8067568312277511	0.9866539561487131	0.9616150489519957	9.999000099990002e-05	0.9852769569294897	0.9941276510448065	0.9896825165253005	1884	1014	1	aa	0.8	6.0
True	PROKKA_06122025	53144	mmseqs2	0.9955169978245669	0.9998808388941849	0.9982647009645556	9.999000099990002e-05	0.9991419888795627	0.9999425768590192	0.9995421225606367	1931	1053	6	nt	0.5	4.0
True	PROKKA_06122025	53144	hdbscan_dist	0.956426862018744	0.9921353670162059	0.9711814564857854	9.999000099990002e-05	0.9863458423639679	0.9981151075597783	0.9921955749041889	1734	871	0	aa	0.9	1655.0
True	PROKKA_06122025	53144	hdbscan_tsne	0.8481579407588203	0.9841515729265967	0.9044421220569289	9.999000099990002e-05	0.9488469284029333	0.9961317119299417	0.9719145450231964	1052	161	0	aa	0.9	1655.0
True	PROKKA_06122025	53144	hdbscan_umap	0.3779462363861254	0.9753336510962822	0.8245356078400928	9.999000099990002e-05	0.8987130480335662	0.9921654126904563	0.9431298951399525	861	79	0	aa	0.9	1655.0
True	PROKKA_06122025	53144	cdhit	0.9951946844461048	0.9998808388941849	0.9981896122361588	9.999000099990002e-05	0.9991023082822569	0.9999425745785185	0.9995222648341905	1934	1060	4	nt	0.9	1.0
True	PROKKA_06122025	53144	mmseqs2	0.9981037394359992	1.0	0.9990193330917632	9.999000099990002e-05	0.9994829612565055	0.9999999999999998	0.9997414137787052	1933	1055	5	aa	0.7	1.0
True	PROKKA_06122025	53144	mmseqs2	0.9978275145346478	0.9994041944709247	0.9989741087503728	9.999000099990002e-05	0.999710693967002	0.9997489021381064	0.9997297976874895	1942	1064	5	nt	0.9	1.0
True	PROKKA_06122025	53144	mmseqs2	0.9955017128118195	1.0	0.9980786661646336	9.999000099990002e-05	0.9989860683115456	1.0000000000000002	0.9994927770110421	1928	1051	6	aa	0.6	1.0
True	PROKKA_06122025	53144	ppanggolin	0.8067589547024381	0.9818875119161106	0.9607280697161342	9.999000099990002e-05	0.9864583680227064	0.9925842686644749	0.9895118373304035	1916	1032	6	aa	0.95	5.0
True	PROKKA_06122025	53144	ppanggolin	0.8049874977553519	0.9866539561487131	0.9605533845344197	9.999000099990002e-05	0.984685676721553	0.9941241455591177	0.9893824014749307	1877	1008	2	aa	0.7	5.0
True	PROKKA_06122025	53144	cdhit	0.9829716473238762	0.9854623450905624	0.9894824685389556	9.999000099990002e-05	0.9996718595357555	0.9948636830890359	0.9972619758376478	2017	1110	24	aa	0.95	0.0
True	PROKKA_06122025	53144	ppanggolin	0.8077367397884742	0.9866539561487131	0.9620697989568138	9.999000099990002e-05	0.985529800219438	0.9941291487844821	0.989810797346539	1886	1015	1	aa	0.85	5.0
True	PROKKA_06122025	53144	mmseqs2	0.997865081193191	1.0	0.9989032995486141	9.999000099990002e-05	0.9994217181086281	1.0	0.9997107754276477	1932	1054	5	nt	0.6	1.0
True	PROKKA_06122025	54634	panaroo	0.2640454761224579	0.939469409853817	0.8576997544115963	9.999000099990002e-05	0.9437461009356942	0.9724327790176805	0.9578747091110076	1911	1016	5	aa	0.85	31.0
True	PROKKA_06122025	54634	panta	0.22951369713155212	0.9415268002165674	0.8519017050277863	9.999000099990002e-05	0.9390062903945232	0.9730165997146192	0.9557089640680643	1992	1110	0	aa	0.6	11.0
True	PROKKA_06122025	54634	diamond	0.9850186344920921	0.999675148890092	0.9943984081105037	9.999000099990002e-05	0.9969445604133955	0.999906982586958	0.9984235740546117	1905	1020	6	aa	0.6	1.0
True	PROKKA_06122025	54634	diamond	0.9591465943560261	0.9551705468327016	0.9763117681200181	9.999000099990002e-05	0.9999070313072579	0.9873108362442249	0.9935690126043749	2104	1088	59	aa	0.95	1.0
True	PROKKA_06122025	54634	diamond	0.9896010911393217	0.999350297780184	0.9960603458325186	9.999000099990002e-05	0.9979632242586517	0.99982658379485	0.9988940350392459	1919	1032	4	aa	0.7	1.0
True	PROKKA_06122025	54634	panta	0.22947478126759965	0.9414185165132648	0.8518166042859769	9.999000099990002e-05	0.9390062903945232	0.9729726568473862	0.9556877668339436	1894	1012	0	aa	0.8	8.0
True	PROKKA_06122025	54634	mmseqs2	0.9969801942628611	1.0	0.9989630626345026	9.999000099990002e-05	0.9994196646074976	1.0	0.9997097480820185	1934	1045	4	nt	0.7	1.0
True	PROKKA_06122025	54634	cdhit	0.9917643117425649	0.999675148890092	0.9967407857803442	9.999000099990002e-05	0.9982704062029317	0.9999019843700464	0.999085529165956	1920	1033	4	aa	0.7	0.0
True	PROKKA_06122025	54634	panx	0.09106863798977909	0.9452084461288576	0.7964989155764527	9.999000099990002e-05	0.898682298888381	0.973528384476671	0.9346092663268879	1793	963	1	aa	0.5	1263.0
True	PROKKA_06122025	54634	ppanggolin	0.26361389917482425	0.9409853817000542	0.8543330312262438	9.999000099990002e-05	0.9408122105307962	0.9728305008274395	0.9565534971840509	1871	990	3	aa	0.6	5.0
True	PROKKA_06122025	54634	panx	0.22233805004205673	0.9380617217108825	0.8480137382401808	9.999000099990002e-05	0.9376820289477167	0.971990003035868	0.9545278381826399	1896	1005	7	aa	0.9	1134.0
True	PROKKA_06122025	54634	panaroo	0.24798122762506625	0.902977801840823	0.835568625048923	9.999000099990002e-05	0.9437461009356942	0.9614387550767204	0.9525102758702699	2075	1057	76	aa	0.95	33.0
True	PROKKA_06122025	54634	cdhit	0.9979572215061593	1.0	0.9989175414478618	9.999000099990002e-05	0.9993941577497081	1.0	0.9996969870858411	1928	1036	4	nt	0.8	35.0
True	PROKKA_06122025	54634	panta	0.2190161729848441	0.9144558743909041	0.8364278423150787	9.999000099990002e-05	0.9390062903945232	0.9651920875431869	0.9519191405085015	1997	1032	39	aa	0.95	10.0
True	PROKKA_06122025	54634	mmseqs2	0.9882586329388907	1.0	0.9955986887533254	9.999000099990002e-05	0.9975285259807194	1.0000000000000002	0.9987627340550409	1911	1025	7	aa	0.5	1.0
True	PROKKA_06122025	54634	cdhit	0.983104463510851	0.9997834325933946	0.9939700799567645	9.999000099990002e-05	0.9967029707389582	0.9999064002687106	0.9983021156569477	1906	1024	5	aa	0.6	0.0
True	PROKKA_06122025	54634	panaroo	0.26437394560479466	0.9404439631835408	0.8579781268066516	9.999000099990002e-05	0.943558369989453	0.9727119810782247	0.9579134080157427	1906	1015	2	aa	0.8	31.0
True	PROKKA_06122025	54634	cdhit	0.9955072949428644	0.9961017866811045	0.9971318616031921	9.999000099990002e-05	0.9996407578602857	0.9987593008336278	0.9991998349498225	1951	1050	9	aa	0.9	0.0
True	PROKKA_06122025	54634	cdhit	0.9966607933615474	0.9995668651867894	0.9985395793011278	9.999000099990002e-05	0.9993600267557762	0.9998227170337178	0.9995913183522948	1933	1041	5	aa	0.85	1.0
True	PROKKA_06122025	54634	panta	0.22943586369448413	0.9413102328099621	0.8517314909813507	9.999000099990002e-05	0.9390062903945232	0.9729287179490238	0.9556665705400945	1895	1013	0	aa	0.85	10.0
True	PROKKA_06122025	54634	mmseqs2	0.9989071132259761	0.999350297780184	0.9993812001671063	9.999000099990002e-05	0.9998459927136651	0.9998080726330002	0.9998270323137873	1939	1047	4	nt	0.85	2.0
True	PROKKA_06122025	54634	mmseqs2	0.9693834958340285	0.9685977260422306	0.9815435432579253	9.999000099990002e-05	1.0	0.9899684354256013	0.9949589328173172	2087	1119	36	aa	0.95	0.0
True	PROKKA_06122025	54634	diamond	0.9896889264218036	0.9896047644829453	0.9938621194698471	9.999000099990002e-05	0.9995462961640912	0.9970447707795684	0.9982939663934849	1976	1067	10	aa	0.9	1.0
True	PROKKA_06122025	54634	mmseqs2	0.979901263003455	0.9799675148890092	0.9880423732865782	9.999000099990002e-05	0.9999491249363387	0.9934850730954022	0.9967066186182121	2033	1092	25	nt	0.95	1.0
True	PROKKA_06122025	54634	hdbscan_dist	0.022212480089098	0.9936112615051435	0.6940046585589595	9.999000099990002e-05	0.7879628575183505	0.9979300109978034	0.8806035310757337	1532	898	0	nt	0.9	2263.0
True	PROKKA_06122025	54634	hdbscan_tsne	0.8435458323144367	0.9605847319978343	0.9019510705606574	9.999000099990002e-05	0.9517335432462201	0.989341443860894	0.9701731711553916	1110	164	0	nt	0.9	2263.0
True	PROKKA_06122025	54634	hdbscan_umap	0.7795488157798655	0.978451543042772	0.8851895882537629	9.999000099990002e-05	0.934312855062275	0.994296680508794	0.9633719560243055	910	50	0	nt	0.9	2263.0
True	PROKKA_06122025	54634	panx	0.2523780999866344	0.9205197617758527	0.8458138066803776	9.999000099990002e-05	0.9431161834020102	0.9668927527668176	0.9548564778734641	1980	1032	27	aa	0.95	1035.0
True	PROKKA_06122025	54634	diamond	0.9966938542968453	0.9978343259339469	0.9980963988697826	9.999000099990002e-05	0.9994743742858894	0.9994613715404145	0.9994678728708617	1935	1037	7	aa	0.85	1.0
True	PROKKA_06122025	54634	panta	0.22951369713155212	0.9415268002165674	0.8519017050277862	9.999000099990002e-05	0.9390062903945232	0.9730165997146193	0.9557089640680643	1992	1110	0	aa	0.7	10.0
True	PROKKA_06122025	54634	mmseqs2	0.9976648258437749	0.999350297780184	0.999043448616955	9.999000099990002e-05	0.9996893024745422	0.9997757990479502	0.9997325488903316	1940	1049	4	aa	0.8	2.0
True	PROKKA_06122025	54634	panta	0.22951369713155212	0.9415268002165674	0.8519017050277863	9.999000099990002e-05	0.9390062903945232	0.9730165997146192	0.9557089640680643	1992	1110	0	aa	0.5	10.0
True	PROKKA_06122025	54634	panaroo	0.26467242853507317	0.9409853817000542	0.8582969748544783	9.999000099990002e-05	0.9435162763603723	0.9729062574306202	0.957985906628624	1901	1011	3	aa	0.7	42.0
True	PROKKA_06122025	54634	cdhit	0.9832592023235653	0.9832160259880888	0.9896381003127648	9.999000099990002e-05	0.9998569936895486	0.9944361532943992	0.997139206091992	2021	1091	23	nt	0.95	1.0
True	PROKKA_06122025	54634	cdhit	0.9946705271489593	0.9994585814834868	0.9978477792740557	9.999000099990002e-05	0.9989835697789847	0.9998112303673936	0.999397228714416	1929	1037	6	aa	0.8	0.0
True	PROKKA_06122025	54634	ppanggolin	0.2635012414225248	0.9379534380075799	0.8563535594330471	9.999000099990002e-05	0.9432971289789449	0.9720690152453261	0.957466972062069	1907	1007	8	aa	0.9	8.0
True	PROKKA_06122025	54634	cdhit	0.9723096274104616	0.9989171629669734	0.9901495564807464	9.999000099990002e-05	0.994824580986487	0.9996197118834449	0.9972163821024144	1890	1011	7	aa	0.5	3.0
True	PROKKA_06122025	54634	panaroo	0.26113323682985873	0.9328641039523552	0.8539655119962699	9.999000099990002e-05	0.9437461009356942	0.970530199880344	0.9569507720353226	1936	1018	16	aa	0.9	31.0
True	PROKKA_06122025	54634	ppanggolin	0.26316392663766014	0.9409853817000542	0.8525285270308471	9.999000099990002e-05	0.9395728520137888	0.9727956374270903	0.9558956618775636	1853	972	6	aa	0.5	6.0
True	PROKKA_06122025	54634	cdhit	0.999460890559598	1.0	0.9994523084055318	9.999000099990002e-05	0.9996936238658737	1.0	0.9998467884627575	1931	1038	4	nt	0.85	31.0
True	PROKKA_06122025	54634	diamond	0.9751283851456459	0.999675148890092	0.9911138227591717	9.999000099990002e-05	0.9950822586585515	0.9999068085205964	0.9974886999031256	1884	1000	11	aa	0.5	1.0
True	PROKKA_06122025	54634	mmseqs2	0.9958079448867247	0.9959935029778019	0.9975696624079764	9.999000099990002e-05	0.9998982498726772	0.9987471939220735	0.9993223904404365	1955	1054	9	aa	0.9	0.0
True	PROKKA_06122025	54634	panaroo	0.2643415715437274	0.9404439631835408	0.8577202193577663	9.999000099990002e-05	0.9432885305648365	0.9727757446306197	0.9578052412966443	1899	1008	4	aa	0.6	38.0
True	PROKKA_06122025	54634	panx	0.13003956944422382	0.9436924742826205	0.8204300577425039	9.999000099990002e-05	0.9164338751124775	0.9733416045979619	0.9440308947670166	1835	983	1	aa	0.6	1280.0
True	PROKKA_06122025	54634	panaroo	0.264388206826769	0.9409853817000542	0.8570927111288287	9.999000099990002e-05	0.9426971794787207	0.9728833544061137	0.9575524264703961	1888	996	6	aa	0.5	40.0
True	PROKKA_06122025	54634	panx	0.1758360608224321	0.9421765024363833	0.8371787381611082	9.999000099990002e-05	0.9287718712515151	0.9730038069950184	0.9503734608603632	1860	991	1	aa	0.7	1263.0
True	PROKKA_06122025	54634	diamond	0.9942516411189265	0.9972929074174337	0.997400712592546	9.999000099990002e-05	0.9992424478605391	0.9993041182898716	0.9992732821237034	1935	1037	6	aa	0.8	0.0
True	PROKKA_06122025	54634	panx	0.21812412524911545	0.9407688142934488	0.848151038739352	9.999000099990002e-05	0.9367958856521287	0.9727202237155284	0.9544201266456824	1882	1000	2	aa	0.85	918.0
True	PROKKA_06122025	54634	panta	0.22815711999578564	0.9381700054141852	0.8499484278144748	9.999000099990002e-05	0.939006290394523	0.972010292916169	0.9552232956506118	1907	1016	4	aa	0.9	8.0
True	PROKKA_06122025	54634	mmseqs2	0.9981349329188614	0.999675148890092	0.9992838458309836	9.999000099990002e-05	0.9997019159791852	0.9998975310321164	0.9997997139374223	1938	1048	3	nt	0.8	0.0
True	PROKKA_06122025	54634	panx	0.19641240960029335	0.94163508391987	0.8431658895284143	9.999000099990002e-05	0.9330555956244644	0.972934371322681	0.9525777943018647	1873	998	2	aa	0.8	975.0
True	PROKKA_06122025	54634	mmseqs2	0.9984216804294572	0.9987005955603682	0.9990437247185118	9.999000099990002e-05	0.9998982498726773	0.9995675627332973	0.9997328789571874	1944	1050	6	aa	0.85	0.0
True	PROKKA_06122025	54634	ppanggolin	0.2641006005232355	0.9403356794802382	0.8568988190506078	9.999000099990002e-05	0.9428070704764201	0.9727039042065067	0.957522176053014	1893	1002	3	aa	0.8	7.0
True	PROKKA_06122025	54634	mmseqs2	0.9968839710512828	1.0	0.9988813879536066	9.999000099990002e-05	0.9993739034073906	1.0	0.9996868536737714	1933	1044	4	nt	0.5	3.0
True	PROKKA_06122025	54634	hdbscan_dist	0.9613334800579012	0.9913373037357878	0.9748302571566015	9.999000099990002e-05	0.9878224301083655	0.9978329093523738	0.9928024363243744	1742	858	0	aa	0.9	2193.0
True	PROKKA_06122025	54634	hdbscan_tsne	0.8587672720692165	0.9697888467785598	0.9130281613603776	9.999000099990002e-05	0.9554088725459181	0.9924600531751536	0.9735820803239357	1150	223	0	aa	0.9	2193.0
True	PROKKA_06122025	54634	hdbscan_umap	0.10951901851730321	0.9612344342176502	0.785197962822794	9.999000099990002e-05	0.8677671229085331	0.9879627009330584	0.9239723795081994	880	74	0	aa	0.9	2193.0
True	PROKKA_06122025	54634	cdhit	0.9980199317765284	0.9982674607471576	0.9985762595975732	9.999000099990002e-05	0.9997601889204475	0.9994444326467786	0.9996022858481904	1941	1044	6	nt	0.9	2.0
True	PROKKA_06122025	54634	mmseqs2	0.9965385629176262	0.9997834325933946	0.9987206928478263	9.999000099990002e-05	0.999366140807793	0.9999178692742856	0.9996419289127105	1934	1044	5	aa	0.7	0.0
True	PROKKA_06122025	54634	mmseqs2	0.9968522896120271	0.997184623714131	0.9982162324548219	9.999000099990002e-05	0.9998982498726772	0.9991065723581115	0.9995022543490675	1949	1049	11	nt	0.9	0.0
True	PROKKA_06122025	54634	mmseqs2	0.99493600990562	1.0	0.9982482205579137	9.999000099990002e-05	0.9990189012319176	1.0	0.9995092098591576	1929	1040	5	aa	0.6	0.0
True	PROKKA_06122025	54634	ppanggolin	0.2569491378699149	0.9234434217650244	0.8486527420506469	9.999000099990002e-05	0.9436546529902209	0.9679210633753181	0.955633833765129	1966	1021	28	aa	0.95	8.0
True	PROKKA_06122025	54634	ppanggolin	0.2637418992803518	0.9405522468868436	0.8553596237450471	9.999000099990002e-05	0.9416608918537848	0.9727443118780859	0.9569502574305662	1882	998	2	aa	0.7	7.0
True	PROKKA_06122025	54634	cdhit	0.9696201973992669	0.9675148890092041	0.9802911355295729	9.999000099990002e-05	0.9999579063709191	0.9893471906222222	0.9946242503514369	2111	1142	53	aa	0.95	0.0
True	PROKKA_06122025	54634	ppanggolin	0.26411700849605274	0.940119112073633	0.8570505299746716	9.999000099990002e-05	0.9429948014226615	0.972645399772946	0.9575906321459563	1895	1002	4	aa	0.85	8.0
True	PROKKA_06122025	54634	mmseqs2	0.9969801942628611	1.0	0.9989630626345026	9.999000099990002e-05	0.9994196646074976	1.0	0.9997097480820185	1934	1045	4	nt	0.6	1.0
True	PROKKA_06122025	56065	panaroo	0.8160092450018461	0.9886135298057602	0.9645552758049362	9.999000099990002e-05	0.9873346182493629	0.9950861612011377	0.9911952349158486	1890	1015	7	aa	0.85	30.0
True	PROKKA_06122025	56065	panta	0.6579754457688171	0.9883456128600134	0.9533449011708477	9.999000099990002e-05	0.9816715589654567	0.9949375082178701	0.9882600165921996	1981	1114	7	aa	0.6	12.0
True	PROKKA_06122025	56065	diamond	0.9765658592748396	0.9995981245813798	0.9911876148712336	9.999000099990002e-05	0.995845551530037	0.9998235349814606	0.9978305785823351	1905	1042	9	aa	0.6	1.0
True	PROKKA_06122025	56065	diamond	0.9805434166513903	0.9828533154722037	0.988228234669508	9.999000099990002e-05	0.999687258182144	0.9946607688407675	0.9971676792120364	2009	1104	25	aa	0.95	0.0
True	PROKKA_06122025	56065	diamond	0.9844476712953658	0.9995981245813798	0.9939898301048267	9.999000099990002e-05	0.9972307302511192	0.999823780052643	0.9985255716957615	1919	1054	7	aa	0.7	1.0
True	PROKKA_06122025	56065	panta	0.6577940314550149	0.98821165438714	0.9532177181707013	9.999000099990002e-05	0.9816715589654565	0.994876247038022	0.9882297948383636	1883	1016	7	aa	0.8	10.0
True	PROKKA_06122025	56065	mmseqs2	0.9927271555223139	1.0	0.9975033940758875	9.999000099990002e-05	0.9987800368316461	1.0	0.999389646111191	1932	1062	7	nt	0.7	1.0
True	PROKKA_06122025	56065	cdhit	0.9874935503654008	0.9998660415271265	0.9951141149555782	9.999000099990002e-05	0.9976660836311989	0.9999411914225991	0.9988023419480515	1919	1051	7	aa	0.7	1.0
True	PROKKA_06122025	56065	panx	0.15459882997963112	0.9896851975887475	0.8724595466044225	9.999000099990002e-05	0.9357340391758248	0.9953047319822773	0.9646005362285244	1784	976	7	aa	0.5	1329.0
True	PROKKA_06122025	56065	ppanggolin	0.801696129175451	0.9886135298057602	0.9575600887017484	9.999000099990002e-05	0.98372117925946	0.9950682005342804	0.9893621561433726	1859	996	9	aa	0.6	5.0
True	PROKKA_06122025	56065	panx	0.6400548017383371	0.9872739450770261	0.9507938727631775	9.999000099990002e-05	0.9806167827952547	0.9946733216026156	0.9875950377016208	1877	1007	11	aa	0.9	980.0
True	PROKKA_06122025	56065	panaroo	0.8006820401455447	0.973476222371065	0.9545986395498604	9.999000099990002e-05	0.9875133010615575	0.9902197842253099	0.9888646907628209	1959	1046	32	aa	0.95	31.0
True	PROKKA_06122025	56065	cdhit	0.9927053432030318	1.0	0.9972283009877544	9.999000099990002e-05	0.9986452394627006	1.0000000000000002	0.9993221605762994	1928	1057	7	nt	0.8	28.0
True	PROKKA_06122025	56065	panta	0.6523490540019085	0.98231748158071	0.9494764229293841	9.999000099990002e-05	0.9816715589654565	0.9930840804429674	0.9873448420426026	1905	1024	16	aa	0.95	9.0
True	PROKKA_06122025	56065	mmseqs2	0.9815124278866545	1.0	0.9932554026700473	9.999000099990002e-05	0.9966903140394003	1.0	0.9983424139751026	1911	1045	10	aa	0.5	3.0
True	PROKKA_06122025	56065	cdhit	0.9787722050308892	0.9994641661085064	0.9917247946977218	9.999000099990002e-05	0.9960875081469105	0.9998474373560202	0.9979639312864268	1906	1042	10	aa	0.6	1.0
True	PROKKA_06122025	56065	panaroo	0.8150381777005056	0.9886135298057602	0.9641512672544119	9.999000099990002e-05	0.9871273475465139	0.9950851344956587	0.9910902673619298	1889	1015	7	aa	0.8	36.0
True	PROKKA_06122025	56065	cdhit	0.9961135149524353	0.9991962491627595	0.9978901033346671	9.999000099990002e-05	0.9992350059104878	0.999735361398285	0.9994851210332445	1935	1061	7	aa	0.9	0.0
True	PROKKA_06122025	56065	cdhit	0.9943439270855029	1.0	0.9977873132203747	9.999000099990002e-05	0.9989190743350141	1.0	0.9994592449094792	1930	1058	7	aa	0.85	0.0
True	PROKKA_06122025	56065	panta	0.6577940314550149	0.98821165438714	0.9532177181707013	9.999000099990002e-05	0.9816715589654565	0.994876247038022	0.9882297948383636	1883	1016	7	aa	0.85	8.0
True	PROKKA_06122025	56065	mmseqs2	0.9971529523016311	1.0	0.9989688226635919	9.999000099990002e-05	0.9994968469979083	1.0000000000000002	0.999748360192292	1937	1064	7	nt	0.85	4.0
True	PROKKA_06122025	56065	mmseqs2	0.987543182486038	0.9894172806430007	0.9922278418660745	9.999000099990002e-05	0.9999532392051145	0.9963001649779986	0.9981233595922323	1994	1103	18	aa	0.95	0.0
True	PROKKA_06122025	56065	diamond	0.9917982443745733	0.9961152042866711	0.9953751829590659	9.999000099990002e-05	0.9990906549325558	0.9986576100958738	0.9988740855794148	1957	1085	8	aa	0.9	0.0
True	PROKKA_06122025	56065	mmseqs2	0.9932090538827301	0.9945077026121902	0.9958336662678151	9.999000099990002e-05	0.9998804582313652	0.9980994718719244	0.9989891712717963	1966	1082	13	nt	0.95	1.0
True	PROKKA_06122025	56065	hdbscan_dist	0.02703695427007782	0.9954454119223041	0.6998054941399418	9.999000099990002e-05	0.8137034804515441	0.9984654253236955	0.8966656354241516	1525	861	0	nt	0.9	1313.0
True	PROKKA_06122025	56065	hdbscan_tsne	0.7627461690211763	0.875284661754856	0.8530597658453192	9.999000099990002e-05	0.9623100547341626	0.9654676918388054	0.9638862872331636	1612	447	0	nt	0.9	1313.0
True	PROKKA_06122025	56065	hdbscan_umap	0.7377189682812213	0.9931681178834562	0.8603933726073388	9.999000099990002e-05	0.9232260276821833	0.9981915860332803	0.9592463879388106	851	31	0	nt	0.9	1313.0
True	PROKKA_06122025	56065	panx	0.7896428393830358	0.9808439383791024	0.9578424123343705	9.999000099990002e-05	0.9864578360155871	0.9926981723563594	0.9895681662051671	1917	1027	17	aa	0.95	1023.0
True	PROKKA_06122025	56065	diamond	0.992435707364225	0.9995981245813798	0.9969173910833307	9.999000099990002e-05	0.9986696471696812	0.9998240339116098	0.9992465071373521	1931	1060	7	aa	0.85	1.0
True	PROKKA_06122025	56065	panta	0.6579754457688171	0.9883456128600134	0.9533449011708477	9.999000099990002e-05	0.9816715589654567	0.9949375082178701	0.9882600165921996	1981	1114	7	aa	0.7	10.0
True	PROKKA_06122025	56065	mmseqs2	0.9959429387222648	0.9998660415271265	0.9985775918518531	9.999000099990002e-05	0.9993594866442308	0.9999463150551632	0.9996528147279082	1938	1066	7	aa	0.8	0.0
True	PROKKA_06122025	56065	panta	0.6578244573506083	0.98821165438714	0.9531775635389156	9.999000099990002e-05	0.9816456501276005	0.9948805723256174	0.9882188003635408	1981	1113	8	aa	0.5	12.0
True	PROKKA_06122025	56065	panaroo	0.8148234088260039	0.9884795713328868	0.963901096576838	9.999000099990002e-05	0.9870594001618921	0.9950282896643629	0.9910278256420759	1888	1013	8	aa	0.7	36.0
True	PROKKA_06122025	56065	cdhit	0.9930929648628903	0.9955793703951775	0.9956760123299878	9.999000099990002e-05	0.9995671182409793	0.9983325670092568	0.9989494611953709	1961	1080	13	nt	0.95	1.0
True	PROKKA_06122025	56065	cdhit	0.9913029599018907	0.9994641661085064	0.9964960447919515	9.999000099990002e-05	0.9984476720942324	0.9998393019703561	0.9991430024588228	1928	1056	8	aa	0.8	1.0
True	PROKKA_06122025	56065	ppanggolin	0.8141187897021954	0.9884795713328868	0.9634344683417051	9.999000099990002e-05	0.9868168007878788	0.9950297614116511	0.9909062634548337	1885	1011	7	aa	0.9	7.0
True	PROKKA_06122025	56065	cdhit	0.9612689050536172	0.9985264567983925	0.9858960410909066	9.999000099990002e-05	0.993545548058516	0.9994936281080066	0.9965107122777331	1889	1030	10	aa	0.5	3.0
True	PROKKA_06122025	56065	panaroo	0.814399035039806	0.9871399866041527	0.9636334263293254	9.999000099990002e-05	0.9873346182493629	0.9946447754549066	0.9909762157840318	1895	1016	8	aa	0.9	35.0
True	PROKKA_06122025	56065	ppanggolin	0.7912608884761589	0.9886135298057602	0.953072408221306	9.999000099990002e-05	0.9813756168686122	0.9950564714295583	0.988168694740364	1839	982	10	aa	0.5	6.0
True	PROKKA_06122025	56065	cdhit	0.9940532489876424	0.9995981245813798	0.9974536170316234	9.999000099990002e-05	0.9989322999212147	0.9998240801708473	0.9993779911043237	1933	1061	7	nt	0.85	25.0
True	PROKKA_06122025	56065	diamond	0.9640489473010718	0.9995981245813798	0.9869561799641602	9.999000099990002e-05	0.9937391701607189	0.9998231610031502	0.9967718819633609	1885	1025	13	aa	0.5	1.0
True	PROKKA_06122025	56065	mmseqs2	0.9976546223962671	0.9991962491627595	0.9988879021050929	9.999000099990002e-05	0.9997554288584651	0.9997025624694691	0.999728994965064	1943	1067	9	aa	0.9	3.0
True	PROKKA_06122025	56065	panaroo	0.8144172989280115	0.9886135298057602	0.9635919921611882	9.999000099990002e-05	0.9868400612731125	0.9950837107272279	0.9909447416081197	1884	1009	9	aa	0.6	37.0
True	PROKKA_06122025	56065	panx	0.30863811778826944	0.988881446751507	0.9145030416168318	9.999000099990002e-05	0.9603573774214128	0.9951302358699735	0.9774346378029797	1828	990	7	aa	0.6	999.0
True	PROKKA_06122025	56065	panaroo	0.8099627148676298	0.9886135298057602	0.9615485994256806	9.999000099990002e-05	0.9857878392465438	0.9950784889456813	0.9904113766159066	1874	1001	9	aa	0.5	46.0
True	PROKKA_06122025	56065	panx	0.4220698423965769	0.988881446751507	0.9313301758685758	9.999000099990002e-05	0.9696225243528114	0.9951765440457451	0.9822333574301191	1848	998	7	aa	0.7	1780.0
True	PROKKA_06122025	56065	diamond	0.9909104301414551	0.9995981245813798	0.9963852591206254	9.999000099990002e-05	0.9984087230275375	0.9998239879327254	0.9991158542935726	1929	1059	7	aa	0.8	0.0
True	PROKKA_06122025	56065	panx	0.5972925831353366	0.9884795713328868	0.947915867829668	9.999000099990002e-05	0.9786807939003234	0.9950518678052259	0.9867984361307589	1867	1004	7	aa	0.85	944.0
True	PROKKA_06122025	56065	panta	0.6561995121917115	0.9863362357669122	0.9521436163920471	9.999000099990002e-05	0.9816715589654567	0.9943597601665707	0.9879749237618386	1889	1017	10	aa	0.9	8.0
True	PROKKA_06122025	56065	mmseqs2	0.9969769240953263	1.0	0.9988487104165397	9.999000099990002e-05	0.9994381722242287	1.0000000000000002	0.9997190071773282	1936	1063	7	nt	0.8	0.0
True	PROKKA_06122025	56065	panx	0.5448351956038737	0.9884795713328868	0.9434324888067003	9.999000099990002e-05	0.9763081139995105	0.9950399022172791	0.9855850131955359	1862	1002	7	aa	0.8	1022.0
True	PROKKA_06122025	56065	mmseqs2	0.9973503574921568	0.9998660415271265	0.9990018891213704	9.999000099990002e-05	0.99956675734708	0.9999463261867048	0.9997565057399953	1939	1066	7	aa	0.85	0.0
True	PROKKA_06122025	56065	ppanggolin	0.8116575312989744	0.9886135298057602	0.9622410007703319	9.999000099990002e-05	0.9861448575820511	0.9950802619360777	0.9905924102439528	1879	1008	7	aa	0.8	5.0
True	PROKKA_06122025	56065	mmseqs2	0.9901174332702136	0.9991962491627595	0.9965605058714543	9.999000099990002e-05	0.9985388760358976	0.9997800760187892	0.9991590905589985	1932	1061	8	nt	0.5	3.0
True	PROKKA_06122025	56065	hdbscan_dist	0.9645449907098609	0.9951774949765573	0.976215678036395	9.999000099990002e-05	0.9894996304596956	0.9986773081320354	0.9940672866320335	1774	898	0	aa	0.9	1226.0
True	PROKKA_06122025	56065	hdbscan_tsne	0.8162866625904529	0.9378432685867382	0.8840087734329619	9.999000099990002e-05	0.9577716253647919	0.9823599183581526	0.9699099617685217	1397	385	0	aa	0.9	1226.0
True	PROKKA_06122025	56065	hdbscan_umap	0.07796696359468881	0.9942397856664434	0.7496478267729569	9.999000099990002e-05	0.8461260910117061	0.9980062998750593	0.9158118728257741	795	39	0	aa	0.9	1226.0
True	PROKKA_06122025	56065	cdhit	0.9952358946057743	0.9994641661085064	0.997982254247824	9.999000099990002e-05	0.999218820093494	0.9997963748502152	0.9995075140383975	1936	1062	8	nt	0.9	1.0
True	PROKKA_06122025	56065	mmseqs2	0.9939048371693623	0.9998660415271265	0.9977973167571871	9.999000099990002e-05	0.9989778630382554	0.9999462945478599	0.9994618442019688	1934	1063	7	aa	0.7	0.0
True	PROKKA_06122025	56065	mmseqs2	0.9973503574921568	0.9998660415271265	0.999001889121371	9.999000099990002e-05	0.99956675734708	0.999946326186705	0.9997565057399953	1939	1066	7	nt	0.9	0.0
True	PROKKA_06122025	56065	mmseqs2	0.9918097072843833	0.9998660415271265	0.996903155174993	9.999000099990002e-05	0.9985398104393953	0.9999462709889105	0.9992425458067088	1929	1058	9	aa	0.6	0.0
True	PROKKA_06122025	56065	ppanggolin	0.8107805470952646	0.9837910247823175	0.961154138060495	9.999000099990002e-05	0.9872076614583548	0.9935801893891186	0.9903836746762347	1909	1027	10	aa	0.95	5.0
True	PROKKA_06122025	56065	ppanggolin	0.8054676793023431	0.9886135298057602	0.9595446946294662	9.999000099990002e-05	0.9847516707841945	0.9950733359806267	0.9898855977791218	1869	1004	7	aa	0.7	7.0
True	PROKKA_06122025	56065	cdhit	0.9892338553468752	0.9903549899531146	0.9927872727368857	9.999000099990002e-05	0.9997760021606876	0.9967399822212368	0.9982556838154859	1988	1099	18	aa	0.95	0.0
True	PROKKA_06122025	56065	ppanggolin	0.8126205708767175	0.9886135298057602	0.9626434282867722	9.999000099990002e-05	0.9863521282849003	0.9950812906780889	0.9906974814127244	1880	1008	7	aa	0.85	5.0
True	PROKKA_06122025	56065	mmseqs2	0.9927271555223139	1.0	0.9975033940758875	9.999000099990002e-05	0.9987800368316461	1.0	0.999389646111191	1932	1062	7	nt	0.6	1.0
True	PROKKA_06122025	60207	panaroo	0.2860479838699016	0.9420960608865576	0.8668018956805603	9.999000099990002e-05	0.9458101319354721	0.9732287948210079	0.9593235884890053	1902	1011	3	aa	0.85	36.0
True	PROKKA_06122025	60207	panta	0.24134914050288267	0.9441530391854366	0.8597793037525124	9.999000099990002e-05	0.940221017993836	0.9737551625030799	0.9566943199133238	1983	1109	0	aa	0.6	13.0
True	PROKKA_06122025	60207	diamond	0.9818771981986709	0.9995886043402242	0.9940083267423384	9.999000099990002e-05	0.996620794343798	0.9998892473257527	0.9982523454700959	1905	1026	7	aa	0.6	1.0
True	PROKKA_06122025	60207	diamond	0.9580512447122652	0.9537179882752237	0.9747035058603156	9.999000099990002e-05	0.9998555657240937	0.9860401696576937	0.9928998125072627	2135	1110	70	aa	0.95	1.0
True	PROKKA_06122025	60207	diamond	0.9869351519530324	0.9995886043402242	0.9958283442467815	9.999000099990002e-05	0.9976851650806674	0.9998893654680965	0.9987860491747388	1918	1038	5	aa	0.7	2.0
True	PROKKA_06122025	60207	panta	0.24123642487537356	0.9440501902704926	0.8598237219258964	9.999000099990002e-05	0.940221017993836	0.9737789309689092	0.9567057912124929	1885	1008	0	aa	0.8	8.0
True	PROKKA_06122025	60207	mmseqs2	0.9955376315470207	1.0	0.9985428246580803	9.999000099990002e-05	0.9991548072949558	1.0	0.9995772249842984	1933	1051	5	nt	0.7	1.0
True	PROKKA_06122025	60207	cdhit	0.988911264351048	0.9992800575953924	0.9962703363855014	9.999000099990002e-05	0.9980181388668101	0.9998147526849384	0.9989156379452431	1921	1039	6	aa	0.7	1.0
True	PROKKA_06122025	60207	panx	0.09810949148737523	0.9477527512084748	0.8079483209535192	9.999000099990002e-05	0.9017471608830416	0.9743151652777072	0.9366276608650187	1790	962	0	aa	0.5	1010.0
True	PROKKA_06122025	60207	ppanggolin	0.2857318672578269	0.9444615859302684	0.8637756973031295	9.999000099990002e-05	0.9427492102023757	0.9738773334094621	0.9580604943262307	1861	987	2	aa	0.6	7.0
True	PROKKA_06122025	60207	panx	0.24198803591199086	0.939421989098015	0.857367455745624	9.999000099990002e-05	0.940484687398532	0.9722597307249831	0.956108281124279	1903	1012	7	aa	0.9	910.0
True	PROKKA_06122025	60207	panaroo	0.2685292662222725	0.9039391134423532	0.8442374513862941	9.999000099990002e-05	0.945810131935472	0.961584779296955	0.953632225417183	2084	1057	78	aa	0.95	33.0
True	PROKKA_06122025	60207	cdhit	0.9921477230007885	1.0	0.9977414161532598	9.999000099990002e-05	0.9986889429757795	1.0	0.9993440414883826	1928	1047	4	nt	0.8	37.0
True	PROKKA_06122025	60207	panta	0.2319683468677957	0.9213205800678803	0.8468056439673849	9.999000099990002e-05	0.9402210179938358	0.9669090323364604	0.9533782916727392	1981	1030	34	aa	0.95	10.0
True	PROKKA_06122025	60207	mmseqs2	0.9876443731702603	0.9998971510850561	0.9954562039933957	9.999000099990002e-05	0.9974066300233979	0.9999501271813483	0.9986767591175792	1912	1033	7	aa	0.5	4.0
True	PROKKA_06122025	60207	cdhit	0.9825442828005022	0.9997943021701121	0.9941505879174523	9.999000099990002e-05	0.996665612989753	0.9999274426580921	0.9982938634019576	1905	1027	6	aa	0.6	0.0
True	PROKKA_06122025	60207	panaroo	0.2868300659704187	0.9437416435256608	0.867543520927591	9.999000099990002e-05	0.9456665119325817	0.9737309916282809	0.9594935793189873	1895	1011	1	aa	0.8	39.0
True	PROKKA_06122025	60207	cdhit	0.9915846374567199	0.9931091226987555	0.995264602590124	9.999000099990002e-05	0.9994407284132288	0.9978276901500908	0.998633557918925	1962	1058	15	aa	0.9	0.0
True	PROKKA_06122025	60207	cdhit	0.992887118724159	0.9975316260413453	0.9972473887111556	9.999000099990002e-05	0.9990805360965633	0.9993243674956369	0.9992024369207986	1938	1050	4	aa	0.85	0.0
True	PROKKA_06122025	60207	panta	0.24070824892731288	0.9430217011210532	0.8591786158852185	9.999000099990002e-05	0.9402210179938358	0.973432459293596	0.9565385464902517	1889	1008	2	aa	0.85	8.0
True	PROKKA_06122025	60207	mmseqs2	0.996269143994695	0.9990743597655045	0.9986144593776577	9.999000099990002e-05	0.9995400979362999	0.9996572167907151	0.9995986539329241	1942	1056	6	nt	0.85	1.0
True	PROKKA_06122025	60207	mmseqs2	0.9702834780788681	0.9685282320271521	0.9812737414744962	9.999000099990002e-05	1.0	0.9894640173632792	0.9947041099789858	2104	1126	57	aa	0.95	1.0
True	PROKKA_06122025	60207	diamond	0.9901434497799506	0.9908464465699887	0.9940440799752096	9.999000099990002e-05	0.9995699018242459	0.9970034566282127	0.998285029739894	1989	1088	13	aa	0.9	1.0
True	PROKKA_06122025	60207	mmseqs2	0.9804125894230976	0.9801501594158182	0.9878484608703556	9.999000099990002e-05	0.9999999999999999	0.9930938336563112	0.9965349517282789	2047	1103	41	nt	0.95	1.0
True	PROKKA_06122025	60207	hdbscan_dist	0.023383543963659176	0.9961945901470739	0.7068445701305521	9.999000099990002e-05	0.7918161365879962	0.9989340686846203	0.8833974863083371	1531	890	0	nt	0.9	2774.0
True	PROKKA_06122025	60207	hdbscan_tsne	0.811059532620785	0.9033220199526895	0.8886429896360412	9.999000099990002e-05	0.9615112402451268	0.972437791803767	0.9669436492521107	1479	398	0	nt	0.9	2774.0
True	PROKKA_06122025	60207	hdbscan_umap	0.7792314439093037	0.9788131235215468	0.8906286728149826	9.999000099990002e-05	0.9358468685549938	0.9941222862491829	0.9641047642975684	914	51	0	nt	0.9	2774.0
True	PROKKA_06122025	60207	panx	0.2746462712625778	0.9203949398333847	0.8535026059309788	9.999000099990002e-05	0.9454559107158877	0.9665301162438731	0.9558768719044783	2001	1049	32	aa	0.95	873.0
True	PROKKA_06122025	60207	diamond	0.9908505143632722	0.9970173814666256	0.9965564653112089	9.999000099990002e-05	0.9988970044806759	0.9991076618937027	0.9990023220819736	1939	1047	6	aa	0.85	1.0
True	PROKKA_06122025	60207	panta	0.24125422303931562	0.9437416435256608	0.8596288805478315	9.999000099990002e-05	0.940221017993836	0.9736743475098654	0.9566553142985175	1983	1108	0	aa	0.7	10.0
True	PROKKA_06122025	60207	mmseqs2	0.9962849988324267	0.9994857554252803	0.9987627551079613	9.999000099990002e-05	0.9994493617982161	0.9998335100508259	0.999641399018818	1939	1055	5	aa	0.8	1.0
True	PROKKA_06122025	60207	panta	0.24134914050288267	0.9441530391854366	0.8597793037525123	9.999000099990002e-05	0.940221017993836	0.97375516250308	0.9566943199133239	1983	1109	0	aa	0.5	11.0
True	PROKKA_06122025	60207	panaroo	0.28700776527234856	0.9443587370153245	0.8675937638960678	9.999000099990002e-05	0.945472635027093	0.9739020323675145	0.9594767883965688	1891	1010	1	aa	0.7	37.0
True	PROKKA_06122025	60207	cdhit	0.9803452462426284	0.9799444615859303	0.9878573981781218	9.999000099990002e-05	0.9996179009982651	0.9934643908715816	0.996531646656586	2037	1095	39	nt	0.95	1.0
True	PROKKA_06122025	60207	cdhit	0.9919658294840755	0.9992800575953924	0.997363858455341	9.999000099990002e-05	0.9987181194127908	0.9997521216547252	0.9992348530389977	1929	1045	5	aa	0.8	1.0
True	PROKKA_06122025	60207	ppanggolin	0.2858081177509791	0.9416846652267818	0.8662695019440616	9.999000099990002e-05	0.9456400976072409	0.9730710610883201	0.9591594951810495	1901	1008	7	aa	0.9	6.0
True	PROKKA_06122025	60207	cdhit	0.9724575849520749	0.9990743597655045	0.9906781188624867	9.999000099990002e-05	0.9948564918456062	0.9996984702854722	0.9972716038759764	1888	1011	10	aa	0.5	3.0
True	PROKKA_06122025	60207	panaroo	0.2832920139478576	0.935616579245089	0.8633475039526985	9.999000099990002e-05	0.9458101319354721	0.9713979109002675	0.9584332693613057	1928	1016	10	aa	0.9	43.0
True	PROKKA_06122025	60207	ppanggolin	0.28488190602263286	0.9444615859302684	0.8613871578277823	9.999000099990002e-05	0.94107324139778	0.973832028625122	0.9571724284243666	1843	973	3	aa	0.5	6.0
True	PROKKA_06122025	60207	cdhit	0.9938232815828066	0.9991772086804485	0.9979164813503384	9.999000099990002e-05	0.999055767331146	0.9997359113879898	0.9993957236406705	1934	1049	6	nt	0.85	35.0
True	PROKKA_06122025	60207	diamond	0.9751662556631862	1.0	0.9917436144005723	9.999000099990002e-05	0.9951787827960654	1.0	0.997583566322223	1883	1004	10	aa	0.5	1.0
True	PROKKA_06122025	60207	mmseqs2	0.9942142406772995	0.9939319140183072	0.9965557808734691	9.999000099990002e-05	0.9999999999999999	0.9980158826172537	0.9990069561508453	1968	1065	13	aa	0.9	1.0
True	PROKKA_06122025	60207	panaroo	0.2869458002641176	0.9444615859302684	0.8672658630554848	9.999000099990002e-05	0.9451819813679593	0.9739428176496223	0.9593468883278494	1887	1007	1	aa	0.6	39.0
True	PROKKA_06122025	60207	panx	0.1463006674504156	0.9468271109739792	0.8340287448786832	9.999000099990002e-05	0.9209562113689826	0.9743997293622403	0.9469244945793183	1831	980	1	aa	0.6	934.0
True	PROKKA_06122025	60207	panaroo	0.2866514465762688	0.9444615859302684	0.8662298858971813	9.999000099990002e-05	0.9444615749507113	0.9739234603149411	0.9589662849753413	1878	999	2	aa	0.5	40.0
True	PROKKA_06122025	60207	panx	0.18644197201716312	0.9460043196544277	0.8473284640748232	9.999000099990002e-05	0.9307363590288038	0.9742558944612072	0.951999024995436	1853	991	0	aa	0.7	1143.0
True	PROKKA_06122025	60207	diamond	0.9899548697033554	0.9981487195310089	0.9965745105496229	9.999000099990002e-05	0.9985520214271587	0.9994604349037174	0.9990060216564541	1932	1045	6	aa	0.8	1.0
True	PROKKA_06122025	60207	panx	0.22442268854504938	0.9431245500359972	0.8556926455101778	9.999000099990002e-05	0.9377591710581876	0.9734363891458907	0.9552647781013591	1881	1003	2	aa	0.85	885.0
True	PROKKA_06122025	60207	panta	0.23987676869046368	0.9405533271623985	0.858023809764857	9.999000099990002e-05	0.940221017993836	0.9728139053730377	0.9562398148159548	1897	1010	3	aa	0.9	8.0
True	PROKKA_06122025	60207	mmseqs2	0.9973931237387818	1.0	0.9992232504442996	9.999000099990002e-05	0.9995497714079201	1.0000000000000002	0.9997748350161034	1937	1054	4	nt	0.8	2.0
True	PROKKA_06122025	60207	panx	0.20525803956998065	0.9449758305049881	0.8519502365328049	9.999000099990002e-05	0.9344287972899995	0.9739537487980683	0.953781967846049	1867	999	0	aa	0.8	951.0
True	PROKKA_06122025	60207	mmseqs2	0.9961938589913901	0.9986629641057286	0.9985351946430651	9.999000099990002e-05	0.9995982016895922	0.9995534898347858	0.9995758452621895	1944	1057	5	aa	0.85	1.0
True	PROKKA_06122025	60207	ppanggolin	0.2863683297211836	0.9441530391854366	0.8662716173349727	9.999000099990002e-05	0.9446186221270197	0.9738297623414282	0.9590018013897441	1884	1005	0	aa	0.8	5.0
True	PROKKA_06122025	60207	mmseqs2	0.9955376315470207	1.0	0.9985428246580803	9.999000099990002e-05	0.9991548072949558	1.0	0.9995772249842984	1933	1051	5	nt	0.5	4.0
True	PROKKA_06122025	60207	hdbscan_dist	0.9671546692692174	0.9918749357194282	0.9783781000328255	9.999000099990002e-05	0.989285137588308	0.9979870949986568	0.9936170640314094	1771	897	0	aa	0.9	2568.0
True	PROKKA_06122025	60207	hdbscan_tsne	0.8598208151533607	0.9695567211765916	0.9157912057329262	9.999000099990002e-05	0.9554385290403293	0.9923936093576493	0.9735655056328745	1135	214	0	aa	0.9	2568.0
True	PROKKA_06122025	60207	hdbscan_umap	0.11367477163055405	0.9659570091535534	0.79390253273542	9.999000099990002e-05	0.8683316651097975	0.9892574851023054	0.9248585449189699	840	48	0	aa	0.9	2568.0
True	PROKKA_06122025	60207	cdhit	0.9929964795888369	0.9978401727861771	0.9974813946781484	9.999000099990002e-05	0.9992616794008423	0.9992795342768751	0.9992706067591014	1943	1053	8	nt	0.9	1.0
True	PROKKA_06122025	60207	mmseqs2	0.9949280788095063	0.9995886043402242	0.9982665698183328	9.999000099990002e-05	0.9991420770011764	0.9998526235286773	0.999497223982359	1935	1052	5	aa	0.7	1.0
True	PROKKA_06122025	60207	mmseqs2	0.9950046386517521	0.9975316260413453	0.9977980257223427	9.999000099990002e-05	0.9995982016895922	0.9991278864664919	0.9993629887436942	1951	1061	8	nt	0.9	1.0
True	PROKKA_06122025	60207	mmseqs2	0.9937838509600145	0.9998971510850561	0.9978227631428032	9.999000099990002e-05	0.9987862173143278	0.9999501960654387	0.9993678677641189	1929	1047	6	aa	0.6	1.0
True	PROKKA_06122025	60207	ppanggolin	0.27886108358702083	0.9264630258150777	0.8575031920181109	9.999000099990002e-05	0.9457121975884277	0.9684107541006389	0.9569268908464058	1973	1033	28	aa	0.95	6.0
True	PROKKA_06122025	60207	ppanggolin	0.28608527709201553	0.9441530391854366	0.8651570229526626	9.999000099990002e-05	0.9438418579593715	0.9738087888223267	0.9585911783063802	1873	996	0	aa	0.7	12.0
True	PROKKA_06122025	60207	cdhit	0.9690450841082879	0.9655456134937777	0.9799472212092151	9.999000099990002e-05	0.9998533208529582	0.988876759163052	0.9943347480876126	2118	1137	60	aa	0.95	0.0
True	PROKKA_06122025	60207	ppanggolin	0.2858210442186652	0.9429188522061093	0.865811178644975	9.999000099990002e-05	0.9447622421299101	0.9734770054667565	0.9589047033616558	1889	1005	1	aa	0.85	5.0
True	PROKKA_06122025	60207	mmseqs2	0.9955376315470207	1.0	0.9985428246580803	9.999000099990002e-05	0.9991548072949558	1.0	0.9995772249842984	1933	1051	5	nt	0.6	2.0
True	PROKKA_06122025	62092	panaroo	0.298433948997516	0.9474446786090621	0.8639847405666637	9.999000099990002e-05	0.9519571049979438	0.9774520413279599	0.9645361299429875	1906	1024	6	aa	0.85	32.0
True	PROKKA_06122025	62092	panta	0.25539820744138003	0.9478398314014752	0.8558649859958393	9.999000099990002e-05	0.9470038414871534	0.97749712336773	0.962008902855171	1992	1121	6	aa	0.6	15.0
True	PROKKA_06122025	62092	diamond	0.9758356912256919	1.0	0.9914951808698288	9.999000099990002e-05	0.9957801497651481	0.9999999999999997	0.9978856136857815	1902	1034	9	aa	0.6	1.0
True	PROKKA_06122025	62092	diamond	0.9736743700104971	0.9718124341412012	0.9850932255351189	9.999000099990002e-05	0.9997069515653438	0.9931032601034	0.9963941643155386	2016	1076	27	aa	0.95	1.0
True	PROKKA_06122025	62092	diamond	0.9764286493840768	1.0	0.993017412946719	9.999000099990002e-05	0.9965407405312144	0.9999999999999999	0.9982673734632306	1916	1048	7	aa	0.7	1.0
True	PROKKA_06122025	62092	panta	0.25517934383796875	0.9475763962065332	0.8558358572276544	9.999000099990002e-05	0.9470038414871534	0.977483689059249	0.9620023968327015	1895	1021	6	aa	0.8	10.0
True	PROKKA_06122025	62092	mmseqs2	0.9961312352192264	1.0	0.9983866525998113	9.999000099990002e-05	0.9992049637075537	1.0	0.9996023237702593	1932	1054	7	nt	0.7	1.0
True	PROKKA_06122025	62092	cdhit	0.978330525428508	0.999868282402529	0.9935098830194106	9.999000099990002e-05	0.9968366075218026	0.9999501688186587	0.9983909607042477	1920	1051	7	aa	0.7	0.0
True	PROKKA_06122025	62092	panx	0.0868611428254266	0.952845100105374	0.7884269092704291	9.999000099990002e-05	0.9023042173022234	0.9785745856216419	0.9388930048853599	1793	977	6	aa	0.5	911.0
True	PROKKA_06122025	62092	ppanggolin	0.2966019275434404	0.9481032665964173	0.858070783401919	9.999000099990002e-05	0.9481496332512742	0.9775661968272851	0.9626332364550604	1870	1003	7	aa	0.6	6.0
True	PROKKA_06122025	62092	panx	0.2255376959158129	0.9457323498419389	0.8485932037458038	9.999000099990002e-05	0.943176191990953	0.9770433325235082	0.9598111028609457	1893	1019	8	aa	0.9	940.0
True	PROKKA_06122025	62092	panaroo	0.28573221223976875	0.9211011591148578	0.8488773875947829	9.999000099990002e-05	0.9519571049979438	0.9707142991305097	0.961244206364293	1994	1047	37	aa	0.95	40.0
True	PROKKA_06122025	62092	cdhit	0.9894865342740833	0.999868282402529	0.9965269433397418	9.999000099990002e-05	0.9983434643534623	0.9999422175932602	0.9991422014221837	1928	1053	7	nt	0.8	28.0
True	PROKKA_06122025	62092	panta	0.24926023695312005	0.9324288724973656	0.84834509238031	9.999000099990002e-05	0.9470038414871534	0.974087126838715	0.9603545758828144	1933	1026	18	aa	0.95	8.0
True	PROKKA_06122025	62092	mmseqs2	0.9869544742497312	1.0	0.9944326709644616	9.999000099990002e-05	0.9972456853228924	0.9999999999999999	0.9986209434836444	1909	1036	8	aa	0.5	9.0
True	PROKKA_06122025	62092	cdhit	0.971583473120566	1.0	0.9909467879075081	9.999000099990002e-05	0.9955056450034238	1.0	0.9977477613216331	1904	1038	8	aa	0.6	0.0
True	PROKKA_06122025	62092	panaroo	0.29887000373845607	0.9481032665964173	0.8643394483067	9.999000099990002e-05	0.9519043520365388	0.977652707883787	0.9646067346184735	1903	1023	6	aa	0.8	32.0
True	PROKKA_06122025	62092	cdhit	0.9934439068075824	0.9974973656480506	0.9967577170340214	9.999000099990002e-05	0.9991348229462637	0.9992694505093548	0.999202132193046	1940	1058	8	aa	0.9	0.0
True	PROKKA_06122025	62092	cdhit	0.989144863618278	0.9994731296101159	0.996549034325503	9.999000099990002e-05	0.9984442616633954	0.9998528636696309	0.9991480662039034	1931	1054	8	aa	0.85	0.0
True	PROKKA_06122025	62092	panta	0.25517934383796875	0.9475763962065332	0.8558358572276544	9.999000099990002e-05	0.9470038414871534	0.977483689059249	0.9620023968327015	1895	1021	6	aa	0.85	9.0
True	PROKKA_06122025	62092	mmseqs2	0.9982649718103022	1.0	0.9993669804439194	9.999000099990002e-05	0.999688359718823	0.9999999999999998	0.9998441555757114	1937	1057	7	nt	0.85	1.0
True	PROKKA_06122025	62092	mmseqs2	0.9789013867997632	0.9794520547945206	0.9880721798164046	9.999000099990002e-05	1.0	0.9942336715038278	0.9971084990798376	2011	1092	21	aa	0.95	1.0
True	PROKKA_06122025	62092	diamond	0.9894718612792299	0.9964436248682824	0.9958374674411625	9.999000099990002e-05	0.998823897612843	0.9991266518026256	0.9989752517692038	1944	1064	8	aa	0.9	0.0
True	PROKKA_06122025	62092	mmseqs2	0.9876841323545202	0.987881981032666	0.9927140723569597	9.999000099990002e-05	1.0	0.9964537103632588	0.9982237055543373	1985	1080	18	nt	0.95	1.0
True	PROKKA_06122025	62092	hdbscan_dist	0.023825401593706164	0.9877502634351949	0.6857530303884576	9.999000099990002e-05	0.8041446404986453	0.9965628376567903	0.890073123528901	1554	884	0	nt	0.9	1269.0
True	PROKKA_06122025	62092	hdbscan_tsne	0.7332503085613775	0.8342992623814541	0.8406089421506235	9.999000099990002e-05	0.9651694222203085	0.9579210212535415	0.9615315616106545	1756	518	0	nt	0.9	1269.0
True	PROKKA_06122025	62092	hdbscan_umap	0.7104034258189849	0.9798472075869337	0.8523569375648624	9.999000099990002e-05	0.9209903059881065	0.9951067611557715	0.9566150861175235	869	48	0	nt	0.9	1269.0
True	PROKKA_06122025	62092	panx	0.27560327771375975	0.9320337197049526	0.8525379672327875	9.999000099990002e-05	0.9499014784964974	0.9738248011279509	0.9617143854463379	1945	1036	21	aa	0.95	896.0
True	PROKKA_06122025	62092	diamond	0.9883277302677208	0.9988145416227608	0.9961573069794604	9.999000099990002e-05	0.9983777199911374	0.9997261935985243	0.9990515017681785	1930	1053	7	aa	0.85	1.0
True	PROKKA_06122025	62092	panta	0.25539820744138003	0.9478398314014752	0.8558649859958393	9.999000099990002e-05	0.9470038414871534	0.97749712336773	0.962008902855171	1992	1121	6	aa	0.7	12.0
True	PROKKA_06122025	62092	mmseqs2	0.9982435892707927	1.0	0.9993607343487949	9.999000099990002e-05	0.9996852827785898	0.9999999999999999	0.9998426166236654	1937	1057	7	aa	0.8	1.0
True	PROKKA_06122025	62092	panta	0.2553965969710925	0.9478398314014752	0.8558229632360681	9.999000099990002e-05	0.9469783674832228	0.9774965316556744	0.9619954723046703	1992	1120	7	aa	0.5	12.0
True	PROKKA_06122025	62092	panaroo	0.2987482163735089	0.9479715489989463	0.8639260804753247	9.999000099990002e-05	0.9517043894563272	0.9776128788579628	0.9644846737012628	1902	1022	6	aa	0.7	36.0
True	PROKKA_06122025	62092	cdhit	0.9909666132173641	0.9917017913593256	0.9942525598749952	9.999000099990002e-05	0.9997068356286319	0.9974837669738523	0.9985940640547226	1969	1069	20	nt	0.95	1.0
True	PROKKA_06122025	62092	cdhit	0.9869478510080928	0.9994731296101159	0.9958615206072394	9.999000099990002e-05	0.9980776436861291	0.9998786554075253	0.9989773378065449	1928	1052	9	aa	0.8	0.0
True	PROKKA_06122025	62092	ppanggolin	0.2975636111221903	0.946654373024236	0.8620646330819922	9.999000099990002e-05	0.9509624604907682	0.9773148669781185	0.9639585938560649	1899	1019	8	aa	0.9	8.0
True	PROKKA_06122025	62092	cdhit	0.9644290382610552	0.9988145416227608	0.9874614957774401	9.999000099990002e-05	0.9941032653098275	0.9996570788717454	0.9968724367465734	1889	1020	13	aa	0.5	2.0
True	PROKKA_06122025	62092	panaroo	0.29690967417812814	0.9440200210748156	0.862224109518704	9.999000099990002e-05	0.9519571049979438	0.9766527802417315	0.9641468296752722	1916	1025	12	aa	0.9	34.0
True	PROKKA_06122025	62092	ppanggolin	0.29581465839370313	0.9481032665964173	0.8552996513001478	9.999000099990002e-05	0.946471815392022	0.9775273219584212	0.9617489333008669	1848	985	7	aa	0.5	8.0
True	PROKKA_06122025	62092	cdhit	0.9908154581176312	1.0	0.9972678147696009	9.999000099990002e-05	0.9986521328882274	1.0	0.999325611951378	1931	1055	7	nt	0.85	25.0
True	PROKKA_06122025	62092	diamond	0.9655440760474456	1.0	0.9882627271437062	9.999000099990002e-05	0.99415749706677	0.9999999999999999	0.997070189821103	1882	1013	12	aa	0.5	1.0
True	PROKKA_06122025	62092	mmseqs2	0.9973778315493156	0.9981559536354057	0.9986046377640573	9.999000099990002e-05	0.9998581854142939	0.9994560732469681	0.9996570888932174	1944	1060	8	aa	0.9	2.0
True	PROKKA_06122025	62092	panaroo	0.298645537573331	0.9478398314014752	0.8635577684578866	9.999000099990002e-05	0.9515200313824457	0.9775817751811736	0.9643748590503649	1899	1019	7	aa	0.6	42.0
True	PROKKA_06122025	62092	panx	0.1282734321392825	0.9513962065331928	0.8169071799744799	9.999000099990002e-05	0.921441883123729	0.9783612702323949	0.9490489050149207	1837	999	6	aa	0.6	903.0
True	PROKKA_06122025	62092	panaroo	0.2984720306187157	0.9481032665964173	0.8625416423402434	9.999000099990002e-05	0.9508322838199593	0.9776280748970737	0.9640440167505576	1888	1010	7	aa	0.5	43.0
True	PROKKA_06122025	62092	panx	0.15406033413953635	0.9506059009483667	0.828840738296506	9.999000099990002e-05	0.9293152467625707	0.9781983722223757	0.9531304548675477	1857	1009	6	aa	0.7	981.0
True	PROKKA_06122025	62092	diamond	0.9871217183241991	1.0	0.9960721517426087	9.999000099990002e-05	0.9980599797322531	0.9999999999999998	0.9990290480328788	1926	1052	7	aa	0.8	0.0
True	PROKKA_06122025	62092	panx	0.20108863404065747	0.9482349841938883	0.8438067676401978	9.999000099990002e-05	0.9393599756115072	0.9776995376651346	0.9581463772992123	1881	1016	7	aa	0.85	933.0
True	PROKKA_06122025	62092	panta	0.25453337644573165	0.945995785036881	0.8550565711173496	9.999000099990002e-05	0.9470038414871534	0.9771271525328774	0.9618296986493067	1899	1022	8	aa	0.9	8.0
True	PROKKA_06122025	62092	mmseqs2	0.9975171266774812	1.0	0.9990630482384071	9.999000099990002e-05	0.9995385926354733	0.9999999999999999	0.9997692430812657	1936	1057	7	nt	0.8	1.0
True	PROKKA_06122025	62092	panx	0.19528138609478324	0.9490252897787145	0.842374236482946	9.999000099990002e-05	0.9382204355561623	0.9778862962754425	0.9576427988841065	1876	1014	7	aa	0.8	957.0
True	PROKKA_06122025	62092	mmseqs2	0.9981358133407388	0.999868282402529	0.9993392587647284	9.999000099990002e-05	0.9997380357399949	0.9999367379964749	0.9998373769959829	1939	1059	7	aa	0.85	2.0
True	PROKKA_06122025	62092	ppanggolin	0.29777100503321363	0.9481032665964173	0.8614387241265075	9.999000099990002e-05	0.9501737689031309	0.9776129172123955	0.9636980655238534	1890	1017	6	aa	0.8	6.0
True	PROKKA_06122025	62092	mmseqs2	0.9942822785021725	1.0	0.9978247850734966	9.999000099990002e-05	0.9989274870071492	0.9999999999999998	0.9994634557782499	1930	1053	7	nt	0.5	3.0
True	PROKKA_06122025	62092	hdbscan_dist	0.9205809250644241	0.9491570073761855	0.9517794724495934	9.999000099990002e-05	0.9877626783080735	0.98846921980202	0.9881158227538563	1821	833	0	aa	0.9	1225.0
True	PROKKA_06122025	62092	hdbscan_tsne	0.7832580654592697	0.8699947312961012	0.8697431345671578	9.999000099990002e-05	0.9671333530605492	0.9685393685008901	0.9678358501366947	1634	457	0	aa	0.9	1225.0
True	PROKKA_06122025	62092	hdbscan_umap	0.08982137718998598	0.9686512118018967	0.7502819931047799	9.999000099990002e-05	0.8541607129611625	0.9910347107760962	0.9175211516742904	820	22	0	aa	0.9	1225.0
True	PROKKA_06122025	62092	cdhit	0.9926247634923994	0.9997365648050579	0.9976330135257142	9.999000099990002e-05	0.9989527505963485	0.9998804170977355	0.9994163685801674	1935	1058	7	nt	0.9	1.0
True	PROKKA_06122025	62092	mmseqs2	0.9963655003666333	1.0	0.9985942182811427	9.999000099990002e-05	0.9993073926901307	0.9999999999999998	0.9996535763772985	1934	1056	7	aa	0.7	3.0
True	PROKKA_06122025	62092	mmseqs2	0.9971688533913606	0.9989462592202318	0.9989349935651585	9.999000099990002e-05	0.999738035739995	0.9997379828913465	0.99973800931567	1940	1058	7	nt	0.9	1.0
True	PROKKA_06122025	62092	mmseqs2	0.9950465322803567	1.0	0.9978012856325709	9.999000099990002e-05	0.9989158715779403	0.9999999999999999	0.999457641795998	1928	1050	8	aa	0.6	0.0
True	PROKKA_06122025	62092	ppanggolin	0.29345883760963926	0.9365121180189674	0.8578045021373368	9.999000099990002e-05	0.9514799918235652	0.9750094515839659	0.9631010314597025	1933	1030	21	aa	0.95	6.0
True	PROKKA_06122025	62092	ppanggolin	0.2970906513510306	0.9481032665964173	0.8596236189917323	9.999000099990002e-05	0.9490849902946834	0.9775878106208298	0.9631255678851063	1882	1013	7	aa	0.7	6.0
True	PROKKA_06122025	62092	cdhit	0.9825011198992469	0.981822971548999	0.9885347618204442	9.999000099990002e-05	0.9998895570170033	0.994559784898873	0.9972175495760524	2018	1103	32	aa	0.95	0.0
True	PROKKA_06122025	62092	ppanggolin	0.29796783722046616	0.9481032665964173	0.8619110540877951	9.999000099990002e-05	0.9504562921360681	0.9776194228421575	0.9638465175785417	1892	1018	6	aa	0.85	6.0
True	PROKKA_06122025	62092	mmseqs2	0.9961312352192264	1.0	0.9983866525998113	9.999000099990002e-05	0.9992049637075537	1.0	0.9996023237702593	1932	1054	7	nt	0.6	1.0
