simulations	assembly	seed	clusterer	adj_rand_index	purity	adj_mutual_info	homogeneity	completeness	v_measure	n_clusters	n_singletons	n_pairs	st	c	runtime
True	PROKKA_06122025__gr_1e-12_lr_1e-12_mu_1e-14	34	panaroo	0.0006459063256012271	0.9994435169727324	0.0016936047087213256	0.7401331100959279	0.7400367855209046	0.7400849446741734	1526	1024	2	aa	0.85	26.0
True	PROKKA_06122025__gr_1e-12_lr_1e-12_mu_1e-14	34	panta	0.9987472921239987	0.998324958123953	0.9987927778204571	1.0	0.9993707626954589	0.9996852823316807	1616	1117	2	aa	0.6	8.0
True	PROKKA_06122025__gr_1e-12_lr_1e-12_mu_1e-14	34	diamond	0.000725465008866268	1.0	0.0019115153896912037	0.7378100128854111	0.739487487546333	0.7386477978277318	1505	1002	8	aa	0.6	1.0
True	PROKKA_06122025__gr_1e-12_lr_1e-12_mu_1e-14	34	diamond	0.0006915888789947561	0.9625301428306436	0.0017893221500551442	0.7502780891461461	0.7426195373130744	0.7464291690774795	1600	1032	34	aa	0.95	0.0
True	PROKKA_06122025__gr_1e-12_lr_1e-12_mu_1e-14	34	diamond	0.0007328882629718317	1.0	0.001928983165379091	0.7384925894404195	0.7396655897233446	0.7390786241615762	1512	1010	6	aa	0.7	1.0
True	PROKKA_06122025__gr_1e-12_lr_1e-12_mu_1e-14	34	panta	0.9997218907655574	0.9996277684719895	0.9997806485497609	1.0	0.9998854968669885	0.9999427451555648	1518	1017	3	aa	0.8	7.0
True	PROKKA_06122025__gr_1e-12_lr_1e-12_mu_1e-14	34	mmseqs2	0.0006427835875752884	1.0	0.0016856896103023856	0.7396805326109874	0.7399190940775597	0.7397997941121879	1520	1017	4	nt	0.7	2.0
True	PROKKA_06122025__gr_1e-12_lr_1e-12_mu_1e-14	34	cdhit	0.0006848300087054923	0.9998145056575775	0.001800170539211834	0.738829278061015	0.7397253938724396	0.739277064409793	1514	1012	5	aa	0.7	0.0
True	PROKKA_06122025__gr_1e-12_lr_1e-12_mu_1e-14	34	panx	0.9999708185306074	1.0	0.9999237964171579	0.9999600915450324	1.0	0.999980045374337	1457	980	3	aa	0.5	743.0
True	PROKKA_06122025__gr_1e-12_lr_1e-12_mu_1e-14	34	ppanggolin	0.0007198321175154595	1.0	0.0018993917538494569	0.7375975035112067	0.7394319885056544	0.738513606784328	1505	1003	7	aa	0.6	6.0
True	PROKKA_06122025__gr_1e-12_lr_1e-12_mu_1e-14	34	panx	0.9978796543041502	0.9977624463919448	0.9984238959369979	0.9998677125051022	0.9993110215973564	0.9995892895432104	1519	1015	7	aa	0.9	707.0
True	PROKKA_06122025__gr_1e-12_lr_1e-12_mu_1e-14	34	panaroo	0.0007067654043620038	0.9573363012428121	0.001827108754497727	0.7523626680397372	0.7431494970353041	0.7477277034571163	1625	1039	40	aa	0.95	29.0
True	PROKKA_06122025__gr_1e-12_lr_1e-12_mu_1e-14	34	cdhit	0.000691841432221464	1.0	0.001816150514307512	0.7393271966266588	0.7398550819632274	0.7395910451000177	1518	1016	4	nt	0.8	16.0
True	PROKKA_06122025__gr_1e-12_lr_1e-12_mu_1e-14	34	panta	0.9797185292709387	0.9758049506793225	0.9873846023755251	1.0	0.9935357663963822	0.9967574027451221	1562	1019	22	aa	0.95	7.0
True	PROKKA_06122025__gr_1e-12_lr_1e-12_mu_1e-14	34	mmseqs2	0.0006200722410625135	1.0	0.0016336180003143112	0.7380861102766765	0.7395036188737935	0.7387941846400057	1507	1005	5	aa	0.5	3.0
True	PROKKA_06122025__gr_1e-12_lr_1e-12_mu_1e-14	34	cdhit	0.0007197442602399068	1.0	0.0018990760509217776	0.7375597568152175	0.739422128088858	0.738489768291814	1504	1001	8	aa	0.6	0.0
True	PROKKA_06122025__gr_1e-12_lr_1e-12_mu_1e-14	34	panaroo	0.0006448647211532475	1.0	0.0016910311592883071	0.7400029482216698	0.7400029482216697	0.7400029482216698	1525	1024	2	aa	0.8	30.0
True	PROKKA_06122025__gr_1e-12_lr_1e-12_mu_1e-14	34	cdhit	0.0006615262050474713	0.9922092376182526	0.0017312673876282104	0.7418197751803055	0.7404744612169853	0.7411465077025592	1539	1025	10	aa	0.9	1.0
True	PROKKA_06122025__gr_1e-12_lr_1e-12_mu_1e-14	34	cdhit	0.0006968560022658747	0.9981450565757745	0.0018284774053020179	0.7399357030900204	0.7400133984492007	0.7399745487301591	1524	1020	4	aa	0.85	1.0
True	PROKKA_06122025__gr_1e-12_lr_1e-12_mu_1e-14	34	panta	0.9997218907655574	0.9996277684719895	0.9997806485497609	1.0	0.9998854968669885	0.9999427451555648	1516	1015	3	aa	0.85	7.0
True	PROKKA_06122025__gr_1e-12_lr_1e-12_mu_1e-14	34	mmseqs2	0.0006447779520283189	0.9998145056575775	0.0016908398589241273	0.7399990450982618	0.7400019334171299	0.7400004892548774	1525	1024	2	nt	0.85	1.0
True	PROKKA_06122025__gr_1e-12_lr_1e-12_mu_1e-14	34	mmseqs2	0.0007448821353136788	0.9656835466518271	0.0019296602649944378	0.750454770108003	0.742692282653356	0.7465533487928886	1611	1051	33	aa	0.95	2.0
True	PROKKA_06122025__gr_1e-12_lr_1e-12_mu_1e-14	34	diamond	0.000707021403785085	0.994991652754591	0.0018524163042054822	0.7408839329328808	0.7402597177976963	0.7405716938302632	1530	1018	9	aa	0.9	1.0
True	PROKKA_06122025__gr_1e-12_lr_1e-12_mu_1e-14	34	mmseqs2	0.0006957448387570384	0.9827490261547023	0.0018136874521648234	0.7455672268353909	0.7414416389802905	0.7434987098501169	1574	1045	19	nt	0.95	1.0
True	PROKKA_06122025__gr_1e-12_lr_1e-12_mu_1e-14	34	connected_components_t0.1	0.7127979674671961	0.7206455203116305	0.7862227797436605	1.0000000000000002	0.9158584836917799	0.9560815597684008	2580	1884	166	nt	0.9	204.0
True	PROKKA_06122025__gr_1e-12_lr_1e-12_mu_1e-14	34	connected_components_t0.2	0.9052653121123112	0.8933407531070302	0.9328300526863349	1.0000000000000002	0.9682385686970775	0.9838630175182739	1853	1227	65	nt	0.9	204.0
True	PROKKA_06122025__gr_1e-12_lr_1e-12_mu_1e-14	34	connected_components_t0.3	0.9596889415281405	0.9534409200519384	0.9734516222930779	1.0	0.9867050086013159	0.9933080193883218	1642	1072	33	nt	0.9	204.0
True	PROKKA_06122025__gr_1e-12_lr_1e-12_mu_1e-14	34	connected_components_t0.4	0.9836938115384263	0.9792246336486737	0.9886413799761079	1.0	0.9941834509710542	0.9970832427547658	1577	1041	22	nt	0.9	204.0
True	PROKKA_06122025__gr_1e-12_lr_1e-12_mu_1e-14	34	connected_components_t0.5	0.992368514798447	0.989983305509182	0.9945234479292479	0.9999062786869385	0.997262767054807	0.9985827733560372	1549	1029	15	nt	0.9	204.0
True	PROKKA_06122025__gr_1e-12_lr_1e-12_mu_1e-14	34	connected_components_t0.6	0.9957932332763186	0.9948061584121685	0.9972129740549186	0.9999062786869385	0.9986472151449446	0.9992763503188508	1535	1023	6	nt	0.9	204.0
True	PROKKA_06122025__gr_1e-12_lr_1e-12_mu_1e-14	34	connected_components_t0.7	0.9966725018791351	0.9988870339454646	0.9982392652846702	0.9994638477858161	0.9996187043799049	0.9995412700849678	1525	1021	5	nt	0.9	204.0
True	PROKKA_06122025__gr_1e-12_lr_1e-12_mu_1e-14	34	hdbscan_dist	0.9557624247795767	0.9855314412910406	0.9716480730295832	0.9883403240109342	0.9966300772738581	0.9924678905582973	1421	914	0	nt	0.9	3.226
True	PROKKA_06122025__gr_1e-12_lr_1e-12_mu_1e-14	34	hdbscan_tsne	0.7827706373547284	0.9749582637729549	0.8574456865062312	0.9212041665726606	0.9937800930900389	0.9561168534855318	659	119	0	nt	0.9	16.144
True	PROKKA_06122025__gr_1e-12_lr_1e-12_mu_1e-14	34	hdbscan_umap	0.7081595959106324	0.9454646633277685	0.8212398401888963	0.9063755291623442	0.9851874189490125	0.9441396270375954	632	104	0	nt	0.9	9.379
True	PROKKA_06122025__gr_1e-12_lr_1e-12_mu_1e-14	34	panx	0.9855408185495428	0.9834787451271579	0.9903058221458595	0.9998206077459969	0.9951917043844619	0.9975007859865086	1560	1031	19	aa	0.95	719.0
True	PROKKA_06122025__gr_1e-12_lr_1e-12_mu_1e-14	34	diamond	0.0006935991315976324	0.9990725282878872	0.0018203579945371047	0.7395081269753847	0.7399021751542908	0.7397050985865067	1519	1015	5	aa	0.85	1.0
True	PROKKA_06122025__gr_1e-12_lr_1e-12_mu_1e-14	34	panta	0.9987472921239987	0.998324958123953	0.9987927778204571	1.0	0.999370762695459	0.9996852823316807	1616	1117	2	aa	0.7	8.0
True	PROKKA_06122025__gr_1e-12_lr_1e-12_mu_1e-14	34	mmseqs2	0.0006442574381734108	1.0	0.0016895111514656695	0.739920877174518	0.7399816082399793	0.739951241461132	1524	1023	2	aa	0.8	1.0
True	PROKKA_06122025__gr_1e-12_lr_1e-12_mu_1e-14	34	panta	0.9987472921239987	0.998324958123953	0.9987927778204571	1.0	0.999370762695459	0.9996852823316807	1616	1117	2	aa	0.5	9.0
True	PROKKA_06122025__gr_1e-12_lr_1e-12_mu_1e-14	34	panaroo	0.0006439972460888559	1.0	0.0016889465734370858	0.7399117056463258	0.7399792232563568	0.7399454629111509	1524	1023	2	aa	0.7	32.0
True	PROKKA_06122025__gr_1e-12_lr_1e-12_mu_1e-14	34	cdhit	0.0007215818817539185	0.9723613429790391	0.001874408880315423	0.7480381849788024	0.742075433181537	0.745044878980155	1590	1044	21	nt	0.95	0.0
True	PROKKA_06122025__gr_1e-12_lr_1e-12_mu_1e-14	34	cdhit	0.0006927200391325952	0.9994435169727324	0.001818341667961604	0.7394423732981583	0.7398850625270137	0.7396636516751363	1519	1016	5	aa	0.8	0.0
True	PROKKA_06122025__gr_1e-12_lr_1e-12_mu_1e-14	34	ppanggolin	0.0006965035867870238	0.998330550918197	0.0018275524654856087	0.7398763417483373	0.7399979627588084	0.7399371472559625	1523	1018	6	aa	0.9	5.0
True	PROKKA_06122025__gr_1e-12_lr_1e-12_mu_1e-14	34	cdhit	0.0006935161190195598	1.0	0.0018399046346288014	0.7359204585865001	0.7389931796848076	0.7374536184008099	1492	991	8	aa	0.5	1.0
True	PROKKA_06122025__gr_1e-12_lr_1e-12_mu_1e-14	34	panaroo	0.000661087782444664	0.9942496753849007	0.0017300894211705537	0.7417379565215164	0.7404532639628923	0.7410950534871287	1539	1024	9	aa	0.9	33.0
True	PROKKA_06122025__gr_1e-12_lr_1e-12_mu_1e-14	34	ppanggolin	0.0006806050610565801	1.0	0.0018108798087077317	0.7352031378308386	0.7388050368216138	0.7369996865106259	1489	990	8	aa	0.5	7.0
True	PROKKA_06122025__gr_1e-12_lr_1e-12_mu_1e-14	34	cdhit	0.0006925442789189325	0.9998145056575775	0.0018179994281576912	0.7394470143697999	0.7398862704561977	0.7396665771991923	1520	1019	3	nt	0.85	14.0
True	PROKKA_06122025__gr_1e-12_lr_1e-12_mu_1e-14	34	embed_hdbscan_raw	0.922708393339747	0.9935076980152105	0.9466390854474613	0.9727365710066034	0.9980788108110602	0.985244756033188	1234	729	0	aa	0.9	13.465
True	PROKKA_06122025__gr_1e-12_lr_1e-12_mu_1e-14	34	embed_hdbscan_tsne	0.7953735867814896	0.9792246336486737	0.861297973702993	0.9231419065142604	0.9943671191402296	0.9574316948259365	658	112	0	aa	0.9	15.736
True	PROKKA_06122025__gr_1e-12_lr_1e-12_mu_1e-14	34	embed_hdbscan_umap	0.7182948019127138	0.9647560749397144	0.8291497272146776	0.9051722838104093	0.9904724914635107	0.945903218623712	567	38	0	aa	0.9	13.335
True	PROKKA_06122025__gr_1e-12_lr_1e-12_mu_1e-14	34	diamond	0.000692997657314896	1.0	0.0018379621419533137	0.7356753893666504	0.7389289320613346	0.7372985714324775	1487	982	13	aa	0.5	1.0
True	PROKKA_06122025__gr_1e-12_lr_1e-12_mu_1e-14	34	mmseqs2	0.000653216990906941	0.9968465961788165	0.0017113587147950043	0.7409581652377147	0.7402510648244489	0.7406044462531048	1533	1025	8	aa	0.9	2.0
True	PROKKA_06122025__gr_1e-12_lr_1e-12_mu_1e-14	34	panaroo	0.0006433036117704239	1.0	0.001687125392037471	0.7397918879031847	0.7399480615767234	0.7398699664985681	1522	1020	3	aa	0.6	35.0
True	PROKKA_06122025__gr_1e-12_lr_1e-12_mu_1e-14	34	panx	0.9999715586232475	1.0	0.9999256547091395	0.9999610889145347	1.0000000000000002	0.9999805440787419	1484	996	3	aa	0.6	732.0
True	PROKKA_06122025__gr_1e-12_lr_1e-12_mu_1e-14	34	panaroo	0.0006326775197563382	1.0	0.0016628945749140585	0.7390727351666138	0.7397608703858662	0.7394166426736841	1516	1014	3	aa	0.5	31.0
True	PROKKA_06122025__gr_1e-12_lr_1e-12_mu_1e-14	34	panx	0.9999717067910374	1.0	0.999926112229523	0.99996138942359	1.0	0.9999806943390936	1494	1002	3	aa	0.7	744.0
True	PROKKA_06122025__gr_1e-12_lr_1e-12_mu_1e-14	34	diamond	0.0006935991315976324	0.9990725282878872	0.0018203579945371047	0.7395081269753847	0.7399021751542907	0.7397050985865067	1519	1015	5	aa	0.8	1.0
True	PROKKA_06122025__gr_1e-12_lr_1e-12_mu_1e-14	34	panx	0.9996652813723398	1.0	0.9997461316424084	0.9998673898215759	1.0	0.9999336905141315	1509	1011	3	aa	0.85	796.0
True	PROKKA_06122025__gr_1e-12_lr_1e-12_mu_1e-14	34	panta	0.9979941635241262	0.997394379303927	0.9985610648083345	1.0	0.9992502478251477	0.999624983327791	1521	1015	5	aa	0.9	8.0
True	PROKKA_06122025__gr_1e-12_lr_1e-12_mu_1e-14	34	mmseqs2	0.0006442574381734108	1.0	0.0016895111514676684	0.739920877174518	0.7399816082399793	0.739951241461132	1524	1023	2	nt	0.8	2.0
True	PROKKA_06122025__gr_1e-12_lr_1e-12_mu_1e-14	34	panx	0.9996652809009706	1.0	0.9997461307114771	0.9998672850095459	1.0	0.9999336381011636	1506	1008	3	aa	0.8	738.0
True	PROKKA_06122025__gr_1e-12_lr_1e-12_mu_1e-14	34	mmseqs2	0.0006459063256012271	0.9994435169727324	0.0016935715900077547	0.740123422168938	0.7400342673196402	0.7400788420592417	1526	1024	3	aa	0.85	1.0
True	PROKKA_06122025__gr_1e-12_lr_1e-12_mu_1e-14	34	ppanggolin	0.0006910511008176312	1.0	0.001814112412369443	0.7392039664035192	0.7398229974008609	0.7395133523577717	1516	1013	5	aa	0.8	5.0
True	PROKKA_06122025__gr_1e-12_lr_1e-12_mu_1e-14	34	mmseqs2	0.0006436503905297397	0.9996290113151549	0.0016877071347341178	0.7397510309353797	0.7399374339657688	0.739844220709559	1520	1016	4	nt	0.5	5.0
True	PROKKA_06122025__gr_1e-12_lr_1e-12_mu_1e-14	34	connected_components_t0.1	0.7831663399424995	0.7855685401595252	0.8432248529127067	1.0000000000000002	0.9339908239426702	0.9658689300692948	2296	1597	150	aa	0.9	167.0
True	PROKKA_06122025__gr_1e-12_lr_1e-12_mu_1e-14	34	connected_components_t0.2	0.9309536668414955	0.9211649044704137	0.9516474513685823	1.0000000000000002	0.9765300425530413	0.9881256763410271	1756	1151	56	aa	0.9	167.0
True	PROKKA_06122025__gr_1e-12_lr_1e-12_mu_1e-14	34	connected_components_t0.3	0.9743775629511996	0.9695789278427008	0.9830234651470205	1.0	0.9913785330509501	0.995670603651712	1599	1047	29	aa	0.9	167.0
True	PROKKA_06122025__gr_1e-12_lr_1e-12_mu_1e-14	34	connected_components_t0.4	0.9920819078044266	0.9897978111667595	0.9946204314845309	1.0000000000000002	0.9972205165842605	0.9986083242222582	1548	1027	12	aa	0.9	167.0
True	PROKKA_06122025__gr_1e-12_lr_1e-12_mu_1e-14	34	connected_components_t0.5	0.9953875198171532	0.9962901131515489	0.9971986627245407	0.9995638838912709	0.9989791978751934	0.9992714553564951	1531	1022	6	aa	0.9	167.0
True	PROKKA_06122025__gr_1e-12_lr_1e-12_mu_1e-14	34	connected_components_t0.6	0.9971174440136472	0.9988870339454646	0.9984716822620924	0.9994638477858161	0.9997396044269728	0.9996017070883887	1524	1021	2	aa	0.9	167.0
True	PROKKA_06122025__gr_1e-12_lr_1e-12_mu_1e-14	34	connected_components_t0.7	0.9972868958292505	1.0	0.9985597767202248	0.9992487550130107	1.0	0.9996242363612304	1518	1014	5	aa	0.9	167.0
True	PROKKA_06122025__gr_1e-12_lr_1e-12_mu_1e-14	34	hdbscan_dist	0.9184244780070553	0.9812650714153218	0.9493246418613	0.9768809593570363	0.9956939935820687	0.986197763717136	1296	782	0	aa	0.9	0.229
True	PROKKA_06122025__gr_1e-12_lr_1e-12_mu_1e-14	34	hdbscan_tsne	0.7851062284840227	0.9723613429790391	0.8640923165811029	0.9267796341382981	0.9929927452131933	0.9587443417865451	760	235	0	aa	0.9	15.052
True	PROKKA_06122025__gr_1e-12_lr_1e-12_mu_1e-14	34	hdbscan_umap	0.0808000279454929	0.9361899462066406	0.6949413167249253	0.8166344821918954	0.9783595551253942	0.8902114793555629	579	79	0	aa	0.9	7.258
True	PROKKA_06122025__gr_1e-12_lr_1e-12_mu_1e-14	34	cdhit	0.0007002078428284062	0.9972175848636616	0.0018363164700420502	0.7402326815903472	0.7400905940597058	0.7401616310059531	1526	1020	5	nt	0.9	1.0
True	PROKKA_06122025__gr_1e-12_lr_1e-12_mu_1e-14	34	mmseqs2	0.0006428702462821453	1.0	0.0016859912051799977	0.7397182793069766	0.7399289140678944	0.7398235816950093	1521	1019	3	aa	0.7	1.0
True	PROKKA_06122025__gr_1e-12_lr_1e-12_mu_1e-14	34	mmseqs2	0.000649557400663004	0.9981450565757745	0.0017023885638930095	0.7405196439231277	0.7401372182039926	0.7403283816768879	1529	1024	5	nt	0.9	1.0
True	PROKKA_06122025__gr_1e-12_lr_1e-12_mu_1e-14	34	mmseqs2	0.0006420904905431294	1.0	0.0016838699758327151	0.7395607148678464	0.7398879179832694	0.7397242802425245	1518	1014	5	aa	0.6	2.0
True	PROKKA_06122025__gr_1e-12_lr_1e-12_mu_1e-14	34	ppanggolin	0.0006788977275198131	0.9868299016879986	0.0017726308636743303	0.7435724692470499	0.740927712200065	0.7422477347993465	1552	1026	17	aa	0.95	5.0
True	PROKKA_06122025__gr_1e-12_lr_1e-12_mu_1e-14	34	ppanggolin	0.0007255531797290472	1.0	0.0019127943812971956	0.7381008752260032	0.7395634109690677	0.7388314193164913	1510	1009	5	aa	0.7	6.0
True	PROKKA_06122025__gr_1e-12_lr_1e-12_mu_1e-14	34	cdhit	0.0006578112952017056	0.9541828974216287	0.0016993364560733088	0.753240710148273	0.7433443766720068	0.7482598231134003	1633	1055	42	aa	0.95	1.0
True	PROKKA_06122025__gr_1e-12_lr_1e-12_mu_1e-14	34	ppanggolin	0.0006911388960210968	1.0	0.0018144229836966651	0.7392417130995084	0.7398328260760142	0.7395371514684435	1517	1015	4	aa	0.85	5.0
True	PROKKA_06122025__gr_1e-12_lr_1e-12_mu_1e-14	34	mmseqs2	0.0006427835875752884	1.0	0.0016856896103023856	0.7396805326109874	0.7399190940775597	0.7397997941121879	1520	1017	4	nt	0.6	1.0
True	PROKKA_06122025__gr_1e-12_lr_1e-12_mu_1e-14	1274	panaroo	0.0006122210953990319	1.0	0.0014176842797650035	0.7766642469736093	0.7768970444884782	0.776780628288963	1493	995	2	aa	0.85	27.0
True	PROKKA_06122025__gr_1e-12_lr_1e-12_mu_1e-14	1274	panta	1.0	1.0	1.0	1.0	1.0	1.0	1679	1184	2	aa	0.6	8.0
True	PROKKA_06122025__gr_1e-12_lr_1e-12_mu_1e-14	1274	diamond	0.0005949839155577419	1.0	0.001380896991854859	0.7749394386563854	0.7765114540432744	0.775724649923598	1475	974	5	aa	0.6	2.0
True	PROKKA_06122025__gr_1e-12_lr_1e-12_mu_1e-14	1274	diamond	0.0005621980948368842	0.9887336638125281	0.0012959167080659082	0.7805090805168123	0.7777165268907525	0.7791103013845684	1527	1018	12	aa	0.95	1.0
True	PROKKA_06122025__gr_1e-12_lr_1e-12_mu_1e-14	1274	diamond	0.0005976518615095728	1.0	0.0013872381516220385	0.7754105585814344	0.7766169077556374	0.7760132643371648	1482	984	3	aa	0.7	2.0
True	PROKKA_06122025__gr_1e-12_lr_1e-12_mu_1e-14	1274	panta	1.0	1.0	1.0	1.0	1.0	1.0	1485	990	2	aa	0.8	8.0
True	PROKKA_06122025__gr_1e-12_lr_1e-12_mu_1e-14	1274	mmseqs2	0.0006104240172881743	1.0	0.0014134947756410682	0.7763729567283503	0.7768320183472589	0.7766024196982171	1489	990	2	nt	0.7	1.0
True	PROKKA_06122025__gr_1e-12_lr_1e-12_mu_1e-14	1274	cdhit	0.000597270425821299	1.0	0.0013864597742147943	0.7753844894802694	0.7766110751471392	0.7759972976111599	1482	984	4	aa	0.7	1.0
True	PROKKA_06122025__gr_1e-12_lr_1e-12_mu_1e-14	1274	panx	0.9976883872930021	1.0	0.9990925318096509	0.9995904361061221	1.0	0.9997951761088258	1436	955	2	aa	0.5	735.0
True	PROKKA_06122025__gr_1e-12_lr_1e-12_mu_1e-14	1274	ppanggolin	0.0005932080083390323	1.0	0.0013776458567156282	0.7749368944672348	0.7765108842912513	0.775723090949544	1477	978	5	aa	0.6	5.0
True	PROKKA_06122025__gr_1e-12_lr_1e-12_mu_1e-14	1274	panx	0.9948416639071435	0.9970488081725312	0.9970986270621403	0.9996025295665673	0.9990990885029976	0.9993507456303947	1484	985	6	aa	0.9	761.0
True	PROKKA_06122025__gr_1e-12_lr_1e-12_mu_1e-14	1274	panaroo	0.0005630939983226605	0.9894096439837765	0.0012981909606902017	0.780724343158954	0.7777641947957901	0.7792414577669851	1532	1020	15	aa	0.95	28.0
True	PROKKA_06122025__gr_1e-12_lr_1e-12_mu_1e-14	1274	cdhit	0.0006063247138127626	1.0	0.001405051182737867	0.7760568044451336	0.7767613992222092	0.7764089419779334	1487	989	2	nt	0.8	13.0
True	PROKKA_06122025__gr_1e-12_lr_1e-12_mu_1e-14	1274	panta	0.9982111018551917	0.9986369831894594	0.9986861249067173	1.0	0.9994143849709323	0.999707106724114	1491	995	3	aa	0.95	7.0
True	PROKKA_06122025__gr_1e-12_lr_1e-12_mu_1e-14	1274	mmseqs2	0.0006001973309617335	1.0	0.0013910532652701038	0.7751516005066247	0.7765589558741113	0.7758546399756177	1475	974	3	aa	0.5	3.0
True	PROKKA_06122025__gr_1e-12_lr_1e-12_mu_1e-14	1274	cdhit	0.0005952377942967747	1.0	0.0013813983401551651	0.7749515500695712	0.7765141662633255	0.7757320712430431	1475	974	5	aa	0.6	0.0
True	PROKKA_06122025__gr_1e-12_lr_1e-12_mu_1e-14	1274	panaroo	0.0006122210953990319	1.0	0.0014176842797650035	0.7766642469736093	0.7768970444884782	0.776780628288963	1493	995	2	aa	0.8	28.0
True	PROKKA_06122025__gr_1e-12_lr_1e-12_mu_1e-14	1274	cdhit	0.0005316911865297609	0.9963947724200091	0.0012304742722611946	0.7773535218280102	0.7770154034397974	0.7771844258588363	1498	996	5	aa	0.9	1.0
True	PROKKA_06122025__gr_1e-12_lr_1e-12_mu_1e-14	1274	cdhit	0.0005207129338267299	0.9993240198287517	0.0012072232374966154	0.7763554361443178	0.7767927203500682	0.7765740166891646	1491	993	3	aa	0.85	1.0
True	PROKKA_06122025__gr_1e-12_lr_1e-12_mu_1e-14	1274	panta	1.0	1.0	1.0	1.0	1.0	1.0	1485	990	2	aa	0.85	8.0
True	PROKKA_06122025__gr_1e-12_lr_1e-12_mu_1e-14	1274	mmseqs2	0.0006118358207251156	1.0	0.001416639949908058	0.7765560121209347	0.7768728871195224	0.7767144173014772	1491	992	2	nt	0.85	1.0
True	PROKKA_06122025__gr_1e-12_lr_1e-12_mu_1e-14	1274	mmseqs2	0.0005528883517821827	0.9930148715637674	0.0012761740775811576	0.7796181836733777	0.7775190284548629	0.7785671911430082	1522	1022	4	aa	0.95	3.0
True	PROKKA_06122025__gr_1e-12_lr_1e-12_mu_1e-14	1274	diamond	0.0006123495429122165	0.9977467327625056	0.0014186834226043439	0.7769017448557243	0.7769500342613539	0.7769258888081886	1497	999	4	aa	0.9	1.0
True	PROKKA_06122025__gr_1e-12_lr_1e-12_mu_1e-14	1274	mmseqs2	0.0005333202107567868	0.9972960793150067	0.0012345222552808293	0.7777168376072784	0.7770963526270914	0.7774064713075809	1504	1005	3	nt	0.95	2.0
True	PROKKA_06122025__gr_1e-12_lr_1e-12_mu_1e-14	1274	connected_components_t0.1	0.8306408442588014	0.8357368183866607	0.8490761252125332	1.0	0.9446230871338365	0.9715230610844062	2196	1723	68	nt	0.9	144.0
True	PROKKA_06122025__gr_1e-12_lr_1e-12_mu_1e-14	1274	connected_components_t0.2	0.955087764702456	0.9565119423163587	0.962708869238856	1.0	0.9841908272995962	0.9920324333310624	1674	1166	24	nt	0.9	144.0
True	PROKKA_06122025__gr_1e-12_lr_1e-12_mu_1e-14	1274	connected_components_t0.3	0.9833331731990448	0.98400180261379	0.9861981761325631	0.9998932431756712	0.9940567576553965	0.99696645843524	1559	1053	11	nt	0.9	144.0
True	PROKKA_06122025__gr_1e-12_lr_1e-12_mu_1e-14	1274	connected_components_t0.4	0.9912912956671524	0.9941415051825147	0.9940961473634939	0.999700349593913	0.9976789360317396	0.9986886199443059	1518	1017	4	nt	0.9	144.0
True	PROKKA_06122025__gr_1e-12_lr_1e-12_mu_1e-14	1274	connected_components_t0.5	0.9955311711424119	0.9981973862100045	0.9975588525956571	0.999700349593913	0.9992107440157739	0.999455486843792	1502	1003	2	nt	0.9	144.0
True	PROKKA_06122025__gr_1e-12_lr_1e-12_mu_1e-14	1274	connected_components_t0.6	0.997659929410055	0.9997746732762506	0.9990987965222545	0.999700349593913	0.9998968793269908	0.9997986048025229	1495	996	2	nt	0.9	144.0
True	PROKKA_06122025__gr_1e-12_lr_1e-12_mu_1e-14	1274	connected_components_t0.7	0.9980138475444638	1.0	0.9993296495004513	0.9997003495939129	0.9999999999999999	0.9998501523460012	1494	995	2	nt	0.9	144.0
True	PROKKA_06122025__gr_1e-12_lr_1e-12_mu_1e-14	1274	hdbscan_dist	0.9391371009638163	0.98400180261379	0.9517177081361061	0.983049460894485	0.9947555696382709	0.9888678725741494	1318	716	88	nt	0.9	0.162
True	PROKKA_06122025__gr_1e-12_lr_1e-12_mu_1e-14	1274	hdbscan_tsne	0.6371556485957274	0.7649842271293376	0.748221238473002	0.9657603807283014	0.9329017536548392	0.9490467382018042	1507	348	517	nt	0.9	11.635
True	PROKKA_06122025__gr_1e-12_lr_1e-12_mu_1e-14	1274	hdbscan_umap	0.7229087510109089	0.9979720594862551	0.8204433810962231	0.9032987021142811	0.9993306419097246	0.9488911486153303	569	26	40	nt	0.9	6.804
True	PROKKA_06122025__gr_1e-12_lr_1e-12_mu_1e-14	1274	panx	0.9913670945493668	0.9941256213285133	0.9944919024128055	0.9996048286507702	0.9979455449435535	0.9987744976474769	1507	1005	8	aa	0.95	749.0
True	PROKKA_06122025__gr_1e-12_lr_1e-12_mu_1e-14	1274	diamond	0.0006064526425194588	1.0	0.0014054678632513125	0.776114806073043	0.7767743584280157	0.7764444421860228	1488	990	3	aa	0.85	1.0
True	PROKKA_06122025__gr_1e-12_lr_1e-12_mu_1e-14	1274	panta	1.0	1.0	1.0	1.0	1.0	1.0	1584	1089	2	aa	0.7	9.0
True	PROKKA_06122025__gr_1e-12_lr_1e-12_mu_1e-14	1274	mmseqs2	0.000612092659197783	1.0	0.0014173060925162476	0.7766187212476587	0.7768868840573284	0.7767527795076486	1492	993	3	aa	0.8	2.0
True	PROKKA_06122025__gr_1e-12_lr_1e-12_mu_1e-14	1274	panta	1.0	1.0	1.0	1.0	1.0	1.0	1679	1184	2	aa	0.5	9.0
True	PROKKA_06122025__gr_1e-12_lr_1e-12_mu_1e-14	1274	panaroo	0.0006114506478182846	1.0	0.001415857905019036	0.7765299430197697	0.7768670678709558	0.7766984688632256	1491	992	3	aa	0.7	32.0
True	PROKKA_06122025__gr_1e-12_lr_1e-12_mu_1e-14	1274	cdhit	0.0005596414523848677	0.9876070301937809	0.0012908744654439813	0.780384398756259	0.7776889079240702	0.7790343217198245	1524	1010	13	nt	0.95	1.0
True	PROKKA_06122025__gr_1e-12_lr_1e-12_mu_1e-14	1274	cdhit	0.0006064526425194588	1.0	0.0014054678632576666	0.776114806073043	0.7767743584280157	0.7764444421860228	1488	990	3	aa	0.8	0.0
True	PROKKA_06122025__gr_1e-12_lr_1e-12_mu_1e-14	1274	ppanggolin	0.0006077325483036574	1.0	0.0014081404096107912	0.7762248523796476	0.7767989417535938	0.7765117909579408	1489	991	3	aa	0.9	5.0
True	PROKKA_06122025__gr_1e-12_lr_1e-12_mu_1e-14	1274	cdhit	0.0005865045916325988	0.9993240198287517	0.0013623623134807433	0.7739605239598647	0.7762920187750812	0.7751245181472964	1464	961	7	aa	0.5	1.0
True	PROKKA_06122025__gr_1e-12_lr_1e-12_mu_1e-14	1274	panaroo	0.0005279390281634123	0.9988733663812528	0.0012226566790865675	0.7770573206459542	0.7769493643147859	0.7770033387305247	1497	996	5	aa	0.9	27.0
True	PROKKA_06122025__gr_1e-12_lr_1e-12_mu_1e-14	1274	ppanggolin	0.0005804602799295797	1.0	0.001350104283623884	0.7735777781151113	0.7762061045590471	0.774889712607005	1463	964	4	aa	0.5	6.0
True	PROKKA_06122025__gr_1e-12_lr_1e-12_mu_1e-14	1274	cdhit	0.0006074764771159746	1.0	0.0014077865568687543	0.7762593164625036	0.7768066395971123	0.7765328815874731	1490	993	2	nt	0.85	13.0
True	PROKKA_06122025__gr_1e-12_lr_1e-12_mu_1e-14	1274	embed_hdbscan_raw	0.9091085447717921	0.9677782785038306	0.92347265043918	0.9745528808047654	0.9899220310052947	0.9821773353159438	1224	541	139	aa	0.9	9.614
True	PROKKA_06122025__gr_1e-12_lr_1e-12_mu_1e-14	1274	embed_hdbscan_tsne	0.6466282343537335	0.7875168995042812	0.7545334699686581	0.9595770616929306	0.9378246591188555	0.9485761722566849	1361	238	457	aa	0.9	11.856
True	PROKKA_06122025__gr_1e-12_lr_1e-12_mu_1e-14	1274	embed_hdbscan_umap	0.7068122372469077	0.9959441189725101	0.8108502444279893	0.8975412838868136	0.9988410434084273	0.9454855801976385	527	10	11	aa	0.9	13.105
True	PROKKA_06122025__gr_1e-12_lr_1e-12_mu_1e-14	1274	diamond	0.0005871356642372744	1.0	0.0013636304834745065	0.7739968619570969	0.7763001720661874	0.7751468059726149	1464	961	6	aa	0.5	2.0
True	PROKKA_06122025__gr_1e-12_lr_1e-12_mu_1e-14	1274	mmseqs2	0.0006129919502094912	0.9997746732762506	0.0014192527144454934	0.7767177059111691	0.7769089742724572	0.7768133283182043	1493	994	3	aa	0.9	2.0
True	PROKKA_06122025__gr_1e-12_lr_1e-12_mu_1e-14	1274	panaroo	0.0006111939223977568	1.0	0.0014151022045389959	0.7764388915678686	0.7768467406215943	0.776642762549895	1489	988	5	aa	0.6	32.0
True	PROKKA_06122025__gr_1e-12_lr_1e-12_mu_1e-14	1274	panx	0.9977206255944069	1.0	0.9991059769157995	0.9995973167762314	1.0	0.9997986178415073	1456	967	2	aa	0.6	834.0
True	PROKKA_06122025__gr_1e-12_lr_1e-12_mu_1e-14	1274	panaroo	0.0006079886645305144	1.0	0.0014077389165737465	0.775952861466058	0.7767381716530931	0.7763453179649817	1483	982	3	aa	0.5	29.0
True	PROKKA_06122025__gr_1e-12_lr_1e-12_mu_1e-14	1274	panx	0.997723686510004	1.0	0.9991074152289849	0.999598814424103	1.0	0.999799366966512	1464	974	2	aa	0.7	766.0
True	PROKKA_06122025__gr_1e-12_lr_1e-12_mu_1e-14	1274	diamond	0.0006064526425194588	1.0	0.0014054678632513125	0.776114806073043	0.7767743584280157	0.7764444421860228	1488	990	3	aa	0.8	1.0
True	PROKKA_06122025__gr_1e-12_lr_1e-12_mu_1e-14	1274	panx	0.9969825734973939	0.9993189557321226	0.9985811212511297	0.9996025295665673	0.9997613206239735	0.9996819187896147	1479	984	3	aa	0.85	756.0
True	PROKKA_06122025__gr_1e-12_lr_1e-12_mu_1e-14	1274	panta	0.999776736394187	0.9997728305315765	0.9997993461257547	1.0	0.9999104221422086	0.9999552090649663	1486	990	3	aa	0.9	7.0
True	PROKKA_06122025__gr_1e-12_lr_1e-12_mu_1e-14	1274	mmseqs2	0.0006110655766382229	1.0	0.0014149419911743389	0.7764617349562393	0.776851840759262	0.7766567388713321	1490	991	2	nt	0.8	2.0
True	PROKKA_06122025__gr_1e-12_lr_1e-12_mu_1e-14	1274	panx	0.9969825687064102	0.9993184915947296	0.9985811160640492	0.9996021582072799	0.9997610975887767	0.9996816215805854	1476	981	3	aa	0.8	766.0
True	PROKKA_06122025__gr_1e-12_lr_1e-12_mu_1e-14	1274	mmseqs2	0.000612092659197783	1.0	0.0014173060925162476	0.7766187212476587	0.7768868840573284	0.7767527795076486	1492	993	3	aa	0.85	2.0
True	PROKKA_06122025__gr_1e-12_lr_1e-12_mu_1e-14	1274	ppanggolin	0.0006064526425194588	1.0	0.0014054678632582434	0.7761148060730428	0.7767743584280155	0.7764444421860226	1488	990	3	aa	0.8	6.0
True	PROKKA_06122025__gr_1e-12_lr_1e-12_mu_1e-14	1274	mmseqs2	0.0006102957392972494	1.0	0.0014131172588760558	0.7763274310023996	0.7768218519923422	0.7765745628017434	1488	988	3	nt	0.5	5.0
True	PROKKA_06122025__gr_1e-12_lr_1e-12_mu_1e-14	1274	connected_components_t0.1	0.8652129086628488	0.8749436683190627	0.887431208013471	0.999937290873276	0.9567739324438899	0.9778795384678376	2005	1493	61	aa	0.9	142.0
True	PROKKA_06122025__gr_1e-12_lr_1e-12_mu_1e-14	1274	connected_components_t0.2	0.9687122108293812	0.9718341595313205	0.9749206279410382	0.9997491634931038	0.9894183288928381	0.9945569193561292	1611	1105	15	aa	0.9	142.0
True	PROKKA_06122025__gr_1e-12_lr_1e-12_mu_1e-14	1274	connected_components_t0.3	0.9886760789005017	0.9909869310500226	0.9915908975071275	0.9997364881905697	0.9965449133759595	0.9981381495022205	1531	1029	6	aa	0.9	142.0
True	PROKKA_06122025__gr_1e-12_lr_1e-12_mu_1e-14	1274	connected_components_t0.4	0.994458997909474	0.9968454258675079	0.9964130373555253	0.9997364881905697	0.9986664299669119	0.9992011725938204	1508	1009	2	aa	0.9	142.0
True	PROKKA_06122025__gr_1e-12_lr_1e-12_mu_1e-14	1274	connected_components_t0.5	0.9958498689399085	0.9990986931050022	0.9979955658715438	0.9994997425541075	0.9996046116232311	0.9995521743380571	1497	999	2	aa	0.9	142.0
True	PROKKA_06122025__gr_1e-12_lr_1e-12_mu_1e-14	1274	connected_components_t0.6	0.9968698765214724	1.0	0.9986831077759255	0.9994109643262185	1.0	0.9997053953967987	1492	994	2	aa	0.9	142.0
True	PROKKA_06122025__gr_1e-12_lr_1e-12_mu_1e-14	1274	connected_components_t0.7	0.9968259298863881	1.0	0.9985814711036711	0.9993654386002679	1.0000000000000002	0.9996826186011417	1491	992	3	aa	0.9	142.0
True	PROKKA_06122025__gr_1e-12_lr_1e-12_mu_1e-14	1274	hdbscan_dist	0.9217873855374277	0.9758900405588102	0.9390830806515523	0.9795281705767779	0.9923761681161551	0.9859103136038898	1285	657	94	aa	0.9	0.157
True	PROKKA_06122025__gr_1e-12_lr_1e-12_mu_1e-14	1274	hdbscan_tsne	0.6175963448807182	0.7575484452456062	0.7426948990172718	0.9658077670647803	0.9312550887219565	0.948216760517688	1578	478	486	aa	0.9	11.893
True	PROKKA_06122025__gr_1e-12_lr_1e-12_mu_1e-14	1274	hdbscan_umap	0.10344548026627139	0.9900856241550248	0.6985274994435544	0.8204622058970066	0.9960460640716144	0.8997681589606469	509	25	14	aa	0.9	6.93
True	PROKKA_06122025__gr_1e-12_lr_1e-12_mu_1e-14	1274	cdhit	0.000527439490335841	0.998422712933754	0.001221399916635171	0.7769398318464406	0.7769231589257409	0.7769314952966407	1495	995	4	nt	0.9	1.0
True	PROKKA_06122025__gr_1e-12_lr_1e-12_mu_1e-14	1274	mmseqs2	0.0006106806071446356	1.0	0.0014141602077767485	0.7764356658550742	0.7768460204128336	0.7766407889290842	1490	991	3	aa	0.7	2.0
True	PROKKA_06122025__gr_1e-12_lr_1e-12_mu_1e-14	1274	mmseqs2	0.000612092659197783	1.0	0.001417306092520295	0.7766187212476587	0.7768868840573284	0.7767527795076486	1492	993	3	nt	0.9	1.0
True	PROKKA_06122025__gr_1e-12_lr_1e-12_mu_1e-14	1274	mmseqs2	0.0006100392171825583	1.0	0.0014123624552809105	0.7762363795504986	0.7768015165035028	0.7765188452027952	1486	984	5	aa	0.6	2.0
True	PROKKA_06122025__gr_1e-12_lr_1e-12_mu_1e-14	1274	ppanggolin	0.0005336964052031826	0.9970707525912573	0.001235259171429571	0.7777303683460386	0.7770993662310762	0.7774147392476342	1504	1005	3	aa	0.95	7.0
True	PROKKA_06122025__gr_1e-12_lr_1e-12_mu_1e-14	1274	ppanggolin	0.0005967620008410992	1.0	0.0013853621333198905	0.775330666053937	0.7765990319204239	0.7759643306802064	1482	986	1	aa	0.7	6.0
True	PROKKA_06122025__gr_1e-12_lr_1e-12_mu_1e-14	1274	cdhit	0.0004906956437120431	0.9819738621000451	0.0011297173863677313	0.7825676353804184	0.7781363129129387	0.7803456831973822	1545	1026	19	aa	0.95	0.0
True	PROKKA_06122025__gr_1e-12_lr_1e-12_mu_1e-14	1274	ppanggolin	0.0006064526425194588	1.0	0.0014054678632582434	0.7761148060730428	0.7767743584280155	0.7764444421860226	1488	990	3	aa	0.85	5.0
True	PROKKA_06122025__gr_1e-12_lr_1e-12_mu_1e-14	1274	mmseqs2	0.0006104240172881743	1.0	0.0014134947756410682	0.7763729567283503	0.7768320183472589	0.7766024196982171	1489	990	2	nt	0.6	2.0
True	PROKKA_06122025__gr_1e-12_lr_1e-12_mu_1e-14	1681	panaroo	0.0001283034973862295	0.9994333207404609	0.000341362258061692	0.7423235219508921	0.7421910330522613	0.7422572715894391	1521	1020	2	aa	0.85	27.0
True	PROKKA_06122025__gr_1e-12_lr_1e-12_mu_1e-14	1681	panta	1.0	1.0	0.9999999999999994	1.0	0.9999999999999999	0.9999999999999999	1608	1114	1	aa	0.6	9.0
True	PROKKA_06122025__gr_1e-12_lr_1e-12_mu_1e-14	1681	diamond	9.381292633794075e-05	1.0	0.0002539996203542446	0.7392509226569756	0.7413965902143443	0.7403222017478539	1493	989	9	aa	0.6	1.0
True	PROKKA_06122025__gr_1e-12_lr_1e-12_mu_1e-14	1681	diamond	0.00011106277761159237	0.9520211560256895	0.00029156527114045116	0.7541032573349696	0.745135453465738	0.7495925346193608	1609	1044	22	aa	0.95	1.0
True	PROKKA_06122025__gr_1e-12_lr_1e-12_mu_1e-14	1681	diamond	0.0001043967163622718	1.0	0.00028081638935068145	0.740046002458743	0.7416026330478918	0.7408235000497361	1501	1001	4	aa	0.7	1.0
True	PROKKA_06122025__gr_1e-12_lr_1e-12_mu_1e-14	1681	panta	0.9990753159529681	0.9992379500857306	0.9994584315134662	1.0000000000000002	0.9997205242857027	0.9998602426134537	1511	1015	2	aa	0.8	8.0
True	PROKKA_06122025__gr_1e-12_lr_1e-12_mu_1e-14	1681	mmseqs2	0.0001238016428849502	1.0	0.00032986365732875453	0.7417135168062189	0.7420337003678709	0.7418735740402191	1514	1012	4	nt	0.7	1.0
True	PROKKA_06122025__gr_1e-12_lr_1e-12_mu_1e-14	1681	cdhit	0.00010816588581415015	0.9994333207404609	0.0002904722619730666	0.740511180556221	0.7417230305526057	0.7411166101602298	1506	1006	4	aa	0.7	1.0
True	PROKKA_06122025__gr_1e-12_lr_1e-12_mu_1e-14	1681	panx	0.9996387985792798	1.0	0.9998010460909187	0.9998966065226957	0.9999999999999999	0.9999483005886568	1445	969	1	aa	0.5	756.0
True	PROKKA_06122025__gr_1e-12_lr_1e-12_mu_1e-14	1681	ppanggolin	9.373972857190684e-05	1.0	0.0002538277345426366	0.7392727204982017	0.7414022434481436	0.7403359506215577	1494	992	6	aa	0.6	5.0
True	PROKKA_06122025__gr_1e-12_lr_1e-12_mu_1e-14	1681	panx	0.9957640476961758	0.9954329210275927	0.9972556590882861	0.9999157117086558	0.9986727908061832	0.9992938647715651	1518	1015	3	aa	0.9	735.0
True	PROKKA_06122025__gr_1e-12_lr_1e-12_mu_1e-14	1681	panaroo	0.00013122814498088122	0.9471099357763506	0.0003419172973059911	0.7563064132296088	0.7456890771402618	0.7509602191649317	1628	1042	28	aa	0.95	28.0
True	PROKKA_06122025__gr_1e-12_lr_1e-12_mu_1e-14	1681	cdhit	0.00011514164644041903	0.999811106913487	0.0003082184523852359	0.7412260574087335	0.7419078366078706	0.7415667903053644	1512	1012	2	nt	0.8	16.0
True	PROKKA_06122025__gr_1e-12_lr_1e-12_mu_1e-14	1681	panta	0.9717107718561799	0.9672318536864165	0.9840251016290009	1.0000000000000002	0.9919431633449056	0.9959552878800192	1560	1018	9	aa	0.95	8.0
True	PROKKA_06122025__gr_1e-12_lr_1e-12_mu_1e-14	1681	mmseqs2	0.00011268846236651107	1.0	0.00030175123127733203	0.7406215912305806	0.7417515905959212	0.7411861602192187	1502	997	7	aa	0.5	2.0
True	PROKKA_06122025__gr_1e-12_lr_1e-12_mu_1e-14	1681	cdhit	8.96472373891658e-05	1.0	0.00024338877583348427	0.7389442964074084	0.7413170410063303	0.7401287670437003	1492	991	5	aa	0.6	1.0
True	PROKKA_06122025__gr_1e-12_lr_1e-12_mu_1e-14	1681	panaroo	0.00012470077950803095	1.0	0.0003322169586229787	0.7419189952612238	0.7420867188676016	0.7420028475862794	1518	1019	1	aa	0.8	27.0
True	PROKKA_06122025__gr_1e-12_lr_1e-12_mu_1e-14	1681	cdhit	0.00013788356873228966	0.9916887041934265	0.0003659108085813254	0.7436834380707102	0.7425410930805783	0.7431118265598532	1529	1017	4	aa	0.9	0.0
True	PROKKA_06122025__gr_1e-12_lr_1e-12_mu_1e-14	1681	cdhit	0.00012080896520964002	0.9977332829618436	0.00032261047416371966	0.7418150283024677	0.742059895556899	0.7419374417258335	1517	1016	1	aa	0.85	0.0
True	PROKKA_06122025__gr_1e-12_lr_1e-12_mu_1e-14	1681	panta	0.9990753159529681	0.9992379500857306	0.9994584315134662	1.0000000000000002	0.9997205242857027	0.9998602426134537	1511	1015	2	aa	0.85	8.0
True	PROKKA_06122025__gr_1e-12_lr_1e-12_mu_1e-14	1681	mmseqs2	0.000127326784990925	1.0	0.00033883412147297983	0.7421450114425046	0.7421450114425044	0.7421450114425044	1519	1019	1	nt	0.85	1.0
True	PROKKA_06122025__gr_1e-12_lr_1e-12_mu_1e-14	1681	mmseqs2	4.832019918328243e-05	0.9584435209671326	0.0001308375171560276	0.753391233501671	0.7449276988029748	0.7491355622230421	1602	1040	22	aa	0.95	1.0
True	PROKKA_06122025__gr_1e-12_lr_1e-12_mu_1e-14	1681	diamond	0.00013138866075090134	0.9924442765394786	0.0003498326627990136	0.7434745739967273	0.7424873905652493	0.7429806543684473	1536	1032	4	aa	0.9	1.0
True	PROKKA_06122025__gr_1e-12_lr_1e-12_mu_1e-14	1681	mmseqs2	0.00013123318082217128	0.9746883264072534	0.0003451907130030468	0.7491895628462611	0.7439203787624696	0.7465456733306378	1570	1033	12	nt	0.95	1.0
True	PROKKA_06122025__gr_1e-12_lr_1e-12_mu_1e-14	1681	connected_components_t0.1	0.7190559380694952	0.7240272006044579	0.7907796286206112	1.0	0.917948728745599	0.9572192572071178	2537	1879	118	nt	0.9	166.0
True	PROKKA_06122025__gr_1e-12_lr_1e-12_mu_1e-14	1681	connected_components_t0.2	0.8890697328094948	0.8794862108046846	0.9265805329791154	1.0	0.9658960183584259	0.9826521945600909	1847	1210	61	nt	0.9	166.0
True	PROKKA_06122025__gr_1e-12_lr_1e-12_mu_1e-14	1681	connected_components_t0.3	0.9518523767749077	0.9425765017000378	0.9690217970678461	1.0	0.9847311597436935	0.9923068471105788	1648	1069	35	nt	0.9	166.0
True	PROKKA_06122025__gr_1e-12_lr_1e-12_mu_1e-14	1681	connected_components_t0.4	0.9769558250025522	0.971666037023045	0.9862726023971746	1.0	0.9930616031254237	0.9965187243265858	1569	1028	12	nt	0.9	166.0
True	PROKKA_06122025__gr_1e-12_lr_1e-12_mu_1e-14	1681	connected_components_t0.5	0.9855379481296431	0.9858330185115225	0.9923360523192207	0.9996355189920437	0.9964464337369182	0.9980384288075657	1544	1025	4	nt	0.9	166.0
True	PROKKA_06122025__gr_1e-12_lr_1e-12_mu_1e-14	1681	connected_components_t0.6	0.9941782933666347	0.9956554590102002	0.997225886771773	0.999635518992044	0.9989360395328248	0.9992856568571316	1527	1021	2	nt	0.9	166.0
True	PROKKA_06122025__gr_1e-12_lr_1e-12_mu_1e-14	1681	connected_components_t0.7	0.9956762471747453	0.9979221760483566	0.9981773745497854	0.9995970757175837	0.9994629814753779	0.9995300240990508	1522	1018	3	nt	0.9	166.0
True	PROKKA_06122025__gr_1e-12_lr_1e-12_mu_1e-14	1681	hdbscan_dist	0.9145739285727486	0.9563656970154892	0.9504761878427598	0.9840841254580915	0.9900118689752817	0.9870390974105716	1399	864	0	nt	0.9	0.224
True	PROKKA_06122025__gr_1e-12_lr_1e-12_mu_1e-14	1681	hdbscan_tsne	0.7674197112821	0.9352096713260295	0.8513076350675456	0.9296872681524595	0.9845270250952542	0.9563216026666956	773	192	0	nt	0.9	12.359
True	PROKKA_06122025__gr_1e-12_lr_1e-12_mu_1e-14	1681	hdbscan_umap	0.6595918700961103	0.9061201360030223	0.798823217281167	0.9040119248575769	0.9757881790994924	0.938529738544102	653	91	0	nt	0.9	6.676
True	PROKKA_06122025__gr_1e-12_lr_1e-12_mu_1e-14	1681	panx	0.9724208611796007	0.9703325774754347	0.9839677821706875	0.9994766885541592	0.9924150777363261	0.995933365811674	1570	1031	6	aa	0.95	729.0
True	PROKKA_06122025__gr_1e-12_lr_1e-12_mu_1e-14	1681	diamond	0.00011722675185024868	0.9988666414809217	0.00031361618411149326	0.7415841936935437	0.742000320643095	0.7417921988091101	1516	1015	2	aa	0.85	1.0
True	PROKKA_06122025__gr_1e-12_lr_1e-12_mu_1e-14	1681	panta	1.0	1.0	0.9999999999999994	1.0	0.9999999999999999	0.9999999999999999	1608	1114	1	aa	0.7	9.0
True	PROKKA_06122025__gr_1e-12_lr_1e-12_mu_1e-14	1681	mmseqs2	0.000124925659967768	0.999811106913487	0.00033281369460563923	0.7419813716364279	0.7421028091962137	0.7420420854479096	1519	1020	1	aa	0.8	1.0
True	PROKKA_06122025__gr_1e-12_lr_1e-12_mu_1e-14	1681	panta	1.0	1.0	1.0000000000000004	1.0	1.0000000000000002	1.0000000000000002	1608	1114	1	aa	0.5	9.0
True	PROKKA_06122025__gr_1e-12_lr_1e-12_mu_1e-14	1681	panaroo	0.00012462582791782708	1.0	0.0003320065534050475	0.7418805519867637	0.7420768012137308	0.7419786636235404	1517	1017	2	aa	0.7	29.0
True	PROKKA_06122025__gr_1e-12_lr_1e-12_mu_1e-14	1681	cdhit	0.00018732239043204956	0.9705326785039667	0.0004906535276909992	0.749696819437322	0.744077687607284	0.7468766847776985	1577	1036	13	nt	0.95	1.0
True	PROKKA_06122025__gr_1e-12_lr_1e-12_mu_1e-14	1681	cdhit	0.00011372864474705527	0.9992444276539478	0.00030466015218548264	0.7411423917409051	0.7418862214829092	0.7415141200738052	1513	1015	1	aa	0.8	0.0
True	PROKKA_06122025__gr_1e-12_lr_1e-12_mu_1e-14	1681	ppanggolin	0.00012073423574134632	0.9979221760483566	0.0003224986806542913	0.7419079743188575	0.7420838757462693	0.7419959146075358	1518	1016	2	aa	0.9	4.0
True	PROKKA_06122025__gr_1e-12_lr_1e-12_mu_1e-14	1681	cdhit	8.157338860444716e-05	0.9992444276539478	0.00022270390478092915	0.7381585809182937	0.7411129763089406	0.7396328283601353	1483	980	6	aa	0.5	2.0
True	PROKKA_06122025__gr_1e-12_lr_1e-12_mu_1e-14	1681	panaroo	0.00014905989077567484	0.9907442387608614	0.0003937748470365758	0.7445493506381594	0.74276349525342	0.743655350784185	1535	1020	3	aa	0.9	27.0
True	PROKKA_06122025__gr_1e-12_lr_1e-12_mu_1e-14	1681	ppanggolin	7.41984400309488e-05	1.0	0.0002038869306119342	0.7377371304140218	0.7410033851775876	0.7393666505300038	1482	981	6	aa	0.5	5.0
True	PROKKA_06122025__gr_1e-12_lr_1e-12_mu_1e-14	1681	cdhit	0.00011953914361841125	0.9990555345674348	0.0003193019166622914	0.7415605188075768	0.7419942089578717	0.7417773004920238	1514	1014	1	nt	0.85	14.0
True	PROKKA_06122025__gr_1e-12_lr_1e-12_mu_1e-14	1681	embed_hdbscan_raw	0.9030710324956868	0.9820551567812618	0.9330399887151333	0.9681704641175123	0.995346608874011	0.9815704701799692	1182	662	0	aa	0.9	12.602
True	PROKKA_06122025__gr_1e-12_lr_1e-12_mu_1e-14	1681	embed_hdbscan_tsne	0.7800997920415543	0.9542878730638459	0.8531418272246687	0.9258801348685028	0.9884128915082745	0.9561251581505003	708	138	0	aa	0.9	12.773
True	PROKKA_06122025__gr_1e-12_lr_1e-12_mu_1e-14	1681	embed_hdbscan_umap	0.6989654664314191	0.9403097846618814	0.8161612817766266	0.9055677444076309	0.9838398242239814	0.9430825040318455	607	60	0	aa	0.9	13.428
True	PROKKA_06122025__gr_1e-12_lr_1e-12_mu_1e-14	1681	diamond	7.246927813842241e-05	1.0	0.00019938648292135353	0.7375267943482465	0.740948656097805	0.7392337653541522	1480	977	10	aa	0.5	1.0
True	PROKKA_06122025__gr_1e-12_lr_1e-12_mu_1e-14	1681	mmseqs2	0.00014167443961597435	0.9939554212315829	0.0003752763128216977	0.7438907277256496	0.7425943686445351	0.7432419829097082	1532	1021	7	aa	0.9	1.0
True	PROKKA_06122025__gr_1e-12_lr_1e-12_mu_1e-14	1681	panaroo	0.00012447593757978118	1.0	0.000331585836745945	0.7418036654378435	0.7420569636176054	0.7419302929084542	1515	1013	4	aa	0.6	31.0
True	PROKKA_06122025__gr_1e-12_lr_1e-12_mu_1e-14	1681	panx	0.9996464368860561	1.0	0.9998049396079485	0.9998987146355945	1.0	0.9999493547529861	1469	985	1	aa	0.6	729.0
True	PROKKA_06122025__gr_1e-12_lr_1e-12_mu_1e-14	1681	panaroo	0.00011610931773296107	1.0	0.00031052555885984704	0.741098735373089	0.7418749413707442	0.7414866352342073	1508	1005	4	aa	0.5	31.0
True	PROKKA_06122025__gr_1e-12_lr_1e-12_mu_1e-14	1681	panx	0.9996489406078257	1.0	0.9998062914054303	0.9998996341328429	1.0	0.9999498145479683	1484	997	1	aa	0.7	730.0
True	PROKKA_06122025__gr_1e-12_lr_1e-12_mu_1e-14	1681	diamond	0.00011462088914473623	0.9996222138269739	0.0003069212912630661	0.7412178024931956	0.7419057041015821	0.7415615937662976	1513	1014	2	aa	0.8	1.0
True	PROKKA_06122025__gr_1e-12_lr_1e-12_mu_1e-14	1681	panx	0.9990982467884294	0.9992334227673438	0.9992399792854223	0.999900622164881	0.9997070967020931	0.9998038500686239	1505	1014	1	aa	0.85	738.0
True	PROKKA_06122025__gr_1e-12_lr_1e-12_mu_1e-14	1681	panta	0.9965236170546424	0.9961897504286531	0.9979829133600318	1.0000000000000002	0.9989613898705303	0.9994804251173972	1516	1015	3	aa	0.9	8.0
True	PROKKA_06122025__gr_1e-12_lr_1e-12_mu_1e-14	1681	mmseqs2	0.000127326784990925	1.0	0.00033883412147297983	0.7421450114425046	0.7421450114425044	0.7421450114425044	1519	1019	1	nt	0.8	1.0
True	PROKKA_06122025__gr_1e-12_lr_1e-12_mu_1e-14	1681	panx	0.9993007474887899	0.999615606380934	0.9994983695395663	0.9999002800481259	0.9998404360732117	0.9998703571652273	1498	1009	1	aa	0.8	817.0
True	PROKKA_06122025__gr_1e-12_lr_1e-12_mu_1e-14	1681	mmseqs2	0.00012875453271260373	0.9992444276539478	0.00034252747661870096	0.7424031323874539	0.7422115520402889	0.7423073298527416	1522	1021	2	aa	0.85	1.0
True	PROKKA_06122025__gr_1e-12_lr_1e-12_mu_1e-14	1681	ppanggolin	0.00010898027480276478	1.0	0.00029258931753289944	0.740686159694072	0.7417682896603749	0.7412268297223349	1510	1013	2	aa	0.8	4.0
True	PROKKA_06122025__gr_1e-12_lr_1e-12_mu_1e-14	1681	mmseqs2	0.0001238016428849502	1.0	0.00032986365732875453	0.7417135168062189	0.7420337003678709	0.7418735740402191	1514	1012	4	nt	0.5	3.0
True	PROKKA_06122025__gr_1e-12_lr_1e-12_mu_1e-14	1681	connected_components_t0.1	0.7827177061775025	0.7835285228560634	0.8427574098738666	1.0	0.9344241998764978	0.9661006101310721	2283	1621	103	aa	0.9	166.0
True	PROKKA_06122025__gr_1e-12_lr_1e-12_mu_1e-14	1681	connected_components_t0.2	0.9126694211124904	0.9038534189648659	0.9415291481640359	1.0	0.9722777178102759	0.9859440270812861	1782	1160	66	aa	0.9	166.0
True	PROKKA_06122025__gr_1e-12_lr_1e-12_mu_1e-14	1681	connected_components_t0.3	0.9674204334912639	0.9614658103513412	0.9807014889584181	1.0	0.9903252113537535	0.9951390915459157	1592	1041	15	aa	0.9	166.0
True	PROKKA_06122025__gr_1e-12_lr_1e-12_mu_1e-14	1681	connected_components_t0.4	0.9891655049826652	0.9871552701171137	0.9937107891244605	1.0	0.9967859101579256	0.9983903683285605	1543	1026	3	aa	0.9	166.0
True	PROKKA_06122025__gr_1e-12_lr_1e-12_mu_1e-14	1681	connected_components_t0.5	0.9926186819211221	0.9937665281450699	0.9962297007648054	0.9995970757175837	0.9984638796023647	0.9990301563150643	1529	1019	3	aa	0.9	166.0
True	PROKKA_06122025__gr_1e-12_lr_1e-12_mu_1e-14	1681	connected_components_t0.6	0.9953374320018702	0.9984888553078958	0.9981267357682428	0.9994378548444605	0.9995954095394037	0.9995166259830605	1520	1018	2	aa	0.9	166.0
True	PROKKA_06122025__gr_1e-12_lr_1e-12_mu_1e-14	1681	connected_components_t0.7	0.9956618625876418	0.999811106913487	0.9982621404945498	0.9991645217298096	0.9999375753641917	0.9995508990769154	1516	1017	1	aa	0.9	166.0
True	PROKKA_06122025__gr_1e-12_lr_1e-12_mu_1e-14	1681	hdbscan_dist	0.850582871316029	0.8904420098224405	0.9126641700207581	0.9818065610292811	0.9740299896764846	0.9779028152005549	1450	785	0	aa	0.9	0.214
True	PROKKA_06122025__gr_1e-12_lr_1e-12_mu_1e-14	1681	hdbscan_tsne	0.7080534501122108	0.8022289384208537	0.8298755483039482	0.9651569011024338	0.9504316115031415	0.9577376590345444	1387	571	0	aa	0.9	12.571
True	PROKKA_06122025__gr_1e-12_lr_1e-12_mu_1e-14	1681	hdbscan_umap	0.08851657808053015	0.9029089535323007	0.6907676902604404	0.823721055130369	0.972033022899971	0.8917524699405954	580	29	0	aa	0.9	6.821
True	PROKKA_06122025__gr_1e-12_lr_1e-12_mu_1e-14	1681	cdhit	0.00012417620826286947	0.9967888175292784	0.00033126461633100165	0.7423110146076282	0.7421878090822044	0.7422494067322138	1521	1017	1	nt	0.9	1.0
True	PROKKA_06122025__gr_1e-12_lr_1e-12_mu_1e-14	1681	mmseqs2	0.00012410128663133214	0.999811106913487	0.0003306701219981632	0.7418143364558829	0.7420597170428884	0.7419370064607256	1516	1015	3	aa	0.7	1.0
True	PROKKA_06122025__gr_1e-12_lr_1e-12_mu_1e-14	1681	mmseqs2	0.0001344810761097554	0.9971666037023045	0.0003570549555977113	0.7430615665604403	0.7423811333332249	0.7427211941046125	1527	1023	3	nt	0.9	1.0
True	PROKKA_06122025__gr_1e-12_lr_1e-12_mu_1e-14	1681	mmseqs2	0.0001238765474053134	0.999811106913487	0.0003300394717512443	0.7416990066325027	0.7420299555618487	0.7418644441877412	1513	1009	6	aa	0.6	1.0
True	PROKKA_06122025__gr_1e-12_lr_1e-12_mu_1e-14	1681	ppanggolin	0.00011295624339415996	0.9767661503588969	0.0002993339954979846	0.747348009304976	0.743451253322508	0.7453945385062904	1554	1023	5	aa	0.95	5.0
True	PROKKA_06122025__gr_1e-12_lr_1e-12_mu_1e-14	1681	ppanggolin	0.00010476576100671042	1.0	0.00028177654944181303	0.7401129426138158	0.7416199654282958	0.7408656876488738	1502	1003	2	aa	0.7	4.0
True	PROKKA_06122025__gr_1e-12_lr_1e-12_mu_1e-14	1681	cdhit	0.00011829596023851514	0.9520211560256895	0.000309721854343094	0.7549704306399148	0.7453536499590004	0.7501312194681917	1615	1042	29	aa	0.95	0.0
True	PROKKA_06122025__gr_1e-12_lr_1e-12_mu_1e-14	1681	ppanggolin	0.00011187175688924971	0.999811106913487	0.00029997317342110493	0.7410129955250172	0.7418527846857138	0.7414326523070955	1513	1016	1	aa	0.85	4.0
True	PROKKA_06122025__gr_1e-12_lr_1e-12_mu_1e-14	1681	mmseqs2	0.0001238016428849502	1.0	0.00032986365732875453	0.7417135168062189	0.7420337003678709	0.7418735740402191	1514	1012	4	nt	0.6	1.0
True	PROKKA_06122025__gr_1e-12_lr_1e-12_mu_1e-14	1894	panaroo	0.0007713433782315123	1.0	0.001926629503111168	0.7550467084427114	0.7550467084427115	0.7550467084427114	1536	1035	1	aa	0.85	26.0
True	PROKKA_06122025__gr_1e-12_lr_1e-12_mu_1e-14	1894	panta	1.0	1.0	1.0	1.0	1.0000000000000002	1.0000000000000002	1524	1027	1	aa	0.6	7.0
True	PROKKA_06122025__gr_1e-12_lr_1e-12_mu_1e-14	1894	diamond	0.0007286028448486889	1.0	0.001835689503698271	0.7523790807843104	0.7543915164588793	0.7533839547218163	1517	1017	4	aa	0.6	2.0
True	PROKKA_06122025__gr_1e-12_lr_1e-12_mu_1e-14	1894	diamond	0.0007866673548248863	0.9734863474475662	0.0019449921774265955	0.762775479116454	0.7568952713155065	0.7598239987899443	1596	1052	25	aa	0.95	1.0
True	PROKKA_06122025__gr_1e-12_lr_1e-12_mu_1e-14	1894	diamond	0.0007498279556090333	1.0	0.0018810009468667942	0.7537012496095337	0.7547166898464341	0.7542086279397939	1526	1026	1	aa	0.7	2.0
True	PROKKA_06122025__gr_1e-12_lr_1e-12_mu_1e-14	1894	panta	0.9996686287978983	0.9996008780682498	0.9997509858385821	1.0	0.9998777568920331	0.9999388747099438	1525	1027	2	aa	0.8	7.0
True	PROKKA_06122025__gr_1e-12_lr_1e-12_mu_1e-14	1894	mmseqs2	0.0007704108151861162	1.0	0.0019241798902262716	0.7548684120450078	0.7550030263648639	0.7549357132040889	1533	1031	1	nt	0.7	1.0
True	PROKKA_06122025__gr_1e-12_lr_1e-12_mu_1e-14	1894	cdhit	0.0007497257135695152	1.0	0.0018807694380915182	0.7536914250270262	0.7547142767699134	0.7542025040999638	1526	1026	2	aa	0.7	0.0
True	PROKKA_06122025__gr_1e-12_lr_1e-12_mu_1e-14	1894	panx	0.9971657365874812	1.0	0.9992150703402269	0.9996142194479133	1.0	0.9998070725101198	1467	1000	1	aa	0.5	772.0
True	PROKKA_06122025__gr_1e-12_lr_1e-12_mu_1e-14	1894	ppanggolin	0.0007283002629532591	1.0	0.0018351172453706902	0.7523810821848087	0.7543920093336405	0.7533852038756919	1518	1020	2	aa	0.6	5.0
True	PROKKA_06122025__gr_1e-12_lr_1e-12_mu_1e-14	1894	panx	0.9969444356353144	0.9994034599323921	0.9989795305939436	0.9996371492382112	0.9998609446836215	0.999749034436673	1527	1029	1	aa	0.9	751.0
True	PROKKA_06122025__gr_1e-12_lr_1e-12_mu_1e-14	1894	panaroo	0.0008153501857765589	0.9681440443213296	0.0020087941845106138	0.7655052127509132	0.7575519878746612	0.7615078349121488	1623	1064	34	aa	0.95	29.0
True	PROKKA_06122025__gr_1e-12_lr_1e-12_mu_1e-14	1894	cdhit	0.0007537180836332178	1.0	0.0018897770312298154	0.7540729124630253	0.7548079414017975	0.7544402479031861	1530	1030	1	nt	0.8	16.0
True	PROKKA_06122025__gr_1e-12_lr_1e-12_mu_1e-14	1894	panta	0.9838773557311394	0.9834364398323688	0.9897280167331856	1.0	0.9950311655303098	0.9975093950633249	1564	1042	14	aa	0.95	7.0
True	PROKKA_06122025__gr_1e-12_lr_1e-12_mu_1e-14	1894	mmseqs2	0.0007523861681924595	1.0	0.0018844973592575655	0.7533701893211668	0.754635349915093	0.7540022389067741	1519	1016	4	aa	0.5	2.0
True	PROKKA_06122025__gr_1e-12_lr_1e-12_mu_1e-14	1894	cdhit	0.0007341605841344609	0.999208547685002	0.0018475224281337503	0.75271255842395	0.7544736130219403	0.7535920568808034	1520	1021	3	aa	0.6	0.0
True	PROKKA_06122025__gr_1e-12_lr_1e-12_mu_1e-14	1894	panaroo	0.000770721608516089	1.0	0.0019251375907588192	0.7549637045841295	0.7550263746865598	0.7549950383348256	1535	1034	1	aa	0.8	26.0
True	PROKKA_06122025__gr_1e-12_lr_1e-12_mu_1e-14	1894	cdhit	0.0007823683735932231	0.9970320538187574	0.0019513522348457038	0.7560890932677139	0.7553017781558669	0.755695230647337	1545	1041	1	aa	0.9	0.0
True	PROKKA_06122025__gr_1e-12_lr_1e-12_mu_1e-14	1894	cdhit	0.0007557693860978003	0.9998021369212505	0.0018944397661171894	0.75427986889067	0.7548587244167564	0.7545691856388198	1533	1034	1	aa	0.85	0.0
True	PROKKA_06122025__gr_1e-12_lr_1e-12_mu_1e-14	1894	panta	0.9996686287978983	0.9996008780682498	0.9997509858385821	1.0	0.9998777568920331	0.9999388747099438	1525	1027	2	aa	0.85	7.0
True	PROKKA_06122025__gr_1e-12_lr_1e-12_mu_1e-14	1894	mmseqs2	0.000771032462858565	1.0	0.0019256713531002384	0.7549514159035896	0.7550233639970411	0.7549873882362046	1534	1032	1	nt	0.85	1.0
True	PROKKA_06122025__gr_1e-12_lr_1e-12_mu_1e-14	1894	mmseqs2	0.0007966371306218916	0.9732884843688168	0.001966998281794332	0.7636795821783451	0.7571131731917577	0.7603822016157524	1608	1071	19	aa	0.95	1.0
True	PROKKA_06122025__gr_1e-12_lr_1e-12_mu_1e-14	1894	diamond	0.0007701000828506857	0.9968341907400079	0.001926144917404582	0.7555004738705869	0.7551578093641071	0.7553291027538378	1543	1040	2	aa	0.9	1.0
True	PROKKA_06122025__gr_1e-12_lr_1e-12_mu_1e-14	1894	mmseqs2	0.0007596475688154194	0.9857538583300356	0.0018838091133228515	0.7599969379941428	0.7562231489298877	0.7581053470844826	1577	1057	11	nt	0.95	1.0
True	PROKKA_06122025__gr_1e-12_lr_1e-12_mu_1e-14	1894	connected_components_t0.1	0.7540532550836395	0.7694895132568262	0.802632836253962	1.0000000000000002	0.9250658412876659	0.9610744956846717	2509	1929	136	nt	0.9	161.0
True	PROKKA_06122025__gr_1e-12_lr_1e-12_mu_1e-14	1894	connected_components_t0.2	0.9093691479693119	0.9101701622477246	0.9329116537643695	0.9999999999999999	0.9700493996642224	0.9847970308049725	1867	1286	76	nt	0.9	161.0
True	PROKKA_06122025__gr_1e-12_lr_1e-12_mu_1e-14	1894	connected_components_t0.3	0.9582841283237928	0.9586466165413534	0.9716997902226651	0.9999999999999999	0.9866680161681562	0.9932892744417569	1664	1115	31	nt	0.9	161.0
True	PROKKA_06122025__gr_1e-12_lr_1e-12_mu_1e-14	1894	connected_components_t0.4	0.9842753910230799	0.9847645429362881	0.9897292065468533	1.0	0.995034135417471	0.9975108874107109	1581	1059	12	nt	0.9	161.0
True	PROKKA_06122025__gr_1e-12_lr_1e-12_mu_1e-14	1894	connected_components_t0.5	0.9960484464681464	0.9958448753462604	0.9971241801531664	1.0	0.9985943908053458	0.9992967011209875	1551	1044	5	nt	0.9	161.0
True	PROKKA_06122025__gr_1e-12_lr_1e-12_mu_1e-14	1894	connected_components_t0.6	0.9987191533358344	0.9990106846062524	0.9991012107067091	1.0	0.999559414254861	0.9997796585877878	1542	1040	1	nt	0.9	161.0
True	PROKKA_06122025__gr_1e-12_lr_1e-12_mu_1e-14	1894	connected_components_t0.7	1.0	1.0	1.0	1.0	1.0	1.0	1537	1035	1	nt	0.9	161.0
True	PROKKA_06122025__gr_1e-12_lr_1e-12_mu_1e-14	1894	hdbscan_dist	0.9575699397083939	0.9827859121487931	0.9722225529122444	0.9909178457592357	0.9953050492253808	0.9931066022268796	1462	934	0	nt	0.9	0.206
True	PROKKA_06122025__gr_1e-12_lr_1e-12_mu_1e-14	1894	hdbscan_tsne	0.7824881474764578	0.9006727344677483	0.8504198658964781	0.9500735396367873	0.9724426460365462	0.9611279568916867	1066	343	0	nt	0.9	11.82
True	PROKKA_06122025__gr_1e-12_lr_1e-12_mu_1e-14	1894	hdbscan_umap	0.7366737933355516	0.9792243767313019	0.8326442204046328	0.9086728076368875	0.9944128172669063	0.9496113835253274	604	71	0	nt	0.9	6.537
True	PROKKA_06122025__gr_1e-12_lr_1e-12_mu_1e-14	1894	diamond	0.0007539230937236079	1.0	0.0018903779803127521	0.7541281230699969	0.7548214910506866	0.754474647757754	1531	1031	2	aa	0.85	2.0
True	PROKKA_06122025__gr_1e-12_lr_1e-12_mu_1e-14	1894	panta	1.0	1.0	1.0	1.0	1.0000000000000002	1.0000000000000002	1524	1027	1	aa	0.7	7.0
True	PROKKA_06122025__gr_1e-12_lr_1e-12_mu_1e-14	1894	mmseqs2	0.0007706180039611514	1.0	0.0019247856494056406	0.7549236226519793	0.755016554461601	0.7549700856969679	1534	1032	2	aa	0.8	1.0
True	PROKKA_06122025__gr_1e-12_lr_1e-12_mu_1e-14	1894	panta	1.0	1.0	1.0	1.0	1.0	1.0	1524	1027	1	aa	0.5	7.0
True	PROKKA_06122025__gr_1e-12_lr_1e-12_mu_1e-14	1894	panaroo	0.0007706180039611514	1.0	0.001924785649429386	0.7549236226519793	0.7550165544616011	0.7549700856969678	1534	1032	2	aa	0.7	30.0
True	PROKKA_06122025__gr_1e-12_lr_1e-12_mu_1e-14	1894	cdhit	0.0007530426135591575	0.9871388998812821	0.0018702543351815613	0.7596811850445541	0.7561465338119743	0.757909738326908	1578	1062	10	nt	0.95	1.0
True	PROKKA_06122025__gr_1e-12_lr_1e-12_mu_1e-14	1894	cdhit	0.0007537180836332178	0.9998021369212505	0.0018898172491538636	0.7540831997430667	0.7548104661938274	0.7544466577021237	1530	1029	3	aa	0.8	0.0
True	PROKKA_06122025__gr_1e-12_lr_1e-12_mu_1e-14	1894	ppanggolin	0.000762145436735844	1.0	0.0019075085008953229	0.7545587406686828	0.7549271207753615	0.7547428857716498	1533	1032	2	aa	0.9	4.0
True	PROKKA_06122025__gr_1e-12_lr_1e-12_mu_1e-14	1894	cdhit	0.0007068662297647464	0.999604273842501	0.0017882119405283517	0.7508161336042555	0.7540060124686498	0.7524076921295475	1504	1005	5	aa	0.5	2.0
True	PROKKA_06122025__gr_1e-12_lr_1e-12_mu_1e-14	1894	panaroo	0.0007797612286681852	0.9974277799762564	0.0019456350669375187	0.7558729761301121	0.7552489383364211	0.7555608283809336	1543	1036	4	aa	0.9	27.0
True	PROKKA_06122025__gr_1e-12_lr_1e-12_mu_1e-14	1894	ppanggolin	0.0006980384119007582	1.0	0.0017693515032068986	0.7503216986144687	0.7538838070119532	0.752098535099545	1502	1005	4	aa	0.5	5.0
True	PROKKA_06122025__gr_1e-12_lr_1e-12_mu_1e-14	1894	cdhit	0.0007556667575237667	0.9998021369212505	0.0018942414151468783	0.7542781671436313	0.7548583069274587	0.7545681255273499	1533	1034	1	nt	0.85	14.0
True	PROKKA_06122025__gr_1e-12_lr_1e-12_mu_1e-14	1894	embed_hdbscan_raw	0.9006095946451316	0.9689354966363276	0.9285870581828473	0.972121416399861	0.9912849334838872	0.9816096537033767	1238	652	0	aa	0.9	13.191
True	PROKKA_06122025__gr_1e-12_lr_1e-12_mu_1e-14	1894	embed_hdbscan_tsne	0.7574526988732104	0.8850415512465374	0.8322001051607909	0.9456821222082978	0.967451137188814	0.9564427778939589	1009	233	0	aa	0.9	12.244
True	PROKKA_06122025__gr_1e-12_lr_1e-12_mu_1e-14	1894	embed_hdbscan_umap	0.7313868466763405	0.98397309062129	0.8291069286002288	0.904281127322508	0.9958968619433618	0.9478804007860601	548	19	0	aa	0.9	13.865
True	PROKKA_06122025__gr_1e-12_lr_1e-12_mu_1e-14	1894	diamond	0.0006992257487753868	1.0	0.0017719409295210203	0.7503997499424394	0.7539031063910647	0.7521473487001891	1501	1000	8	aa	0.5	2.0
True	PROKKA_06122025__gr_1e-12_lr_1e-12_mu_1e-14	1894	mmseqs2	0.0007776785900572445	0.998021369212505	0.001941131675265074	0.7557176070532928	0.7552109370849067	0.7554641871165526	1542	1038	3	aa	0.9	1.0
True	PROKKA_06122025__gr_1e-12_lr_1e-12_mu_1e-14	1894	panaroo	0.0007694788010916431	1.0	0.0019221146226415704	0.7547866533335739	0.7549829905175699	0.7548848091592899	1532	1029	3	aa	0.6	29.0
True	PROKKA_06122025__gr_1e-12_lr_1e-12_mu_1e-14	1894	panx	0.9972466348507186	1.0	0.9992363001157853	0.9996247436201635	1.0	0.9998123365991375	1496	1016	1	aa	0.6	755.0
True	PROKKA_06122025__gr_1e-12_lr_1e-12_mu_1e-14	1894	panaroo	0.0007620423925407704	1.0	0.0019056769173931398	0.7541467362222412	0.7548260587063641	0.7544862445526535	1525	1020	5	aa	0.5	31.0
True	PROKKA_06122025__gr_1e-12_lr_1e-12_mu_1e-14	1894	panx	0.9973070397954754	1.0	0.9992540619682907	0.9996331858412281	1.0	0.9998165592762868	1515	1023	1	aa	0.7	753.0
True	PROKKA_06122025__gr_1e-12_lr_1e-12_mu_1e-14	1894	diamond	0.0007526934333106357	1.0	0.0018874122791237731	0.753962115352833	0.7547807453335951	0.75437120825267	1529	1029	2	aa	0.8	2.0
True	PROKKA_06122025__gr_1e-12_lr_1e-12_mu_1e-14	1894	panx	0.99692849398245	0.9994005994005994	0.998973809494183	0.9996352255653022	0.9998602073084331	0.9997477037794783	1523	1028	1	aa	0.85	746.0
True	PROKKA_06122025__gr_1e-12_lr_1e-12_mu_1e-14	1894	panta	0.9996686287978983	0.9996008780682498	0.9997509858385821	1.0	0.9998777568920331	0.9999388747099438	1525	1027	2	aa	0.9	7.0
True	PROKKA_06122025__gr_1e-12_lr_1e-12_mu_1e-14	1894	mmseqs2	0.000771032462858565	1.0	0.0019256713531002384	0.7549514159035896	0.7550233639970411	0.7549873882362046	1534	1032	1	nt	0.8	1.0
True	PROKKA_06122025__gr_1e-12_lr_1e-12_mu_1e-14	1894	panx	0.996925443139187	0.9993996397838704	0.998972491988886	0.9996345268764254	0.9998599394891623	0.9997472204768706	1520	1026	1	aa	0.8	752.0
True	PROKKA_06122025__gr_1e-12_lr_1e-12_mu_1e-14	1894	mmseqs2	0.0007712397329915902	1.0	0.001926277381153544	0.7550066265105612	0.755036889847951	0.7550217578759967	1535	1033	2	aa	0.85	1.0
True	PROKKA_06122025__gr_1e-12_lr_1e-12_mu_1e-14	1894	ppanggolin	0.0007526934333106357	1.0	0.0018874122791722283	0.7539621153528331	0.7547807453335953	0.7543712082526701	1529	1029	2	aa	0.8	5.0
True	PROKKA_06122025__gr_1e-12_lr_1e-12_mu_1e-14	1894	mmseqs2	0.0007648269479432747	1.0	0.0019125864822164085	0.7545765302261465	0.7549314825642471	0.7547539646626718	1532	1031	1	nt	0.5	2.0
True	PROKKA_06122025__gr_1e-12_lr_1e-12_mu_1e-14	1894	connected_components_t0.1	0.8010504865538755	0.816383062920459	0.8479561863195018	1.0000000000000002	0.9391035822685825	0.9685955828825947	2276	1667	127	aa	0.9	156.0
True	PROKKA_06122025__gr_1e-12_lr_1e-12_mu_1e-14	1894	connected_components_t0.2	0.9311184042133663	0.9337158686189158	0.9511920785477869	1.0	0.977659200053445	0.9887034126274379	1767	1194	56	aa	0.9	156.0
True	PROKKA_06122025__gr_1e-12_lr_1e-12_mu_1e-14	1894	connected_components_t0.3	0.9778054177052014	0.9784329244163039	0.9854195227072824	1.0	0.9929945048664985	0.9964849400656172	1600	1070	18	aa	0.9	156.0
True	PROKKA_06122025__gr_1e-12_lr_1e-12_mu_1e-14	1894	connected_components_t0.4	0.9901961511448255	0.9903047091412742	0.993385970442177	0.9999999999999999	0.9967850037387549	0.9983899136585935	1566	1050	10	aa	0.9	156.0
True	PROKKA_06122025__gr_1e-12_lr_1e-12_mu_1e-14	1894	connected_components_t0.5	0.996578692063213	0.9970320538187574	0.9978418791569438	0.9999128515474736	0.9990305734269488	0.9994715177806796	1544	1038	2	aa	0.9	156.0
True	PROKKA_06122025__gr_1e-12_lr_1e-12_mu_1e-14	1894	connected_components_t0.6	0.9996721041895488	1.0	0.9996900558923487	0.9998478163579945	0.9999999999999999	0.9999239023885913	1535	1033	1	aa	0.9	156.0
True	PROKKA_06122025__gr_1e-12_lr_1e-12_mu_1e-14	1894	connected_components_t0.7	0.9996393264065689	1.0	0.9996084550978546	0.9998077344258443	0.9999999999999999	0.9999038579705207	1534	1031	2	aa	0.9	156.0
True	PROKKA_06122025__gr_1e-12_lr_1e-12_mu_1e-14	1894	hdbscan_dist	0.9034161407516919	0.9570637119113573	0.9407444613879742	0.981703111204847	0.9887130483485042	0.9851956105278522	1394	821	0	aa	0.9	0.201
True	PROKKA_06122025__gr_1e-12_lr_1e-12_mu_1e-14	1894	hdbscan_tsne	0.7416115715884872	0.888800949742778	0.8341551495942201	0.9438727289631863	0.9695513649635673	0.956539740063685	1077	377	0	aa	0.9	11.794
True	PROKKA_06122025__gr_1e-12_lr_1e-12_mu_1e-14	1894	hdbscan_umap	0.10489551572754328	0.963593193510091	0.7093097143220016	0.8256013044811373	0.9874188698371738	0.8992887321988886	529	23	0	aa	0.9	6.677
True	PROKKA_06122025__gr_1e-12_lr_1e-12_mu_1e-14	1894	cdhit	0.0007702036535197662	0.998812821527503	0.0019253097738828405	0.755246886812985	0.7550957329797566	0.7551713023326958	1540	1039	2	nt	0.9	1.0
True	PROKKA_06122025__gr_1e-12_lr_1e-12_mu_1e-14	1894	mmseqs2	0.0007706180039611514	1.0	0.0019247856494056406	0.7549236226519793	0.755016554461601	0.7549700856969679	1534	1032	2	aa	0.7	1.0
True	PROKKA_06122025__gr_1e-12_lr_1e-12_mu_1e-14	1894	mmseqs2	0.0007749752397797776	0.999208547685002	0.0019347280122194355	0.7553782299819839	0.755127888821934	0.7552530386570261	1539	1037	2	nt	0.9	1.0
True	PROKKA_06122025__gr_1e-12_lr_1e-12_mu_1e-14	1894	mmseqs2	0.0007642077336039486	1.0	0.0019109278233813256	0.7544508692015508	0.7549006686431067	0.7546757019003221	1530	1028	2	aa	0.6	1.0
True	PROKKA_06122025__gr_1e-12_lr_1e-12_mu_1e-14	1894	ppanggolin	0.0007978907756619009	0.9899089829837753	0.001987682306603869	0.7579306134307053	0.7557510990664259	0.7568392871330689	1561	1048	6	aa	0.95	4.0
True	PROKKA_06122025__gr_1e-12_lr_1e-12_mu_1e-14	1894	ppanggolin	0.0007502369902323367	1.0	0.0018818342383390386	0.7537170783935369	0.7547205775521807	0.7542184941802895	1526	1026	1	aa	0.7	5.0
True	PROKKA_06122025__gr_1e-12_lr_1e-12_mu_1e-14	1894	cdhit	0.0008031024568096737	0.9721013058963197	0.001983319795483369	0.7647605865179447	0.7573731986278645	0.7610489659292775	1624	1088	21	aa	0.95	0.0
True	PROKKA_06122025__gr_1e-12_lr_1e-12_mu_1e-14	1894	ppanggolin	0.0007533081434939334	1.0	0.001888894881232321	0.754045119211415	0.7548011198848623	0.7544229301527571	1530	1030	2	aa	0.85	4.0
True	PROKKA_06122025__gr_1e-12_lr_1e-12_mu_1e-14	1894	mmseqs2	0.0007648269479432747	1.0	0.0019125864822164085	0.7545765302261465	0.7549314825642471	0.7547539646626718	1532	1031	1	nt	0.6	1.0
True	PROKKA_06122025__gr_1e-12_lr_1e-12_mu_1e-14	5455	panaroo	0.0002609837329053929	0.9979055597867479	0.0006744078729743987	0.745703888074048	0.745240479462687	0.745472111751079	1525	1021	1	aa	0.85	26.0
True	PROKKA_06122025__gr_1e-12_lr_1e-12_mu_1e-14	5455	panta	0.998928593056136	0.9984715322888804	0.9989136915263533	1.0	0.9994460430031906	0.9997229447632519	1613	1115	0	aa	0.6	9.0
True	PROKKA_06122025__gr_1e-12_lr_1e-12_mu_1e-14	5455	diamond	0.00033968558672303685	1.0	0.0008828160455079495	0.7423651540140875	0.7444453614312998	0.7434038025060221	1495	993	4	aa	0.6	1.0
True	PROKKA_06122025__gr_1e-12_lr_1e-12_mu_1e-14	5455	diamond	0.00025714669463703163	0.9508758568164509	0.0006521310580316152	0.7585094316429792	0.7484024340951576	0.753422038584421	1620	1044	33	aa	0.95	1.0
True	PROKKA_06122025__gr_1e-12_lr_1e-12_mu_1e-14	5455	diamond	0.0002928515081703852	1.0	0.0007605664432658441	0.7435382956143993	0.744716784466181	0.7441270734415221	1507	1006	1	aa	0.7	1.0
True	PROKKA_06122025__gr_1e-12_lr_1e-12_mu_1e-14	5455	panta	0.9995538585871089	0.9994268246083301	0.9997094948145264	1.0	0.9998516810391784	0.9999258350195528	1515	1015	0	aa	0.8	7.0
True	PROKKA_06122025__gr_1e-12_lr_1e-12_mu_1e-14	5455	mmseqs2	0.0003126694189641907	1.0	0.0008074702558547843	0.7448538763753356	0.7450527198092487	0.7449532848234365	1517	1016	0	nt	0.7	1.0
True	PROKKA_06122025__gr_1e-12_lr_1e-12_mu_1e-14	5455	cdhit	0.0002949497391837652	0.9998095963442498	0.0007658287013297742	0.7438485239831814	0.7447960814463008	0.7443220011433846	1511	1010	2	aa	0.7	1.0
True	PROKKA_06122025__gr_1e-12_lr_1e-12_mu_1e-14	5455	panx	1.0	1.0	1.0	1.0	1.0	1.0	1458	983	0	aa	0.5	733.0
True	PROKKA_06122025__gr_1e-12_lr_1e-12_mu_1e-14	5455	ppanggolin	0.0003418104554967819	1.0	0.0008883998416237106	0.7428069828286282	0.7445585390820404	0.7436817296186308	1500	998	3	aa	0.6	4.0
True	PROKKA_06122025__gr_1e-12_lr_1e-12_mu_1e-14	5455	panx	0.9954676333940753	0.9951867539468617	0.9973823773185134	1.0	0.9986701862476943	0.9993346507285416	1516	1013	3	aa	0.9	683.0
True	PROKKA_06122025__gr_1e-12_lr_1e-12_mu_1e-14	5455	panaroo	0.0002938162206100797	0.9371667936024372	0.000739980811153151	0.7624936242414757	0.7493876174274198	0.7558838149789758	1652	1047	41	aa	0.95	27.0
True	PROKKA_06122025__gr_1e-12_lr_1e-12_mu_1e-14	5455	cdhit	0.00030223764369200737	0.9998095963442498	0.0007831174454606879	0.7443231371786199	0.7449173012814541	0.7446201007028429	1514	1013	1	nt	0.8	15.0
True	PROKKA_06122025__gr_1e-12_lr_1e-12_mu_1e-14	5455	panta	0.9690776033364914	0.965227359572029	0.9815269782127855	1.0	0.9908188621929905	0.9953882605889639	1580	1023	25	aa	0.95	7.0
True	PROKKA_06122025__gr_1e-12_lr_1e-12_mu_1e-14	5455	mmseqs2	0.00030369986021502247	1.0	0.0007854426304633557	0.7437548633083878	0.7447721461819464	0.7442631571315739	1504	1001	2	aa	0.5	2.0
True	PROKKA_06122025__gr_1e-12_lr_1e-12_mu_1e-14	5455	cdhit	0.0003411563058180583	1.0	0.00088687194201794	0.742773689534206	0.7445500142560043	0.743660791154424	1500	998	3	aa	0.6	1.0
True	PROKKA_06122025__gr_1e-12_lr_1e-12_mu_1e-14	5455	panaroo	0.0003170119595463488	0.9988575780654989	0.0008181860605288926	0.7454211405003929	0.7451972988265708	0.7453092028566675	1523	1021	1	aa	0.8	26.0
True	PROKKA_06122025__gr_1e-12_lr_1e-12_mu_1e-14	5455	cdhit	0.00028485958015494334	0.9881949733434882	0.0007325920041822852	0.7482804072355477	0.7458947795724723	0.7470856889354454	1543	1026	3	aa	0.9	1.0
True	PROKKA_06122025__gr_1e-12_lr_1e-12_mu_1e-14	5455	cdhit	0.00031479802130194586	0.9986671744097486	0.0008126963328399344	0.7451140180670836	0.7451190426732631	0.7451165303617026	1519	1016	2	aa	0.85	1.0
True	PROKKA_06122025__gr_1e-12_lr_1e-12_mu_1e-14	5455	panta	0.9990179644324803	0.9990447076805502	0.9994230514622262	1.0	0.9997055622440271	0.9998527594454244	1516	1015	0	aa	0.85	7.0
True	PROKKA_06122025__gr_1e-12_lr_1e-12_mu_1e-14	5455	mmseqs2	0.000316929898751893	0.9986671744097486	0.0008177924051571602	0.7452936301065056	0.7451648144493119	0.7452292167113417	1520	1017	0	nt	0.85	1.0
True	PROKKA_06122025__gr_1e-12_lr_1e-12_mu_1e-14	5455	mmseqs2	0.0002579024162385624	0.9523990860624524	0.0006537386607959664	0.75844778181578	0.7483871288981918	0.7533838694822466	1621	1052	26	aa	0.95	0.0
True	PROKKA_06122025__gr_1e-12_lr_1e-12_mu_1e-14	5455	diamond	0.0002705974859287148	0.9902894135567403	0.0006985478577731161	0.7471789086602248	0.7456154687057412	0.746396369968588	1538	1026	5	aa	0.9	1.0
True	PROKKA_06122025__gr_1e-12_lr_1e-12_mu_1e-14	5455	mmseqs2	0.00020091767409158575	0.9742955064737243	0.0005158422749899399	0.752473272706951	0.7468950095565673	0.7496737644217328	1579	1045	11	nt	0.95	1.0
True	PROKKA_06122025__gr_1e-12_lr_1e-12_mu_1e-14	5455	panx	0.9745183006901776	0.971047619047619	0.9838096730481821	0.9999123161316076	0.9920146389203236	0.9959478210017202	1581	1034	21	aa	0.95	732.0
True	PROKKA_06122025__gr_1e-12_lr_1e-12_mu_1e-14	5455	diamond	0.00024641075772068694	0.9986671744097486	0.0006395310945656674	0.7446752802748156	0.7449783251928922	0.7448267719091636	1517	1013	4	aa	0.85	1.0
True	PROKKA_06122025__gr_1e-12_lr_1e-12_mu_1e-14	5455	panta	0.998928593056136	0.9984715322888804	0.9989136915263533	1.0	0.9994460430031907	0.999722944763252	1613	1115	0	aa	0.7	9.0
True	PROKKA_06122025__gr_1e-12_lr_1e-12_mu_1e-14	5455	mmseqs2	0.0003135695822766647	1.0	0.0008097344049705294	0.7449979252202106	0.745089449182161	0.745043684390399	1519	1018	1	aa	0.8	1.0
True	PROKKA_06122025__gr_1e-12_lr_1e-12_mu_1e-14	5455	panta	0.998928593056136	0.9984715322888804	0.9989136915263533	1.0	0.9994460430031907	0.999722944763252	1613	1115	0	aa	0.5	10.0
True	PROKKA_06122025__gr_1e-12_lr_1e-12_mu_1e-14	5455	panaroo	0.00031340587269099846	1.0	0.0008093550776650792	0.7449913187557193	0.7450877649066415	0.7450395387099166	1519	1018	1	aa	0.7	28.0
True	PROKKA_06122025__gr_1e-12_lr_1e-12_mu_1e-14	5455	cdhit	0.00022569998707060176	0.9626808834729627	0.0005763762201522402	0.755298402089723	0.7476027783189692	0.7514308874367945	1599	1046	15	nt	0.95	0.0
True	PROKKA_06122025__gr_1e-12_lr_1e-12_mu_1e-14	5455	cdhit	0.00024760591408130406	0.9984767707539984	0.000642302049314715	0.7446949526921475	0.7449833440285549	0.7448391204450748	1517	1014	2	aa	0.8	1.0
True	PROKKA_06122025__gr_1e-12_lr_1e-12_mu_1e-14	5455	ppanggolin	0.0003075251882108277	0.9973343488194973	0.0007962271642372435	0.7450219363590965	0.745095570479738	0.745058751600103	1520	1015	3	aa	0.9	4.0
True	PROKKA_06122025__gr_1e-12_lr_1e-12_mu_1e-14	5455	cdhit	0.0003292715706909391	1.0	0.000857978787835013	0.7415591911000676	0.7442386496523165	0.7428965043348114	1488	986	4	aa	0.5	1.0
True	PROKKA_06122025__gr_1e-12_lr_1e-12_mu_1e-14	5455	panaroo	0.00028764782657172386	0.9866717440974867	0.0007395343780605753	0.7486938242309686	0.7459994529341176	0.7473442101121687	1547	1024	2	aa	0.9	26.0
True	PROKKA_06122025__gr_1e-12_lr_1e-12_mu_1e-14	5455	ppanggolin	0.00032603308116319296	1.0	0.000850197807199377	0.7412950980496879	0.7441708428270833	0.7427301868309676	1487	987	3	aa	0.5	5.0
True	PROKKA_06122025__gr_1e-12_lr_1e-12_mu_1e-14	5455	cdhit	0.00030695478662850383	0.9982863670982483	0.0007946899516342594	0.7448722403963512	0.7450574028302892	0.7449648101077008	1519	1017	1	nt	0.85	13.0
True	PROKKA_06122025__gr_1e-12_lr_1e-12_mu_1e-14	5455	embed_hdbscan_raw	0.9252127555840374	0.9937166793602438	0.9477184054312537	0.9736873405547781	0.9983202971677492	0.9858499699258211	1233	722	0	aa	0.9	13.5
True	PROKKA_06122025__gr_1e-12_lr_1e-12_mu_1e-14	5455	embed_hdbscan_tsne	0.7957258629511605	0.9782939832444782	0.8600417870680468	0.9238882510421158	0.9944700375102389	0.9578806932488693	651	92	0	aa	0.9	15.262
True	PROKKA_06122025__gr_1e-12_lr_1e-12_mu_1e-14	5455	embed_hdbscan_umap	0.7167899232421169	0.96001523229246	0.8260623056302154	0.9061490346984469	0.9897172448320907	0.9460913311365847	573	31	0	aa	0.9	13.523
True	PROKKA_06122025__gr_1e-12_lr_1e-12_mu_1e-14	5455	diamond	0.0003282182350045197	1.0	0.000855320873027727	0.7413986038042054	0.7441974225796255	0.7427953767462067	1486	984	4	aa	0.5	1.0
True	PROKKA_06122025__gr_1e-12_lr_1e-12_mu_1e-14	5455	mmseqs2	0.00032954192466251255	0.9935262757044935	0.0008486760809271247	0.7468256405301942	0.7455545601406136	0.7461895590372294	1533	1022	5	aa	0.9	0.0
True	PROKKA_06122025__gr_1e-12_lr_1e-12_mu_1e-14	5455	panaroo	0.0003122604472037195	1.0	0.000806548574045229	0.7448520604989092	0.7450522567320634	0.7449521451654508	1517	1015	2	aa	0.6	29.0
True	PROKKA_06122025__gr_1e-12_lr_1e-12_mu_1e-14	5455	panx	1.0	1.0	1.0	1.0	1.0	1.0	1480	994	0	aa	0.6	762.0
True	PROKKA_06122025__gr_1e-12_lr_1e-12_mu_1e-14	5455	panaroo	0.0003063846204332104	1.0	0.0007921971692709949	0.7441815770362052	0.7448811577928957	0.7445312030785478	1510	1008	2	aa	0.5	29.0
True	PROKKA_06122025__gr_1e-12_lr_1e-12_mu_1e-14	5455	panx	1.0	1.0	1.0000000000000004	1.0	1.0000000000000002	1.0000000000000002	1492	1001	0	aa	0.7	728.0
True	PROKKA_06122025__gr_1e-12_lr_1e-12_mu_1e-14	5455	diamond	0.0003038624244097233	0.9992383853769993	0.0007870605376780041	0.7444841711917523	0.7449584044379773	0.7447212123177709	1515	1013	2	aa	0.8	1.0
True	PROKKA_06122025__gr_1e-12_lr_1e-12_mu_1e-14	5455	panx	0.99912697906575	0.9988448209472468	0.9993663305089021	0.9999608217754927	0.9997162187894149	0.9998385053223828	1508	1010	2	aa	0.85	729.0
True	PROKKA_06122025__gr_1e-12_lr_1e-12_mu_1e-14	5455	panta	0.9975861095026286	0.9967520061138708	0.9983823007837056	1.0000000000000002	0.9991757169803902	0.9995876885595357	1520	1015	1	aa	0.9	7.0
True	PROKKA_06122025__gr_1e-12_lr_1e-12_mu_1e-14	5455	mmseqs2	0.0003148799559796298	0.9996191926884996	0.000812838808602459	0.7450902100418875	0.745112974275611	0.7451015919848768	1519	1017	1	nt	0.8	1.0
True	PROKKA_06122025__gr_1e-12_lr_1e-12_mu_1e-14	5455	panx	0.9996077717474662	0.9996139741362672	0.9996730114623654	0.99996070942987	0.9998725089260353	0.9999166072329582	1503	1007	2	aa	0.8	727.0
True	PROKKA_06122025__gr_1e-12_lr_1e-12_mu_1e-14	5455	mmseqs2	0.0003160275504159145	0.9990479817212491	0.0008156201597004714	0.7452094915149455	0.7451433748780547	0.7451764317299314	1520	1018	1	aa	0.85	1.0
True	PROKKA_06122025__gr_1e-12_lr_1e-12_mu_1e-14	5455	ppanggolin	0.00030158826687095067	1.0	0.0007815797246219545	0.7442828997973695	0.7449070288147496	0.7445948335178294	1514	1013	2	aa	0.8	4.0
True	PROKKA_06122025__gr_1e-12_lr_1e-12_mu_1e-14	5455	mmseqs2	0.00031176984052728307	1.0	0.0008052860067267464	0.7447577940228642	0.7450282149803577	0.7448929799586586	1516	1015	0	nt	0.5	3.0
True	PROKKA_06122025__gr_1e-12_lr_1e-12_mu_1e-14	5455	connected_components_t0.1	0.7067718669282437	0.7279131759329779	0.7969596130639933	1.0000000000000002	0.9206192774484601	0.9586692045198063	2416	1639	188	aa	0.9	195.0
True	PROKKA_06122025__gr_1e-12_lr_1e-12_mu_1e-14	5455	connected_components_t0.2	0.8900025663715867	0.8863290175171363	0.9290565589966572	1.0	0.9672894227088578	0.9833727681786133	1823	1163	98	aa	0.9	195.0
True	PROKKA_06122025__gr_1e-12_lr_1e-12_mu_1e-14	5455	connected_components_t0.3	0.9571746387255792	0.9522086824067022	0.9739871203994054	1.0	0.9872273421958814	0.9935726237592903	1621	1049	28	aa	0.9	195.0
True	PROKKA_06122025__gr_1e-12_lr_1e-12_mu_1e-14	5455	connected_components_t0.4	0.983708219767024	0.9801980198019802	0.9895922751830178	1.0	0.9947719085079362	0.997379103109601	1562	1028	14	aa	0.9	195.0
True	PROKKA_06122025__gr_1e-12_lr_1e-12_mu_1e-14	5455	connected_components_t0.5	0.9952385142576402	0.9946686976389947	0.9970674256828057	0.9998771637928157	0.9986320397563399	0.9992542139019915	1530	1020	4	aa	0.9	195.0
True	PROKKA_06122025__gr_1e-12_lr_1e-12_mu_1e-14	5455	connected_components_t0.6	0.9973297498123069	0.9973343488194973	0.9982956639445892	0.9997374793131938	0.9993938031978644	0.9995656117143795	1523	1018	1	aa	0.9	195.0
True	PROKKA_06122025__gr_1e-12_lr_1e-12_mu_1e-14	5455	connected_components_t0.7	0.9948642684698797	0.9990479817212491	0.9979651969194993	0.9992008359855992	0.9997598172034396	0.9994802484389036	1518	1015	2	aa	0.9	195.0
True	PROKKA_06122025__gr_1e-12_lr_1e-12_mu_1e-14	5455	hdbscan_dist	0.9083837647718009	0.964965727341965	0.9466054498599903	0.9800647228367312	0.9919626658506451	0.9859778020815486	1348	818	0	aa	0.9	0.318
True	PROKKA_06122025__gr_1e-12_lr_1e-12_mu_1e-14	5455	hdbscan_tsne	0.7671092226898586	0.9594440213252095	0.8540305728896368	0.9254652625406462	0.9899888198459921	0.9566402781417745	751	205	0	aa	0.9	13.893
True	PROKKA_06122025__gr_1e-12_lr_1e-12_mu_1e-14	5455	hdbscan_umap	0.0669913056476381	0.9175552170601675	0.6717338489749467	0.8085304667736968	0.9731516181154302	0.8832358350680847	593	76	0	aa	0.9	8.501
True	PROKKA_06122025__gr_1e-12_lr_1e-12_mu_1e-14	5455	cdhit	0.0002635622742683237	0.9958111195734958	0.0006809676303840115	0.746162029036369	0.7453570693215931	0.7457593319641485	1530	1024	4	nt	0.9	0.0
True	PROKKA_06122025__gr_1e-12_lr_1e-12_mu_1e-14	5455	mmseqs2	0.00031283304150115385	1.0	0.0008079256920792213	0.7449071801641594	0.7450663123683492	0.7449867377684325	1518	1017	1	aa	0.7	1.0
True	PROKKA_06122025__gr_1e-12_lr_1e-12_mu_1e-14	5455	mmseqs2	0.00032145046561654145	0.996953541507997	0.0008288478004807548	0.7458310323599938	0.7453016662504384	0.7455662553402463	1525	1020	2	nt	0.9	2.0
True	PROKKA_06122025__gr_1e-12_lr_1e-12_mu_1e-14	5455	mmseqs2	0.00031144286599481394	1.0	0.0008044184767568005	0.7446759205029013	0.7450073302524451	0.744841588513319	1514	1011	2	aa	0.6	1.0
True	PROKKA_06122025__gr_1e-12_lr_1e-12_mu_1e-14	5455	ppanggolin	0.0002485456679974494	0.9765803503427266	0.0006381360485333072	0.7512395787447346	0.7466134034056083	0.7489193470168015	1567	1030	16	aa	0.95	5.0
True	PROKKA_06122025__gr_1e-12_lr_1e-12_mu_1e-14	5455	ppanggolin	0.0002930934484028751	1.0	0.0007611319298047406	0.743547698192913	0.7447191885684632	0.7441329823109324	1507	1006	1	aa	0.7	4.0
True	PROKKA_06122025__gr_1e-12_lr_1e-12_mu_1e-14	5455	cdhit	0.00028316512927507637	0.9417364813404417	0.0007147135987637527	0.7614530342643488	0.7491310527633864	0.7552417877123488	1646	1058	39	aa	0.95	1.0
True	PROKKA_06122025__gr_1e-12_lr_1e-12_mu_1e-14	5455	ppanggolin	0.00030158826687095067	1.0	0.0007815797246219545	0.7442828997973695	0.7449070288147496	0.7445948335178294	1514	1013	2	aa	0.85	4.0
True	PROKKA_06122025__gr_1e-12_lr_1e-12_mu_1e-14	5455	mmseqs2	0.0003126694189641907	1.0	0.0008074702558547843	0.7448538763753356	0.7450527198092487	0.7449532848234365	1517	1016	0	nt	0.6	1.0
True	PROKKA_06122025__gr_1e-12_lr_1e-12_mu_1e-14	6032	panaroo	0.0021644313711041904	0.9837235228539576	0.004975921880183032	0.7830612880381148	0.7792760531679065	0.7811640851646918	1555	1030	25	aa	0.85	25.0
True	PROKKA_06122025__gr_1e-12_lr_1e-12_mu_1e-14	6032	panta	0.9994278398617139	0.9991019308486754	0.999547507374363	0.9999999999999999	0.9997984193450963	0.999899199512834	1609	1113	6	aa	0.6	9.0
True	PROKKA_06122025__gr_1e-12_lr_1e-12_mu_1e-14	6032	diamond	0.002045821409569771	0.9993311036789297	0.004756769660125442	0.7759641658132586	0.7777060318861638	0.7768341224206657	1498	995	14	aa	0.6	1.0
True	PROKKA_06122025__gr_1e-12_lr_1e-12_mu_1e-14	6032	diamond	0.0019212937713193581	0.8947603121516166	0.0042710134097238926	0.8089585624391646	0.784582016443469	0.7965838442379267	1763	1107	126	aa	0.95	0.0
True	PROKKA_06122025__gr_1e-12_lr_1e-12_mu_1e-14	6032	diamond	0.002060817965194154	0.9988851727982163	0.004783583446415988	0.776775013128114	0.7778865362762901	0.7773303773540754	1505	1003	11	aa	0.7	1.0
True	PROKKA_06122025__gr_1e-12_lr_1e-12_mu_1e-14	6032	panta	0.9943823140604109	0.9948361023798833	0.9965289865280151	1.0	0.9984603741623546	0.9992295940126955	1520	1015	14	aa	0.8	7.0
True	PROKKA_06122025__gr_1e-12_lr_1e-12_mu_1e-14	6032	mmseqs2	0.00207971031919309	1.0	0.0048163083258073985	0.7777036055351417	0.7780928923940207	0.7778982002614704	1513	1013	8	nt	0.7	1.0
True	PROKKA_06122025__gr_1e-12_lr_1e-12_mu_1e-14	6032	cdhit	0.0020831283977806223	0.9973244147157191	0.004820908145832457	0.777749405432338	0.7781030603381591	0.7779261926912728	1510	1005	11	aa	0.7	0.0
True	PROKKA_06122025__gr_1e-12_lr_1e-12_mu_1e-14	6032	panx	0.9983985190795817	1.0	0.9991230488513276	0.9996069029220976	1.0	0.9998034128221263	1450	977	7	aa	0.5	716.0
True	PROKKA_06122025__gr_1e-12_lr_1e-12_mu_1e-14	6032	ppanggolin	0.0020170581054599025	0.9995540691192865	0.004714466355647906	0.7752705003017855	0.7775513805707082	0.7764092652876463	1496	996	11	aa	0.6	5.0
True	PROKKA_06122025__gr_1e-12_lr_1e-12_mu_1e-14	6032	panx	0.9615187119593767	0.9636689840771473	0.9746126396149561	0.9998730041138452	0.9891862870182433	0.9945009370396594	1594	1044	49	aa	0.9	795.0
True	PROKKA_06122025__gr_1e-12_lr_1e-12_mu_1e-14	6032	panaroo	0.0018299038540332511	0.8940914158305463	0.004069400161540024	0.8096837923243794	0.7846992260434117	0.7969957505283352	1777	1120	125	aa	0.95	34.0
True	PROKKA_06122025__gr_1e-12_lr_1e-12_mu_1e-14	6032	cdhit	0.0020960895875052473	0.9964325529542921	0.004845273047254435	0.7785652892108723	0.7782840370513305	0.7784246377263382	1517	1010	12	nt	0.8	14.0
True	PROKKA_06122025__gr_1e-12_lr_1e-12_mu_1e-14	6032	panta	0.8889382856638912	0.8998652896273013	0.929045745151938	1.0	0.9712981548915217	0.9854401298772292	1744	1106	112	aa	0.95	7.0
True	PROKKA_06122025__gr_1e-12_lr_1e-12_mu_1e-14	6032	mmseqs2	0.002073079342522067	1.0	0.004801095745171588	0.7770322734506574	0.7779437442848608	0.7774877417321016	1504	1002	9	aa	0.5	2.0
True	PROKKA_06122025__gr_1e-12_lr_1e-12_mu_1e-14	6032	cdhit	0.0020394791630631987	0.9982162764771461	0.004748099654568709	0.7758677133805514	0.7776845408848615	0.7767750647731458	1497	995	10	aa	0.6	0.0
True	PROKKA_06122025__gr_1e-12_lr_1e-12_mu_1e-14	6032	panaroo	0.0021239858837639224	0.9926421404682274	0.004898846112276242	0.7804244886612905	0.7786953379237088	0.7795589544302549	1534	1021	16	aa	0.8	24.0
True	PROKKA_06122025__gr_1e-12_lr_1e-12_mu_1e-14	6032	cdhit	0.0019290504259472227	0.9531772575250836	0.004390511419770051	0.791144264733949	0.780898680761987	0.7859880856222451	1618	1050	52	aa	0.9	0.0
True	PROKKA_06122025__gr_1e-12_lr_1e-12_mu_1e-14	6032	cdhit	0.0021788722853368545	0.9801560758082497	0.004999937114973188	0.7836940845030864	0.7794149638578948	0.7815486669840539	1556	1024	28	aa	0.85	0.0
True	PROKKA_06122025__gr_1e-12_lr_1e-12_mu_1e-14	6032	panta	0.9845911108591735	0.9854063762909744	0.9899221925424956	1.0	0.995571683175171	0.9977809282111163	1544	1025	26	aa	0.85	7.0
True	PROKKA_06122025__gr_1e-12_lr_1e-12_mu_1e-14	6032	mmseqs2	0.0021212769661736724	0.9928651059085841	0.004893641382263	0.7802436811077279	0.7786554058213352	0.7794487343620031	1532	1020	16	nt	0.85	1.0
True	PROKKA_06122025__gr_1e-12_lr_1e-12_mu_1e-14	6032	mmseqs2	0.0019090390771995518	0.8985507246376812	0.0042506527553276665	0.8084086940743973	0.7844670729388714	0.7962579569754925	1764	1122	113	aa	0.95	1.0
True	PROKKA_06122025__gr_1e-12_lr_1e-12_mu_1e-14	6032	diamond	0.0021752328853106716	0.9609810479375697	0.0049598581644467845	0.7893801095039552	0.7806206332086989	0.7849759355637571	1603	1044	51	aa	0.9	0.0
True	PROKKA_06122025__gr_1e-12_lr_1e-12_mu_1e-14	6032	mmseqs2	0.0019814471193972238	0.9239687848383501	0.004458018898499866	0.8009481630141804	0.782964165063101	0.7918540674211161	1704	1098	87	nt	0.95	2.0
True	PROKKA_06122025__gr_1e-12_lr_1e-12_mu_1e-14	6032	connected_components_t0.1	0.6131885147112167	0.6940914158305462	0.7155442413594211	1.0	0.9100340829650946	0.9528982661423275	2549	1868	225	nt	0.9	172.0
True	PROKKA_06122025__gr_1e-12_lr_1e-12_mu_1e-14	6032	connected_components_t0.2	0.7404727305705333	0.7910813823857302	0.8320962257204296	1.0	0.9397151883443322	0.9689207920740547	2078	1326	204	nt	0.9	172.0
True	PROKKA_06122025__gr_1e-12_lr_1e-12_mu_1e-14	6032	connected_components_t0.3	0.8291814575065919	0.8521739130434782	0.8895117917003538	1.0	0.9575025516140668	0.9782899652667673	1887	1185	160	nt	0.9	172.0
True	PROKKA_06122025__gr_1e-12_lr_1e-12_mu_1e-14	6032	connected_components_t0.4	0.8813557246815127	0.893422519509476	0.9239710391534627	1.0	0.9694500494915352	0.9844880805601787	1771	1116	123	nt	0.9	172.0
True	PROKKA_06122025__gr_1e-12_lr_1e-12_mu_1e-14	6032	connected_components_t0.5	0.925729548314119	0.9288740245261985	0.9506163250464819	0.9999550256779499	0.9794851665396869	0.9896142542817231	1690	1089	85	nt	0.9	172.0
True	PROKKA_06122025__gr_1e-12_lr_1e-12_mu_1e-14	6032	connected_components_t0.6	0.9545975472011239	0.9549609810479376	0.9698599790098648	0.9999550256779499	0.9871639636331005	0.993518326696003	1622	1056	56	nt	0.9	172.0
True	PROKKA_06122025__gr_1e-12_lr_1e-12_mu_1e-14	6032	connected_components_t0.7	0.9725526593328984	0.9727982162764771	0.9815756218049342	0.9999550256779499	0.9920416745795505	0.9959826319486954	1583	1042	40	nt	0.9	172.0
True	PROKKA_06122025__gr_1e-12_lr_1e-12_mu_1e-14	6032	hdbscan_dist	0.7717499516640307	0.8265328874024526	0.8572448366290096	0.9900074188711326	0.9535435554623656	0.9714334294198076	1684	773	299	nt	0.9	0.286
True	PROKKA_06122025__gr_1e-12_lr_1e-12_mu_1e-14	6032	hdbscan_tsne	0.5298535394568714	0.6771460423634337	0.6837564608822396	0.9687154394887878	0.9141408276917016	0.9406372106970006	1685	329	625	nt	0.9	11.797
True	PROKKA_06122025__gr_1e-12_lr_1e-12_mu_1e-14	6032	hdbscan_umap	0.6702623402257828	0.9734671125975474	0.7978059604684822	0.8971039509876032	0.9927783464068358	0.9425194132400814	589	42	33	nt	0.9	7.148
True	PROKKA_06122025__gr_1e-12_lr_1e-12_mu_1e-14	6032	panx	0.8953735567649841	0.9057404511949967	0.9319001781391351	0.9998736023522322	0.9724525821172872	0.9859724766163479	1745	1113	112	aa	0.95	772.0
True	PROKKA_06122025__gr_1e-12_lr_1e-12_mu_1e-14	6032	diamond	0.00215655808942162	0.9830546265328874	0.004962031518667449	0.7826455502068581	0.7791846956497576	0.7809112884801349	1550	1023	26	aa	0.85	1.0
True	PROKKA_06122025__gr_1e-12_lr_1e-12_mu_1e-14	6032	panta	0.9994278398617139	0.9991019308486754	0.999547507374363	0.9999999999999999	0.9997984193450963	0.999899199512834	1609	1113	6	aa	0.7	10.0
True	PROKKA_06122025__gr_1e-12_lr_1e-12_mu_1e-14	6032	mmseqs2	0.002111629369754393	0.9946488294314382	0.004876371574538237	0.7797151870107081	0.7785386030307497	0.779126450821629	1529	1021	14	aa	0.8	0.0
True	PROKKA_06122025__gr_1e-12_lr_1e-12_mu_1e-14	6032	panta	0.9999560108611169	0.9997754827121689	0.9998983127533204	1.0	0.9999546765666087	0.9999773377697393	1608	1113	6	aa	0.5	9.0
True	PROKKA_06122025__gr_1e-12_lr_1e-12_mu_1e-14	6032	panaroo	0.0020802796274953725	0.9997770345596433	0.00481758672841952	0.7777586626732927	0.7781051154066199	0.7779318504666898	1514	1015	7	aa	0.7	27.0
True	PROKKA_06122025__gr_1e-12_lr_1e-12_mu_1e-14	6032	cdhit	0.0019294125550541183	0.9110367892976589	0.004324014902891959	0.803556179404654	0.7834817238469063	0.7933919906486306	1721	1094	100	nt	0.95	1.0
True	PROKKA_06122025__gr_1e-12_lr_1e-12_mu_1e-14	6032	cdhit	0.0021438232536802725	0.9875139353400223	0.004931485842718277	0.7812566363362794	0.7788789356110527	0.780065974124478	1535	1014	21	aa	0.8	0.0
True	PROKKA_06122025__gr_1e-12_lr_1e-12_mu_1e-14	6032	ppanggolin	0.002139931781878684	0.9683389074693423	0.004896438363712641	0.7874089517578992	0.7801921652045186	0.7837839464720717	1591	1044	45	aa	0.9	4.0
True	PROKKA_06122025__gr_1e-12_lr_1e-12_mu_1e-14	6032	cdhit	0.0020148471925530488	0.9995540691192865	0.0047069199625133324	0.7748121368107503	0.7774490712344051	0.7761283642503285	1489	989	8	aa	0.5	1.0
True	PROKKA_06122025__gr_1e-12_lr_1e-12_mu_1e-14	6032	panaroo	0.0021744243346658136	0.9609810479375697	0.0049631101266973746	0.7897454756845141	0.780699868942396	0.7851966214223455	1611	1052	49	aa	0.9	26.0
True	PROKKA_06122025__gr_1e-12_lr_1e-12_mu_1e-14	6032	ppanggolin	0.0020038266214222195	1.0	0.004687814106762704	0.7742831393274037	0.7773308789477873	0.7758040158942101	1486	987	10	aa	0.5	6.0
True	PROKKA_06122025__gr_1e-12_lr_1e-12_mu_1e-14	6032	cdhit	0.0021241795053148376	0.9897435897435898	0.00490109143205092	0.7806052409184103	0.7787352434147807	0.7796691208942697	1535	1018	21	nt	0.85	12.0
True	PROKKA_06122025__gr_1e-12_lr_1e-12_mu_1e-14	6032	embed_hdbscan_raw	0.8154379411927762	0.8702341137123746	0.867928064288075	0.9795692642170849	0.96420844632497	0.9718281603867732	1465	582	270	aa	0.9	10.143
True	PROKKA_06122025__gr_1e-12_lr_1e-12_mu_1e-14	6032	embed_hdbscan_tsne	0.6043553494177157	0.7413600891861761	0.7355196108499652	0.9654082490540179	0.9295141216364695	0.947121227254349	1482	264	455	aa	0.9	9.943
True	PROKKA_06122025__gr_1e-12_lr_1e-12_mu_1e-14	6032	embed_hdbscan_umap	0.6745401825941656	0.9843924191750278	0.7973825746841975	0.8930053017590099	0.9955536334376089	0.941495291755534	534	13	11	aa	0.9	13.098
True	PROKKA_06122025__gr_1e-12_lr_1e-12_mu_1e-14	6032	diamond	0.002037803440683677	0.9993311036789297	0.004738422332851058	0.775154108842084	0.7775254102467429	0.7763379487810581	1487	981	15	aa	0.5	1.0
True	PROKKA_06122025__gr_1e-12_lr_1e-12_mu_1e-14	6032	mmseqs2	0.0020754908425896206	0.9632107023411371	0.004741100355969459	0.7892183601057983	0.7805508161208633	0.784860659016025	1608	1056	48	aa	0.9	1.0
True	PROKKA_06122025__gr_1e-12_lr_1e-12_mu_1e-14	6032	panaroo	0.002078382510356998	1.0	0.004812995493971394	0.7775448148314581	0.7780576323683799	0.7778011390725944	1511	1011	8	aa	0.6	28.0
True	PROKKA_06122025__gr_1e-12_lr_1e-12_mu_1e-14	6032	panx	0.9978754965186599	0.9993069993069993	0.9987731178478861	0.9996127285647226	0.9998385237734424	0.9997256134197153	1470	990	7	aa	0.6	731.0
True	PROKKA_06122025__gr_1e-12_lr_1e-12_mu_1e-14	6032	panaroo	0.0020761081448729553	1.0	0.00480842248603076	0.7773741517979265	0.7780197235553311	0.7776968037032024	1509	1009	7	aa	0.5	28.0
True	PROKKA_06122025__gr_1e-12_lr_1e-12_mu_1e-14	6032	panx	0.99771800948709	0.9990869664460169	0.9986005854904073	0.9996180041418699	0.9997573799953487	0.999687687210685	1487	1000	7	aa	0.7	745.0
True	PROKKA_06122025__gr_1e-12_lr_1e-12_mu_1e-14	6032	diamond	0.002102599064031606	0.9946488294314382	0.004860262878677073	0.7792255655468062	0.7784302814442289	0.7788277204735198	1524	1014	16	aa	0.8	1.0
True	PROKKA_06122025__gr_1e-12_lr_1e-12_mu_1e-14	6032	panx	0.9851759632328282	0.9856341189674523	0.9898985527289645	0.9998728616300078	0.9956767537521422	0.9977703960439811	1539	1020	26	aa	0.85	830.0
True	PROKKA_06122025__gr_1e-12_lr_1e-12_mu_1e-14	6032	panta	0.9607822543123439	0.9622810956443646	0.9743819741757441	1.0	0.9889857027591151	0.9944623547441261	1597	1046	48	aa	0.9	7.0
True	PROKKA_06122025__gr_1e-12_lr_1e-12_mu_1e-14	6032	mmseqs2	0.0020897900075570286	0.9986622073578595	0.004835627278057978	0.7783712032041377	0.7782410122830096	0.7783061022991619	1519	1017	10	nt	0.8	1.0
True	PROKKA_06122025__gr_1e-12_lr_1e-12_mu_1e-14	6032	panx	0.99455994375842	0.995253164556962	0.9964164817515618	0.9998719213154138	0.9985384458842325	0.9992047387070336	1511	1009	16	aa	0.8	787.0
True	PROKKA_06122025__gr_1e-12_lr_1e-12_mu_1e-14	6032	mmseqs2	0.002166009377593827	0.9839464882943144	0.004978813528495747	0.7831540015473932	0.7792964164595331	0.781220446944284	1556	1031	27	aa	0.85	1.0
True	PROKKA_06122025__gr_1e-12_lr_1e-12_mu_1e-14	6032	ppanggolin	0.0020894087969301144	0.9966555183946488	0.004835465842739808	0.7783973259564495	0.7782468041179116	0.7783220577597227	1518	1012	14	aa	0.8	4.0
True	PROKKA_06122025__gr_1e-12_lr_1e-12_mu_1e-14	6032	mmseqs2	0.0020781928893148934	1.0	0.004813385401173539	0.7776017538742398	0.7780702771685465	0.7778359449685797	1512	1012	8	nt	0.5	5.0
True	PROKKA_06122025__gr_1e-12_lr_1e-12_mu_1e-14	6032	connected_components_t0.1	0.6554666389391254	0.728428093645485	0.7545110594434594	1.0	0.9191377834786985	0.9578653407705163	2398	1686	226	aa	0.9	184.0
True	PROKKA_06122025__gr_1e-12_lr_1e-12_mu_1e-14	6032	connected_components_t0.2	0.7824791887359922	0.8191750278706801	0.8584607068114437	1.0	0.947579913120845	0.9730845001398911	1995	1269	182	aa	0.9	184.0
True	PROKKA_06122025__gr_1e-12_lr_1e-12_mu_1e-14	6032	connected_components_t0.3	0.8716622465694354	0.88561872909699	0.9170617324802298	1.0	0.9669697647682836	0.9832075531493452	1799	1141	128	aa	0.9	184.0
True	PROKKA_06122025__gr_1e-12_lr_1e-12_mu_1e-14	6032	connected_components_t0.4	0.9153999795617584	0.9212931995540691	0.9447878726485311	1.0	0.9771995258274627	0.9884682987858825	1708	1095	94	aa	0.9	184.0
True	PROKKA_06122025__gr_1e-12_lr_1e-12_mu_1e-14	6032	connected_components_t0.5	0.9511520242636057	0.9520624303232998	0.9677921147049573	0.9999550256779499	0.9863193182368027	0.9930903676178876	1629	1060	57	aa	0.9	184.0
True	PROKKA_06122025__gr_1e-12_lr_1e-12_mu_1e-14	6032	connected_components_t0.6	0.9702899367585555	0.9707915273132665	0.9801062666894331	0.9999550256779499	0.9914211567349661	0.9956698056309401	1588	1045	40	aa	0.9	184.0
True	PROKKA_06122025__gr_1e-12_lr_1e-12_mu_1e-14	6032	connected_components_t0.7	0.9836578126328173	0.9852842809364548	0.9894139814128907	0.9997544472954385	0.9955892598830731	0.9976675062715186	1552	1030	24	aa	0.9	184.0
True	PROKKA_06122025__gr_1e-12_lr_1e-12_mu_1e-14	6032	hdbscan_dist	0.7780244331572665	0.8325529542920848	0.861147375763268	0.9898073435449255	0.9549612085560091	0.9720720915690919	1673	779	281	aa	0.9	1.249
True	PROKKA_06122025__gr_1e-12_lr_1e-12_mu_1e-14	6032	hdbscan_tsne	0.5663242728821735	0.7018952062430324	0.7197597862806029	0.9749557441143955	0.9210180753191769	0.9472196860122069	1777	578	525	aa	0.9	10.85
True	PROKKA_06122025__gr_1e-12_lr_1e-12_mu_1e-14	6032	hdbscan_umap	0.03993168359040102	0.9596432552954292	0.607485751386058	0.7630208831132614	0.9849820920247239	0.8599091836764466	505	11	15	aa	0.9	7.303
True	PROKKA_06122025__gr_1e-12_lr_1e-12_mu_1e-14	6032	cdhit	0.002134565640215584	0.9701226309921962	0.004881630723432106	0.7866489537745953	0.7800265180400362	0.7833237391811759	1580	1035	35	nt	0.9	1.0
True	PROKKA_06122025__gr_1e-12_lr_1e-12_mu_1e-14	6032	mmseqs2	0.002082558346359855	0.9993311036789297	0.004821577638267206	0.7778750541329943	0.7781309505723002	0.7780029813106374	1515	1016	7	aa	0.7	1.0
True	PROKKA_06122025__gr_1e-12_lr_1e-12_mu_1e-14	6032	mmseqs2	0.0021028357420092006	0.978149386845039	0.004823987578337947	0.78482065351611	0.7796270019279171	0.7822152067826279	1570	1039	29	nt	0.9	1.0
True	PROKKA_06122025__gr_1e-12_lr_1e-12_mu_1e-14	6032	mmseqs2	0.00207705550900777	1.0	0.004810345362864894	0.777447029062164	0.7780359131242423	0.7777413596215729	1510	1010	8	aa	0.6	1.0
True	PROKKA_06122025__gr_1e-12_lr_1e-12_mu_1e-14	6032	ppanggolin	0.00194980879571573	0.9085841694537347	0.004362520709364964	0.8049087080046183	0.7837668790490601	0.7941971175652934	1734	1104	106	aa	0.95	4.0
True	PROKKA_06122025__gr_1e-12_lr_1e-12_mu_1e-14	6032	ppanggolin	0.0020576225150371595	0.9993311036789297	0.004778391411888234	0.776650784543219	0.7778589005130736	0.7772543730733046	1505	1005	9	aa	0.7	5.0
True	PROKKA_06122025__gr_1e-12_lr_1e-12_mu_1e-14	6032	cdhit	0.0016538075216630988	0.8887402452619844	0.0036715727313828784	0.8109114277640069	0.7848867369258699	0.7976868736370307	1786	1129	128	aa	0.95	0.0
True	PROKKA_06122025__gr_1e-12_lr_1e-12_mu_1e-14	6032	ppanggolin	0.0021332989370658898	0.9879598662207358	0.004920326706606974	0.7813650416160567	0.7789028307662795	0.7801319934214758	1542	1022	23	aa	0.85	4.0
True	PROKKA_06122025__gr_1e-12_lr_1e-12_mu_1e-14	6032	mmseqs2	0.0020781928893148934	1.0	0.004813385401173539	0.7776017538742398	0.7780702771685465	0.7778359449685797	1512	1012	8	nt	0.6	0.0
True	PROKKA_06122025__gr_1e-12_lr_1e-12_mu_1e-14	11998	panaroo	0.0011329792979786549	0.9953070003910833	0.002859204754957503	0.7526647729166626	0.7513207360769144	0.7519921539474428	1539	1035	0	aa	0.85	28.0
True	PROKKA_06122025__gr_1e-12_lr_1e-12_mu_1e-14	11998	panta	1.0	1.0	1.0	1.0	1.0	1.0	1609	1114	0	aa	0.6	8.0
True	PROKKA_06122025__gr_1e-12_lr_1e-12_mu_1e-14	11998	diamond	0.0010863446191048834	1.0	0.0027580304896457205	0.7489555202586327	0.7503965470864116	0.7496753411872935	1504	1003	3	aa	0.6	2.0
True	PROKKA_06122025__gr_1e-12_lr_1e-12_mu_1e-14	11998	diamond	0.001265305054504702	0.9382088384825968	0.0031387374690369494	0.771139293619361	0.7557943129658018	0.7633896982926514	1712	1130	56	aa	0.95	1.0
True	PROKKA_06122025__gr_1e-12_lr_1e-12_mu_1e-14	11998	diamond	0.0010901934263973627	1.0	0.0027674678953596285	0.7494529400670653	0.7505208817080982	0.7499865307144974	1512	1015	0	aa	0.7	2.0
True	PROKKA_06122025__gr_1e-12_lr_1e-12_mu_1e-14	11998	panta	0.9993649043051729	0.9996055226824457	0.9996874726697955	1.0	0.9998436392374911	0.9999218135060955	1511	1015	1	aa	0.8	7.0
True	PROKKA_06122025__gr_1e-12_lr_1e-12_mu_1e-14	11998	mmseqs2	0.001112460423614405	1.0	0.0028128031360420084	0.7506909951537378	0.7508298077134059	0.7507603950171018	1519	1019	0	nt	0.7	2.0
True	PROKKA_06122025__gr_1e-12_lr_1e-12_mu_1e-14	11998	cdhit	0.001091294630681197	1.0	0.002769911156444657	0.7495488988640541	0.7505448532337821	0.7500465454278802	1513	1016	0	aa	0.7	1.0
True	PROKKA_06122025__gr_1e-12_lr_1e-12_mu_1e-14	11998	panx	0.9993637537540745	1.0	0.9995973317026356	0.9997983600377488	1.0	0.999899169853181	1453	984	0	aa	0.5	735.0
True	PROKKA_06122025__gr_1e-12_lr_1e-12_mu_1e-14	11998	ppanggolin	0.0010794378929243802	1.0	0.00274501737346856	0.7487706681705761	0.7503503100284297	0.749559656855663	1506	1008	2	aa	0.6	6.0
True	PROKKA_06122025__gr_1e-12_lr_1e-12_mu_1e-14	11998	panx	0.9834383446053514	0.9866168077150167	0.9897026983258347	0.9994897244799458	0.995427262312847	0.997454356983962	1555	1047	5	aa	0.9	761.0
True	PROKKA_06122025__gr_1e-12_lr_1e-12_mu_1e-14	11998	panaroo	0.0013373383334129485	0.939382088384826	0.003318599280864695	0.7720600191642913	0.7560438759566087	0.7639680145098021	1730	1148	62	aa	0.95	30.0
True	PROKKA_06122025__gr_1e-12_lr_1e-12_mu_1e-14	11998	cdhit	0.00109880109527688	0.9998044583496285	0.00278546562662845	0.7500094035054294	0.7506598281090214	0.7503344748527245	1516	1018	0	nt	0.8	16.0
True	PROKKA_06122025__gr_1e-12_lr_1e-12_mu_1e-14	11998	panta	0.9450698375395351	0.9479289940828403	0.9623000845442927	1.0	0.9821342658797326	0.990986617593063	1682	1120	50	aa	0.95	7.0
True	PROKKA_06122025__gr_1e-12_lr_1e-12_mu_1e-14	11998	mmseqs2	0.0011047849048087316	1.0	0.0027943966756037784	0.7497671700186446	0.7505993625313614	0.750183035483272	1506	1003	1	aa	0.5	4.0
True	PROKKA_06122025__gr_1e-12_lr_1e-12_mu_1e-14	11998	cdhit	0.001086674187692238	1.0	0.0027593293141401566	0.7490867288910051	0.7504293559138574	0.7497574413260771	1507	1008	2	aa	0.6	0.0
True	PROKKA_06122025__gr_1e-12_lr_1e-12_mu_1e-14	11998	panaroo	0.0011193857007270054	0.9986312084473993	0.0028290369169206167	0.7514564397052135	0.7510204230147777	0.7512383680942778	1528	1026	2	aa	0.8	28.0
True	PROKKA_06122025__gr_1e-12_lr_1e-12_mu_1e-14	11998	cdhit	0.0011652968501343556	0.9849432929213923	0.0029328955671561563	0.7558848835454323	0.7521175197209609	0.753996495728831	1571	1057	8	aa	0.9	0.0
True	PROKKA_06122025__gr_1e-12_lr_1e-12_mu_1e-14	11998	cdhit	0.001125551751963193	0.9943292921392256	0.0028444158477875705	0.7522958076486685	0.75122911216553	0.7517620815165454	1537	1033	3	aa	0.85	0.0
True	PROKKA_06122025__gr_1e-12_lr_1e-12_mu_1e-14	11998	panta	0.9958254449338527	0.9966469428007889	0.9976777545946147	1.0	0.998841622225441	0.9994204754585462	1518	1018	2	aa	0.85	7.0
True	PROKKA_06122025__gr_1e-12_lr_1e-12_mu_1e-14	11998	mmseqs2	0.0011173723538540257	0.9988267500977708	0.002824523515015665	0.7512698997311518	0.7509739966641212	0.7511219190550235	1526	1026	0	nt	0.85	2.0
True	PROKKA_06122025__gr_1e-12_lr_1e-12_mu_1e-14	11998	mmseqs2	0.0012587721658782372	0.9432929213922565	0.003125390222584834	0.7707205004797977	0.7556940352539662	0.7631333054366582	1716	1150	48	aa	0.95	2.0
True	PROKKA_06122025__gr_1e-12_lr_1e-12_mu_1e-14	11998	diamond	0.001164493258563511	0.9843566679702777	0.002931227550566631	0.755831032645154	0.7521042368449923	0.7539630294389909	1569	1051	12	aa	0.9	1.0
True	PROKKA_06122025__gr_1e-12_lr_1e-12_mu_1e-14	11998	mmseqs2	0.0012543683643293044	0.963042628079781	0.0031325902589173322	0.7642458947554562	0.7541627235003926	0.7591708298848089	1652	1106	36	nt	0.95	2.0
True	PROKKA_06122025__gr_1e-12_lr_1e-12_mu_1e-14	11998	connected_components_t0.1	0.5995847035447177	0.671098944075088	0.6907375307719499	0.9999999999999999	0.8942697728158784	0.9441841765616356	2918	2259	217	nt	0.9	178.0
True	PROKKA_06122025__gr_1e-12_lr_1e-12_mu_1e-14	11998	connected_components_t0.2	0.810441983518955	0.831834180680485	0.8625156386131458	0.9999999999999999	0.9429952054140932	0.9706613817537662	2168	1512	142	nt	0.9	178.0
True	PROKKA_06122025__gr_1e-12_lr_1e-12_mu_1e-14	11998	connected_components_t0.3	0.9033890635409503	0.9102463824794681	0.9308338594305364	1.0	0.9686721876539282	0.9840868314478475	1853	1252	85	nt	0.9	178.0
True	PROKKA_06122025__gr_1e-12_lr_1e-12_mu_1e-14	11998	connected_components_t0.4	0.9474124504912761	0.9481814626515448	0.962106434505247	1.0	0.9820789797596827	0.9909584731873348	1706	1145	47	nt	0.9	178.0
True	PROKKA_06122025__gr_1e-12_lr_1e-12_mu_1e-14	11998	connected_components_t0.5	0.9738298552367115	0.9741885021509582	0.9813117504440483	0.9999069095842559	0.9910027268104008	0.9954349065776794	1613	1085	20	nt	0.9	178.0
True	PROKKA_06122025__gr_1e-12_lr_1e-12_mu_1e-14	11998	connected_components_t0.6	0.9861458643670784	0.9874853343762221	0.9901058853310993	0.9999069095842559	0.9952181834457866	0.9975570370477506	1571	1058	10	nt	0.9	178.0
True	PROKKA_06122025__gr_1e-12_lr_1e-12_mu_1e-14	11998	connected_components_t0.7	0.9927742531598691	0.9941337504888541	0.9950897871995935	0.9998083439265059	0.9977528949665313	0.9987795619394083	1543	1038	1	nt	0.9	178.0
True	PROKKA_06122025__gr_1e-12_lr_1e-12_mu_1e-14	11998	hdbscan_dist	0.9662338095592153	0.9902229174814235	0.9784279330104148	0.9918722593693369	0.9972194244394074	0.9945386546604358	1453	945	0	nt	0.9	0.222
True	PROKKA_06122025__gr_1e-12_lr_1e-12_mu_1e-14	11998	hdbscan_tsne	0.8054857946166334	0.9712553773953853	0.8662125452348878	0.9327412243604776	0.9920082213698407	0.961462246453671	788	219	0	nt	0.9	13.211
True	PROKKA_06122025__gr_1e-12_lr_1e-12_mu_1e-14	11998	hdbscan_umap	0.7390226172223617	0.9908095424325382	0.8396754744961245	0.9080823973082963	0.9973804608433735	0.9506389862562332	602	100	0	nt	0.9	6.839
True	PROKKA_06122025__gr_1e-12_lr_1e-12_mu_1e-14	11998	panx	0.9508340659743472	0.9520172346259302	0.96522781092939	0.9997631897567605	0.983688572349517	0.9916607437682987	1681	1127	39	aa	0.95	746.0
True	PROKKA_06122025__gr_1e-12_lr_1e-12_mu_1e-14	11998	diamond	0.001112460423614405	0.9960891669925694	0.002815697600861022	0.7511966938396777	0.7509557723402711	0.7510762137699751	1527	1026	1	aa	0.85	1.0
True	PROKKA_06122025__gr_1e-12_lr_1e-12_mu_1e-14	11998	panta	1.0	1.0	1.0	1.0	1.0	1.0	1609	1114	0	aa	0.7	9.0
True	PROKKA_06122025__gr_1e-12_lr_1e-12_mu_1e-14	11998	mmseqs2	0.0011170370176664772	0.9988267500977708	0.0028238777881055515	0.7512574109989646	0.7509708878311927	0.7511141220904951	1526	1026	0	aa	0.8	3.0
True	PROKKA_06122025__gr_1e-12_lr_1e-12_mu_1e-14	11998	panta	1.0	1.0	1.0	1.0	1.0000000000000002	1.0000000000000002	1610	1114	1	aa	0.5	8.0
True	PROKKA_06122025__gr_1e-12_lr_1e-12_mu_1e-14	11998	panaroo	0.001113687132882605	1.0	0.0028154664881458106	0.7507895608114881	0.7508543694573031	0.7508219637358748	1520	1020	0	aa	0.7	29.0
True	PROKKA_06122025__gr_1e-12_lr_1e-12_mu_1e-14	11998	cdhit	0.001257022887864729	0.9603050449745796	0.003138922687723699	0.7645535626128275	0.7542373391587752	0.7593604149680098	1655	1110	29	nt	0.95	1.0
True	PROKKA_06122025__gr_1e-12_lr_1e-12_mu_1e-14	11998	cdhit	0.0011012365010023804	0.9976535001955417	0.002792858933392901	0.750574174108968	0.750800690606589	0.7506874152701993	1524	1025	2	aa	0.8	1.0
True	PROKKA_06122025__gr_1e-12_lr_1e-12_mu_1e-14	11998	ppanggolin	0.001129711867926167	0.9923738756355104	0.0028550624835438974	0.75290733491125	0.7513809339256086	0.7521433599990519	1545	1042	1	aa	0.9	6.0
True	PROKKA_06122025__gr_1e-12_lr_1e-12_mu_1e-14	11998	cdhit	0.0010747393070067652	0.9992178333985139	0.002733440474150197	0.7481554772868438	0.7501963088707871	0.7491745032204417	1497	996	4	aa	0.5	2.0
True	PROKKA_06122025__gr_1e-12_lr_1e-12_mu_1e-14	11998	panaroo	0.0011636900254677683	0.9868987094251076	0.002929674661862267	0.7557992637413518	0.7520964000519259	0.7539432854283945	1571	1054	15	aa	0.9	28.0
True	PROKKA_06122025__gr_1e-12_lr_1e-12_mu_1e-14	11998	ppanggolin	0.001064077681278422	1.0	0.0027107933131630883	0.7474197586021012	0.7500118862418153	0.7487135788719025	1491	991	4	aa	0.5	7.0
True	PROKKA_06122025__gr_1e-12_lr_1e-12_mu_1e-14	11998	cdhit	0.0011156963054725195	0.996675791943684	0.002821310050792941	0.7512098114326037	0.750959038110507	0.7510844038394014	1526	1026	0	nt	0.85	14.0
True	PROKKA_06122025__gr_1e-12_lr_1e-12_mu_1e-14	11998	embed_hdbscan_raw	0.8988355907985113	0.9921783339851389	0.9288844352746621	0.9646205981483978	0.9974440806971967	0.9807577865453495	1168	670	0	aa	0.9	13.255
True	PROKKA_06122025__gr_1e-12_lr_1e-12_mu_1e-14	11998	embed_hdbscan_tsne	0.7821204275011227	0.9857254595228784	0.8479875450488357	0.9156373020993295	0.9959374725705877	0.9541007890749384	603	67	0	aa	0.9	14.408
True	PROKKA_06122025__gr_1e-12_lr_1e-12_mu_1e-14	11998	embed_hdbscan_umap	0.7122742412594142	0.9880719593273367	0.8233694992218439	0.8977544818168485	0.996350867293765	0.9444864901470114	519	25	0	aa	0.9	13.441
True	PROKKA_06122025__gr_1e-12_lr_1e-12_mu_1e-14	11998	diamond	0.0010696179862126362	1.0	0.0027218450539777477	0.7476693677755085	0.7500744862957156	0.74886999593268	1491	989	4	aa	0.5	2.0
True	PROKKA_06122025__gr_1e-12_lr_1e-12_mu_1e-14	11998	mmseqs2	0.0011675948034642817	0.9865076261243645	0.0029367706598866453	0.7558873827102662	0.7521181361309945	0.7539980488212333	1570	1057	8	aa	0.9	2.0
True	PROKKA_06122025__gr_1e-12_lr_1e-12_mu_1e-14	11998	panaroo	0.0011126833986080365	1.0	0.0028130088580149964	0.7506599609627274	0.7508220732480924	0.7507410083539255	1518	1017	1	aa	0.6	30.0
True	PROKKA_06122025__gr_1e-12_lr_1e-12_mu_1e-14	11998	panx	0.9993782431126094	1.0	0.9996062413373301	0.9998033468156273	1.0000000000000002	0.9999016637387443	1485	1006	0	aa	0.6	725.0
True	PROKKA_06122025__gr_1e-12_lr_1e-12_mu_1e-14	11998	panaroo	0.0011112345617413854	1.0	0.00280923605409094	0.750432793533366	0.7507654430472819	0.7505990814345321	1514	1011	2	aa	0.5	31.0
True	PROKKA_06122025__gr_1e-12_lr_1e-12_mu_1e-14	11998	panx	0.9993820431878804	1.0	0.9996084086438741	0.9998044605885402	1.0	0.99990222073442	1492	1011	0	aa	0.7	723.0
True	PROKKA_06122025__gr_1e-12_lr_1e-12_mu_1e-14	11998	diamond	0.0010983586544200917	0.9982401251466563	0.0027860882100298676	0.7502541867167231	0.7507209003648472	0.7504874709807435	1520	1021	1	aa	0.8	1.0
True	PROKKA_06122025__gr_1e-12_lr_1e-12_mu_1e-14	11998	panx	0.996456011697288	0.9968404423380727	0.9973293826703902	0.9998088812145294	0.9988609519091531	0.9993346917698438	1522	1025	2	aa	0.85	716.0
True	PROKKA_06122025__gr_1e-12_lr_1e-12_mu_1e-14	11998	panta	0.9872084315133405	0.9881656804733728	0.9916240291607574	0.9999999999999999	0.995859181645475	0.9979252953351593	1547	1038	7	aa	0.9	7.0
True	PROKKA_06122025__gr_1e-12_lr_1e-12_mu_1e-14	11998	mmseqs2	0.0011132409586839087	1.0	0.0028146331359548355	0.7507773083570053	0.7508513165108898	0.7508143106101921	1520	1020	0	nt	0.8	2.0
True	PROKKA_06122025__gr_1e-12_lr_1e-12_mu_1e-14	11998	panx	0.9983935984932328	0.9992033459470225	0.9988935089480998	0.9998070513911704	0.9996406010901416	0.9997238193123169	1507	1019	0	aa	0.8	719.0
True	PROKKA_06122025__gr_1e-12_lr_1e-12_mu_1e-14	11998	mmseqs2	0.0011289240738772681	0.9960891669925694	0.0028507816564410206	0.7524036879856804	0.7512559087126092	0.7518293602854825	1538	1036	2	aa	0.85	2.0
True	PROKKA_06122025__gr_1e-12_lr_1e-12_mu_1e-14	11998	ppanggolin	0.0010942713199923924	0.9994133750488854	0.0027769681411330205	0.7498888406791062	0.7506297372525039	0.7502591060531306	1517	1020	0	aa	0.8	5.0
True	PROKKA_06122025__gr_1e-12_lr_1e-12_mu_1e-14	11998	mmseqs2	0.001112460423614405	1.0	0.0028128031360420084	0.7506909951537378	0.7508298077134059	0.7507603950171018	1519	1019	0	nt	0.5	6.0
True	PROKKA_06122025__gr_1e-12_lr_1e-12_mu_1e-14	11998	connected_components_t0.1	0.6736874797771966	0.7281971059835745	0.7531964667188114	0.9999999999999999	0.9098723614709471	0.9528096011297643	2657	1980	211	aa	0.9	175.0
True	PROKKA_06122025__gr_1e-12_lr_1e-12_mu_1e-14	11998	connected_components_t0.2	0.8542105463462791	0.8650762612436449	0.8933280194859446	1.0	0.9540170944720354	0.9764675008944131	2032	1399	116	aa	0.9	175.0
True	PROKKA_06122025__gr_1e-12_lr_1e-12_mu_1e-14	11998	connected_components_t0.3	0.9348054348402949	0.9370355885803676	0.9535355902603935	0.9999999999999999	0.9782881779945151	0.989024944774479	1745	1172	55	aa	0.9	175.0
True	PROKKA_06122025__gr_1e-12_lr_1e-12_mu_1e-14	11998	connected_components_t0.4	0.9689486371555004	0.9685177942901838	0.9774515154812821	1.0	0.9891000462343776	0.9945201581055425	1635	1101	25	aa	0.9	175.0
True	PROKKA_06122025__gr_1e-12_lr_1e-12_mu_1e-14	11998	connected_components_t0.5	0.9824553593875375	0.98337895971842	0.9876247749396179	0.9998083439265059	0.9941123382342354	0.9969522052299487	1579	1060	13	aa	0.9	175.0
True	PROKKA_06122025__gr_1e-12_lr_1e-12_mu_1e-14	11998	connected_components_t0.6	0.9901578299117055	0.993351583887368	0.9939099465545549	0.9994907616992389	0.9974835418199751	0.9984861430005968	1545	1040	3	aa	0.9	175.0
True	PROKKA_06122025__gr_1e-12_lr_1e-12_mu_1e-14	11998	connected_components_t0.7	0.99308896567707	0.9978490418459132	0.9964684843898638	0.9990850753583063	0.9991501277515391	0.9991176004960348	1527	1027	1	aa	0.9	175.0
True	PROKKA_06122025__gr_1e-12_lr_1e-12_mu_1e-14	11998	hdbscan_dist	0.9445378290758552	0.9955025420414548	0.9642369633468273	0.9827269705216415	0.9988145712767657	0.9907054654557907	1362	873	0	aa	0.9	0.249
True	PROKKA_06122025__gr_1e-12_lr_1e-12_mu_1e-14	11998	hdbscan_tsne	0.7794086886130857	0.9923738756355104	0.8573497712958918	0.9196532613750203	0.9978404370864763	0.9571527802513721	705	206	0	aa	0.9	13.081
True	PROKKA_06122025__gr_1e-12_lr_1e-12_mu_1e-14	11998	hdbscan_umap	0.08165440128431813	0.979663668361361	0.7025233220876987	0.8119203692929714	0.9916802258385882	0.8928422150189775	542	90	0	aa	0.9	7.348
True	PROKKA_06122025__gr_1e-12_lr_1e-12_mu_1e-14	11998	cdhit	0.0011334304478933864	0.9927649589362534	0.002861679576908074	0.7529565310522073	0.7513931396283464	0.7521740229650719	1543	1038	3	nt	0.9	1.0
True	PROKKA_06122025__gr_1e-12_lr_1e-12_mu_1e-14	11998	mmseqs2	0.001111345968736602	1.0	0.002810346232446965	0.7505950363567493	0.7508058909247738	0.7507004488347068	1518	1018	0	aa	0.7	3.0
True	PROKKA_06122025__gr_1e-12_lr_1e-12_mu_1e-14	11998	mmseqs2	0.0011398717472301527	0.9937426671881111	0.0028742574917822827	0.7532376723122312	0.7514628685885825	0.7523492237543461	1544	1038	4	nt	0.9	2.0
True	PROKKA_06122025__gr_1e-12_lr_1e-12_mu_1e-14	11998	mmseqs2	0.0011103435575807047	1.0	0.0028078908665582006	0.7504654365079884	0.7507735821451905	0.7506194777014675	1516	1015	1	aa	0.6	3.0
True	PROKKA_06122025__gr_1e-12_lr_1e-12_mu_1e-14	11998	ppanggolin	0.0012607698399689949	0.9587407117716074	0.0031490776595407646	0.7651752018642395	0.7543879610830097	0.7597432926526957	1664	1117	34	aa	0.95	4.0
True	PROKKA_06122025__gr_1e-12_lr_1e-12_mu_1e-14	11998	ppanggolin	0.001088982895408559	1.0	0.0027646145498164206	0.7493172834916682	0.7504869853948047	0.7499016783162036	1510	1012	1	aa	0.7	5.0
True	PROKKA_06122025__gr_1e-12_lr_1e-12_mu_1e-14	11998	cdhit	0.0012667874072577693	0.9399687133359406	0.0031459449259531908	0.7718719926207998	0.7559695558516677	0.7638380145104464	1732	1164	52	aa	0.95	0.0
True	PROKKA_06122025__gr_1e-12_lr_1e-12_mu_1e-14	11998	ppanggolin	0.0011061173919788227	0.9976535001955417	0.002802928601383199	0.750867604281551	0.7508738138076613	0.7508707090317683	1526	1027	1	aa	0.85	5.0
True	PROKKA_06122025__gr_1e-12_lr_1e-12_mu_1e-14	11998	mmseqs2	0.001112460423614405	1.0	0.0028128031360420084	0.7506909951537378	0.7508298077134059	0.7507603950171018	1519	1019	0	nt	0.6	3.0
True	PROKKA_06122025__gr_1e-12_lr_1e-12_mu_1e-14	13478	panaroo	0.0009229673427788321	0.999252476172678	0.0023133381137837973	0.7431561057141912	0.7429476746184362	0.7430518755497297	1539	1037	1	aa	0.85	26.0
True	PROKKA_06122025__gr_1e-12_lr_1e-12_mu_1e-14	13478	panta	1.0	1.0	1.0	1.0	0.9999999999999999	0.9999999999999999	1525	1027	0	aa	0.6	7.0
True	PROKKA_06122025__gr_1e-12_lr_1e-12_mu_1e-14	13478	diamond	0.0008928538147615272	1.0	0.002246504093612224	0.7409055124098665	0.7423680124141845	0.7416360414033152	1518	1017	2	aa	0.6	1.0
True	PROKKA_06122025__gr_1e-12_lr_1e-12_mu_1e-14	13478	diamond	0.000875263276239753	0.9631844515043917	0.0021566098473922634	0.755400166029212	0.7459721638151106	0.750656562929377	1652	1099	33	aa	0.95	1.0
True	PROKKA_06122025__gr_1e-12_lr_1e-12_mu_1e-14	13478	diamond	0.0009044164210666873	0.9994393571295085	0.0022725929890428276	0.7418548994808596	0.7426128547931202	0.7422336836345532	1528	1028	0	aa	0.7	1.0
True	PROKKA_06122025__gr_1e-12_lr_1e-12_mu_1e-14	13478	panta	1.0	1.0	1.0	1.0	1.0	1.0	1525	1027	0	aa	0.8	7.0
True	PROKKA_06122025__gr_1e-12_lr_1e-12_mu_1e-14	13478	mmseqs2	0.0009158672295624776	1.0	0.0022974143660416074	0.7425819143832664	0.7428000340476631	0.7426909582006653	1534	1034	0	nt	0.7	4.0
True	PROKKA_06122025__gr_1e-12_lr_1e-12_mu_1e-14	13478	cdhit	0.0009119461485493192	0.9994393571295085	0.0022885740083314027	0.7422558970800368	0.7427161304164384	0.7424859424288053	1530	1028	2	aa	0.7	1.0
True	PROKKA_06122025__gr_1e-12_lr_1e-12_mu_1e-14	13478	panx	1.0	1.0	1.0	1.0	1.0	1.0	1464	993	0	aa	0.5	726.0
True	PROKKA_06122025__gr_1e-12_lr_1e-12_mu_1e-14	13478	ppanggolin	0.0008938930968689835	1.0	0.0022491953695620297	0.7410671635123166	0.7424097343588048	0.7417378414112775	1520	1019	2	aa	0.6	5.0
True	PROKKA_06122025__gr_1e-12_lr_1e-12_mu_1e-14	13478	panx	0.9976338157813851	0.997936210131332	0.9985065359999695	1.0	0.9992311222077197	0.9996154132537557	1537	1036	2	aa	0.9	737.0
True	PROKKA_06122025__gr_1e-12_lr_1e-12_mu_1e-14	13478	panaroo	0.0009855735510018882	0.9663614277705102	0.0024423587152016583	0.7549363602240444	0.7459117382671036	0.7503969166524929	1650	1090	39	aa	0.95	26.0
True	PROKKA_06122025__gr_1e-12_lr_1e-12_mu_1e-14	13478	cdhit	0.0009166333778711107	1.0	0.002298873594096419	0.742585919576834	0.7428010644817673	0.7426934764484012	1533	1032	0	nt	0.8	17.0
True	PROKKA_06122025__gr_1e-12_lr_1e-12_mu_1e-14	13478	panta	0.9804447461205522	0.9825155104342922	0.9868791400450888	1.0	0.9933598262639999	0.9966688534360376	1590	1068	21	aa	0.95	7.0
True	PROKKA_06122025__gr_1e-12_lr_1e-12_mu_1e-14	13478	mmseqs2	0.000905558018846763	1.0	0.0022724731093565764	0.7413486645808984	0.7424823571812639	0.7419150777930499	1517	1013	3	aa	0.5	4.0
True	PROKKA_06122025__gr_1e-12_lr_1e-12_mu_1e-14	13478	cdhit	0.0008936095926563322	1.0	0.0022486112480441787	0.7410567525106982	0.7424070476996176	0.7417312855646828	1520	1019	2	aa	0.6	1.0
True	PROKKA_06122025__gr_1e-12_lr_1e-12_mu_1e-14	13478	panaroo	0.0009207573667602771	0.999626238086339	0.0023082044020753235	0.7429385599190109	0.742891757488706	0.7429151579667395	1537	1036	1	aa	0.8	26.0
True	PROKKA_06122025__gr_1e-12_lr_1e-12_mu_1e-14	13478	cdhit	0.0009410427977117387	0.994019809381424	0.002354630121302896	0.7447918932458443	0.7433673533627724	0.7440789414841728	1551	1039	7	aa	0.9	1.0
True	PROKKA_06122025__gr_1e-12_lr_1e-12_mu_1e-14	13478	cdhit	0.0009269140112310052	0.9977574285180341	0.0023218043823406997	0.7433909036091241	0.7430079988755777	0.7431994019231423	1539	1035	1	aa	0.85	1.0
True	PROKKA_06122025__gr_1e-12_lr_1e-12_mu_1e-14	13478	panta	0.9998001571173555	0.9998119947358526	0.9998388501314192	1.0	0.9999168537294987	0.9999584251363519	1526	1028	0	aa	0.85	7.0
True	PROKKA_06122025__gr_1e-12_lr_1e-12_mu_1e-14	13478	mmseqs2	0.000862808018184893	0.9998131190431695	0.002158211737572774	0.7428375803095376	0.7428375803095378	0.7428375803095377	1537	1037	0	nt	0.85	1.0
True	PROKKA_06122025__gr_1e-12_lr_1e-12_mu_1e-14	13478	mmseqs2	0.0009474583292039027	0.9781349280508316	0.0023555171951336364	0.7514074007561461	0.7450226900735665	0.7482014248218363	1623	1099	19	aa	0.95	2.0
True	PROKKA_06122025__gr_1e-12_lr_1e-12_mu_1e-14	13478	diamond	0.0008861805341051256	0.9925247617267801	0.002213323647411433	0.7453163273093086	0.7434734447387533	0.7443937454277451	1563	1058	2	aa	0.9	1.0
True	PROKKA_06122025__gr_1e-12_lr_1e-12_mu_1e-14	13478	mmseqs2	0.0009745040833901114	0.9857970472808821	0.002432743898101434	0.7482239170855045	0.7442434371149578	0.7462283690374614	1587	1067	14	nt	0.95	5.0
True	PROKKA_06122025__gr_1e-12_lr_1e-12_mu_1e-14	13478	connected_components_t0.1	0.7052161264356682	0.7364978508689964	0.7637513634057325	0.9999999999999998	0.9102128049363277	0.9529962343296797	2764	2164	165	nt	0.9	174.0
True	PROKKA_06122025__gr_1e-12_lr_1e-12_mu_1e-14	13478	connected_components_t0.2	0.8927625347589635	0.898523640441039	0.9215127398664515	0.9999999999999999	0.9638235159334542	0.9815785462527419	1947	1343	94	nt	0.9	174.0
True	PROKKA_06122025__gr_1e-12_lr_1e-12_mu_1e-14	13478	connected_components_t0.3	0.9572568738347501	0.9588861894972902	0.9693454060030071	1.0	0.9848970130272486	0.9923910475588266	1699	1151	40	nt	0.9	174.0
True	PROKKA_06122025__gr_1e-12_lr_1e-12_mu_1e-14	13478	connected_components_t0.4	0.9802550472422308	0.9813119043169501	0.9859633842077526	0.9999999999999999	0.992914829127018	0.9964448200347399	1614	1095	17	nt	0.9	174.0
True	PROKKA_06122025__gr_1e-12_lr_1e-12_mu_1e-14	13478	connected_components_t0.5	0.9897466202593014	0.9912165950289665	0.993532770911083	0.9999999999999999	0.9966986887844511	0.9983466152233721	1568	1054	9	nt	0.9	174.0
True	PROKKA_06122025__gr_1e-12_lr_1e-12_mu_1e-14	13478	connected_components_t0.6	0.9959007980164205	0.996636142777051	0.9975320480729172	0.9999999999999999	0.9987326324718214	0.9993659144261775	1549	1043	3	nt	0.9	174.0
True	PROKKA_06122025__gr_1e-12_lr_1e-12_mu_1e-14	13478	connected_components_t0.7	0.998637391276831	0.998878714259017	0.9990850587179178	0.9999620207264882	0.9995669133626911	0.999764428007938	1541	1037	3	nt	0.9	174.0
True	PROKKA_06122025__gr_1e-12_lr_1e-12_mu_1e-14	13478	hdbscan_dist	0.9312227271290465	0.9665483087273407	0.9554369774073209	0.9866572062021465	0.9901799967304445	0.988415462600564	1434	865	0	nt	0.9	0.232
True	PROKKA_06122025__gr_1e-12_lr_1e-12_mu_1e-14	13478	hdbscan_tsne	0.7287317321118262	0.8469444963558214	0.8222391515653126	0.95156458125293	0.9558102246153329	0.9536826777255607	1209	404	0	nt	0.9	12.903
True	PROKKA_06122025__gr_1e-12_lr_1e-12_mu_1e-14	13478	hdbscan_umap	0.7610998505590255	0.9900953092879835	0.8487447263686491	0.9117518136720036	0.9972255943755244	0.952575175043024	587	56	0	nt	0.9	6.663
True	PROKKA_06122025__gr_1e-12_lr_1e-12_mu_1e-14	13478	panx	0.9837549972033324	0.9861475102957694	0.9891716088702658	0.9999619481468128	0.9945440630795759	0.997245647029556	1589	1073	15	aa	0.95	740.0
True	PROKKA_06122025__gr_1e-12_lr_1e-12_mu_1e-14	13478	diamond	0.0009260468838379893	0.9979443094748646	0.0023196311352757324	0.7432696672436029	0.7429768543736803	0.7431232319643768	1537	1032	2	aa	0.85	1.0
True	PROKKA_06122025__gr_1e-12_lr_1e-12_mu_1e-14	13478	panta	1.0	1.0	1.0	1.0	1.0	1.0	1525	1027	0	aa	0.7	7.0
True	PROKKA_06122025__gr_1e-12_lr_1e-12_mu_1e-14	13478	mmseqs2	0.0008617704993737166	0.9998131190431695	0.002155830890529733	0.742743281529489	0.7428133279201158	0.7427783030734022	1536	1036	0	aa	0.8	3.0
True	PROKKA_06122025__gr_1e-12_lr_1e-12_mu_1e-14	13478	panta	1.0	1.0	1.0	1.0	1.0	1.0	1525	1026	1	aa	0.5	7.0
True	PROKKA_06122025__gr_1e-12_lr_1e-12_mu_1e-14	13478	panaroo	0.000918454369086968	1.0	0.002303171430056864	0.7427812608030008	0.7428513107753645	0.742816284137698	1536	1036	0	aa	0.7	29.0
True	PROKKA_06122025__gr_1e-12_lr_1e-12_mu_1e-14	13478	cdhit	0.0009439899217087784	0.9772005232666792	0.0023451132060916466	0.7505492570142711	0.7448055573481137	0.7476663763256595	1603	1068	19	nt	0.95	3.0
True	PROKKA_06122025__gr_1e-12_lr_1e-12_mu_1e-14	13478	cdhit	0.0009232558127105916	0.9990655952158475	0.002313560709190902	0.7430860487697372	0.7429296701077098	0.7430078512105851	1537	1034	2	aa	0.8	1.0
True	PROKKA_06122025__gr_1e-12_lr_1e-12_mu_1e-14	13478	ppanggolin	0.0009232558127105916	0.9990655952158475	0.0023138279366715308	0.7431444616857154	0.7429446822984807	0.7430445585636292	1538	1035	2	aa	0.9	4.0
True	PROKKA_06122025__gr_1e-12_lr_1e-12_mu_1e-14	13478	cdhit	0.000879494994257876	0.9990655952158475	0.002216191021636246	0.7397838496402234	0.7420781400040275	0.7409292187565032	1505	1002	3	aa	0.5	1.0
True	PROKKA_06122025__gr_1e-12_lr_1e-12_mu_1e-14	13478	panaroo	0.0009417231555907012	0.994393571295085	0.002356525759310846	0.7449294500088721	0.743402582562016	0.7441652330851403	1555	1046	6	aa	0.9	26.0
True	PROKKA_06122025__gr_1e-12_lr_1e-12_mu_1e-14	13478	ppanggolin	0.0008789328713674077	1.0	0.0022146310699544965	0.7396744727244924	0.7420498387115865	0.7408602517324163	1504	1001	4	aa	0.5	5.0
True	PROKKA_06122025__gr_1e-12_lr_1e-12_mu_1e-14	13478	cdhit	0.0008644127266608971	0.999626238086339	0.0021616610924037162	0.7429285573921837	0.7428609740679513	0.7428947641930038	1537	1036	0	nt	0.85	15.0
True	PROKKA_06122025__gr_1e-12_lr_1e-12_mu_1e-14	13478	embed_hdbscan_raw	0.9204259202041092	0.9833675948420856	0.9427875023571711	0.9742386308581412	0.9949838314046167	0.9845019587271786	1244	688	0	aa	0.9	13.491
True	PROKKA_06122025__gr_1e-12_lr_1e-12_mu_1e-14	13478	embed_hdbscan_tsne	0.7710954744602152	0.8927303307792935	0.842272778287537	0.946861831369612	0.9677480323769722	0.9571910096062078	1024	266	0	aa	0.9	12.409
True	PROKKA_06122025__gr_1e-12_lr_1e-12_mu_1e-14	13478	embed_hdbscan_umap	0.7427071974920444	0.989908428331153	0.84087855767597	0.9062209167804034	0.9971566985978275	0.949516533425739	546	27	0	aa	0.9	13.44
True	PROKKA_06122025__gr_1e-12_lr_1e-12_mu_1e-14	13478	diamond	0.0008741624260901107	1.0	0.0022038571757572933	0.7392915545895222	0.7419507096378153	0.7406187452301246	1500	996	5	aa	0.5	2.0
True	PROKKA_06122025__gr_1e-12_lr_1e-12_mu_1e-14	13478	mmseqs2	0.0009346412972686448	0.995514857036068	0.002340711589045739	0.7443628266041994	0.7432574043784419	0.7438097047822325	1550	1043	4	aa	0.9	2.0
True	PROKKA_06122025__gr_1e-12_lr_1e-12_mu_1e-14	13478	panaroo	0.0009157714853727439	1.0	0.0022967710716668577	0.7424799277962492	0.742773792719051	0.7426268311863232	1532	1031	1	aa	0.6	30.0
True	PROKKA_06122025__gr_1e-12_lr_1e-12_mu_1e-14	13478	panx	1.0	1.0	1.0	1.0	1.0	1.0	1499	1016	0	aa	0.6	733.0
True	PROKKA_06122025__gr_1e-12_lr_1e-12_mu_1e-14	13478	panaroo	0.0009087013953208891	1.0	0.0022801756028787883	0.7417472496476675	0.7425851158117044	0.7421659462530972	1523	1021	1	aa	0.5	31.0
True	PROKKA_06122025__gr_1e-12_lr_1e-12_mu_1e-14	13478	panx	0.9999710594814185	1.0	0.999924812938036	0.9999612349107385	1.0	0.9999806170796789	1515	1024	1	aa	0.7	737.0
True	PROKKA_06122025__gr_1e-12_lr_1e-12_mu_1e-14	13478	diamond	0.0009229673427788321	0.998504952345356	0.002312670663693858	0.743008014523028	0.7429096124748982	0.7429588102407195	1535	1031	2	aa	0.8	1.0
True	PROKKA_06122025__gr_1e-12_lr_1e-12_mu_1e-14	13478	panx	0.999313511672794	0.9996233521657251	0.9996922901156433	1.0	0.9998413428946986	0.9999206651538308	1527	1030	1	aa	0.85	729.0
True	PROKKA_06122025__gr_1e-12_lr_1e-12_mu_1e-14	13478	panta	0.9979406612032494	0.9983079526226735	0.9987050055509952	1.0	0.999332977997066	0.9996663777318363	1531	1030	3	aa	0.9	7.0
True	PROKKA_06122025__gr_1e-12_lr_1e-12_mu_1e-14	13478	mmseqs2	0.0009169207727962231	1.0	0.002299819915175833	0.742676213163315	0.742824292526522	0.7427502454644102	1535	1035	0	nt	0.8	2.0
True	PROKKA_06122025__gr_1e-12_lr_1e-12_mu_1e-14	13478	panx	1.0	1.0	1.0	1.0	1.0000000000000002	1.0000000000000002	1521	1028	0	aa	0.8	735.0
True	PROKKA_06122025__gr_1e-12_lr_1e-12_mu_1e-14	13478	mmseqs2	0.0009214296636376616	0.9994393571295085	0.0023098515037128565	0.743023225320194	0.7429135224472672	0.7429683698341907	1538	1037	1	aa	0.85	2.0
True	PROKKA_06122025__gr_1e-12_lr_1e-12_mu_1e-14	13478	ppanggolin	0.0009164418083224043	1.0	0.0022982050801385245	0.742518211140009	0.7427836437186076	0.7426509037120911	1532	1031	0	aa	0.8	5.0
True	PROKKA_06122025__gr_1e-12_lr_1e-12_mu_1e-14	13478	mmseqs2	0.0009158672295624776	1.0	0.0022974143660416074	0.7425819143832664	0.7428000340476631	0.7426909582006653	1534	1034	0	nt	0.5	5.0
True	PROKKA_06122025__gr_1e-12_lr_1e-12_mu_1e-14	13478	connected_components_t0.1	0.7736190421988883	0.7936834236591291	0.8252358041079662	0.9999999999999998	0.9287036563210451	0.9630340599784255	2441	1791	170	aa	0.9	167.0
True	PROKKA_06122025__gr_1e-12_lr_1e-12_mu_1e-14	13478	connected_components_t0.2	0.923730730146687	0.9256213791814614	0.9434253087714141	1.0	0.9731301363129872	0.986382112769702	1841	1268	65	aa	0.9	167.0
True	PROKKA_06122025__gr_1e-12_lr_1e-12_mu_1e-14	13478	connected_components_t0.3	0.9758140534880702	0.9773874042235097	0.9827961122987043	0.9999999999999999	0.9913564966337919	0.9956594897092412	1631	1110	16	aa	0.9	167.0
True	PROKKA_06122025__gr_1e-12_lr_1e-12_mu_1e-14	13478	connected_components_t0.4	0.9883849094981723	0.989908428331153	0.9922690448094615	0.9999999999999999	0.9960610344444654	0.9980266307053928	1577	1064	9	aa	0.9	167.0
True	PROKKA_06122025__gr_1e-12_lr_1e-12_mu_1e-14	13478	connected_components_t0.5	0.9940968365302222	0.994767333208746	0.9964306295832912	0.9999999999999999	0.9981700431557036	0.9990841836256306	1553	1043	5	aa	0.9	167.0
True	PROKKA_06122025__gr_1e-12_lr_1e-12_mu_1e-14	13478	connected_components_t0.6	0.9986658167394881	0.9990655952158475	0.9992020687936582	0.9999620207264882	0.9996270847524541	0.9997945246881814	1540	1036	3	aa	0.9	167.0
True	PROKKA_06122025__gr_1e-12_lr_1e-12_mu_1e-14	13478	connected_components_t0.7	0.9985537435508259	0.9994393571295085	0.9990319456357428	0.9997369503370084	0.999764044931369	0.9997504974506136	1536	1033	1	aa	0.9	167.0
True	PROKKA_06122025__gr_1e-12_lr_1e-12_mu_1e-14	13478	hdbscan_dist	0.9393957434192572	0.997009904690712	0.9604101142202839	0.9795937722868608	0.9992152569945887	0.9893072332314431	1325	828	0	aa	0.9	0.228
True	PROKKA_06122025__gr_1e-12_lr_1e-12_mu_1e-14	13478	hdbscan_tsne	0.7878107077892081	0.9904690712016445	0.8616382668927622	0.9202617310247384	0.9976182160249155	0.9573799108679364	669	154	0	aa	0.9	12.86
True	PROKKA_06122025__gr_1e-12_lr_1e-12_mu_1e-14	13478	hdbscan_umap	0.14863110229416568	0.9813119043169501	0.7482508134374499	0.8421312586529439	0.992616726908438	0.9112026067553927	531	61	0	aa	0.9	6.848
True	PROKKA_06122025__gr_1e-12_lr_1e-12_mu_1e-14	13478	cdhit	0.0009356096781956047	0.9953279760792375	0.0023414248551230097	0.7441256391032665	0.7431965842737706	0.7436608215217804	1544	1036	3	nt	0.9	1.0
True	PROKKA_06122025__gr_1e-12_lr_1e-12_mu_1e-14	13478	mmseqs2	0.0009172082164548143	1.0	0.002300386312471899	0.7426825668645116	0.7428259268595366	0.7427542399444979	1535	1035	0	aa	0.7	3.0
True	PROKKA_06122025__gr_1e-12_lr_1e-12_mu_1e-14	13478	mmseqs2	0.0009255653374727678	0.9983180713885255	0.002319559161848921	0.7434521508255667	0.7430237298499528	0.7432378785996129	1542	1039	3	nt	0.9	2.0
True	PROKKA_06122025__gr_1e-12_lr_1e-12_mu_1e-14	13478	mmseqs2	0.0009144316344871956	1.0	0.002293800980448501	0.7423792753150039	0.742747889407641	0.7425635366156271	1531	1030	1	aa	0.6	3.0
True	PROKKA_06122025__gr_1e-12_lr_1e-12_mu_1e-14	13478	ppanggolin	0.0009637371554667791	0.9884133806765091	0.002408828627926101	0.7473733319240218	0.7440268684541483	0.7456963457247393	1582	1067	14	aa	0.95	4.0
True	PROKKA_06122025__gr_1e-12_lr_1e-12_mu_1e-14	13478	ppanggolin	0.0009053676989655277	1.0	0.0022742615418084072	0.7418271939103778	0.7426057162516255	0.7422162509299647	1527	1027	0	aa	0.7	4.0
True	PROKKA_06122025__gr_1e-12_lr_1e-12_mu_1e-14	13478	cdhit	0.0008311069601437102	0.9570173799289853	0.002039860879595635	0.7568649947491795	0.746311145938763	0.7515510208852624	1663	1101	33	aa	0.95	1.0
True	PROKKA_06122025__gr_1e-12_lr_1e-12_mu_1e-14	13478	ppanggolin	0.0009197974044355191	0.999626238086339	0.002305641036018739	0.742769809036068	0.7428483656570605	0.7428090852696031	1534	1032	1	aa	0.85	4.0
True	PROKKA_06122025__gr_1e-12_lr_1e-12_mu_1e-14	13478	mmseqs2	0.0009158672295624776	1.0	0.0022974143660416074	0.7425819143832664	0.7428000340476631	0.7426909582006653	1534	1034	0	nt	0.6	3.0
True	PROKKA_06122025__gr_1e-12_lr_1e-12_mu_1e-14	14557	panaroo	0.0025847898120987763	0.9971870604781997	0.006379858111257594	0.7572950162423938	0.7565873790801969	0.7569410322751482	1515	1009	6	aa	0.85	27.0
True	PROKKA_06122025__gr_1e-12_lr_1e-12_mu_1e-14	14557	panta	1.0	1.0	0.9999999999999994	1.0	0.9999999999999999	0.9999999999999999	1498	1002	0	aa	0.6	8.0
True	PROKKA_06122025__gr_1e-12_lr_1e-12_mu_1e-14	14557	diamond	0.0025164445669237042	1.0	0.00625255486566307	0.7537056991087121	0.7557113690448742	0.7547072015385644	1481	978	3	aa	0.6	2.0
True	PROKKA_06122025__gr_1e-12_lr_1e-12_mu_1e-14	14557	diamond	0.002527549965366924	0.955595740405867	0.006143002833210319	0.7711302850339873	0.759783944008133	0.7654150679281705	1639	1074	51	aa	0.95	1.0
True	PROKKA_06122025__gr_1e-12_lr_1e-12_mu_1e-14	14557	diamond	0.00254524470827193	1.0	0.0063039837713287465	0.7550446395222499	0.7560388876771296	0.7555414365067873	1494	993	1	aa	0.7	2.0
True	PROKKA_06122025__gr_1e-12_lr_1e-12_mu_1e-14	14557	panta	0.9991869992758667	0.9993933265925177	0.9995100390954208	1.0	0.9997595094679574	0.9998797402733159	1500	1002	2	aa	0.8	8.0
True	PROKKA_06122025__gr_1e-12_lr_1e-12_mu_1e-14	14557	mmseqs2	0.002552871046079639	1.0	0.006320354002385502	0.7556126014106375	0.7561775518890861	0.7558949710898928	1501	1001	1	nt	0.7	1.0
True	PROKKA_06122025__gr_1e-12_lr_1e-12_mu_1e-14	14557	cdhit	0.002546238117576268	0.9993972272453285	0.006305888112534414	0.7551007949388403	0.7560526046836377	0.7555764000594763	1494	992	1	aa	0.7	0.0
True	PROKKA_06122025__gr_1e-12_lr_1e-12_mu_1e-14	14557	panx	0.9994177787423362	1.0	0.9995946608314346	0.9998011673534495	1.0	0.9999005737921367	1428	962	0	aa	0.5	722.0
True	PROKKA_06122025__gr_1e-12_lr_1e-12_mu_1e-14	14557	ppanggolin	0.002522505777724915	1.0	0.006263217789398478	0.7539759180553932	0.7557775381952317	0.7548756531699564	1484	981	3	aa	0.6	4.0
True	PROKKA_06122025__gr_1e-12_lr_1e-12_mu_1e-14	14557	panx	0.9940484272609783	0.9949145646867372	0.9960492859269765	0.9999101409707137	0.9981637395687631	0.9990361770552532	1507	1002	10	aa	0.9	774.0
True	PROKKA_06122025__gr_1e-12_lr_1e-12_mu_1e-14	14557	panaroo	0.0024489108299584153	0.9563994374120957	0.005962269560247608	0.7711104716524025	0.7597487362772867	0.7653874416843209	1646	1082	49	aa	0.95	29.0
True	PROKKA_06122025__gr_1e-12_lr_1e-12_mu_1e-14	14557	cdhit	0.0025608540493056945	0.9997990757484428	0.0063308578688146076	0.755696046833606	0.7561979112682686	0.7559468957554425	1499	998	0	nt	0.8	15.0
True	PROKKA_06122025__gr_1e-12_lr_1e-12_mu_1e-14	14557	panta	0.9634083038351039	0.9662285136501517	0.975409720408541	1.0000000000000002	0.9883462586692714	0.9941389779169912	1605	1062	41	aa	0.95	8.0
True	PROKKA_06122025__gr_1e-12_lr_1e-12_mu_1e-14	14557	mmseqs2	0.0025174264531047244	1.0	0.006256708481490142	0.7539402278453478	0.7557688007040246	0.7548534068829186	1486	985	4	aa	0.5	2.0
True	PROKKA_06122025__gr_1e-12_lr_1e-12_mu_1e-14	14557	cdhit	0.002518572482130006	0.9997990757484428	0.006256509350308098	0.7538185679224594	0.7557390118573124	0.7547775683051792	1483	980	4	aa	0.6	0.0
True	PROKKA_06122025__gr_1e-12_lr_1e-12_mu_1e-14	14557	panaroo	0.0025707017698049176	0.9989953787422142	0.006352390351570348	0.7564598531931924	0.7563841102084856	0.7564219798047412	1508	1006	2	aa	0.8	27.0
True	PROKKA_06122025__gr_1e-12_lr_1e-12_mu_1e-14	14557	cdhit	0.002535780065517919	0.9799075748442837	0.00621190660322169	0.7621633812087175	0.7577041393191224	0.7599272186285598	1549	1015	17	aa	0.9	0.0
True	PROKKA_06122025__gr_1e-12_lr_1e-12_mu_1e-14	14557	cdhit	0.002595577204195968	0.9931685754470565	0.006399631036223531	0.7578375015650286	0.7567192320039026	0.7572779539485567	1516	1005	4	aa	0.85	0.0
True	PROKKA_06122025__gr_1e-12_lr_1e-12_mu_1e-14	14557	panta	0.9977270701806834	0.9981799797775531	0.9985827381836043	1.0000000000000002	0.9993053105217325	0.9996525345705773	1504	1004	4	aa	0.85	8.0
True	PROKKA_06122025__gr_1e-12_lr_1e-12_mu_1e-14	14557	mmseqs2	0.0025690299174391832	0.9991963029937714	0.006348355688701472	0.7563011165870219	0.756345437182755	0.7563232762355911	1506	1005	1	nt	0.85	1.0
True	PROKKA_06122025__gr_1e-12_lr_1e-12_mu_1e-14	14557	mmseqs2	0.002435122651713987	0.9602169981916817	0.005934029883413565	0.7701717088420535	0.7595263147487944	0.7648119703618688	1638	1086	43	aa	0.95	1.0
True	PROKKA_06122025__gr_1e-12_lr_1e-12_mu_1e-14	14557	diamond	0.0026074294308519232	0.9911593329314848	0.006426576354537887	0.758830609618895	0.756960240587124	0.7578942711574258	1527	1011	13	aa	0.9	1.0
True	PROKKA_06122025__gr_1e-12_lr_1e-12_mu_1e-14	14557	mmseqs2	0.002627319930148392	0.9762909383162548	0.006438589073122996	0.7646103124792101	0.7583227812180006	0.7614535676016758	1584	1053	25	nt	0.95	1.0
True	PROKKA_06122025__gr_1e-12_lr_1e-12_mu_1e-14	14557	connected_components_t0.1	0.706442005341776	0.7418123367490456	0.7708972722856018	1.0000000000000002	0.9161439921573051	0.9562371052562262	2569	1941	192	nt	0.9	167.0
True	PROKKA_06122025__gr_1e-12_lr_1e-12_mu_1e-14	14557	connected_components_t0.2	0.8652901775568076	0.8794454490657022	0.9049959674962368	1.0000000000000002	0.9591616091064991	0.9791551698932455	1942	1320	112	nt	0.9	167.0
True	PROKKA_06122025__gr_1e-12_lr_1e-12_mu_1e-14	14557	connected_components_t0.3	0.9387093566084043	0.9429375125577657	0.9575230891356044	1.0	0.9804031954373877	0.990104638990807	1701	1129	64	nt	0.9	167.0
True	PROKKA_06122025__gr_1e-12_lr_1e-12_mu_1e-14	14557	connected_components_t0.4	0.9626717824168647	0.9646373317259394	0.9741836212037221	0.9999155757106656	0.9878835496442778	0.9938631481199303	1623	1076	39	nt	0.9	167.0
True	PROKKA_06122025__gr_1e-12_lr_1e-12_mu_1e-14	14557	connected_components_t0.5	0.9794906815711149	0.9809121961020695	0.985572478144512	0.9999155757106657	0.9931532733725297	0.9965229526014956	1574	1050	20	nt	0.9	167.0
True	PROKKA_06122025__gr_1e-12_lr_1e-12_mu_1e-14	14557	connected_components_t0.6	0.9901754081273944	0.9915611814345991	0.993374985131772	0.9999155757106657	0.9968652365198621	0.9983880762227884	1536	1023	11	nt	0.9	167.0
True	PROKKA_06122025__gr_1e-12_lr_1e-12_mu_1e-14	14557	connected_components_t0.7	0.9944875837952757	0.9953787422141852	0.9962613257586482	0.999805419791206	0.9983688356734114	0.999086611317406	1521	1013	6	nt	0.9	167.0
True	PROKKA_06122025__gr_1e-12_lr_1e-12_mu_1e-14	14557	hdbscan_dist	0.8467548978605347	0.8810528430781596	0.8975455241402587	0.989003894148396	0.9642701416293255	0.9764804196587943	1627	816	252	nt	0.9	0.224
True	PROKKA_06122025__gr_1e-12_lr_1e-12_mu_1e-14	14557	hdbscan_tsne	0.5360142479645845	0.6670685151697809	0.6951841303243561	0.9742955746844935	0.9060366344998936	0.9389271525356456	1877	471	697	nt	0.9	12.479
True	PROKKA_06122025__gr_1e-12_lr_1e-12_mu_1e-14	14557	hdbscan_umap	0.7474611124460688	0.9905565601768134	0.8426276268087914	0.911810125259046	0.9974269616555076	0.9526988649834042	598	32	43	nt	0.9	6.607
True	PROKKA_06122025__gr_1e-12_lr_1e-12_mu_1e-14	14557	panx	0.9650280124900665	0.9675075681130172	0.9760409984736702	0.9999151488564316	0.9887264724356486	0.9942893352714153	1606	1065	37	aa	0.95	770.0
True	PROKKA_06122025__gr_1e-12_lr_1e-12_mu_1e-14	14557	diamond	0.002579413545072275	0.9967852119750854	0.0063675795481130774	0.7568381642556576	0.7564762287205465	0.7566571532065036	1508	1000	7	aa	0.85	1.0
True	PROKKA_06122025__gr_1e-12_lr_1e-12_mu_1e-14	14557	panta	1.0	1.0	1.0000000000000004	1.0	1.0000000000000002	1.0000000000000002	1498	1002	0	aa	0.7	8.0
True	PROKKA_06122025__gr_1e-12_lr_1e-12_mu_1e-14	14557	mmseqs2	0.0025575246767901454	0.9993972272453285	0.00633044692990125	0.7559666307333613	0.7562639061297437	0.756115239212244	1505	1005	1	aa	0.8	1.0
True	PROKKA_06122025__gr_1e-12_lr_1e-12_mu_1e-14	14557	panta	1.0	1.0	1.0	1.0	1.0	1.0	1498	1002	0	aa	0.5	8.0
True	PROKKA_06122025__gr_1e-12_lr_1e-12_mu_1e-14	14557	panaroo	0.002557191984987147	1.0	0.006329078029462928	0.7558916059087659	0.7562456113080824	0.7560685671704445	1504	1004	1	aa	0.7	30.0
True	PROKKA_06122025__gr_1e-12_lr_1e-12_mu_1e-14	14557	cdhit	0.002663041965769909	0.9535864978902954	0.0064727673607077475	0.7707259331174731	0.7597492627633158	0.7651982352338349	1629	1062	41	nt	0.95	1.0
True	PROKKA_06122025__gr_1e-12_lr_1e-12_mu_1e-14	14557	cdhit	0.0025743838027523667	0.9967852119750854	0.006359852030894188	0.7566990874256104	0.7564423716965386	0.7565707077842059	1508	1001	5	aa	0.8	0.0
True	PROKKA_06122025__gr_1e-12_lr_1e-12_mu_1e-14	14557	ppanggolin	0.0025847898120987763	0.9953787422141852	0.00637983480939968	0.7572924760525439	0.75658676134213	0.7569394542082415	1513	1004	7	aa	0.9	5.0
True	PROKKA_06122025__gr_1e-12_lr_1e-12_mu_1e-14	14557	cdhit	0.0024779708424929616	0.9997990757484428	0.006186964058548831	0.7521842873631427	0.7553381470911931	0.7537579181614436	1472	972	3	aa	0.5	2.0
True	PROKKA_06122025__gr_1e-12_lr_1e-12_mu_1e-14	14557	panaroo	0.002612186063031997	0.9917621056861563	0.006435271444611733	0.7590689435246706	0.7570180086952338	0.7580420888763016	1530	1014	14	aa	0.9	28.0
True	PROKKA_06122025__gr_1e-12_lr_1e-12_mu_1e-14	14557	ppanggolin	0.0024986286208544864	1.0	0.0062837107245586445	0.7511727294001301	0.7551203121686695	0.7531413480161254	1469	971	3	aa	0.5	5.0
True	PROKKA_06122025__gr_1e-12_lr_1e-12_mu_1e-14	14557	cdhit	0.002572709476298466	0.9977898332328712	0.006356000738089102	0.7565550042900475	0.7564072860016249	0.7564811379345882	1507	1002	3	nt	0.85	13.0
True	PROKKA_06122025__gr_1e-12_lr_1e-12_mu_1e-14	14557	embed_hdbscan_raw	0.8992055016181952	0.9911593329314848	0.9321374637689175	0.9674042156100918	0.997222991553413	0.9820873114395293	1189	687	0	aa	0.9	12.713
True	PROKKA_06122025__gr_1e-12_lr_1e-12_mu_1e-14	14557	embed_hdbscan_tsne	0.7825488050367931	0.991360257183042	0.8498104740912676	0.9167286413845037	0.9973737402960066	0.955352318292817	616	86	0	aa	0.9	12.638
True	PROKKA_06122025__gr_1e-12_lr_1e-12_mu_1e-14	14557	embed_hdbscan_umap	0.719543005741378	0.9883463934096846	0.8255038578068765	0.9006524721400191	0.9968150954965999	0.9462970491176639	531	29	0	aa	0.9	13.715
True	PROKKA_06122025__gr_1e-12_lr_1e-12_mu_1e-14	14557	diamond	0.002535117695297638	1.0	0.0063360997456323375	0.7518347023074513	0.7552831594123331	0.7535549856288302	1468	967	4	aa	0.5	1.0
True	PROKKA_06122025__gr_1e-12_lr_1e-12_mu_1e-14	14557	mmseqs2	0.0026103163101793498	0.9925658026923849	0.006431757067744052	0.7589683917592908	0.7569936399971106	0.7579797296835464	1530	1018	11	aa	0.9	1.0
True	PROKKA_06122025__gr_1e-12_lr_1e-12_mu_1e-14	14557	panaroo	0.0025558616635967387	1.0	0.006325828929128724	0.7557621982524045	0.7562140487647677	0.7559880559913597	1502	1001	2	aa	0.6	31.0
True	PROKKA_06122025__gr_1e-12_lr_1e-12_mu_1e-14	14557	panx	0.9994370280157193	1.0	0.9996079569566569	0.9998073139137762	1.0	0.9999036476740119	1454	973	0	aa	0.6	719.0
True	PROKKA_06122025__gr_1e-12_lr_1e-12_mu_1e-14	14557	panaroo	0.0025460725216800042	1.0	0.00630566434918531	0.7550992067234945	0.7560522167536521	0.7555754112299335	1495	994	2	aa	0.5	32.0
True	PROKKA_06122025__gr_1e-12_lr_1e-12_mu_1e-14	14557	panx	0.9994442235914276	1.0	0.9996126577186011	0.9998100149898304	1.0000000000000002	0.999904998470482	1474	988	0	aa	0.7	709.0
True	PROKKA_06122025__gr_1e-12_lr_1e-12_mu_1e-14	14557	diamond	0.0025575246767901454	0.9987944544906571	0.006328095973552795	0.7557856804415665	0.7562197766806108	0.7560026662466494	1501	998	3	aa	0.8	1.0
True	PROKKA_06122025__gr_1e-12_lr_1e-12_mu_1e-14	14557	panx	0.9985935584562783	0.9989806320081549	0.999067549591773	0.999909905756451	0.9996332207516719	0.9997715441110406	1491	995	3	aa	0.85	775.0
True	PROKKA_06122025__gr_1e-12_lr_1e-12_mu_1e-14	14557	panta	0.9930815192792293	0.993933265925177	0.9955613987954085	1.0	0.9978340397843589	0.9989158457747196	1516	1007	13	aa	0.9	8.0
True	PROKKA_06122025__gr_1e-12_lr_1e-12_mu_1e-14	14557	mmseqs2	0.002565856490249573	1.0	0.00634174838222816	0.7560807104403273	0.7562917192318901	0.7561862001159547	1504	1004	0	nt	0.8	1.0
True	PROKKA_06122025__gr_1e-12_lr_1e-12_mu_1e-14	14557	panx	0.9994511235265476	1.0	0.9996175514967406	0.9998123421620477	0.9999999999999999	0.9999061622763317	1485	993	0	aa	0.8	775.0
True	PROKKA_06122025__gr_1e-12_lr_1e-12_mu_1e-14	14557	mmseqs2	0.002573379071784566	0.9983926059875426	0.0063582305488900604	0.7566659915631375	0.756434313414831	0.7565501347523002	1510	1008	2	aa	0.85	1.0
True	PROKKA_06122025__gr_1e-12_lr_1e-12_mu_1e-14	14557	ppanggolin	0.002549220738464144	1.0	0.0063127440713131875	0.7553582866914721	0.7561154820932218	0.7557366947281635	1498	998	0	aa	0.8	4.0
True	PROKKA_06122025__gr_1e-12_lr_1e-12_mu_1e-14	14557	mmseqs2	0.002552871046079639	1.0	0.006320354002385502	0.7556126014106375	0.7561775518890861	0.7558949710898928	1501	1001	1	nt	0.5	2.0
True	PROKKA_06122025__gr_1e-12_lr_1e-12_mu_1e-14	14557	connected_components_t0.1	0.7572296325893889	0.7882258388587503	0.8171322127830613	1.0000000000000002	0.9294534338381675	0.9634370205962952	2352	1699	189	aa	0.9	164.0
True	PROKKA_06122025__gr_1e-12_lr_1e-12_mu_1e-14	14557	connected_components_t0.2	0.9031659655367692	0.912397026321077	0.9315618958651379	0.9999155757106659	0.9695961039499075	0.9845224646293816	1824	1232	82	aa	0.9	164.0
True	PROKKA_06122025__gr_1e-12_lr_1e-12_mu_1e-14	14557	connected_components_t0.3	0.9568808635063124	0.9598151496885674	0.9701958995124264	0.9999155757106657	0.9860786771479378	0.9929489239328545	1642	1090	46	aa	0.9	164.0
True	PROKKA_06122025__gr_1e-12_lr_1e-12_mu_1e-14	14557	connected_components_t0.4	0.9749128954079517	0.9770946353224834	0.9831597423635563	0.9999155757106657	0.9920223432739537	0.9959533206720167	1581	1049	25	aa	0.9	164.0
True	PROKKA_06122025__gr_1e-12_lr_1e-12_mu_1e-14	14557	connected_components_t0.5	0.9869860563027143	0.9887482419127989	0.9910177849035611	0.9997646519438463	0.9958813040731644	0.9978191996853416	1544	1026	16	aa	0.9	164.0
True	PROKKA_06122025__gr_1e-12_lr_1e-12_mu_1e-14	14557	connected_components_t0.6	0.994623946054303	0.9957805907172996	0.9962762290880874	0.9997646519438463	0.9984163548931303	0.9990900485285332	1520	1012	7	aa	0.9	164.0
True	PROKKA_06122025__gr_1e-12_lr_1e-12_mu_1e-14	14557	connected_components_t0.7	0.9975091116677768	0.9989953787422142	0.9982594927014842	0.9994890282467943	0.9996570884422487	0.9995730512804483	1505	1001	3	aa	0.9	164.0
True	PROKKA_06122025__gr_1e-12_lr_1e-12_mu_1e-14	14557	hdbscan_dist	0.848450537015612	0.8912999799075748	0.899473537509986	0.9864524175451801	0.9669255914419752	0.9765914051206169	1571	777	230	aa	0.9	0.217
True	PROKKA_06122025__gr_1e-12_lr_1e-12_mu_1e-14	14557	hdbscan_tsne	0.5695165027820832	0.6970062286517983	0.7272147146479212	0.9756492713552468	0.9144004178914886	0.9440324310185909	1855	609	544	aa	0.9	11.954
True	PROKKA_06122025__gr_1e-12_lr_1e-12_mu_1e-14	14557	hdbscan_umap	0.18522608365237248	0.974080771549126	0.7468734796493572	0.8518988901555958	0.9898907825551602	0.915725472380178	544	26	23	aa	0.9	6.789
True	PROKKA_06122025__gr_1e-12_lr_1e-12_mu_1e-14	14557	cdhit	0.0026086177434028724	0.9915611814345991	0.006424686456272772	0.7585825272210399	0.7569000804255809	0.7577403699204055	1521	1004	11	nt	0.9	1.0
True	PROKKA_06122025__gr_1e-12_lr_1e-12_mu_1e-14	14557	mmseqs2	0.002553037096928207	1.0	0.0063210767241481496	0.7556533692579972	0.7561874990315547	0.7559203397913883	1502	1003	0	aa	0.7	1.0
True	PROKKA_06122025__gr_1e-12_lr_1e-12_mu_1e-14	14557	mmseqs2	0.0025851262137805433	0.9965842877235283	0.006381114146742371	0.7573605189736887	0.7566033073306414	0.7569817237918043	1516	1012	3	nt	0.9	1.0
True	PROKKA_06122025__gr_1e-12_lr_1e-12_mu_1e-14	14557	mmseqs2	0.0025513770886497486	1.0	0.006316386870533488	0.7554424259069163	0.7561360211855013	0.7557890644163895	1498	996	3	aa	0.6	1.0
True	PROKKA_06122025__gr_1e-12_lr_1e-12_mu_1e-14	14557	ppanggolin	0.002648740744770411	0.97166968053044	0.00648292289446799	0.7660681076669129	0.7586716954833187	0.7623519618213701	1598	1060	33	aa	0.95	5.0
True	PROKKA_06122025__gr_1e-12_lr_1e-12_mu_1e-14	14557	ppanggolin	0.002536486869614084	1.0	0.006289804464383497	0.7547510370685098	0.7559671446845702	0.7553586014014837	1493	993	1	aa	0.7	5.0
True	PROKKA_06122025__gr_1e-12_lr_1e-12_mu_1e-14	14557	cdhit	0.002452915569547361	0.9411291942937513	0.005931981681758926	0.7752584820980454	0.7606961902424414	0.7679083040731685	1673	1087	62	aa	0.95	0.0
True	PROKKA_06122025__gr_1e-12_lr_1e-12_mu_1e-14	14557	ppanggolin	0.0025661903445761	0.9989953787422142	0.0063417710438033285	0.7560517261125926	0.7562846533349914	0.7561681717862844	1502	999	2	aa	0.85	4.0
True	PROKKA_06122025__gr_1e-12_lr_1e-12_mu_1e-14	14557	mmseqs2	0.002552871046079639	1.0	0.006320354002385502	0.7556126014106375	0.7561775518890861	0.7558949710898928	1501	1001	1	nt	0.6	1.0
True	PROKKA_06122025__gr_1e-12_lr_1e-12_mu_1e-14	14720	panaroo	0.000493325170844273	0.9993652137113839	0.001189504484828994	0.7657503831342551	0.765560725481907	0.7656555425632355	1511	1009	2	aa	0.85	25.0
True	PROKKA_06122025__gr_1e-12_lr_1e-12_mu_1e-14	14720	panta	0.9996179249657652	0.9991483925910155	0.9994669849672634	1.0	0.9997496625845581	0.9998748156231124	1600	1105	1	aa	0.6	9.0
True	PROKKA_06122025__gr_1e-12_lr_1e-12_mu_1e-14	14720	diamond	0.0004483784399697192	1.0	0.001091928359248597	0.76251336118879	0.7647995650800178	0.7636547520481746	1487	989	4	aa	0.6	2.0
True	PROKKA_06122025__gr_1e-12_lr_1e-12_mu_1e-14	14720	diamond	0.000593699921836592	0.9648751586965721	0.0014123076342157158	0.7760857652457833	0.7679583704044028	0.7720006777153862	1593	1041	36	aa	0.95	1.0
True	PROKKA_06122025__gr_1e-12_lr_1e-12_mu_1e-14	14720	diamond	0.0004711542045242649	1.0	0.0011409143181583172	0.7639117415470871	0.7651289888302563	0.7645198806721644	1497	999	2	aa	0.7	2.0
True	PROKKA_06122025__gr_1e-12_lr_1e-12_mu_1e-14	14720	panta	0.9988529004245809	0.9991483925910155	0.9992782267284328	1.0000000000000002	0.9996611023248223	0.9998305224446365	1504	1007	2	aa	0.8	7.0
True	PROKKA_06122025__gr_1e-12_lr_1e-12_mu_1e-14	14720	mmseqs2	0.00047639665008276526	1.0	0.0011528066135532017	0.7644949856844436	0.7652661141463252	0.764880355558532	1503	1005	2	nt	0.7	1.0
True	PROKKA_06122025__gr_1e-12_lr_1e-12_mu_1e-14	14720	cdhit	0.0004711542045242649	1.0	0.0011409143182369561	0.763911741547087	0.765128988830256	0.7645198806721643	1497	999	2	aa	0.7	1.0
True	PROKKA_06122025__gr_1e-12_lr_1e-12_mu_1e-14	14720	panx	1.0	1.0	1.0	1.0	1.0000000000000002	1.0000000000000002	1443	979	1	aa	0.5	783.0
True	PROKKA_06122025__gr_1e-12_lr_1e-12_mu_1e-14	14720	ppanggolin	0.0004633798070317722	1.0	0.0011235937928619824	0.7631812390956246	0.7649570157613119	0.7640680956557354	1490	991	4	aa	0.6	4.0
True	PROKKA_06122025__gr_1e-12_lr_1e-12_mu_1e-14	14720	panaroo	0.0005209681848673865	0.9638171815488785	0.0012397365067470171	0.7769370835414191	0.7681211500988692	0.7725039654437198	1606	1052	34	aa	0.95	27.0
True	PROKKA_06122025__gr_1e-12_lr_1e-12_mu_1e-14	14720	cdhit	0.0004799382106535261	1.0	0.0011601369726856286	0.7646140276162258	0.765294082174462	0.7649539037509061	1502	1003	1	nt	0.8	14.0
True	PROKKA_06122025__gr_1e-12_lr_1e-12_mu_1e-14	14720	panta	0.9700267362897318	0.9723227592080051	0.9810293656440873	1.0000000000000002	0.9913237278470071	0.9956429625019467	1572	1040	21	aa	0.95	7.0
True	PROKKA_06122025__gr_1e-12_lr_1e-12_mu_1e-14	14720	mmseqs2	0.0004616815202607469	1.0	0.0011204124230593804	0.7632682940162611	0.76497752323056	0.764121952800573	1493	996	2	aa	0.5	2.0
True	PROKKA_06122025__gr_1e-12_lr_1e-12_mu_1e-14	14720	cdhit	0.000464548563330114	1.0	0.0011261906635804148	0.7632875871385588	0.7649820676140249	0.7641338879923052	1491	992	4	aa	0.6	1.0
True	PROKKA_06122025__gr_1e-12_lr_1e-12_mu_1e-14	14720	panaroo	0.0004888849185550244	1.0	0.001179645994046221	0.7653256495031451	0.7654611336101317	0.7653933855610473	1508	1009	1	aa	0.8	25.0
True	PROKKA_06122025__gr_1e-12_lr_1e-12_mu_1e-14	14720	cdhit	0.0005319111102476275	0.9851883199322895	0.0012749433814856247	0.7694959639071751	0.7664353440909973	0.767962604580922	1537	1017	9	aa	0.9	1.0
True	PROKKA_06122025__gr_1e-12_lr_1e-12_mu_1e-14	14720	cdhit	0.00041926380392883	0.9974608548455354	0.001011175720767916	0.7657700464159961	0.7655325534398917	0.7656512815112985	1509	1005	3	aa	0.85	1.0
True	PROKKA_06122025__gr_1e-12_lr_1e-12_mu_1e-14	14720	panta	0.9977415391307327	0.9982967851820311	0.9986698856917848	1.0	0.9993760185220932	0.9996879118924473	1506	1008	2	aa	0.85	7.0
True	PROKKA_06122025__gr_1e-12_lr_1e-12_mu_1e-14	14720	mmseqs2	0.000484135089369426	1.0	0.0011696728006063265	0.7650937363996362	0.7654067187229522	0.7652501955593649	1507	1008	1	nt	0.85	1.0
True	PROKKA_06122025__gr_1e-12_lr_1e-12_mu_1e-14	14720	mmseqs2	0.0005872059731579054	0.9697418535759628	0.0013979409351193282	0.7754076665442585	0.7678025665173426	0.7715863771700899	1592	1055	22	aa	0.95	1.0
True	PROKKA_06122025__gr_1e-12_lr_1e-12_mu_1e-14	14720	diamond	0.0005027930830554468	0.994710114261532	0.0012110188502948125	0.7668555057643949	0.7658194595986508	0.7663371325121517	1521	1015	7	aa	0.9	1.0
True	PROKKA_06122025__gr_1e-12_lr_1e-12_mu_1e-14	14720	mmseqs2	0.0005550459483046748	0.9798984341938214	0.0013269867934897737	0.7721349986102499	0.7670476681742554	0.7695829260305004	1564	1038	17	nt	0.95	1.0
True	PROKKA_06122025__gr_1e-12_lr_1e-12_mu_1e-14	14720	connected_components_t0.1	0.7116968200451022	0.743546339399069	0.7753665883824072	1.0	0.9206083797563892	0.9586632959220553	2484	1895	147	nt	0.9	167.0
True	PROKKA_06122025__gr_1e-12_lr_1e-12_mu_1e-14	14720	connected_components_t0.2	0.8829541928352109	0.8916631400761743	0.9184933922475068	1.0000000000000002	0.9658027242005695	0.9826039127027167	1855	1259	82	nt	0.9	167.0
True	PROKKA_06122025__gr_1e-12_lr_1e-12_mu_1e-14	14720	connected_components_t0.3	0.9504284158836703	0.9534490055014812	0.966536770787045	1.0	0.9850198528264618	0.9924534018376652	1647	1094	38	nt	0.9	167.0
True	PROKKA_06122025__gr_1e-12_lr_1e-12_mu_1e-14	14720	connected_components_t0.4	0.9733151587458079	0.9748201438848921	0.9821382352004004	1.0000000000000002	0.9918263247995446	0.9958963916187433	1583	1054	19	nt	0.9	167.0
True	PROKKA_06122025__gr_1e-12_lr_1e-12_mu_1e-14	14720	connected_components_t0.5	0.9858567543947742	0.9858231062209056	0.9902895898065065	1.0	0.9955042670375157	0.9977470692311982	1550	1032	12	nt	0.9	167.0
True	PROKKA_06122025__gr_1e-12_lr_1e-12_mu_1e-14	14720	connected_components_t0.6	0.9943440784711233	0.9944985188319933	0.9963921672424331	1.0000000000000002	0.9983148207787963	0.9991566998334392	1524	1017	4	nt	0.9	167.0
True	PROKKA_06122025__gr_1e-12_lr_1e-12_mu_1e-14	14720	connected_components_t0.7	0.9976385502375754	0.997672450275074	0.9982885142343276	0.9999571678296586	0.9992409633421073	0.9995989372972306	1516	1012	3	nt	0.9	167.0
True	PROKKA_06122025__gr_1e-12_lr_1e-12_mu_1e-14	14720	hdbscan_dist	0.9040182664984131	0.9445619974608549	0.9411313701000685	0.9866049562590624	0.9858085678534719	0.986206601280019	1422	824	0	nt	0.9	0.184
True	PROKKA_06122025__gr_1e-12_lr_1e-12_mu_1e-14	14720	hdbscan_tsne	0.7651166269013685	0.9016081252644943	0.8365122522871659	0.944274386221483	0.973308711901309	0.9585717431847934	983	258	0	nt	0.9	14.849
True	PROKKA_06122025__gr_1e-12_lr_1e-12_mu_1e-14	14720	hdbscan_umap	0.7357364808854805	0.9790520524756665	0.8261978625357917	0.9087298260071444	0.9943445555627852	0.9496113906197503	595	51	0	nt	0.9	7.716
True	PROKKA_06122025__gr_1e-12_lr_1e-12_mu_1e-14	14720	diamond	0.00048564468289383423	0.9987304274227676	0.001172689705135999	0.7651050137042591	0.7654093653552347	0.7652571592687024	1505	1003	3	aa	0.85	2.0
True	PROKKA_06122025__gr_1e-12_lr_1e-12_mu_1e-14	14720	panta	0.9996179249657652	0.9991483925910155	0.9994669849672634	1.0	0.9997496625845584	0.9998748156231126	1600	1105	1	aa	0.7	8.0
True	PROKKA_06122025__gr_1e-12_lr_1e-12_mu_1e-14	14720	mmseqs2	0.0004837040705305852	1.0	0.0011686503586103478	0.7650302532877101	0.7653918189728831	0.76521099341994	1507	1009	1	aa	0.8	1.0
True	PROKKA_06122025__gr_1e-12_lr_1e-12_mu_1e-14	14720	panta	0.9994650133844013	0.9989354907387694	0.9993011460546717	1.0	0.9996718538404412	0.9998358999958276	1601	1106	1	aa	0.5	9.0
True	PROKKA_06122025__gr_1e-12_lr_1e-12_mu_1e-14	14720	panaroo	0.0004894256740600831	0.9995768091409225	0.001180706884751001	0.765322120195778	0.7654603057009237	0.765391206711268	1507	1007	1	aa	0.7	27.0
True	PROKKA_06122025__gr_1e-12_lr_1e-12_mu_1e-14	14720	cdhit	0.0005775183204853052	0.9691070672873466	0.001376835747088109	0.7744912796199359	0.7675916794123135	0.7710260443922405	1580	1034	33	nt	0.95	1.0
True	PROKKA_06122025__gr_1e-12_lr_1e-12_mu_1e-14	14720	cdhit	0.0004845662386463296	1.0	0.0011697742048422189	0.7648031085493932	0.7653384916545286	0.7650707064390382	1502	1002	2	aa	0.8	1.0
True	PROKKA_06122025__gr_1e-12_lr_1e-12_mu_1e-14	14720	ppanggolin	0.000487371892467284	0.9983072365636902	0.001176793086573907	0.7653746441539818	0.7654726262310775	0.7654236320568519	1509	1009	1	aa	0.9	5.0
True	PROKKA_06122025__gr_1e-12_lr_1e-12_mu_1e-14	14720	cdhit	0.00046104518835594655	0.9983072365636902	0.0011178755224693225	0.7627520131709045	0.7648558509517848	0.7638024833474724	1484	984	4	aa	0.5	1.0
True	PROKKA_06122025__gr_1e-12_lr_1e-12_mu_1e-14	14720	panaroo	0.0005107859490623499	0.993863732543377	0.0012287948653923737	0.7676520406234913	0.7660055924894088	0.7668279327896302	1528	1015	9	aa	0.9	26.0
True	PROKKA_06122025__gr_1e-12_lr_1e-12_mu_1e-14	14720	ppanggolin	0.000433535350700445	1.0	0.0010589865624892182	0.7612876017356441	0.7645100455859845	0.7628954208031723	1477	980	4	aa	0.5	5.0
True	PROKKA_06122025__gr_1e-12_lr_1e-12_mu_1e-14	14720	cdhit	0.0004888849185550244	0.9995768091409225	0.001179357720347732	0.7652116754454625	0.7654343944835408	0.7653230187609615	1505	1004	1	nt	0.85	13.0
True	PROKKA_06122025__gr_1e-12_lr_1e-12_mu_1e-14	14720	embed_hdbscan_raw	0.8932297492404675	0.9699534490055015	0.9229285965404462	0.9702693824702174	0.9917067035217427	0.980870926702579	1201	616	0	aa	0.9	10.835
True	PROKKA_06122025__gr_1e-12_lr_1e-12_mu_1e-14	14720	embed_hdbscan_tsne	0.76219759247474	0.898011002962336	0.8328682022372222	0.9446164308668228	0.9715060332226853	0.9578725565481698	967	216	0	aa	0.9	12.446
True	PROKKA_06122025__gr_1e-12_lr_1e-12_mu_1e-14	14720	embed_hdbscan_umap	0.7092076659911025	0.9853999153618281	0.8171482330762175	0.900426755838593	0.9959620453566533	0.9457879870136716	540	16	0	aa	0.9	12.987
True	PROKKA_06122025__gr_1e-12_lr_1e-12_mu_1e-14	14720	diamond	0.0004301082992746382	1.0	0.001050930262058312	0.7608219305975056	0.7643998690056515	0.7626067031518664	1472	974	6	aa	0.5	2.0
True	PROKKA_06122025__gr_1e-12_lr_1e-12_mu_1e-14	14720	mmseqs2	0.0005045411402246386	0.9944985188319933	0.0012155139764745985	0.7672558022237622	0.7659130371837212	0.7665838317000246	1527	1024	3	aa	0.9	1.0
True	PROKKA_06122025__gr_1e-12_lr_1e-12_mu_1e-14	14720	panaroo	0.000482842423930391	1.0	0.0011664192917168106	0.7648250717183208	0.7653436490594032	0.7650842725153958	1504	1005	2	aa	0.6	29.0
True	PROKKA_06122025__gr_1e-12_lr_1e-12_mu_1e-14	14720	panx	0.9999610041353698	1.0	0.9999061335618324	0.9999557436312468	1.0	0.9999778713259561	1470	986	2	aa	0.6	771.0
True	PROKKA_06122025__gr_1e-12_lr_1e-12_mu_1e-14	14720	panaroo	0.0004806905859574864	1.0	0.001161333429510231	0.7645007198180431	0.765267461491728	0.7648838985039437	1500	1001	1	aa	0.5	29.0
True	PROKKA_06122025__gr_1e-12_lr_1e-12_mu_1e-14	14720	panx	1.0	1.0	1.0	1.0	1.0	1.0	1483	995	1	aa	0.7	773.0
True	PROKKA_06122025__gr_1e-12_lr_1e-12_mu_1e-14	14720	diamond	0.0004794010432327883	1.0	0.0011587967823524668	0.7645077123339583	0.7652691044974215	0.764888218937715	1501	1002	2	aa	0.8	2.0
True	PROKKA_06122025__gr_1e-12_lr_1e-12_mu_1e-14	14720	panx	0.9980387677457002	0.9987182226020082	0.9989090266251495	1.0000000000000002	0.999488275554138	0.9997440722948376	1501	1004	3	aa	0.85	845.0
True	PROKKA_06122025__gr_1e-12_lr_1e-12_mu_1e-14	14720	panta	0.9960891202309583	0.9970193740685543	0.9976953593995201	1.0000000000000002	0.9989203835632166	0.9994599002313145	1510	1011	3	aa	0.9	7.0
True	PROKKA_06122025__gr_1e-12_lr_1e-12_mu_1e-14	14720	mmseqs2	0.00048564468289383423	1.0	0.0011729460353001701	0.7652072500038566	0.7654333561204222	0.7653202863619499	1508	1009	1	nt	0.8	2.0
True	PROKKA_06122025__gr_1e-12_lr_1e-12_mu_1e-14	14720	panx	0.9995380506024031	0.9995709995709996	0.9996998442197735	1.0	0.9998588323617398	0.9999294111984427	1491	998	2	aa	0.8	801.0
True	PROKKA_06122025__gr_1e-12_lr_1e-12_mu_1e-14	14720	mmseqs2	0.0004885605635780352	0.9991536182818451	0.001179424694540138	0.7654846872157733	0.7654984348048572	0.7654915609485916	1510	1010	1	aa	0.85	1.0
True	PROKKA_06122025__gr_1e-12_lr_1e-12_mu_1e-14	14720	ppanggolin	0.0004794010432327883	1.0	0.0011587967824438679	0.7645077123339583	0.7652691044974215	0.764888218937715	1501	1002	2	aa	0.8	4.0
True	PROKKA_06122025__gr_1e-12_lr_1e-12_mu_1e-14	14720	mmseqs2	0.00047639665008276526	1.0	0.0011528066135532017	0.7644949856844436	0.7652661141463252	0.764880355558532	1503	1005	2	nt	0.5	2.0
True	PROKKA_06122025__gr_1e-12_lr_1e-12_mu_1e-14	14720	connected_components_t0.1	0.7690139502111584	0.7962336013542107	0.8255322652911936	1.0	0.9347314902693543	0.9662648227627914	2264	1641	147	aa	0.9	160.0
True	PROKKA_06122025__gr_1e-12_lr_1e-12_mu_1e-14	14720	connected_components_t0.2	0.9168267750851901	0.9202285230639018	0.9399885371337808	1.0000000000000002	0.974094292665947	0.9868771682131414	1772	1199	64	aa	0.9	160.0
True	PROKKA_06122025__gr_1e-12_lr_1e-12_mu_1e-14	14720	connected_components_t0.3	0.9628361808976165	0.9652983495556496	0.9751681827581016	1.0	0.988748458117889	0.9943424007012132	1610	1068	28	aa	0.9	160.0
True	PROKKA_06122025__gr_1e-12_lr_1e-12_mu_1e-14	14720	connected_components_t0.4	0.983074393286698	0.9839187473550571	0.9885684505961712	1.0	0.9947204984324864	0.9973532624888237	1557	1038	11	aa	0.9	160.0
True	PROKKA_06122025__gr_1e-12_lr_1e-12_mu_1e-14	14720	connected_components_t0.5	0.9936903222944506	0.9934405416842996	0.99586497348364	1.0000000000000002	0.9980700546304276	0.9990340952435077	1526	1017	5	aa	0.9	160.0
True	PROKKA_06122025__gr_1e-12_lr_1e-12_mu_1e-14	14720	connected_components_t0.6	0.9973736314876945	0.9978840457046128	0.9981710631539252	0.9998181726183739	0.9993242788770685	0.9995711647388053	1514	1011	2	aa	0.9	160.0
True	PROKKA_06122025__gr_1e-12_lr_1e-12_mu_1e-14	14720	connected_components_t0.7	0.995786492508962	0.998518831993229	0.9977002571133385	0.9993829438223534	0.9995367918788096	0.9994598619300775	1509	1007	2	aa	0.9	160.0
True	PROKKA_06122025__gr_1e-12_lr_1e-12_mu_1e-14	14720	hdbscan_dist	0.8979113676736079	0.9536606009310199	0.9362910709278172	0.9819073331284507	0.9877303433961843	0.9848102307277992	1366	781	0	aa	0.9	0.173
True	PROKKA_06122025__gr_1e-12_lr_1e-12_mu_1e-14	14720	hdbscan_tsne	0.7373104558916995	0.9098603470165044	0.8300928232129808	0.9385883776978637	0.9744774782425826	0.956196288346995	992	337	0	aa	0.9	16.116
True	PROKKA_06122025__gr_1e-12_lr_1e-12_mu_1e-14	14720	hdbscan_umap	0.05703733094342767	0.977147693609818	0.6646714312797669	0.7925317286700861	0.9915925454737271	0.8809571906954697	507	18	0	aa	0.9	11.425
True	PROKKA_06122025__gr_1e-12_lr_1e-12_mu_1e-14	14720	cdhit	0.00042604722115604447	0.9955564959796869	0.0010263541899046276	0.7664349651332065	0.7656883033539883	0.7660614523052952	1514	1008	1	nt	0.9	1.0
True	PROKKA_06122025__gr_1e-12_lr_1e-12_mu_1e-14	14720	mmseqs2	0.00047650384055573155	1.0	0.0011531261233639865	0.7645378178547851	0.765276178018018	0.764906819752736	1504	1007	1	aa	0.7	1.0
True	PROKKA_06122025__gr_1e-12_lr_1e-12_mu_1e-14	14720	mmseqs2	0.0004925661012209872	0.9980956411341515	0.0011882155522416307	0.7658266998422478	0.7655786113195919	0.7657026354856797	1512	1010	2	nt	0.9	2.0
True	PROKKA_06122025__gr_1e-12_lr_1e-12_mu_1e-14	14720	mmseqs2	0.00047083386679236747	1.0	0.0011406819463934546	0.7640744934273629	0.7651672691991621	0.7646204908717652	1500	1002	3	aa	0.6	1.0
True	PROKKA_06122025__gr_1e-12_lr_1e-12_mu_1e-14	14720	ppanggolin	0.0005389473242435942	0.9828607702073635	0.0012917309677052007	0.7706331121482409	0.766699586044301	0.7686613167998694	1551	1028	13	aa	0.95	5.0
True	PROKKA_06122025__gr_1e-12_lr_1e-12_mu_1e-14	14720	ppanggolin	0.0004711542045242649	1.0	0.0011409143182375073	0.7639117415470871	0.7651289888302563	0.7645198806721644	1497	999	2	aa	0.7	4.0
True	PROKKA_06122025__gr_1e-12_lr_1e-12_mu_1e-14	14720	cdhit	0.0005495340985842697	0.9521794329242488	0.0013014853437161925	0.779422811883301	0.76868960065408	0.7740189990793553	1619	1054	34	aa	0.95	1.0
True	PROKKA_06122025__gr_1e-12_lr_1e-12_mu_1e-14	14720	ppanggolin	0.00048133579585433534	1.0	0.0011630840538277081	0.7646847090501047	0.7653106851054282	0.7649975690231254	1502	1002	2	aa	0.85	7.0
True	PROKKA_06122025__gr_1e-12_lr_1e-12_mu_1e-14	14720	mmseqs2	0.00047639665008276526	1.0	0.0011528066135532017	0.7644949856844436	0.7652661141463252	0.764880355558532	1503	1005	2	nt	0.6	1.0
True	PROKKA_06122025__gr_1e-12_lr_1e-12_mu_1e-14	14928	panaroo	0.0011312210329300625	0.9990159417437512	0.0028521258771466	0.7507941378455805	0.7505534826927689	0.7506737909815354	1509	1007	2	aa	0.85	27.0
True	PROKKA_06122025__gr_1e-12_lr_1e-12_mu_1e-14	14928	panta	0.9985942301149578	0.9982199367088608	0.9986711162803007	1.0	0.9993354724719826	0.9996676258000885	1599	1102	1	aa	0.6	9.0
True	PROKKA_06122025__gr_1e-12_lr_1e-12_mu_1e-14	14928	diamond	0.0012056577361560627	1.0	0.0030633225525065755	0.7475243377249093	0.7497955896493916	0.7486582410809092	1484	987	3	aa	0.6	2.0
True	PROKKA_06122025__gr_1e-12_lr_1e-12_mu_1e-14	14928	diamond	0.0011815104147199693	0.9683133241487896	0.00294591303057121	0.7612273586097659	0.7530985210028552	0.7571411221771829	1602	1053	41	aa	0.95	1.0
True	PROKKA_06122025__gr_1e-12_lr_1e-12_mu_1e-14	14928	diamond	0.0010901390709368852	1.0	0.0027673109974396186	0.7482839175515844	0.7499259429321278	0.7491040304188669	1492	995	2	aa	0.7	2.0
True	PROKKA_06122025__gr_1e-12_lr_1e-12_mu_1e-14	14928	panta	0.9989140693660418	0.9988132911392406	0.9991694826152803	1.0	0.9995843782857529	0.9997921459485478	1503	1003	3	aa	0.8	7.0
True	PROKKA_06122025__gr_1e-12_lr_1e-12_mu_1e-14	14928	mmseqs2	0.0011193379858334255	1.0	0.0028269460882970315	0.7499430124448367	0.7503410597378298	0.7501419832874509	1503	1004	1	nt	0.7	1.0
True	PROKKA_06122025__gr_1e-12_lr_1e-12_mu_1e-14	14928	cdhit	0.0011046226149068292	0.9998031883487503	0.0027956738094277586	0.7488822582382978	0.7500758108914581	0.7494785593788253	1493	993	3	aa	0.7	1.0
True	PROKKA_06122025__gr_1e-12_lr_1e-12_mu_1e-14	14928	panx	0.9992710728640355	1.0	0.9995081585664201	0.9997522313761158	1.0	0.9998761003388337	1442	964	2	aa	0.5	762.0
True	PROKKA_06122025__gr_1e-12_lr_1e-12_mu_1e-14	14928	ppanggolin	0.001086813465360513	1.0	0.0027599307609026103	0.7479947051728489	0.7498534386960303	0.7489229186498679	1489	992	2	aa	0.6	5.0
True	PROKKA_06122025__gr_1e-12_lr_1e-12_mu_1e-14	14928	panx	0.99590053404334	0.996233148295004	0.9970076721628153	0.9997624600803865	0.9987414401383106	0.999251689293815	1504	1002	5	aa	0.9	786.0
True	PROKKA_06122025__gr_1e-12_lr_1e-12_mu_1e-14	14928	panaroo	0.0011199534462310412	0.9671324542412911	0.0027955001013840342	0.7622293122728823	0.753313240174859	0.7577450491999153	1620	1060	51	aa	0.95	28.0
True	PROKKA_06122025__gr_1e-12_lr_1e-12_mu_1e-14	14928	cdhit	0.0011088786837160282	1.0	0.0028055614544439324	0.7493363965913828	0.7501894402595436	0.7497626757875966	1499	1001	1	nt	0.8	16.0
True	PROKKA_06122025__gr_1e-12_lr_1e-12_mu_1e-14	14928	panta	0.9744809344032237	0.9756724683544303	0.9826873380236649	1.0	0.9915437938885953	0.9957539441827219	1576	1040	32	aa	0.95	7.0
True	PROKKA_06122025__gr_1e-12_lr_1e-12_mu_1e-14	14928	mmseqs2	0.0011066373774630614	1.0	0.0027994227636363657	0.7489316319645042	0.7500881696355074	0.7495094546486664	1492	991	3	aa	0.5	2.0
True	PROKKA_06122025__gr_1e-12_lr_1e-12_mu_1e-14	14928	cdhit	0.0010861490941092133	1.0	0.002757796931631289	0.7478172039514579	0.749808919118653	0.7488117371293022	1485	985	4	aa	0.6	1.0
True	PROKKA_06122025__gr_1e-12_lr_1e-12_mu_1e-14	14928	panaroo	0.0011270246531707266	1.0	0.0028431209406954146	0.750473500931142	0.7504735009311421	0.750473500931142	1507	1007	1	aa	0.8	27.0
True	PROKKA_06122025__gr_1e-12_lr_1e-12_mu_1e-14	14928	cdhit	0.001135654919086055	0.9958669553237551	0.002862869691676983	0.7513453920140729	0.7506908713373164	0.7510179890701776	1514	1008	5	aa	0.9	1.0
True	PROKKA_06122025__gr_1e-12_lr_1e-12_mu_1e-14	14928	cdhit	0.001112470657081606	0.9992127533950009	0.002813288644879155	0.7496102360962628	0.750257907364781	0.7499339318922056	1501	1002	1	aa	0.85	0.0
True	PROKKA_06122025__gr_1e-12_lr_1e-12_mu_1e-14	14928	panta	0.997344906623877	0.9972310126582279	0.9981733638399887	1.0	0.9990872377902585	0.9995434105163163	1507	1005	3	aa	0.85	7.0
True	PROKKA_06122025__gr_1e-12_lr_1e-12_mu_1e-14	14928	mmseqs2	0.0011219341869878646	1.0	0.0028329165418526027	0.7502102265154709	0.750407789687816	0.7503089950965992	1506	1007	1	nt	0.85	1.0
True	PROKKA_06122025__gr_1e-12_lr_1e-12_mu_1e-14	14928	mmseqs2	0.0011664761301543728	0.9740208620350325	0.0029153733414323704	0.7603269270724425	0.752878381062605	0.7565843218434157	1604	1076	22	aa	0.95	1.0
True	PROKKA_06122025__gr_1e-12_lr_1e-12_mu_1e-14	14928	diamond	0.0011261186209338045	0.9966542019287542	0.0028432489400104276	0.7507609852478295	0.7505452152694747	0.7506530847532598	1510	1005	6	aa	0.9	1.0
True	PROKKA_06122025__gr_1e-12_lr_1e-12_mu_1e-14	14928	mmseqs2	0.0010597984936475402	0.9842550679000197	0.002659095552358287	0.7562704160315583	0.751851847845093	0.7540546590729333	1563	1044	15	nt	0.95	1.0
True	PROKKA_06122025__gr_1e-12_lr_1e-12_mu_1e-14	14928	connected_components_t0.1	0.7388459855227917	0.7600865971265499	0.7880165850180063	0.9999999999999999	0.9194154835365393	0.9580161162840143	2570	2000	145	nt	0.9	169.0
True	PROKKA_06122025__gr_1e-12_lr_1e-12_mu_1e-14	14928	connected_components_t0.2	0.8992819382162069	0.9055304074001181	0.9254987098288368	1.0	0.9664447358278788	0.9829360756695793	1881	1298	89	nt	0.9	169.0
True	PROKKA_06122025__gr_1e-12_lr_1e-12_mu_1e-14	14928	connected_components_t0.3	0.9518754303348615	0.9547333202125566	0.9658049739900801	1.0	0.983716938801073	0.9917916407928803	1673	1117	54	nt	0.9	169.0
True	PROKKA_06122025__gr_1e-12_lr_1e-12_mu_1e-14	14928	connected_components_t0.4	0.9801806953933434	0.9805156465262743	0.9860291936349322	1.0	0.993150701500643	0.996563582224766	1574	1048	19	nt	0.9	169.0
True	PROKKA_06122025__gr_1e-12_lr_1e-12_mu_1e-14	14928	connected_components_t0.5	0.9910291398248087	0.9913402873450108	0.993801702965222	0.9999600008588201	0.9969654651179095	0.9984604877257206	1535	1021	10	nt	0.9	169.0
True	PROKKA_06122025__gr_1e-12_lr_1e-12_mu_1e-14	14928	connected_components_t0.6	0.9963668538177058	0.9964573902775045	0.9973852746888213	0.9999600008588201	0.9987361165497602	0.9993476839867959	1519	1013	4	nt	0.9	169.0
True	PROKKA_06122025__gr_1e-12_lr_1e-12_mu_1e-14	14928	connected_components_t0.7	0.9987282038892097	0.9988191300925015	0.9991424488842294	0.9999600008588201	0.9996112471128047	0.9997855935719985	1510	1006	3	nt	0.9	169.0
True	PROKKA_06122025__gr_1e-12_lr_1e-12_mu_1e-14	14928	hdbscan_dist	0.9412387911936819	0.979137964967526	0.9596907481055282	0.9854673685186249	0.9939650004886246	0.9896979444894095	1376	835	0	nt	0.9	0.236
True	PROKKA_06122025__gr_1e-12_lr_1e-12_mu_1e-14	14928	hdbscan_tsne	0.7596752346372633	0.8848651840188939	0.8360026026948316	0.9472852655876272	0.9666887960456746	0.956888676036985	1065	334	0	nt	0.9	13.043
True	PROKKA_06122025__gr_1e-12_lr_1e-12_mu_1e-14	14928	hdbscan_umap	0.7598787572513742	0.9946860854162567	0.8458320503417527	0.9106112361988232	0.9986628564647534	0.9526066705305224	574	52	0	nt	0.9	7.107
True	PROKKA_06122025__gr_1e-12_lr_1e-12_mu_1e-14	14928	diamond	0.0011105615186393228	0.9994095650462508	0.002809250758353128	0.749476643077222	0.7502245102724904	0.7498503902025911	1500	1001	2	aa	0.85	2.0
True	PROKKA_06122025__gr_1e-12_lr_1e-12_mu_1e-14	14928	panta	0.9982101538009549	0.9978243670886076	0.9984098126549861	1.0	0.9992051130993165	0.9996023985255563	1600	1102	2	aa	0.7	8.0
True	PROKKA_06122025__gr_1e-12_lr_1e-12_mu_1e-14	14928	mmseqs2	0.0011219341869878646	1.0	0.0028329165418505284	0.7502102265154709	0.750407789687816	0.7503089950965992	1506	1007	1	aa	0.8	1.0
True	PROKKA_06122025__gr_1e-12_lr_1e-12_mu_1e-14	14928	panta	0.9985942301149578	0.9982199367088608	0.9986711162803007	1.0	0.9993354724719826	0.9996676258000885	1599	1102	1	aa	0.5	9.0
True	PROKKA_06122025__gr_1e-12_lr_1e-12_mu_1e-14	14928	panaroo	0.0011260053991850045	1.0	0.002840842578084654	0.7503797038263388	0.7504500938724434	0.7504148971987181	1506	1006	1	aa	0.7	29.0
True	PROKKA_06122025__gr_1e-12_lr_1e-12_mu_1e-14	14928	cdhit	0.0011245281621507007	0.9824837630387719	0.0028218632880017496	0.7564559547950582	0.7519275067225826	0.7541849331365751	1564	1040	22	nt	0.95	1.0
True	PROKKA_06122025__gr_1e-12_lr_1e-12_mu_1e-14	14928	cdhit	0.0011080939051766022	1.0	0.0028037191520640828	0.7492494281477675	0.7501676879976124	0.7497082768963772	1498	1000	1	aa	0.8	0.0
True	PROKKA_06122025__gr_1e-12_lr_1e-12_mu_1e-14	14928	ppanggolin	0.0011206920543862366	0.9990159417437512	0.0028304375762175232	0.7501474293801546	0.7503921108996043	0.7502697501907063	1505	1005	1	aa	0.9	7.0
True	PROKKA_06122025__gr_1e-12_lr_1e-12_mu_1e-14	14928	cdhit	0.00118848543663803	1.0	0.003029156149131291	0.7466619427670869	0.749578971646294	0.7481176137282771	1476	977	4	aa	0.5	2.0
True	PROKKA_06122025__gr_1e-12_lr_1e-12_mu_1e-14	14928	panaroo	0.0011466160324848577	0.9942924621137571	0.0028869890988038353	0.7522903605984917	0.7509260333752893	0.7516075778515553	1522	1012	7	aa	0.9	27.0
True	PROKKA_06122025__gr_1e-12_lr_1e-12_mu_1e-14	14928	ppanggolin	0.0011845281153143505	1.0	0.003021916536596145	0.7465742544766426	0.7495569249251272	0.7480626165915991	1478	982	3	aa	0.5	5.0
True	PROKKA_06122025__gr_1e-12_lr_1e-12_mu_1e-14	14928	cdhit	0.00111325736829136	0.9990159417437512	0.002814798078556181	0.7496385130448584	0.7502649752106623	0.7499516133010611	1501	1002	1	nt	0.85	14.0
True	PROKKA_06122025__gr_1e-12_lr_1e-12_mu_1e-14	14928	embed_hdbscan_raw	0.9016548961728652	0.9826805746900217	0.9289752846024459	0.967611162138552	0.9947756334560183	0.9810053847858815	1149	592	0	aa	0.9	12.462
True	PROKKA_06122025__gr_1e-12_lr_1e-12_mu_1e-14	14928	embed_hdbscan_tsne	0.7658376493434172	0.8921472151151348	0.8359794257714878	0.9441962257995051	0.9687751448094498	0.9563277835007759	971	221	0	aa	0.9	13.514
True	PROKKA_06122025__gr_1e-12_lr_1e-12_mu_1e-14	14928	embed_hdbscan_umap	0.7315575766182885	0.9891753591812635	0.8336100458331214	0.9038710947584887	0.9971903551991711	0.9482402981308735	526	9	0	aa	0.9	13.235
True	PROKKA_06122025__gr_1e-12_lr_1e-12_mu_1e-14	14928	diamond	0.00123813857454288	1.0	0.0031617302930516335	0.7459475716040773	0.7494293655411329	0.7476844151166775	1471	973	6	aa	0.5	2.0
True	PROKKA_06122025__gr_1e-12_lr_1e-12_mu_1e-14	14928	mmseqs2	0.0011334934496293923	0.9982286951387522	0.0028575901420516323	0.7510699958007326	0.7506222534775328	0.7508460578900407	1512	1009	3	aa	0.9	1.0
True	PROKKA_06122025__gr_1e-12_lr_1e-12_mu_1e-14	14928	panaroo	0.001124534168785785	1.0	0.0028375201918450317	0.750237983542667	0.7504147192576199	0.7503263409928344	1504	1003	2	aa	0.6	30.0
True	PROKKA_06122025__gr_1e-12_lr_1e-12_mu_1e-14	14928	panx	0.999283466030635	1.0	0.9995168148380607	0.9997570879042248	1.0	0.999878529198749	1465	978	2	aa	0.6	737.0
True	PROKKA_06122025__gr_1e-12_lr_1e-12_mu_1e-14	14928	panaroo	0.0011131449596966559	1.0	0.0028137742212848045	0.7494919095889716	0.7502283272196214	0.749859937600266	1498	998	1	aa	0.5	30.0
True	PROKKA_06122025__gr_1e-12_lr_1e-12_mu_1e-14	14928	panx	0.9992903505247176	1.0	0.9995209400818922	0.9997592236629718	0.9999999999999999	0.9998795973364296	1476	986	2	aa	0.7	747.0
True	PROKKA_06122025__gr_1e-12_lr_1e-12_mu_1e-14	14928	diamond	0.0011087665512954517	0.9998031883487503	0.0028053451028702916	0.749332260558277	0.7501884058542932	0.7497600887999276	1499	1001	1	aa	0.8	2.0
True	PROKKA_06122025__gr_1e-12_lr_1e-12_mu_1e-14	14928	panx	0.9971381275009052	0.9978087649402391	0.9980079319500176	0.9997612024830371	0.9992416074713113	0.9995013374487608	1495	998	4	aa	0.85	797.0
True	PROKKA_06122025__gr_1e-12_lr_1e-12_mu_1e-14	14928	panta	0.9966709051145161	0.9964398734177216	0.9976108459216209	1.0	0.998807149547774	0.9994032188385479	1510	1007	4	aa	0.9	6.0
True	PROKKA_06122025__gr_1e-12_lr_1e-12_mu_1e-14	14928	mmseqs2	0.0011219341869878646	1.0	0.0028329165418526027	0.7502102265154709	0.750407789687816	0.7503089950965992	1506	1007	1	nt	0.8	1.0
True	PROKKA_06122025__gr_1e-12_lr_1e-12_mu_1e-14	14928	panx	0.9981046256472104	0.9986050219210841	0.9985554836467576	0.999761069380673	0.9995148748873102	0.9996379569755716	1491	995	4	aa	0.8	754.0
True	PROKKA_06122025__gr_1e-12_lr_1e-12_mu_1e-14	14928	mmseqs2	0.0011247604331003803	0.9994095650462508	0.002839114338408371	0.7504484061392191	0.7504672389584258	0.7504578224306695	1508	1008	2	aa	0.85	1.0
True	PROKKA_06122025__gr_1e-12_lr_1e-12_mu_1e-14	14928	ppanggolin	0.0011094394518623033	1.0	0.002806607501916627	0.7493511492902597	0.7501931297804475	0.7497719031531555	1499	1001	1	aa	0.8	5.0
True	PROKKA_06122025__gr_1e-12_lr_1e-12_mu_1e-14	14928	mmseqs2	0.0011193379858334255	1.0	0.0028269460882970315	0.7499430124448367	0.7503410597378298	0.7501419832874509	1503	1004	1	nt	0.5	4.0
True	PROKKA_06122025__gr_1e-12_lr_1e-12_mu_1e-14	14928	connected_components_t0.1	0.7959833397599205	0.8106671914977367	0.839069373533924	1.0	0.9350608370354889	0.9664407641756639	2308	1687	161	aa	0.9	163.0
True	PROKKA_06122025__gr_1e-12_lr_1e-12_mu_1e-14	14928	connected_components_t0.2	0.9231005518623907	0.926392442432592	0.9435112935759393	1.0	0.9739266805090558	0.9867911408521921	1790	1221	70	aa	0.9	163.0
True	PROKKA_06122025__gr_1e-12_lr_1e-12_mu_1e-14	14928	connected_components_t0.3	0.9707148182511585	0.9722495571737847	0.9792692191203899	1.0	0.9899360031244447	0.9949425524942743	1607	1069	34	aa	0.9	163.0
True	PROKKA_06122025__gr_1e-12_lr_1e-12_mu_1e-14	14928	connected_components_t0.4	0.9872646111144708	0.9876008659712655	0.9909955212158402	0.9999999999999999	0.9955532099952906	0.9977716504964956	1551	1035	11	aa	0.9	163.0
True	PROKKA_06122025__gr_1e-12_lr_1e-12_mu_1e-14	14928	connected_components_t0.5	0.9946877238772279	0.9964573902775045	0.9967972738617822	0.9996609697897123	0.998740240259084	0.9992003929191251	1518	1012	6	aa	0.9	163.0
True	PROKKA_06122025__gr_1e-12_lr_1e-12_mu_1e-14	14928	connected_components_t0.6	0.996634650326547	0.998425506790002	0.9983035269711207	0.9996609697897123	0.9994903641869405	0.9995756597086695	1510	1006	4	aa	0.9	163.0
True	PROKKA_06122025__gr_1e-12_lr_1e-12_mu_1e-14	14928	connected_components_t0.7	0.995503095106685	0.9992127533950009	0.9979975903713453	0.9992559750903695	0.9997407874919749	0.9994983225009157	1505	1003	3	aa	0.9	163.0
True	PROKKA_06122025__gr_1e-12_lr_1e-12_mu_1e-14	14928	hdbscan_dist	0.9139721906835326	0.9797283999212754	0.9412971968973182	0.975256683530844	0.994146782434509	0.9846111380784944	1259	711	0	aa	0.9	0.239
True	PROKKA_06122025__gr_1e-12_lr_1e-12_mu_1e-14	14928	hdbscan_tsne	0.7475153622513406	0.8884077937413895	0.8365959015362348	0.9473528075385024	0.9669164001138214	0.9570346350879815	1150	481	0	aa	0.9	12.868
True	PROKKA_06122025__gr_1e-12_lr_1e-12_mu_1e-14	14928	hdbscan_umap	0.07160278537843885	0.9777602834087779	0.699519705721557	0.8107892368416392	0.9912499919664604	0.8919837167333424	525	31	0	aa	0.9	7.167
True	PROKKA_06122025__gr_1e-12_lr_1e-12_mu_1e-14	14928	cdhit	0.0011284979354231667	0.9976382601850029	0.0028462862102417138	0.750586290122036	0.7505016416491098	0.7505439634988493	1507	1005	1	nt	0.9	1.0
True	PROKKA_06122025__gr_1e-12_lr_1e-12_mu_1e-14	14928	mmseqs2	0.0011202405840307016	1.0	0.002829008634612097	0.7500335970001583	0.7503636849348285	0.7501986046577619	1504	1005	1	aa	0.7	1.0
True	PROKKA_06122025__gr_1e-12_lr_1e-12_mu_1e-14	14928	mmseqs2	0.0011280444885241353	0.9990159417437512	0.002845569609832512	0.7505963630766237	0.7505041545260056	0.7505502559692536	1508	1007	1	nt	0.9	2.0
True	PROKKA_06122025__gr_1e-12_lr_1e-12_mu_1e-14	14928	mmseqs2	0.0011187740937459033	1.0	0.0028256918277488586	0.7498918767164864	0.7503282858164584	0.7501100177914881	1502	1002	2	aa	0.6	1.0
True	PROKKA_06122025__gr_1e-12_lr_1e-12_mu_1e-14	14928	ppanggolin	0.0011193530098210886	0.9846486912025192	0.0028097399867466353	0.7558790574708381	0.7517851694704303	0.7538265552307223	1558	1037	17	aa	0.95	6.0
True	PROKKA_06122025__gr_1e-12_lr_1e-12_mu_1e-14	14928	ppanggolin	0.0010915821102893562	1.0	0.0027706010364504747	0.7484256378352562	0.7499614562247958	0.7491927599376468	1494	998	1	aa	0.7	5.0
True	PROKKA_06122025__gr_1e-12_lr_1e-12_mu_1e-14	14928	cdhit	0.000989748839815854	0.9673292658925409	0.0024704795990433052	0.7621831837892176	0.7532424375281147	0.7576864362386414	1622	1084	30	aa	0.95	1.0
True	PROKKA_06122025__gr_1e-12_lr_1e-12_mu_1e-14	14928	ppanggolin	0.0011117966097101445	0.9994095650462508	0.0028116605000460893	0.7495274036857533	0.7502372010350408	0.7498821343966127	1500	1001	1	aa	0.85	4.0
True	PROKKA_06122025__gr_1e-12_lr_1e-12_mu_1e-14	14928	mmseqs2	0.0011193379858334255	1.0	0.0028269460882970315	0.7499430124448367	0.7503410597378298	0.7501419832874509	1503	1004	1	nt	0.6	1.0
True	PROKKA_06122025__gr_1e-12_lr_1e-12_mu_1e-14	21708	panaroo	0.0003542109138897843	0.9983354140657511	0.0008649765538432343	0.7634710692152381	0.7630342050857866	0.7632525746383576	1523	1019	3	aa	0.85	26.0
True	PROKKA_06122025__gr_1e-12_lr_1e-12_mu_1e-14	21708	panta	1.0	1.0	0.9999999999999994	1.0	0.9999999999999999	0.9999999999999999	1611	1114	1	aa	0.6	10.0
True	PROKKA_06122025__gr_1e-12_lr_1e-12_mu_1e-14	21708	diamond	0.00033487907796861784	1.0	0.0008202649075015128	0.7612791218182676	0.7625139460146964	0.7618960335890989	1501	998	6	aa	0.6	1.0
True	PROKKA_06122025__gr_1e-12_lr_1e-12_mu_1e-14	21708	diamond	0.0003485379693779017	0.9392426133999168	0.0008328989905933694	0.7784725215582876	0.7664709412334114	0.7724251154730782	1626	1029	43	aa	0.95	0.0
True	PROKKA_06122025__gr_1e-12_lr_1e-12_mu_1e-14	21708	diamond	0.00033961225103074745	1.0	0.0008311658108006451	0.7617816642567748	0.7626334262792424	0.7622073073083652	1506	1004	4	aa	0.7	1.0
True	PROKKA_06122025__gr_1e-12_lr_1e-12_mu_1e-14	21708	panta	0.9994477297562623	0.9993722536095417	0.9996590979318998	0.9999999999999999	0.9998381762320432	0.9999190815687587	1512	1014	1	aa	0.8	8.0
True	PROKKA_06122025__gr_1e-12_lr_1e-12_mu_1e-14	21708	mmseqs2	0.0003459489066958153	1.0	0.0008460925836111427	0.7626447046375777	0.762838335229277	0.7627415076445966	1516	1015	3	nt	0.7	0.0
True	PROKKA_06122025__gr_1e-12_lr_1e-12_mu_1e-14	21708	cdhit	0.0003416882130884842	1.0	0.0008359843101951012	0.7620263006466793	0.7626915454744084	0.7623587779351091	1509	1008	3	aa	0.7	0.0
True	PROKKA_06122025__gr_1e-12_lr_1e-12_mu_1e-14	21708	panx	0.9989765136675207	1.0	0.9994032541911493	0.9997151009767776	1.0000000000000002	0.9998575301936347	1462	982	2	aa	0.5	897.0
True	PROKKA_06122025__gr_1e-12_lr_1e-12_mu_1e-14	21708	ppanggolin	0.0003206805821517227	1.0	0.0007895628492978847	0.760896099448302	0.762422801031623	0.7616586851940735	1502	1001	5	aa	0.6	5.0
True	PROKKA_06122025__gr_1e-12_lr_1e-12_mu_1e-14	21708	panx	0.9931901867647844	0.9935010482180293	0.9957109393799143	0.9997247996956183	0.9982463241371566	0.9989850148889678	1519	1014	7	aa	0.9	706.0
True	PROKKA_06122025__gr_1e-12_lr_1e-12_mu_1e-14	21708	panaroo	0.00035622953195804316	0.937786100707449	0.0008509122171398817	0.779654662507736	0.7667424334660362	0.7731446402101385	1644	1041	42	aa	0.95	31.0
True	PROKKA_06122025__gr_1e-12_lr_1e-12_mu_1e-14	21708	cdhit	0.0003424798904988591	1.0	0.000838019413023604	0.7622266138717946	0.7627391134581563	0.7624827775463758	1512	1012	2	nt	0.8	15.0
True	PROKKA_06122025__gr_1e-12_lr_1e-12_mu_1e-14	21708	panta	0.95649883634068	0.9520820255283532	0.9734930650254386	1.0	0.9878818428176058	0.9939039851758906	1595	1021	30	aa	0.95	6.0
True	PROKKA_06122025__gr_1e-12_lr_1e-12_mu_1e-14	21708	mmseqs2	0.0003335016740648463	1.0	0.0008179577907175022	0.7616097626926257	0.7625925699394741	0.7621008494584832	1507	1005	5	aa	0.5	1.0
True	PROKKA_06122025__gr_1e-12_lr_1e-12_mu_1e-14	21708	cdhit	0.00033813136076984285	0.9995838535164377	0.0008276431257173022	0.7615602083077261	0.7625807895943711	0.762070157254918	1503	1000	5	aa	0.6	0.0
True	PROKKA_06122025__gr_1e-12_lr_1e-12_mu_1e-14	21708	panaroo	0.0003490288623704304	0.9997919267582189	0.0008532025736395698	0.7629901188004095	0.7629202467253025	0.7629551811631201	1520	1019	2	aa	0.8	25.0
True	PROKKA_06122025__gr_1e-12_lr_1e-12_mu_1e-14	21708	cdhit	0.0003774713420810649	0.9889721181856014	0.0009181444819848867	0.765888135094166	0.7636052597972246	0.7647449937705965	1540	1025	7	aa	0.9	0.0
True	PROKKA_06122025__gr_1e-12_lr_1e-12_mu_1e-14	21708	cdhit	0.00035570939934657356	0.9966708281315023	0.0008682125998408389	0.7635193710767681	0.763045643873174	0.7632824339709077	1521	1015	4	aa	0.85	0.0
True	PROKKA_06122025__gr_1e-12_lr_1e-12_mu_1e-14	21708	panta	0.9976763682899799	0.9970705168445282	0.9984507762040437	0.9999999999999999	0.9992658947432074	0.9996328125945013	1516	1014	2	aa	0.85	7.0
True	PROKKA_06122025__gr_1e-12_lr_1e-12_mu_1e-14	21708	mmseqs2	0.00034714032172625443	0.9997919267582189	0.0008488668606848673	0.7627914129131025	0.7628731325356533	0.7628322705357915	1518	1018	2	nt	0.85	1.0
True	PROKKA_06122025__gr_1e-12_lr_1e-12_mu_1e-14	21708	mmseqs2	0.00034015841688259904	0.9456928838951311	0.0008140005101072356	0.7776041934664967	0.7662711167760891	0.7718960589423727	1624	1041	39	aa	0.95	0.0
True	PROKKA_06122025__gr_1e-12_lr_1e-12_mu_1e-14	21708	diamond	0.0003809284422272797	0.9862671660424469	0.0009259453866512453	0.7662056409353594	0.7636800691056662	0.7649407703833973	1540	1019	10	aa	0.9	0.0
True	PROKKA_06122025__gr_1e-12_lr_1e-12_mu_1e-14	21708	mmseqs2	0.00037312223115656447	0.9627548897211818	0.0008983616686476819	0.7732524786275239	0.7652964056940327	0.7692538711223251	1595	1041	27	nt	0.95	1.0
True	PROKKA_06122025__gr_1e-12_lr_1e-12_mu_1e-14	21708	connected_components_t0.1	0.6073338940075116	0.6656263004577612	0.7365675466877829	1.0	0.9098200615553009	0.9527809240985461	2501	1727	186	nt	0.9	164.0
True	PROKKA_06122025__gr_1e-12_lr_1e-12_mu_1e-14	21708	connected_components_t0.2	0.8259611908830196	0.8293799417394923	0.8932287576629073	1.0	0.9561831383946617	0.9776008387224437	1882	1156	97	nt	0.9	164.0
True	PROKKA_06122025__gr_1e-12_lr_1e-12_mu_1e-14	21708	connected_components_t0.3	0.9182662467793604	0.9111527257594674	0.9489938531295111	1.0	0.9774759777638736	0.9886097113242325	1690	1055	58	nt	0.9	164.0
True	PROKKA_06122025__gr_1e-12_lr_1e-12_mu_1e-14	21708	connected_components_t0.4	0.9584985025142335	0.9540158135663753	0.9744908777352116	1.0000000000000002	0.9883294510394808	0.9941304752316484	1604	1035	29	nt	0.9	164.0
True	PROKKA_06122025__gr_1e-12_lr_1e-12_mu_1e-14	21708	connected_components_t0.5	0.9808485839388629	0.9783603828547649	0.9881183343068061	1.0	0.9944573832288134	0.9972209901210255	1559	1025	16	nt	0.9	164.0
True	PROKKA_06122025__gr_1e-12_lr_1e-12_mu_1e-14	21708	connected_components_t0.6	0.9913377009022851	0.9906367041198502	0.9944336161204207	0.9999127705563005	0.9974651397713072	0.9986874554735278	1538	1023	9	nt	0.9	164.0
True	PROKKA_06122025__gr_1e-12_lr_1e-12_mu_1e-14	21708	connected_components_t0.7	0.996663331806575	0.9970869746150645	0.9980573202244412	0.9999127705563006	0.9991672753402339	0.999539883943549	1525	1021	2	nt	0.9	164.0
True	PROKKA_06122025__gr_1e-12_lr_1e-12_mu_1e-14	21708	hdbscan_dist	0.6972669600734465	0.7415730337078652	0.828420479734504	0.9929317446293396	0.9389186594776706	0.9651701194235563	1813	808	246	nt	0.9	0.186
True	PROKKA_06122025__gr_1e-12_lr_1e-12_mu_1e-14	21708	hdbscan_tsne	0.5065912571508304	0.6398252184769039	0.6935853166216991	0.9774283281427765	0.9075915795092447	0.9412162880562474	1832	418	562	nt	0.9	12.365
True	PROKKA_06122025__gr_1e-12_lr_1e-12_mu_1e-14	21708	hdbscan_umap	0.6646054919555535	0.9217644610903037	0.7936911030265051	0.9039301231721162	0.9806480668826977	0.9407275671167478	634	26	43	nt	0.9	6.858
True	PROKKA_06122025__gr_1e-12_lr_1e-12_mu_1e-14	21708	panx	0.9578742258271526	0.9551054499895594	0.9742335514305186	0.9997260218164121	0.9884551342604943	0.9940586310234868	1594	1030	29	aa	0.95	728.0
True	PROKKA_06122025__gr_1e-12_lr_1e-12_mu_1e-14	21708	diamond	0.00035351218288030004	0.9968789013732834	0.000863051109698082	0.7632227479841643	0.7629753805196318	0.7630990442051357	1518	1013	3	aa	0.85	1.0
True	PROKKA_06122025__gr_1e-12_lr_1e-12_mu_1e-14	21708	panta	1.0	1.0	1.0000000000000004	1.0	1.0000000000000002	1.0000000000000002	1611	1114	1	aa	0.7	9.0
True	PROKKA_06122025__gr_1e-12_lr_1e-12_mu_1e-14	21708	mmseqs2	0.00034723965337063407	1.0	0.0008490795886217903	0.7627939479280919	0.7628737337186918	0.7628338387371667	1518	1018	2	aa	0.8	0.0
True	PROKKA_06122025__gr_1e-12_lr_1e-12_mu_1e-14	21708	panta	1.0	1.0	1.0	1.0	1.0	1.0	1611	1114	1	aa	0.5	10.0
True	PROKKA_06122025__gr_1e-12_lr_1e-12_mu_1e-14	21708	panaroo	0.0003507208299718188	0.9989596337910944	0.0008567849513580481	0.7630045601034534	0.762923670102897	0.7629641129591713	1518	1016	3	aa	0.7	27.0
True	PROKKA_06122025__gr_1e-12_lr_1e-12_mu_1e-14	21708	cdhit	0.0003887093847275585	0.9560965459841865	0.0009335206868676216	0.7748591962155187	0.765669035491668	0.7702367034854225	1607	1044	33	nt	0.95	0.0
True	PROKKA_06122025__gr_1e-12_lr_1e-12_mu_1e-14	21708	cdhit	0.0003516174280155373	0.9975031210986267	0.0008587214888254015	0.7630337255668911	0.7629305836092791	0.762982151102334	1517	1013	4	aa	0.8	0.0
True	PROKKA_06122025__gr_1e-12_lr_1e-12_mu_1e-14	21708	ppanggolin	0.00035941270254546	0.9939658759883478	0.0008768124844439018	0.7639649629565552	0.7631511163312364	0.7635578227820807	1524	1015	5	aa	0.9	4.0
True	PROKKA_06122025__gr_1e-12_lr_1e-12_mu_1e-14	21708	cdhit	0.0003121358233314856	0.9989596337910944	0.0007699632811378837	0.7601349971502287	0.7622414793905234	0.7611867809214558	1495	992	7	aa	0.5	2.0
True	PROKKA_06122025__gr_1e-12_lr_1e-12_mu_1e-14	21708	panaroo	0.00038103025300458454	0.9877236787349147	0.0009263044734974011	0.7662793577444176	0.7636974311588429	0.7649862158744971	1542	1022	10	aa	0.9	26.0
True	PROKKA_06122025__gr_1e-12_lr_1e-12_mu_1e-14	21708	ppanggolin	0.00030133864063637084	1.0	0.0007454865515452698	0.7593586150648429	0.7620562321743892	0.7607050320503204	1490	989	7	aa	0.5	6.0
True	PROKKA_06122025__gr_1e-12_lr_1e-12_mu_1e-14	21708	cdhit	0.00034793517774272685	0.9987515605493134	0.0008503276320936322	0.7626780543695353	0.762846246251445	0.7627621410387567	1515	1014	2	nt	0.85	12.0
True	PROKKA_06122025__gr_1e-12_lr_1e-12_mu_1e-14	21708	embed_hdbscan_raw	0.8173682677072611	0.8635039533915938	0.8734869120212306	0.9784405230135328	0.9639353478100671	0.9711337749089735	1451	580	221	aa	0.9	11.816
True	PROKKA_06122025__gr_1e-12_lr_1e-12_mu_1e-14	21708	embed_hdbscan_tsne	0.5955835953115126	0.717852684144819	0.7415583071470002	0.9700396808650102	0.9238669716383896	0.9463904898852644	1559	257	491	aa	0.9	281.354
True	PROKKA_06122025__gr_1e-12_lr_1e-12_mu_1e-14	21708	embed_hdbscan_umap	0.6547436672586552	0.94548481065335	0.7982722478664174	0.8995424922021799	0.9859907651955613	0.9407848805981099	579	15	5	aa	0.9	14.729
True	PROKKA_06122025__gr_1e-12_lr_1e-12_mu_1e-14	21708	diamond	0.00031601308529794923	1.0	0.0007774081358200552	0.7596831876883549	0.7621337113296589	0.7609064765166843	1487	982	10	aa	0.5	1.0
True	PROKKA_06122025__gr_1e-12_lr_1e-12_mu_1e-14	21708	mmseqs2	0.0003718972851748172	0.9910528506034124	0.0009055889632459941	0.7653881534556771	0.7634873602926154	0.7644365752819838	1537	1024	9	aa	0.9	0.0
True	PROKKA_06122025__gr_1e-12_lr_1e-12_mu_1e-14	21708	panaroo	0.0003470409973245489	1.0	0.0008485084785848648	0.7627097030579472	0.7628537532742596	0.7627817213651852	1516	1014	4	aa	0.6	29.0
True	PROKKA_06122025__gr_1e-12_lr_1e-12_mu_1e-14	21708	panx	0.9989927022770207	1.0	0.9994126635984091	0.9997200717261322	0.9999999999999999	0.9998600162703641	1484	997	2	aa	0.6	800.0
True	PROKKA_06122025__gr_1e-12_lr_1e-12_mu_1e-14	21708	panaroo	0.00033980982511547627	1.0	0.0008321997693678054	0.7621160908903974	0.7627128701437124	0.762414363734948	1511	1009	4	aa	0.5	29.0
True	PROKKA_06122025__gr_1e-12_lr_1e-12_mu_1e-14	21708	panx	0.9989957027883647	1.0	0.9994149295101437	0.9997214575957388	1.0	0.9998607093987	1490	1000	2	aa	0.7	761.0
True	PROKKA_06122025__gr_1e-12_lr_1e-12_mu_1e-14	21708	diamond	0.0003461474034988719	0.9991677070328756	0.0008461922693404278	0.7624742348352538	0.7627978891659432	0.7626360276617666	1513	1012	2	aa	0.8	1.0
True	PROKKA_06122025__gr_1e-12_lr_1e-12_mu_1e-14	21708	panx	0.9972310992762752	0.997690046199076	0.9982082531104227	0.9997242746513176	0.9994250312146851	0.9995746305368165	1508	1010	3	aa	0.85	704.0
True	PROKKA_06122025__gr_1e-12_lr_1e-12_mu_1e-14	21708	panta	0.9935560316647265	0.9926762921113204	0.9959734450905331	1.0	0.9980988883191597	0.9990485397434761	1524	1015	7	aa	0.9	7.0
True	PROKKA_06122025__gr_1e-12_lr_1e-12_mu_1e-14	21708	mmseqs2	0.00034604815148036	1.0	0.0008463778609813393	0.76268682707265	0.7628483271714639	0.7627675685734888	1517	1017	2	nt	0.8	1.0
True	PROKKA_06122025__gr_1e-12_lr_1e-12_mu_1e-14	21708	panx	0.998451295544273	0.9993696154654339	0.9990779528639601	0.999724033956516	0.9998373267570577	0.9997806771472684	1502	1007	2	aa	0.8	799.0
True	PROKKA_06122025__gr_1e-12_lr_1e-12_mu_1e-14	21708	mmseqs2	0.0003552097215471788	0.9977111943404078	0.0008672006477661748	0.7635395782011111	0.7630504289718509	0.7632949252200016	1523	1020	2	aa	0.85	0.0
True	PROKKA_06122025__gr_1e-12_lr_1e-12_mu_1e-14	21708	ppanggolin	0.000342974923035794	1.0	0.0008390884645449222	0.7622421496953712	0.7627428019224806	0.7624923936269173	1512	1012	2	aa	0.8	4.0
True	PROKKA_06122025__gr_1e-12_lr_1e-12_mu_1e-14	21708	mmseqs2	0.000345849669144447	1.0	0.000845807356725998	0.7626025822025053	0.7628283424450708	0.7627154456177917	1515	1013	4	nt	0.5	2.0
True	PROKKA_06122025__gr_1e-12_lr_1e-12_mu_1e-14	21708	connected_components_t0.1	0.6891303801962048	0.7251352476071578	0.7950452608551819	1.0	0.9252084904708946	0.9611514753340757	2277	1491	185	aa	0.9	163.0
True	PROKKA_06122025__gr_1e-12_lr_1e-12_mu_1e-14	21708	connected_components_t0.2	0.8636890981559436	0.8610070744902205	0.9154414337545205	1.0	0.9642935133580414	0.9818222244287123	1807	1114	79	aa	0.9	163.0
True	PROKKA_06122025__gr_1e-12_lr_1e-12_mu_1e-14	21708	connected_components_t0.3	0.9520352396635722	0.9463171036204744	0.969221557520726	1.0	0.9860229133029389	0.9929622731926009	1626	1043	37	aa	0.9	163.0
True	PROKKA_06122025__gr_1e-12_lr_1e-12_mu_1e-14	21708	connected_components_t0.4	0.9772285132014268	0.9750312109862672	0.9859330399494428	1.0	0.9934585638376362	0.9967185492184143	1567	1030	13	aa	0.9	163.0
True	PROKKA_06122025__gr_1e-12_lr_1e-12_mu_1e-14	21708	connected_components_t0.5	0.9902590647284978	0.9895963379109447	0.9937114104462433	0.999870648121228	0.9971692904928472	0.9985181422697071	1539	1021	11	aa	0.9	163.0
True	PROKKA_06122025__gr_1e-12_lr_1e-12_mu_1e-14	21708	connected_components_t0.6	0.9953375324423304	0.9956304619225967	0.9970897356806966	0.9998706481212281	0.9987527405745402	0.9993113817033684	1527	1019	5	aa	0.9	163.0
True	PROKKA_06122025__gr_1e-12_lr_1e-12_mu_1e-14	21708	connected_components_t0.7	0.9956011243542632	0.9966708281315023	0.9973855341045941	0.9996788328370761	0.9990824128864746	0.9993805338774711	1522	1016	3	aa	0.9	163.0
True	PROKKA_06122025__gr_1e-12_lr_1e-12_mu_1e-14	21708	hdbscan_dist	0.8055997056516275	0.8418643362463587	0.8928141507331232	0.9892979708511699	0.9636222207714408	0.9762913116118832	1599	869	0	aa	0.9	0.186
True	PROKKA_06122025__gr_1e-12_lr_1e-12_mu_1e-14	21708	hdbscan_tsne	0.673788117686723	0.8023304203079484	0.805928546334925	0.9578029232227026	0.9516302720877089	0.9547066204478	1320	504	0	aa	0.9	12.726
True	PROKKA_06122025__gr_1e-12_lr_1e-12_mu_1e-14	21708	hdbscan_umap	0.0679562360936753	0.9057428214731585	0.65149780602483	0.8053955728371558	0.9727381004707807	0.8811924226053567	560	19	0	aa	0.9	8.026
True	PROKKA_06122025__gr_1e-12_lr_1e-12_mu_1e-14	21708	cdhit	0.00036001418411358264	0.9950062421972534	0.0008781828051334984	0.7640290756154661	0.763166284195024	0.7635974361875599	1526	1019	5	nt	0.9	0.0
True	PROKKA_06122025__gr_1e-12_lr_1e-12_mu_1e-14	21708	mmseqs2	0.00034714032172625443	1.0	0.0008487940084563794	0.7627518254930196	0.7628637439173499	0.7628077806000438	1517	1016	3	aa	0.7	0.0
True	PROKKA_06122025__gr_1e-12_lr_1e-12_mu_1e-14	21708	mmseqs2	0.0003581103988613439	0.9964627548897211	0.0008739629187019547	0.7639024405488024	0.763136322820062	0.7635191895032026	1526	1021	4	nt	0.9	0.0
True	PROKKA_06122025__gr_1e-12_lr_1e-12_mu_1e-14	21708	mmseqs2	0.000345849669144447	1.0	0.0008458073567259984	0.7626025822025055	0.7628283424450709	0.7627154456177919	1515	1013	4	aa	0.6	1.0
True	PROKKA_06122025__gr_1e-12_lr_1e-12_mu_1e-14	21708	ppanggolin	0.0003585328944548513	0.9640033291718685	0.000865432133060635	0.7717838760962997	0.7649547693477903	0.7683541488018991	1580	1025	25	aa	0.95	7.0
True	PROKKA_06122025__gr_1e-12_lr_1e-12_mu_1e-14	21708	ppanggolin	0.00034089699643200183	1.0	0.0008341976732431456	0.7619591989379195	0.7626756066997604	0.7623172345030966	1508	1006	4	aa	0.7	4.0
True	PROKKA_06122025__gr_1e-12_lr_1e-12_mu_1e-14	21708	cdhit	0.0003613106961738156	0.9361215147732002	0.0008629059684302202	0.7804726318333184	0.7669299202937219	0.7736420138387058	1652	1054	52	aa	0.95	0.0
True	PROKKA_06122025__gr_1e-12_lr_1e-12_mu_1e-14	21708	ppanggolin	0.0003444611024662118	0.9993757802746567	0.0008425154065011968	0.7624029620326471	0.7627809747244005	0.7625919215338148	1513	1012	2	aa	0.85	4.0
True	PROKKA_06122025__gr_1e-12_lr_1e-12_mu_1e-14	21708	mmseqs2	0.0003459489066958153	1.0	0.0008460925836111427	0.7626447046375777	0.762838335229277	0.7627415076445966	1516	1015	3	nt	0.6	1.0
True	PROKKA_06122025__gr_1e-12_lr_1e-12_mu_1e-14	25172	panaroo	0.002266021141027376	1.0	0.004924186904638122	0.780049515993056	0.7800495159930562	0.7800495159930562	1522	1022	2	aa	0.85	26.0
True	PROKKA_06122025__gr_1e-12_lr_1e-12_mu_1e-14	25172	panta	1.0	1.0	1.0	1.0	1.0	1.0	1611	1114	2	aa	0.6	8.0
True	PROKKA_06122025__gr_1e-12_lr_1e-12_mu_1e-14	25172	diamond	0.0022424679641785145	1.0	0.004879591435805353	0.7784277253253129	0.7796922228961178	0.779059461007052	1504	1000	6	aa	0.6	1.0
True	PROKKA_06122025__gr_1e-12_lr_1e-12_mu_1e-14	25172	diamond	0.0020186713512326685	0.9756587762393926	0.004436237368490961	0.7867750608661737	0.781400992756919	0.7840788184678861	1569	1029	24	aa	0.95	1.0
True	PROKKA_06122025__gr_1e-12_lr_1e-12_mu_1e-14	25172	diamond	0.0022502252341885386	1.0	0.0048949026199198034	0.7790184785202161	0.7798225047447719	0.7794202842803083	1511	1009	4	aa	0.7	1.0
True	PROKKA_06122025__gr_1e-12_lr_1e-12_mu_1e-14	25172	panta	0.9991925663214656	0.9988766569310268	0.9994493677486143	1.0	0.9997564567183451	0.9998782135290342	1514	1015	4	aa	0.8	7.0
True	PROKKA_06122025__gr_1e-12_lr_1e-12_mu_1e-14	25172	mmseqs2	0.0022632137793235107	1.0	0.0049184413210769055	0.7798178541742868	0.7799985500570302	0.7799081916493621	1519	1018	3	nt	0.7	1.0
True	PROKKA_06122025__gr_1e-12_lr_1e-12_mu_1e-14	25172	cdhit	0.0022502252341885386	1.0	0.0048949026199627006	0.7790184785202161	0.779822504744772	0.7794202842803084	1511	1009	4	aa	0.7	0.0
True	PROKKA_06122025__gr_1e-12_lr_1e-12_mu_1e-14	25172	panx	1.0	1.0	1.0	1.0	1.0	1.0	1450	977	2	aa	0.5	756.0
True	PROKKA_06122025__gr_1e-12_lr_1e-12_mu_1e-14	25172	ppanggolin	0.0022386984706151167	1.0	0.0048739811409437015	0.7783062954574061	0.7796654242358705	0.7789852670146205	1504	1001	6	aa	0.6	4.0
True	PROKKA_06122025__gr_1e-12_lr_1e-12_mu_1e-14	25172	panx	0.9982432347658056	0.9981965734896303	0.9986510125343517	1.0	0.9994039026262934	0.9997018624536426	1514	1018	3	aa	0.9	759.0
True	PROKKA_06122025__gr_1e-12_lr_1e-12_mu_1e-14	25172	panaroo	0.0019267996947410966	0.9758820902188478	0.004233564364275044	0.7871908909193608	0.7814563356291138	0.7843131312729879	1581	1035	32	aa	0.95	27.0
True	PROKKA_06122025__gr_1e-12_lr_1e-12_mu_1e-14	25172	cdhit	0.0022546129714127424	1.0	0.0049040751445653	0.7793982594483427	0.7799061784513215	0.7796521362265013	1516	1016	2	nt	0.8	14.0
True	PROKKA_06122025__gr_1e-12_lr_1e-12_mu_1e-14	25172	panta	0.979649528913689	0.9802291619860706	0.9877584833388217	1.0	0.9946748205180583	0.9973303019483855	1549	1019	21	aa	0.95	7.0
True	PROKKA_06122025__gr_1e-12_lr_1e-12_mu_1e-14	25172	mmseqs2	0.0022452495433603163	1.0	0.004883439371300645	0.7784916726046557	0.7797063329603517	0.7790985293510866	1505	1004	3	aa	0.5	2.0
True	PROKKA_06122025__gr_1e-12_lr_1e-12_mu_1e-14	25172	cdhit	0.0022416738600436123	1.0	0.004878028914563704	0.7783673798186828	0.7796789059107111	0.7790225908590518	1503	999	5	aa	0.6	0.0
True	PROKKA_06122025__gr_1e-12_lr_1e-12_mu_1e-14	25172	panaroo	0.002266021141027376	1.0	0.004924186904638122	0.780049515993056	0.7800495159930562	0.7800495159930562	1522	1022	2	aa	0.8	26.0
True	PROKKA_06122025__gr_1e-12_lr_1e-12_mu_1e-14	25172	cdhit	0.0023014104427834894	0.9903974988834301	0.004987045236036363	0.7821115822192317	0.7805021351269287	0.7813060298310207	1535	1022	6	aa	0.9	0.0
True	PROKKA_06122025__gr_1e-12_lr_1e-12_mu_1e-14	25172	cdhit	0.002268028540687941	0.9977668602054489	0.00492754101787449	0.7801468049030371	0.780070912654237	0.7801088569328581	1521	1018	2	aa	0.85	0.0
True	PROKKA_06122025__gr_1e-12_lr_1e-12_mu_1e-14	25172	panta	0.9991925663214656	0.9988766569310268	0.9994493677486143	1.0	0.9997564567183451	0.9998782135290342	1514	1015	4	aa	0.85	7.0
True	PROKKA_06122025__gr_1e-12_lr_1e-12_mu_1e-14	25172	mmseqs2	0.002266021141027376	1.0	0.004924186904826952	0.7800495159930562	0.780049515993056	0.7800495159930562	1522	1022	2	nt	0.85	1.0
True	PROKKA_06122025__gr_1e-12_lr_1e-12_mu_1e-14	25172	mmseqs2	0.0020072186627133315	0.9785618579723091	0.004418350445528633	0.7863490913916211	0.781308473143736	0.7838206785105519	1572	1044	16	aa	0.95	1.0
True	PROKKA_06122025__gr_1e-12_lr_1e-12_mu_1e-14	25172	diamond	0.0020103152063403944	0.9957570343903528	0.004460790415873704	0.7805780538278422	0.7800823222099312	0.7803301092862424	1524	1017	5	aa	0.9	1.0
True	PROKKA_06122025__gr_1e-12_lr_1e-12_mu_1e-14	25172	mmseqs2	0.001974751377420121	0.9863778472532381	0.004356440330623959	0.7840417796656798	0.7808059661074901	0.7824205273568324	1553	1035	11	nt	0.95	1.0
True	PROKKA_06122025__gr_1e-12_lr_1e-12_mu_1e-14	25172	connected_components_t0.1	0.6948588235423293	0.7427422956677088	0.7779147782777883	1.0000000000000002	0.9255547187331383	0.9613382675949917	2354	1704	163	nt	0.9	153.0
True	PROKKA_06122025__gr_1e-12_lr_1e-12_mu_1e-14	25172	connected_components_t0.2	0.9044002492836789	0.905761500669942	0.9303715416090068	1.0	0.9720153992704145	0.9858091368150883	1799	1209	85	nt	0.9	153.0
True	PROKKA_06122025__gr_1e-12_lr_1e-12_mu_1e-14	25172	connected_components_t0.3	0.9539861197654675	0.9519874944171505	0.9680237773339051	1.0	0.9864841361237163	0.9931960876855239	1642	1080	52	nt	0.9	153.0
True	PROKKA_06122025__gr_1e-12_lr_1e-12_mu_1e-14	25172	connected_components_t0.4	0.9806449786634204	0.9810183117463154	0.9876527994386097	1.0	0.9946365498745109	0.9973110639500582	1565	1037	20	nt	0.9	153.0
True	PROKKA_06122025__gr_1e-12_lr_1e-12_mu_1e-14	25172	connected_components_t0.5	0.9923387424534253	0.9933005806163466	0.9953693310490174	0.9997660289635522	0.9981969148682195	0.9989808557585512	1535	1025	6	nt	0.9	153.0
True	PROKKA_06122025__gr_1e-12_lr_1e-12_mu_1e-14	25172	connected_components_t0.6	0.9973698105878751	0.9988834301027244	0.99871466702912	0.9997660289635522	0.9996659155994866	0.9997159697751361	1524	1022	3	nt	0.9	153.0
True	PROKKA_06122025__gr_1e-12_lr_1e-12_mu_1e-14	25172	connected_components_t0.7	0.9987090325294793	1.0	0.9993693834603247	0.9997210443234673	1.0000000000000002	0.9998605027049525	1521	1020	3	nt	0.9	153.0
True	PROKKA_06122025__gr_1e-12_lr_1e-12_mu_1e-14	25172	hdbscan_dist	0.7981400018900789	0.8414470745868692	0.8751647806694689	0.9902377976122864	0.9597757912809308	0.9747688643534501	1641	784	219	nt	0.9	0.166
True	PROKKA_06122025__gr_1e-12_lr_1e-12_mu_1e-14	25172	hdbscan_tsne	0.5642109682366547	0.6976328718177758	0.7114327380111627	0.9727376159709741	0.9204495299001962	0.9458714985355693	1694	395	573	nt	0.9	10.376
True	PROKKA_06122025__gr_1e-12_lr_1e-12_mu_1e-14	25172	hdbscan_umap	0.7059805090052617	0.9863778472532381	0.8129514125208069	0.9033120608848658	0.9963467138692831	0.94755122911756	596	34	41	nt	0.9	6.466
True	PROKKA_06122025__gr_1e-12_lr_1e-12_mu_1e-14	25172	diamond	0.0022550122813333085	1.0	0.004904610432494587	0.7794059392348767	0.7799078698134096	0.7796568237404342	1516	1016	2	aa	0.85	1.0
True	PROKKA_06122025__gr_1e-12_lr_1e-12_mu_1e-14	25172	panta	1.0	1.0	1.0	1.0	1.0000000000000002	1.0000000000000002	1611	1114	2	aa	0.7	8.0
True	PROKKA_06122025__gr_1e-12_lr_1e-12_mu_1e-14	25172	mmseqs2	0.002266021141027376	1.0	0.004924186904824047	0.7800495159930562	0.7800495159930562	0.7800495159930562	1522	1022	2	aa	0.8	2.0
True	PROKKA_06122025__gr_1e-12_lr_1e-12_mu_1e-14	25172	panta	1.0	1.0	1.0	1.0	1.0000000000000002	1.0000000000000002	1611	1114	2	aa	0.5	8.0
True	PROKKA_06122025__gr_1e-12_lr_1e-12_mu_1e-14	25172	panaroo	0.0022658204992610062	1.0	0.0049234590298166915	0.7800045313529712	0.7800396211545808	0.7800220758591417	1521	1020	3	aa	0.7	29.0
True	PROKKA_06122025__gr_1e-12_lr_1e-12_mu_1e-14	25172	cdhit	0.001993517908276018	0.9787851719517642	0.004392082442102883	0.7853606369291074	0.7810934810415705	0.7832212469353211	1560	1027	20	nt	0.95	1.0
True	PROKKA_06122025__gr_1e-12_lr_1e-12_mu_1e-14	25172	cdhit	0.0022574096297464322	0.9995533720410897	0.004908940783437386	0.779551919452627	0.7799400149057863	0.7797459188884533	1517	1016	3	aa	0.8	0.0
True	PROKKA_06122025__gr_1e-12_lr_1e-12_mu_1e-14	25172	ppanggolin	0.002257809436139829	0.9997766860205449	0.004909943550153046	0.779601555641599	0.7799509427400282	0.779776210054156	1518	1018	2	aa	0.9	4.0
True	PROKKA_06122025__gr_1e-12_lr_1e-12_mu_1e-14	25172	cdhit	0.0022120964713230416	1.0	0.004827039939897793	0.7767852363356993	0.7793291847398301	0.7780551311040819	1490	988	4	aa	0.5	1.0
True	PROKKA_06122025__gr_1e-12_lr_1e-12_mu_1e-14	25172	panaroo	0.0022833433532057127	0.995980348369808	0.004955897262227022	0.781142059701982	0.7802895592528799	0.7807155767560595	1530	1022	5	aa	0.9	27.0
True	PROKKA_06122025__gr_1e-12_lr_1e-12_mu_1e-14	25172	ppanggolin	0.002201348886814516	1.0	0.004811191990472574	0.7764594149761803	0.7792570264191353	0.7778557052553903	1490	990	5	aa	0.5	5.0
True	PROKKA_06122025__gr_1e-12_lr_1e-12_mu_1e-14	25172	cdhit	0.002257809436139829	0.9997766860205449	0.004909943550161173	0.779601555641599	0.7799509427400282	0.779776210054156	1518	1018	2	nt	0.85	12.0
True	PROKKA_06122025__gr_1e-12_lr_1e-12_mu_1e-14	25172	embed_hdbscan_raw	0.9112001144426365	0.9821348816435909	0.9336959940312622	0.9738967492327071	0.9952745422291392	0.9844696045222736	1246	685	10	aa	0.9	10.107
True	PROKKA_06122025__gr_1e-12_lr_1e-12_mu_1e-14	25172	embed_hdbscan_tsne	0.7716901314178803	0.9321125502456454	0.8338480321058198	0.937273203296439	0.9810546915849064	0.9586643407983808	893	207	7	aa	0.9	12.202
True	PROKKA_06122025__gr_1e-12_lr_1e-12_mu_1e-14	25172	embed_hdbscan_umap	0.6699626711709168	0.988164359088879	0.7974219744171387	0.8922561465360256	0.9968121232774692	0.9416406576176931	532	24	0	aa	0.9	12.938
True	PROKKA_06122025__gr_1e-12_lr_1e-12_mu_1e-14	25172	diamond	0.002208964546914524	1.0	0.004823006586035576	0.7767431888146582	0.779319875299025	0.7780293986878953	1490	986	8	aa	0.5	1.0
True	PROKKA_06122025__gr_1e-12_lr_1e-12_mu_1e-14	25172	mmseqs2	0.0022831411678203017	0.9966502903081733	0.0049549474094098015	0.7810783652648539	0.780275579303286	0.7806767659037991	1530	1026	4	aa	0.9	1.0
True	PROKKA_06122025__gr_1e-12_lr_1e-12_mu_1e-14	25172	panaroo	0.0022654192692607676	1.0	0.004922003723446536	0.7799145620728014	0.7800198288065754	0.7799671918879091	1519	1016	5	aa	0.6	30.0
True	PROKKA_06122025__gr_1e-12_lr_1e-12_mu_1e-14	25172	panx	1.0	1.0	1.0	1.0	1.0	1.0	1479	993	2	aa	0.6	761.0
True	PROKKA_06122025__gr_1e-12_lr_1e-12_mu_1e-14	25172	panaroo	0.0022570098943343955	1.0	0.004905876015704446	0.7793173367107188	0.7798883548066444	0.7796027411984982	1513	1011	3	aa	0.5	30.0
True	PROKKA_06122025__gr_1e-12_lr_1e-12_mu_1e-14	25172	panx	1.0	1.0	1.0	1.0	1.0	1.0	1488	999	2	aa	0.7	756.0
True	PROKKA_06122025__gr_1e-12_lr_1e-12_mu_1e-14	25172	diamond	0.0022550122813333085	1.0	0.004904610432494587	0.7794059392348767	0.7799078698134096	0.7796568237404342	1516	1016	2	aa	0.8	1.0
True	PROKKA_06122025__gr_1e-12_lr_1e-12_mu_1e-14	25172	panx	0.9989175958112654	0.9988708220415538	0.9992409801676388	0.9999999999999999	0.9996643161220479	0.9998321298853784	1509	1014	3	aa	0.85	767.0
True	PROKKA_06122025__gr_1e-12_lr_1e-12_mu_1e-14	25172	panta	0.9968075499604685	0.9964053021792856	0.998028877247576	1.0	0.9991299482144689	0.9995647847773437	1518	1015	4	aa	0.9	7.0
True	PROKKA_06122025__gr_1e-12_lr_1e-12_mu_1e-14	25172	mmseqs2	0.002266021141027376	1.0	0.004924186904826952	0.7800495159930562	0.780049515993056	0.7800495159930562	1522	1022	2	nt	0.8	1.0
True	PROKKA_06122025__gr_1e-12_lr_1e-12_mu_1e-14	25172	panx	0.9995927212126575	0.9995469988674972	0.999633080002227	1.0	0.9998376602634039	0.9999188235426196	1504	1011	3	aa	0.8	761.0
True	PROKKA_06122025__gr_1e-12_lr_1e-12_mu_1e-14	25172	mmseqs2	0.002266021141027376	1.0	0.004924186904824047	0.7800495159930562	0.7800495159930562	0.7800495159930562	1522	1022	2	aa	0.85	1.0
True	PROKKA_06122025__gr_1e-12_lr_1e-12_mu_1e-14	25172	ppanggolin	0.002253215944504433	1.0	0.004901410502382677	0.7793004512449816	0.7798846353328744	0.7795924338500129	1515	1015	2	aa	0.8	4.0
True	PROKKA_06122025__gr_1e-12_lr_1e-12_mu_1e-14	25172	mmseqs2	0.0022524180327735607	1.0	0.004902632796210905	0.7794902702015484	0.7799264407812408	0.7797082944926976	1518	1018	3	nt	0.5	2.0
True	PROKKA_06122025__gr_1e-12_lr_1e-12_mu_1e-14	25172	connected_components_t0.1	0.7716748247564404	0.7996873604287629	0.8334217083899712	1.0	0.9405699197269283	0.9693749348225316	2159	1505	161	aa	0.9	146.0
True	PROKKA_06122025__gr_1e-12_lr_1e-12_mu_1e-14	25172	connected_components_t0.2	0.9283094239432865	0.9292094685127289	0.9480405096476097	1.0	0.9786238895000107	0.9891964760895559	1728	1149	76	aa	0.9	146.0
True	PROKKA_06122025__gr_1e-12_lr_1e-12_mu_1e-14	25172	connected_components_t0.3	0.9756187031546991	0.9761054041983028	0.9836465097328614	1.0	0.992936198197491	0.9964555805605327	1582	1047	29	aa	0.9	146.0
True	PROKKA_06122025__gr_1e-12_lr_1e-12_mu_1e-14	25172	connected_components_t0.4	0.988548968027711	0.9892809289861545	0.9929318916942501	1.0	0.9969066953513035	0.9984509518367095	1546	1029	12	aa	0.9	146.0
True	PROKKA_06122025__gr_1e-12_lr_1e-12_mu_1e-14	25172	connected_components_t0.5	0.9962066946747749	0.9975435462259937	0.9979398072980413	0.9997210443234672	0.999369132151108	0.9995450572626526	1525	1021	3	aa	0.9	146.0
True	PROKKA_06122025__gr_1e-12_lr_1e-12_mu_1e-14	25172	connected_components_t0.6	0.9987090325294793	1.0	0.9993693834603247	0.9997210443234673	1.0000000000000002	0.9998605027049525	1521	1020	3	aa	0.9	146.0
True	PROKKA_06122025__gr_1e-12_lr_1e-12_mu_1e-14	25172	connected_components_t0.7	0.9979981972199048	1.0	0.9987891099349495	0.9994640488298453	1.0	0.9997319525847598	1518	1017	2	aa	0.9	146.0
True	PROKKA_06122025__gr_1e-12_lr_1e-12_mu_1e-14	25172	hdbscan_dist	0.8769367148789547	0.9354622599374721	0.9221370155442173	0.9817490754293318	0.9836448531198068	0.9826960499609043	1399	783	0	aa	0.9	0.159
True	PROKKA_06122025__gr_1e-12_lr_1e-12_mu_1e-14	25172	hdbscan_tsne	0.7325647388586113	0.9149173738276016	0.8257076275702524	0.9376805403726854	0.9773267873714978	0.9570932672959744	996	343	0	aa	0.9	10.421
True	PROKKA_06122025__gr_1e-12_lr_1e-12_mu_1e-14	25172	hdbscan_umap	0.05810885914068206	0.962706565430996	0.6440000790044673	0.7933643466472696	0.9862546237810368	0.8793559388002861	522	25	0	aa	0.9	6.676
True	PROKKA_06122025__gr_1e-12_lr_1e-12_mu_1e-14	25172	cdhit	0.002270439779486206	0.9970969182670835	0.004931807432259791	0.7802858256476991	0.7801014801363416	0.780193642002651	1522	1018	4	nt	0.9	1.0
True	PROKKA_06122025__gr_1e-12_lr_1e-12_mu_1e-14	25172	mmseqs2	0.002264015526101326	1.0	0.004920250350113189	0.7798990433630761	0.7800164144843912	0.7799577245081163	1520	1019	3	aa	0.7	1.0
True	PROKKA_06122025__gr_1e-12_lr_1e-12_mu_1e-14	25172	mmseqs2	0.002272451113958004	0.9988834301027244	0.00493565836422475	0.7804286184911451	0.7801328681719796	0.7802807153069532	1525	1024	2	nt	0.9	1.0
True	PROKKA_06122025__gr_1e-12_lr_1e-12_mu_1e-14	25172	mmseqs2	0.002257809436139829	1.0	0.004908843309247874	0.7795029616936924	0.7799292353704836	0.7797160402707387	1516	1014	5	aa	0.6	1.0
True	PROKKA_06122025__gr_1e-12_lr_1e-12_mu_1e-14	25172	ppanggolin	0.00204977692136852	0.9874944171505137	0.0045337135410443	0.7831321238773705	0.7806422215337012	0.7818851904458515	1544	1026	11	aa	0.95	4.0
True	PROKKA_06122025__gr_1e-12_lr_1e-12_mu_1e-14	25172	ppanggolin	0.0022466416262954107	1.0	0.004888976400117281	0.778849236794643	0.7797851967455272	0.7793169357481178	1510	1009	3	aa	0.7	4.0
True	PROKKA_06122025__gr_1e-12_lr_1e-12_mu_1e-14	25172	cdhit	0.0019526664987420935	0.9658329611433676	0.004282657510940172	0.7890181154288634	0.7818520371598754	0.7854187309975692	1593	1044	35	aa	0.95	0.0
True	PROKKA_06122025__gr_1e-12_lr_1e-12_mu_1e-14	25172	ppanggolin	0.0022550122813333085	1.0	0.0049046104325189575	0.7794059392348767	0.7799078698134099	0.7796568237404344	1516	1016	2	aa	0.85	5.0
True	PROKKA_06122025__gr_1e-12_lr_1e-12_mu_1e-14	25172	mmseqs2	0.0022632137793235107	1.0	0.0049184413210769055	0.7798178541742868	0.7799985500570302	0.7799081916493621	1519	1018	3	nt	0.6	1.0
True	PROKKA_06122025__gr_1e-12_lr_1e-12_mu_1e-14	25913	panaroo	0.0007194969203516194	0.9995894066926709	0.001550386897277974	0.7604302440451798	0.7603215035714355	0.7603758699205954	1519	1018	2	aa	0.85	26.0
True	PROKKA_06122025__gr_1e-12_lr_1e-12_mu_1e-14	25913	panta	1.0	1.0	1.0	1.0	1.0000000000000002	1.0000000000000002	1509	1011	1	aa	0.6	7.0
True	PROKKA_06122025__gr_1e-12_lr_1e-12_mu_1e-14	25913	diamond	0.000711168751060586	1.0	0.0015309558601937976	0.7592401250845148	0.7600359586543203	0.7596378334309785	1502	995	7	aa	0.6	2.0
True	PROKKA_06122025__gr_1e-12_lr_1e-12_mu_1e-14	25913	diamond	0.000723584662057923	0.9712584684869636	0.0015418849308424225	0.7680788196843461	0.762109079741415	0.7650823048047619	1580	1038	22	aa	0.95	1.0
True	PROKKA_06122025__gr_1e-12_lr_1e-12_mu_1e-14	25913	diamond	0.0007125901423073751	1.0	0.0015345421745229246	0.7595270903927428	0.7601048723931249	0.7598158715531673	1507	1003	4	aa	0.7	2.0
True	PROKKA_06122025__gr_1e-12_lr_1e-12_mu_1e-14	25913	panta	0.9995025272139441	0.9995876288659794	0.999621908114394	1.0	0.9998182504315274	0.9999091169567867	1511	1013	1	aa	0.8	7.0
True	PROKKA_06122025__gr_1e-12_lr_1e-12_mu_1e-14	25913	mmseqs2	0.0007167524586892797	1.0	0.0015439197397001238	0.7600190507901248	0.7602229229535454	0.7601209732016893	1513	1010	3	nt	0.7	1.0
True	PROKKA_06122025__gr_1e-12_lr_1e-12_mu_1e-14	25913	cdhit	0.0007129183407171828	0.9991788133853419	0.0015354753208513784	0.7596259643894552	0.7601286074782596	0.7598772028118589	1509	1006	4	aa	0.7	0.0
True	PROKKA_06122025__gr_1e-12_lr_1e-12_mu_1e-14	25913	panx	0.999780140929321	1.0	0.9997354374282242	0.9998721941682545	1.0	0.9999360930002836	1462	979	2	aa	0.5	826.0
True	PROKKA_06122025__gr_1e-12_lr_1e-12_mu_1e-14	25913	ppanggolin	0.0007124807582643932	1.0	0.0015342036190039473	0.7594855020284893	0.7600948875420912	0.759790072596722	1506	1001	5	aa	0.6	4.0
True	PROKKA_06122025__gr_1e-12_lr_1e-12_mu_1e-14	25913	panx	0.9980355364451539	0.9981408799834744	0.998430006773801	0.9998345925996414	0.9994126443943114	0.9996235739701452	1513	1011	5	aa	0.9	787.0
True	PROKKA_06122025__gr_1e-12_lr_1e-12_mu_1e-14	25913	panaroo	0.0008011351587301751	0.9731061383699445	0.0017277472794073102	0.7683486281333513	0.7622041928465654	0.7652640770100301	1582	1035	22	aa	0.95	27.0
True	PROKKA_06122025__gr_1e-12_lr_1e-12_mu_1e-14	25913	cdhit	0.0007145603747835713	1.0	0.0015391786607603663	0.7598202855632916	0.760175241344014	0.7599977220082657	1511	1008	3	nt	0.8	15.0
True	PROKKA_06122025__gr_1e-12_lr_1e-12_mu_1e-14	25913	panta	0.9855893081212433	0.9828865979381444	0.9901348571531119	1.0	0.9953231002618665	0.997656068965713	1546	1020	15	aa	0.95	6.0
True	PROKKA_06122025__gr_1e-12_lr_1e-12_mu_1e-14	25913	mmseqs2	0.0007755676388881823	1.0	0.0016917457788407026	0.7591049874414844	0.7600351381274735	0.7595697780246059	1503	997	7	aa	0.5	2.0
True	PROKKA_06122025__gr_1e-12_lr_1e-12_mu_1e-14	25913	cdhit	0.0007058228844749659	1.0	0.001520587617621443	0.7591263668724783	0.7600086290482291	0.7595672417663522	1504	999	6	aa	0.6	0.0
True	PROKKA_06122025__gr_1e-12_lr_1e-12_mu_1e-14	25913	panaroo	0.0007178496618347543	1.0	0.0015467071495141721	0.7602456366117121	0.7602772552991391	0.7602614456266765	1517	1016	2	aa	0.8	26.0
True	PROKKA_06122025__gr_1e-12_lr_1e-12_mu_1e-14	25913	cdhit	0.0006595445980919245	0.9944569903510573	0.0014010803036177512	0.7614816864542029	0.7605416191056995	0.7610113624668474	1526	1016	6	aa	0.9	0.0
True	PROKKA_06122025__gr_1e-12_lr_1e-12_mu_1e-14	25913	cdhit	0.0007175204195301331	0.9993841100390064	0.0015459926097069654	0.7602137049293678	0.7602695999857856	0.7602416514301872	1516	1014	2	aa	0.85	1.0
True	PROKKA_06122025__gr_1e-12_lr_1e-12_mu_1e-14	25913	panta	0.99975132531313	0.9997938144329896	0.9998109895138227	1.0	0.9999091169567866	0.9999545564133676	1510	1012	1	aa	0.85	7.0
True	PROKKA_06122025__gr_1e-12_lr_1e-12_mu_1e-14	25913	mmseqs2	0.0007176301592141532	1.0	0.0015461105206193162	0.7601883509792533	0.7602635212721562	0.7602259342675161	1516	1015	1	nt	0.85	1.0
True	PROKKA_06122025__gr_1e-12_lr_1e-12_mu_1e-14	25913	mmseqs2	0.0007883417003441831	0.9782385547115582	0.0017002457372240721	0.7671571049742867	0.7619227868605682	0.764530986906763	1575	1046	18	aa	0.95	1.0
True	PROKKA_06122025__gr_1e-12_lr_1e-12_mu_1e-14	25913	diamond	0.0007250004151109334	0.9963046602340382	0.0015629860355428785	0.7611382485663972	0.7604910527402032	0.7608145130171371	1526	1022	4	aa	0.9	1.0
True	PROKKA_06122025__gr_1e-12_lr_1e-12_mu_1e-14	25913	mmseqs2	0.000763173037159652	0.9856292342434818	0.0016458393826372997	0.7647596420593316	0.7613545469769335	0.7630532957615901	1554	1032	16	nt	0.95	2.0
True	PROKKA_06122025__gr_1e-12_lr_1e-12_mu_1e-14	25913	connected_components_t0.1	0.7700297063536481	0.777869020734962	0.8159015659213567	0.9999999999999999	0.9304612852988486	0.9639781873738087	2380	1790	132	nt	0.9	172.0
True	PROKKA_06122025__gr_1e-12_lr_1e-12_mu_1e-14	25913	connected_components_t0.2	0.919662869777987	0.913775405460891	0.9410290155958577	1.0	0.9739462183079777	0.9868011694288434	1781	1188	68	nt	0.9	172.0
True	PROKKA_06122025__gr_1e-12_lr_1e-12_mu_1e-14	25913	connected_components_t0.3	0.9695801067429424	0.9655101621843564	0.9790482198504423	1.0	0.9902405672365043	0.9950963552225011	1603	1055	26	nt	0.9	172.0
True	PROKKA_06122025__gr_1e-12_lr_1e-12_mu_1e-14	25913	connected_components_t0.4	0.9852725963859676	0.9835762677068364	0.9898242043937535	1.0	0.9951860018757527	0.9975871933144471	1561	1039	13	nt	0.9	172.0
True	PROKKA_06122025__gr_1e-12_lr_1e-12_mu_1e-14	25913	connected_components_t0.5	0.9947335888515457	0.9938411003900637	0.9963400470003934	0.9999584116357465	0.9982930945682559	0.9991250591751039	1532	1021	8	nt	0.9	172.0
True	PROKKA_06122025__gr_1e-12_lr_1e-12_mu_1e-14	25913	connected_components_t0.6	0.9983335335705678	0.9981523301170191	0.9987959711697978	0.9999584116357465	0.9994643064829795	0.9997112980067652	1522	1016	5	nt	0.9	172.0
True	PROKKA_06122025__gr_1e-12_lr_1e-12_mu_1e-14	25913	connected_components_t0.7	0.9991148966242339	0.9995894066926709	0.9994061737905083	0.9998578828514538	0.9998569810597775	0.9998574319554123	1518	1015	3	nt	0.9	172.0
True	PROKKA_06122025__gr_1e-12_lr_1e-12_mu_1e-14	25913	hdbscan_dist	0.8573479768572053	0.8885239170601519	0.9047489046503424	0.9868821457523701	0.9696004093215901	0.9781649521914542	1530	731	191	nt	0.9	0.211
True	PROKKA_06122025__gr_1e-12_lr_1e-12_mu_1e-14	25913	hdbscan_tsne	0.5627185087619441	0.6904126462738658	0.7163560462353248	0.9728669853263945	0.9143684328560329	0.9427110705743234	1748	411	575	nt	0.9	14.079
True	PROKKA_06122025__gr_1e-12_lr_1e-12_mu_1e-14	25913	hdbscan_umap	0.719092086362663	0.9817285978238555	0.8268270399454882	0.9057228322495664	0.9952808988491931	0.9483922833423982	586	32	32	nt	0.9	7.133
True	PROKKA_06122025__gr_1e-12_lr_1e-12_mu_1e-14	25913	panx	0.9865983779112296	0.9862394742246868	0.9908799692079961	0.999776655561444	0.9958929818363389	0.9978310397864601	1548	1027	15	aa	0.95	773.0
True	PROKKA_06122025__gr_1e-12_lr_1e-12_mu_1e-14	25913	diamond	0.0007164234487912622	0.9995894066926709	0.001543448319431488	0.7600621786292182	0.7602332663484858	0.7601477128621021	1514	1011	4	aa	0.85	1.0
True	PROKKA_06122025__gr_1e-12_lr_1e-12_mu_1e-14	25913	panta	1.0	1.0	1.0	1.0	1.0000000000000002	1.0000000000000002	1509	1011	1	aa	0.7	7.0
True	PROKKA_06122025__gr_1e-12_lr_1e-12_mu_1e-14	25913	mmseqs2	0.0007192771850040888	0.9995894066926709	0.00154970584120748	0.7603470673166726	0.7603015690911351	0.760324317523244	1517	1014	4	aa	0.8	1.0
True	PROKKA_06122025__gr_1e-12_lr_1e-12_mu_1e-14	25913	panta	1.0	1.0	1.0	1.0	1.0	1.0	1509	1011	1	aa	0.5	7.0
True	PROKKA_06122025__gr_1e-12_lr_1e-12_mu_1e-14	25913	panaroo	0.0007177399066487533	1.0	0.0015463670398398065	0.7602040482474585	0.7602672847929985	0.7602356652052215	1516	1014	3	aa	0.7	28.0
True	PROKKA_06122025__gr_1e-12_lr_1e-12_mu_1e-14	25913	cdhit	0.0007774735268951278	0.979265037979881	0.00167575838646336	0.7658357435968695	0.7616099366813277	0.7637169946140112	1558	1027	16	nt	0.95	1.0
True	PROKKA_06122025__gr_1e-12_lr_1e-12_mu_1e-14	25913	cdhit	0.000715656029945407	0.9997947033463355	0.001541719237052777	0.7599717548049819	0.7602115788817555	0.7600916479260492	1513	1010	4	aa	0.8	0.0
True	PROKKA_06122025__gr_1e-12_lr_1e-12_mu_1e-14	25913	ppanggolin	0.0007169718373399999	0.9995894066926709	0.0015447377988602748	0.7601432787369518	0.7602527142558689	0.7601979925579191	1515	1012	4	aa	0.9	4.0
True	PROKKA_06122025__gr_1e-12_lr_1e-12_mu_1e-14	25913	cdhit	0.0007649152205449888	0.9991788133853419	0.001668811652309646	0.7581580897201468	0.7598074216370005	0.7589818596451159	1493	986	8	aa	0.5	1.0
True	PROKKA_06122025__gr_1e-12_lr_1e-12_mu_1e-14	25913	panaroo	0.0007259931136194855	0.997331143502361	0.001564677243647047	0.761091300451163	0.760479817280705	0.7607854359956774	1524	1018	4	aa	0.9	26.0
True	PROKKA_06122025__gr_1e-12_lr_1e-12_mu_1e-14	25913	ppanggolin	0.0007547737071255145	1.0	0.00164910163735181	0.7578656059984191	0.7597369957441733	0.7588001470449992	1494	990	6	aa	0.5	5.0
True	PROKKA_06122025__gr_1e-12_lr_1e-12_mu_1e-14	25913	cdhit	0.0007158752537814091	0.9997947033463355	0.0015423983860785783	0.7600549315334891	0.7602315283322846	0.760143219676126	1515	1014	2	nt	0.85	13.0
True	PROKKA_06122025__gr_1e-12_lr_1e-12_mu_1e-14	25913	embed_hdbscan_raw	0.8980146750031475	0.9724902484089509	0.9256993684116724	0.9699395426454894	0.9925336338963902	0.9811065245927312	1197	617	0	aa	0.9	11.325
True	PROKKA_06122025__gr_1e-12_lr_1e-12_mu_1e-14	25913	embed_hdbscan_tsne	0.7618130815656945	0.8965304865530692	0.8333833209053167	0.9435761245506148	0.9709239304894614	0.95705470172527	967	218	0	aa	0.9	11.289
True	PROKKA_06122025__gr_1e-12_lr_1e-12_mu_1e-14	25913	embed_hdbscan_umap	0.7212882538141627	0.9850133442824882	0.8210086546475615	0.9007860610139815	0.9959484325935134	0.945980018386918	530	8	0	aa	0.9	13.078
True	PROKKA_06122025__gr_1e-12_lr_1e-12_mu_1e-14	25913	diamond	0.0007566427689849242	1.0	0.0016515608306251113	0.7575845069735995	0.7596692721938064	0.758625457309787	1487	978	11	aa	0.5	2.0
True	PROKKA_06122025__gr_1e-12_lr_1e-12_mu_1e-14	25913	mmseqs2	0.0007259931136194855	0.99774173680969	0.0015643886854443728	0.7610050881227548	0.760459182501	0.7607320373756479	1523	1019	4	aa	0.9	1.0
True	PROKKA_06122025__gr_1e-12_lr_1e-12_mu_1e-14	25913	panaroo	0.0007176301592141532	1.0	0.00154602698892923	0.7601624598832047	0.7602573134574404	0.7602098837115342	1515	1012	4	aa	0.6	30.0
True	PROKKA_06122025__gr_1e-12_lr_1e-12_mu_1e-14	25913	panx	0.9997847770334979	1.0	0.9997409271264783	0.999874920402087	1.0000000000000002	0.9999374562895726	1485	992	2	aa	0.6	740.0
True	PROKKA_06122025__gr_1e-12_lr_1e-12_mu_1e-14	25913	panaroo	0.0007795808639206716	1.0	0.0017007455797701005	0.7595644102027089	0.7601454677832467	0.7598548279099623	1509	1005	5	aa	0.5	30.0
True	PROKKA_06122025__gr_1e-12_lr_1e-12_mu_1e-14	25913	panx	0.9998210010839614	1.0	0.999829092603407	0.9999176116724215	1.0	0.9999588041391817	1493	1000	1	aa	0.7	777.0
True	PROKKA_06122025__gr_1e-12_lr_1e-12_mu_1e-14	25913	diamond	0.0007147794439686758	1.0	0.0015397740129409058	0.7598775711957506	0.7601889854873333	0.7600332464419975	1512	1009	4	aa	0.8	1.0
True	PROKKA_06122025__gr_1e-12_lr_1e-12_mu_1e-14	25913	panx	0.999143725372026	0.9993802933278249	0.9992021702849607	0.9998345925996415	0.999782465380995	0.9998085283108764	1510	1010	4	aa	0.85	792.0
True	PROKKA_06122025__gr_1e-12_lr_1e-12_mu_1e-14	25913	panta	0.9980784517500898	0.9977319587628866	0.9986678745708075	1.0	0.9993605421526502	0.9996801688170452	1514	1012	2	aa	0.9	7.0
True	PROKKA_06122025__gr_1e-12_lr_1e-12_mu_1e-14	25913	mmseqs2	0.0007175204195301331	1.0	0.0015457705028940401	0.7601467626149996	0.7602535496235127	0.7602001523691039	1515	1013	2	nt	0.8	1.0
True	PROKKA_06122025__gr_1e-12_lr_1e-12_mu_1e-14	25913	panx	0.9991437236729576	0.9993797808559024	0.9992021664262353	0.9998344028326618	0.9997822158230378	0.9998083086468482	1506	1006	4	aa	0.8	797.0
True	PROKKA_06122025__gr_1e-12_lr_1e-12_mu_1e-14	25913	mmseqs2	0.0007193870487959881	0.9995894066926709	0.001550046339817407	0.7603886556809261	0.7603115367457643	0.7603500942578875	1518	1016	3	aa	0.85	1.0
True	PROKKA_06122025__gr_1e-12_lr_1e-12_mu_1e-14	25913	ppanggolin	0.0007153272522080024	1.0	0.0015410623844848807	0.759958671303484	0.7602084405784876	0.7600835354219619	1513	1010	4	aa	0.8	4.0
True	PROKKA_06122025__gr_1e-12_lr_1e-12_mu_1e-14	25913	mmseqs2	0.0007174106875958719	0.9997947033463355	0.0015453094777397624	0.7600678862501076	0.7602346351463338	0.7601512515535952	1513	1009	4	nt	0.5	2.0
True	PROKKA_06122025__gr_1e-12_lr_1e-12_mu_1e-14	25913	connected_components_t0.1	0.8191930240265894	0.8240607678094847	0.8605893021892761	1.0	0.9444631391458136	0.9714384604489941	2157	1526	143	aa	0.9	154.0
True	PROKKA_06122025__gr_1e-12_lr_1e-12_mu_1e-14	25913	connected_components_t0.2	0.9509476844479425	0.9462122767398892	0.9635339728195108	1.0	0.9833824285698527	0.9916215999543115	1684	1124	40	aa	0.9	154.0
True	PROKKA_06122025__gr_1e-12_lr_1e-12_mu_1e-14	25913	connected_components_t0.3	0.9814677984862946	0.9786491480188872	0.9874451369910321	1.0	0.9940809133990461	0.9970316718036961	1567	1033	19	aa	0.9	154.0
True	PROKKA_06122025__gr_1e-12_lr_1e-12_mu_1e-14	25913	connected_components_t0.4	0.9913232446620043	0.9903510572777664	0.9941302582258681	1.0	0.9972056725555692	0.9986008814801457	1542	1026	12	aa	0.9	154.0
True	PROKKA_06122025__gr_1e-12_lr_1e-12_mu_1e-14	25913	connected_components_t0.5	0.9984045599040602	0.9983576267706836	0.9989580672716953	0.9999584116357465	0.9995419058266575	0.9997501153510916	1521	1016	3	aa	0.9	154.0
True	PROKKA_06122025__gr_1e-12_lr_1e-12_mu_1e-14	25913	connected_components_t0.6	0.9991857624115739	0.9993841100390064	0.9994053607981935	0.9998578828514538	0.9998565910921962	0.9998572369714077	1518	1015	2	aa	0.9	154.0
True	PROKKA_06122025__gr_1e-12_lr_1e-12_mu_1e-14	25913	connected_components_t0.7	0.9968944177506965	1.0	0.9985741522880756	0.9993143877922812	1.0	0.9996570763398167	1513	1011	3	aa	0.9	154.0
True	PROKKA_06122025__gr_1e-12_lr_1e-12_mu_1e-14	25913	hdbscan_dist	0.9055550283869535	0.9478546499692055	0.9376386994396066	0.9828894226111713	0.9868618979166294	0.9848716545399574	1385	790	0	aa	0.9	0.191
True	PROKKA_06122025__gr_1e-12_lr_1e-12_mu_1e-14	25913	hdbscan_tsne	0.7479341550170983	0.9037158694313283	0.8374831956111637	0.9429484090302847	0.9731697532547449	0.9578207530308381	1039	368	0	aa	0.9	11.105
True	PROKKA_06122025__gr_1e-12_lr_1e-12_mu_1e-14	25913	hdbscan_umap	0.09315551476472834	0.9653048655306918	0.696601140429832	0.8199116620606763	0.9869384155232548	0.8957049914237983	529	33	0	aa	0.9	6.755
True	PROKKA_06122025__gr_1e-12_lr_1e-12_mu_1e-14	25913	cdhit	0.0007199364842279249	0.9985629234243482	0.0015512907173621895	0.7604543332315803	0.760327276266747	0.7603907994415403	1518	1015	2	nt	0.9	1.0
True	PROKKA_06122025__gr_1e-12_lr_1e-12_mu_1e-14	25913	mmseqs2	0.0007169718373399999	1.0	0.0015445158991589513	0.7600763364225835	0.7602366616323832	0.7601564905739041	1514	1011	4	aa	0.7	1.0
True	PROKKA_06122025__gr_1e-12_lr_1e-12_mu_1e-14	25913	mmseqs2	0.0007207060201053268	0.9989735167316772	0.0015529796603285066	0.7605320647740061	0.7603459018369594	0.7604389719118536	1519	1016	3	nt	0.9	2.0
True	PROKKA_06122025__gr_1e-12_lr_1e-12_mu_1e-14	25913	mmseqs2	0.0007165331110146197	1.0	0.0015432403798808201	0.7599358740616176	0.7602029720709449	0.7600693996008765	1511	1006	5	aa	0.6	1.0
True	PROKKA_06122025__gr_1e-12_lr_1e-12_mu_1e-14	25913	ppanggolin	0.0007435241154301464	0.9899404639704373	0.0016034468699141252	0.7629515657813237	0.7609242043738259	0.761936536478707	1539	1023	11	aa	0.95	4.0
True	PROKKA_06122025__gr_1e-12_lr_1e-12_mu_1e-14	25913	ppanggolin	0.0007134654923853634	1.0	0.0015367623019517797	0.7597070644971887	0.7601480723667944	0.7599275044495974	1510	1007	4	aa	0.7	4.0
True	PROKKA_06122025__gr_1e-12_lr_1e-12_mu_1e-14	25913	cdhit	0.0007491577824593587	0.96386778895504	0.0015955256873362734	0.7700500810411859	0.7625734718134004	0.7662935398272355	1591	1038	25	aa	0.95	1.0
True	PROKKA_06122025__gr_1e-12_lr_1e-12_mu_1e-14	25913	ppanggolin	0.0007154368370526827	1.0	0.0015414018639161422	0.7600002596677378	0.7602184159797999	0.7601093221706995	1514	1012	3	aa	0.85	4.0
True	PROKKA_06122025__gr_1e-12_lr_1e-12_mu_1e-14	25913	mmseqs2	0.0007167524586892797	1.0	0.0015439197397001238	0.7600190507901248	0.7602229229535454	0.7601209732016893	1513	1010	3	nt	0.6	1.0
True	PROKKA_06122025__gr_1e-12_lr_1e-12_mu_1e-14	27347	panaroo	0.0014542262637527341	0.999813676169182	0.0038300230025437166	0.7401500475017552	0.74008215527061	0.7401160998292123	1520	1019	1	aa	0.85	26.0
True	PROKKA_06122025__gr_1e-12_lr_1e-12_mu_1e-14	27347	panta	0.999832516995122	0.9994360902255639	0.9997063437745206	1.0	0.9998466964041904	0.9999233423261467	1607	1113	0	aa	0.6	9.0
True	PROKKA_06122025__gr_1e-12_lr_1e-12_mu_1e-14	27347	diamond	0.001447698379117016	1.0	0.0038486702283728595	0.7368492073177088	0.7392495913735071	0.7380474476322063	1494	995	4	aa	0.6	1.0
True	PROKKA_06122025__gr_1e-12_lr_1e-12_mu_1e-14	27347	diamond	0.0014095502772230922	0.9638531768213154	0.003672154706365935	0.750746466043155	0.7427235608079691	0.7467134639444023	1609	1048	39	aa	0.95	1.0
True	PROKKA_06122025__gr_1e-12_lr_1e-12_mu_1e-14	27347	diamond	0.0014136190958138205	1.0	0.0037475050577221287	0.7380776902862384	0.7395424436854677	0.7388093409865008	1506	1009	1	aa	0.7	2.0
True	PROKKA_06122025__gr_1e-12_lr_1e-12_mu_1e-14	27347	panta	0.9993576777830282	0.9990601503759399	0.9995272095810697	1.0	0.9997532456570826	0.9998766076047366	1510	1013	1	aa	0.8	7.0
True	PROKKA_06122025__gr_1e-12_lr_1e-12_mu_1e-14	27347	mmseqs2	0.001449296056081076	1.0	0.003818890959232449	0.7397443824771607	0.7399766825808045	0.7398605142946885	1516	1016	1	nt	0.7	0.0
True	PROKKA_06122025__gr_1e-12_lr_1e-12_mu_1e-14	27347	cdhit	0.0013639291853610662	0.9986957331842743	0.0036134838231075914	0.7383602005191474	0.7395880350317467	0.7389736077516336	1508	1010	1	aa	0.7	0.0
True	PROKKA_06122025__gr_1e-12_lr_1e-12_mu_1e-14	27347	panx	0.9971143186580383	1.0	0.9992376536944719	0.9995982601649197	1.0	0.9997990897256297	1446	975	0	aa	0.5	713.0
True	PROKKA_06122025__gr_1e-12_lr_1e-12_mu_1e-14	27347	ppanggolin	0.0014574272573933847	1.0	0.0038680792767705452	0.7372900245740369	0.7393648581191123	0.7383259836822652	1497	998	4	aa	0.6	4.0
True	PROKKA_06122025__gr_1e-12_lr_1e-12_mu_1e-14	27347	panx	0.9959168223662133	0.9986884017238149	0.9983133283947743	0.9996180468490347	0.9995013030035002	0.999559671517485	1515	1017	2	aa	0.9	780.0
True	PROKKA_06122025__gr_1e-12_lr_1e-12_mu_1e-14	27347	panaroo	0.001482051196593925	0.9653437674678591	0.0038511891108816837	0.7515346978615024	0.7429519033977219	0.7472186552561624	1619	1044	47	aa	0.95	28.0
True	PROKKA_06122025__gr_1e-12_lr_1e-12_mu_1e-14	27347	cdhit	0.0014338184089801478	1.0	0.0037886337754711123	0.7391085201822738	0.7398111863706146	0.7394596863506232	1513	1014	1	nt	0.8	16.0
True	PROKKA_06122025__gr_1e-12_lr_1e-12_mu_1e-14	27347	panta	0.9821900829699418	0.9830827067669173	0.9896355536040147	1.0	0.994670279836003	0.9973280194637305	1550	1029	14	aa	0.95	7.0
True	PROKKA_06122025__gr_1e-12_lr_1e-12_mu_1e-14	27347	mmseqs2	0.0014779045351630148	1.0	0.003908279297283802	0.738152463720216	0.7395900778501296	0.738870571497466	1501	1000	3	aa	0.5	1.0
True	PROKKA_06122025__gr_1e-12_lr_1e-12_mu_1e-14	27347	cdhit	0.0014577523751752143	1.0	0.0038691940601158084	0.7373666388951985	0.7393848811589361	0.7383743808844764	1498	999	4	aa	0.6	0.0
True	PROKKA_06122025__gr_1e-12_lr_1e-12_mu_1e-14	27347	panaroo	0.0014531296038049716	1.0	0.003827536699993506	0.7400583114280482	0.7400583114280483	0.7400583114280482	1519	1019	0	aa	0.8	26.0
True	PROKKA_06122025__gr_1e-12_lr_1e-12_mu_1e-14	27347	cdhit	0.0014024503817432372	0.9947829327370971	0.0036970011711482333	0.7410091484560716	0.7402771713594496	0.7406429790546525	1529	1022	4	aa	0.9	0.0
True	PROKKA_06122025__gr_1e-12_lr_1e-12_mu_1e-14	27347	cdhit	0.0013823974131426339	0.9988820570150923	0.003651141580337886	0.7392902990879426	0.7398304207841634	0.739560261319543	1514	1014	1	aa	0.85	0.0
True	PROKKA_06122025__gr_1e-12_lr_1e-12_mu_1e-14	27347	panta	0.99910611020315	0.9988721804511278	0.9993549149527164	1.0	0.9996634109160347	0.999831677130197	1511	1014	1	aa	0.85	7.0
True	PROKKA_06122025__gr_1e-12_lr_1e-12_mu_1e-14	27347	mmseqs2	0.0014531296038049716	1.0	0.0038275367001663766	0.7400583114280482	0.7400583114280483	0.7400583114280482	1519	1019	0	nt	0.85	1.0
True	PROKKA_06122025__gr_1e-12_lr_1e-12_mu_1e-14	27347	mmseqs2	0.001462353052666546	0.9713061300540339	0.003805154336703323	0.7496679437882566	0.7424766607947911	0.7460549733574067	1601	1060	20	aa	0.95	1.0
True	PROKKA_06122025__gr_1e-12_lr_1e-12_mu_1e-14	27347	diamond	0.0013980124145995235	0.9957145518911868	0.0036873683556920118	0.7407010907970044	0.740197216180759	0.7404490677673883	1528	1025	1	aa	0.9	1.0
True	PROKKA_06122025__gr_1e-12_lr_1e-12_mu_1e-14	27347	mmseqs2	0.0014056159428289202	0.9847214458729271	0.0036792425628085416	0.7452055814249666	0.74133346942308	0.7432644824178046	1563	1038	17	nt	0.95	1.0
True	PROKKA_06122025__gr_1e-12_lr_1e-12_mu_1e-14	27347	connected_components_t0.1	0.759579912699039	0.7687721259549096	0.8064705763718102	0.9999999999999999	0.9218879978467535	0.9593566314786492	2570	1992	126	nt	0.9	179.0
True	PROKKA_06122025__gr_1e-12_lr_1e-12_mu_1e-14	27347	connected_components_t0.2	0.9106905356071011	0.9105645612073784	0.9353731043393064	0.9999999999999999	0.9692765904460506	0.9843986316076654	1862	1278	70	nt	0.9	179.0
True	PROKKA_06122025__gr_1e-12_lr_1e-12_mu_1e-14	27347	connected_components_t0.3	0.9587211616167314	0.9582634618967766	0.971972225778583	1.0	0.9859676259697757	0.9929342382792509	1658	1105	34	nt	0.9	179.0
True	PROKKA_06122025__gr_1e-12_lr_1e-12_mu_1e-14	27347	connected_components_t0.4	0.9852614377272685	0.9849077697037452	0.9903217690274753	0.9999999999999999	0.9950219578052324	0.997504768218068	1565	1041	14	nt	0.9	179.0
True	PROKKA_06122025__gr_1e-12_lr_1e-12_mu_1e-14	27347	connected_components_t0.5	0.9934084106460356	0.9953419042295509	0.9963951793392442	0.9996204914567139	0.9985039123970917	0.9990618899471296	1534	1028	4	nt	0.9	179.0
True	PROKKA_06122025__gr_1e-12_lr_1e-12_mu_1e-14	27347	connected_components_t0.6	0.996105335418028	0.9986957331842743	0.9985019360785421	0.9996204914567139	0.9995977491693804	0.9996091201836937	1523	1022	1	nt	0.9	179.0
True	PROKKA_06122025__gr_1e-12_lr_1e-12_mu_1e-14	27347	connected_components_t0.7	0.9967734132450617	1.0	0.9989387010320816	0.9994455516625612	1.0000000000000002	0.9997226989567295	1517	1017	0	nt	0.9	179.0
True	PROKKA_06122025__gr_1e-12_lr_1e-12_mu_1e-14	27347	hdbscan_dist	0.9557975657034152	0.9925470467672816	0.9712814301121785	0.9866809699796525	0.997986209852502	0.99230139095348	1385	882	0	nt	0.9	0.243
True	PROKKA_06122025__gr_1e-12_lr_1e-12_mu_1e-14	27347	hdbscan_tsne	0.7853952014300404	0.980435997764114	0.8603541674662885	0.9220029761861291	0.9946327329603155	0.9569417241108961	662	125	0	nt	0.9	14.646
True	PROKKA_06122025__gr_1e-12_lr_1e-12_mu_1e-14	27347	hdbscan_umap	0.7321277580271875	0.9886342463201043	0.839079899027174	0.9039865792532307	0.9969276688125075	0.9481850472842058	554	59	0	nt	0.9	7.079
True	PROKKA_06122025__gr_1e-12_lr_1e-12_mu_1e-14	27347	diamond	0.0014338184089801478	0.999813676169182	0.0037884644116964045	0.7390856096856007	0.7398052195116915	0.7394452395220644	1513	1015	0	aa	0.85	1.0
True	PROKKA_06122025__gr_1e-12_lr_1e-12_mu_1e-14	27347	panta	0.9994415056144232	0.9990601503759399	0.9994537421952445	1.0	0.9997149342646426	0.999857446813807	1608	1113	1	aa	0.7	9.0
True	PROKKA_06122025__gr_1e-12_lr_1e-12_mu_1e-14	27347	mmseqs2	0.0014531296038049716	1.0	0.0038275367001678715	0.7400583114280482	0.7400583114280483	0.7400583114280482	1519	1019	0	aa	0.8	1.0
True	PROKKA_06122025__gr_1e-12_lr_1e-12_mu_1e-14	27347	panta	0.999553254266003	0.9992481203007518	0.999528802118585	1.0	0.9997540765430813	0.9998770231500946	1608	1114	0	aa	0.5	9.0
True	PROKKA_06122025__gr_1e-12_lr_1e-12_mu_1e-14	27347	panaroo	0.0014505000878966645	1.0	0.003821834070508982	0.7398740694051962	0.7400104104201436	0.7399422336321553	1518	1019	0	aa	0.7	29.0
True	PROKKA_06122025__gr_1e-12_lr_1e-12_mu_1e-14	27347	cdhit	0.0012669577025115357	0.9724240730389416	0.0033099966787352507	0.7481315013886871	0.7420003935167271	0.7450533343129354	1589	1047	24	nt	0.95	1.0
True	PROKKA_06122025__gr_1e-12_lr_1e-12_mu_1e-14	27347	cdhit	0.0014337098395100412	0.999813676169182	0.003788007716914944	0.7390476588312721	0.7397953349075794	0.7394213078637243	1512	1013	1	aa	0.8	0.0
True	PROKKA_06122025__gr_1e-12_lr_1e-12_mu_1e-14	27347	ppanggolin	0.0014391456278923568	1.0	0.0037994204893563362	0.739374176162574	0.7398803544052541	0.7396271786806934	1514	1014	1	aa	0.9	4.0
True	PROKKA_06122025__gr_1e-12_lr_1e-12_mu_1e-14	27347	cdhit	0.0015474100306461743	0.9990683808459102	0.004117744582361794	0.736296876418053	0.7391613391701674	0.7377263272521838	1487	986	6	aa	0.5	1.0
True	PROKKA_06122025__gr_1e-12_lr_1e-12_mu_1e-14	27347	panaroo	0.0014120098084155468	0.9962735233836407	0.003715121708184338	0.7413195944022167	0.7403576966375571	0.7408383332901877	1531	1021	6	aa	0.9	27.0
True	PROKKA_06122025__gr_1e-12_lr_1e-12_mu_1e-14	27347	ppanggolin	0.001485432653886416	1.0	0.00395738383466994	0.7358072200397114	0.7390048890934637	0.7374025879936885	1484	985	5	aa	0.5	5.0
True	PROKKA_06122025__gr_1e-12_lr_1e-12_mu_1e-14	27347	cdhit	0.001435339007948197	0.999813676169182	0.0037921557259477977	0.7392450911242553	0.7398467495226624	0.7395457979534955	1515	1017	0	nt	0.85	14.0
True	PROKKA_06122025__gr_1e-12_lr_1e-12_mu_1e-14	27347	embed_hdbscan_raw	0.9163173406673765	0.9944102850754611	0.9424303547232111	0.9699267481093793	0.9983587668474623	0.9839374062518381	1194	690	0	aa	0.9	13.955
True	PROKKA_06122025__gr_1e-12_lr_1e-12_mu_1e-14	27347	embed_hdbscan_tsne	0.8018607238322628	0.9796907024408422	0.8626094519183769	0.9237251692018142	0.9944956228364992	0.9578049005494884	647	97	0	aa	0.9	21.637
True	PROKKA_06122025__gr_1e-12_lr_1e-12_mu_1e-14	27347	embed_hdbscan_umap	0.7376167886776077	0.9785727594559344	0.8382280031719004	0.9067799245165468	0.9942218925137024	0.9484898379052185	554	37	0	aa	0.9	14.014
True	PROKKA_06122025__gr_1e-12_lr_1e-12_mu_1e-14	27347	diamond	0.0014889046559678856	1.0	0.003964316352173172	0.7359640455411409	0.7390459911852135	0.7375017985922209	1483	980	8	aa	0.5	1.0
True	PROKKA_06122025__gr_1e-12_lr_1e-12_mu_1e-14	27347	mmseqs2	0.0014612592501199412	0.9983230855226384	0.00384558551771275	0.7406864211046782	0.7402214808297198	0.740453877981749	1524	1021	2	aa	0.9	1.0
True	PROKKA_06122025__gr_1e-12_lr_1e-12_mu_1e-14	27347	panaroo	0.0014502811186871982	1.0	0.0038209145544142236	0.7397981676965388	0.7399906716311391	0.7398944071425373	1516	1015	2	aa	0.6	31.0
True	PROKKA_06122025__gr_1e-12_lr_1e-12_mu_1e-14	27347	panx	0.9971722565479916	1.0	0.9992529513175433	0.999607652136513	1.0	0.999803787576494	1477	996	0	aa	0.6	749.0
True	PROKKA_06122025__gr_1e-12_lr_1e-12_mu_1e-14	27347	panaroo	0.0014333841668755475	1.0	0.0037864173185077465	0.7389048155075736	0.7397581234851517	0.7393312232825415	1509	1008	2	aa	0.5	31.0
True	PROKKA_06122025__gr_1e-12_lr_1e-12_mu_1e-14	27347	panx	0.9967957931672673	0.9996202050892518	0.9990037625399258	0.9996121935001772	0.9998666024942789	0.9997393818120262	1496	1008	1	aa	0.7	740.0
True	PROKKA_06122025__gr_1e-12_lr_1e-12_mu_1e-14	27347	diamond	0.0014338184089801478	0.999813676169182	0.0037884644116964045	0.7390856096856007	0.7398052195116915	0.7394452395220644	1513	1015	0	aa	0.8	1.0
True	PROKKA_06122025__gr_1e-12_lr_1e-12_mu_1e-14	27347	panx	0.9963411238691829	0.9990576705616283	0.9986354742719119	0.9996155545069334	0.9996717117884105	0.9996436323589809	1508	1014	2	aa	0.85	772.0
True	PROKKA_06122025__gr_1e-12_lr_1e-12_mu_1e-14	27347	panta	0.9988264426507136	0.9986842105263158	0.9991772500223766	1.0	0.9995708250071996	0.9997853664459228	1512	1014	2	aa	0.9	7.0
True	PROKKA_06122025__gr_1e-12_lr_1e-12_mu_1e-14	27347	mmseqs2	0.0014530199711004655	1.0	0.0038270763349003306	0.7400203605737196	0.7400484460444916	0.7400344030426337	1518	1017	1	nt	0.8	0.0
True	PROKKA_06122025__gr_1e-12_lr_1e-12_mu_1e-14	27347	panx	0.9965828540090025	0.9992437133673663	0.9988043317464462	0.9996141452348356	0.9997609738710301	0.9996875541615863	1503	1011	2	aa	0.8	789.0
True	PROKKA_06122025__gr_1e-12_lr_1e-12_mu_1e-14	27347	mmseqs2	0.0014531296038049716	1.0	0.0038275367001678715	0.7400583114280482	0.7400583114280483	0.7400583114280482	1519	1019	0	aa	0.85	0.0
True	PROKKA_06122025__gr_1e-12_lr_1e-12_mu_1e-14	27347	ppanggolin	0.0014315397016775497	1.0	0.0037833190197361435	0.7388996453938661	0.7397567764442882	0.739327962492997	1511	1013	0	aa	0.8	4.0
True	PROKKA_06122025__gr_1e-12_lr_1e-12_mu_1e-14	27347	mmseqs2	0.001449296056081076	1.0	0.003818890959232449	0.7397443824771607	0.7399766825808045	0.7398605142946885	1516	1016	1	nt	0.5	2.0
True	PROKKA_06122025__gr_1e-12_lr_1e-12_mu_1e-14	27347	connected_components_t0.1	0.8191404236620242	0.8239239798770263	0.8584622935463552	0.9999999999999999	0.9391676716827956	0.9686296707574469	2294	1698	119	aa	0.9	170.0
True	PROKKA_06122025__gr_1e-12_lr_1e-12_mu_1e-14	27347	connected_components_t0.2	0.930853766888527	0.931991801751444	0.9515644994551253	1.0	0.9764480156149379	0.9880836813318694	1769	1193	59	aa	0.9	170.0
True	PROKKA_06122025__gr_1e-12_lr_1e-12_mu_1e-14	27347	connected_components_t0.3	0.9766142128901287	0.9763368734861189	0.984631389303489	1.0	0.9921615535732976	0.9960653560386994	1592	1057	21	aa	0.9	170.0
True	PROKKA_06122025__gr_1e-12_lr_1e-12_mu_1e-14	27347	connected_components_t0.4	0.9950510148665151	0.9945966089062791	0.9963350739487667	1.0	0.9980978923642804	0.9990480408177255	1540	1033	5	aa	0.9	170.0
True	PROKKA_06122025__gr_1e-12_lr_1e-12_mu_1e-14	27347	connected_components_t0.5	0.9958595917521368	0.9988820570150923	0.998327013104918	0.9994455516625612	0.9996808927469771	0.9995632083523621	1520	1019	1	aa	0.9	170.0
True	PROKKA_06122025__gr_1e-12_lr_1e-12_mu_1e-14	27347	connected_components_t0.6	0.9965243537801248	0.9996273523383641	0.9986803538224038	0.9994455516625611	0.9998651533033224	0.9996553084513822	1519	1019	1	aa	0.9	170.0
True	PROKKA_06122025__gr_1e-12_lr_1e-12_mu_1e-14	27347	connected_components_t0.7	0.9945517620518306	1.0	0.9980448006419833	0.9989776565875574	0.9999999999999999	0.9994885668636297	1514	1015	0	aa	0.9	170.0
True	PROKKA_06122025__gr_1e-12_lr_1e-12_mu_1e-14	27347	hdbscan_dist	0.9551773568806112	0.9936649897521893	0.9690891193653509	0.9850294511638545	0.9984073596147822	0.991673289650428	1374	879	0	aa	0.9	0.977
True	PROKKA_06122025__gr_1e-12_lr_1e-12_mu_1e-14	27347	hdbscan_tsne	0.7821533447679109	0.98080864542575	0.8600892043600556	0.921998074958941	0.9944922851399397	0.95687407727241	701	184	0	aa	0.9	15.618
True	PROKKA_06122025__gr_1e-12_lr_1e-12_mu_1e-14	27347	hdbscan_umap	0.09938549202650297	0.9640395006521334	0.7187771815383447	0.8251411005175363	0.9862849708200205	0.8985453826944317	557	83	0	aa	0.9	7.311
True	PROKKA_06122025__gr_1e-12_lr_1e-12_mu_1e-14	27347	cdhit	0.0014465623342869208	0.9985094093534563	0.0038159747735096255	0.7399544250707394	0.7400313042272301	0.7399928626522071	1519	1018	0	nt	0.9	1.0
True	PROKKA_06122025__gr_1e-12_lr_1e-12_mu_1e-14	27347	mmseqs2	0.001449296056081076	1.0	0.0038188909592319527	0.7397443824771607	0.7399766825808046	0.7398605142946886	1516	1016	1	aa	0.7	1.0
True	PROKKA_06122025__gr_1e-12_lr_1e-12_mu_1e-14	27347	mmseqs2	0.0014531296038049716	1.0	0.003827536700166375	0.7400583114280482	0.7400583114280482	0.7400583114280482	1519	1019	0	nt	0.9	1.0
True	PROKKA_06122025__gr_1e-12_lr_1e-12_mu_1e-14	27347	mmseqs2	0.0014974878928506014	1.0	0.003949348927271601	0.7393441227116665	0.7399006312548269	0.7396222723008548	1512	1011	3	aa	0.6	1.0
True	PROKKA_06122025__gr_1e-12_lr_1e-12_mu_1e-14	27347	ppanggolin	0.0013614203186534805	0.9908701322899199	0.003585485900684428	0.7423987966692163	0.740609198267602	0.7415029176824437	1543	1029	9	aa	0.95	4.0
True	PROKKA_06122025__gr_1e-12_lr_1e-12_mu_1e-14	27347	ppanggolin	0.001412759557153131	1.0	0.0037454440119081694	0.7379917444093509	0.7395200120759736	0.7387550878590831	1505	1008	1	aa	0.7	4.0
True	PROKKA_06122025__gr_1e-12_lr_1e-12_mu_1e-14	27347	cdhit	0.0014533461758434907	0.9511831563256941	0.00377240948393665	0.754617215048176	0.7437050127243128	0.7491213773871958	1647	1075	38	aa	0.95	0.0
True	PROKKA_06122025__gr_1e-12_lr_1e-12_mu_1e-14	27347	ppanggolin	0.0014315397016775497	1.0	0.0037833190197361435	0.7388996453938661	0.7397567764442882	0.739327962492997	1511	1013	0	aa	0.85	4.0
True	PROKKA_06122025__gr_1e-12_lr_1e-12_mu_1e-14	27347	mmseqs2	0.001449296056081076	1.0	0.003818890959232449	0.7397443824771607	0.7399766825808045	0.7398605142946885	1516	1016	1	nt	0.6	0.0
True	PROKKA_06122025__gr_1e-12_lr_1e-12_mu_1e-14	28734	panaroo	0.0005182265154251004	0.9980795083541386	0.0013336351166714526	0.7473415189157877	0.7471819900924158	0.7472617459898677	1531	1029	3	aa	0.85	25.0
True	PROKKA_06122025__gr_1e-12_lr_1e-12_mu_1e-14	28734	panta	0.9991205273903081	0.9988408037094282	0.9993296347867517	1.0	0.9996606001106477	0.9998302712523647	1522	1022	3	aa	0.6	7.0
True	PROKKA_06122025__gr_1e-12_lr_1e-12_mu_1e-14	28734	diamond	0.0004773855122336514	0.9996159016708277	0.0012385373633571153	0.7440162103094861	0.7463386679372741	0.7451756295512064	1503	1003	7	aa	0.6	2.0
True	PROKKA_06122025__gr_1e-12_lr_1e-12_mu_1e-14	28734	diamond	0.0003517123397580355	0.9450739389283657	0.0008878463196615924	0.761325732986236	0.7505236079702416	0.7558860800242497	1634	1060	27	aa	0.95	1.0
True	PROKKA_06122025__gr_1e-12_lr_1e-12_mu_1e-14	28734	diamond	0.0004969154466468017	0.9996159016708277	0.0012838162156518563	0.7454788798411941	0.7467103035150875	0.746094083564196	1514	1012	7	aa	0.7	2.0
True	PROKKA_06122025__gr_1e-12_lr_1e-12_mu_1e-14	28734	panta	0.9985738712657138	0.9980680061823802	0.9988330877523297	1.0	0.9994096420364493	0.9997047338618666	1525	1023	5	aa	0.8	7.0
True	PROKKA_06122025__gr_1e-12_lr_1e-12_mu_1e-14	28734	mmseqs2	0.0005067337728758864	1.0	0.0013067805600827215	0.7463315575896445	0.7469264501540488	0.7466288853735157	1523	1024	3	nt	0.7	1.0
True	PROKKA_06122025__gr_1e-12_lr_1e-12_mu_1e-14	28734	cdhit	0.0004967391359773954	1.0	0.0012831906944686582	0.7453836270346982	0.7466861348011093	0.7460343124034398	1513	1012	6	aa	0.7	0.0
True	PROKKA_06122025__gr_1e-12_lr_1e-12_mu_1e-14	28734	panx	0.99618264090358	1.0	0.9986158594663307	0.9992962077061287	0.9999999999999999	0.9996479799785751	1458	987	2	aa	0.5	696.0
True	PROKKA_06122025__gr_1e-12_lr_1e-12_mu_1e-14	28734	ppanggolin	0.0004724348936243816	1.0	0.0012277561736846851	0.7439383025425195	0.7463188425119887	0.7451266711874199	1505	1006	7	aa	0.6	4.0
True	PROKKA_06122025__gr_1e-12_lr_1e-12_mu_1e-14	28734	panx	0.9920149767946281	0.9955409073284218	0.9958981539881884	0.9992323818232931	0.9986943500278185	0.998963293480904	1524	1024	5	aa	0.9	719.0
True	PROKKA_06122025__gr_1e-12_lr_1e-12_mu_1e-14	28734	panaroo	0.0004892794946480758	0.9431534472825043	0.0012298906021309735	0.7621903663468541	0.7507937726196791	0.7564491469088531	1636	1046	30	aa	0.95	26.0
True	PROKKA_06122025__gr_1e-12_lr_1e-12_mu_1e-14	28734	cdhit	0.0005035423128037241	0.9994238525062416	0.0012994808726077682	0.7461161288769664	0.7468718756219666	0.7464938109709227	1522	1024	2	nt	0.8	16.0
True	PROKKA_06122025__gr_1e-12_lr_1e-12_mu_1e-14	28734	panta	0.9643227418653301	0.9617465224111282	0.9801718581795092	1.0	0.9902405334802874	0.995096338178458	1585	1032	20	aa	0.95	6.0
True	PROKKA_06122025__gr_1e-12_lr_1e-12_mu_1e-14	28734	mmseqs2	0.0004798235238163173	1.0	0.0012445792383334428	0.7443421132461642	0.7464215678610759	0.7453803902461198	1507	1009	4	aa	0.5	3.0
True	PROKKA_06122025__gr_1e-12_lr_1e-12_mu_1e-14	28734	cdhit	0.0005959032502367833	0.9998079508354139	0.0015450401525370888	0.7443267922179071	0.7464760796414059	0.7453998866180351	1505	1003	8	aa	0.6	0.0
True	PROKKA_06122025__gr_1e-12_lr_1e-12_mu_1e-14	28734	panaroo	0.0005170642982682416	0.9984636066833109	0.0013306383367144244	0.7471336780823545	0.7471294444842786	0.7471315612773192	1528	1026	3	aa	0.8	25.0
True	PROKKA_06122025__gr_1e-12_lr_1e-12_mu_1e-14	28734	cdhit	0.0005569119474365762	0.9850201651622815	0.0014237028520180702	0.7508139831490674	0.7480566675531115	0.7494327891785079	1552	1029	9	aa	0.9	0.0
True	PROKKA_06122025__gr_1e-12_lr_1e-12_mu_1e-14	28734	cdhit	0.0005120681788922246	0.997119262531208	0.0013195385069799661	0.7469044220288502	0.7470714594138168	0.7469879313833353	1528	1027	4	aa	0.85	0.0
True	PROKKA_06122025__gr_1e-12_lr_1e-12_mu_1e-14	28734	panta	0.9987561561472995	0.9986476043276662	0.9991154327642926	1.0	0.9995522948824741	0.9997760973200492	1523	1023	4	aa	0.85	6.0
True	PROKKA_06122025__gr_1e-12_lr_1e-12_mu_1e-14	28734	mmseqs2	0.0005121572482241575	0.9990397541770694	0.0013194407579270606	0.7468001907345925	0.7470450876994787	0.7469226191431617	1527	1028	2	nt	0.85	1.0
True	PROKKA_06122025__gr_1e-12_lr_1e-12_mu_1e-14	28734	mmseqs2	0.0004107961562351489	0.9510274630305359	0.0010359151575890062	0.7606410119929344	0.7503839748858837	0.7554776803783648	1628	1061	24	aa	0.95	1.0
True	PROKKA_06122025__gr_1e-12_lr_1e-12_mu_1e-14	28734	diamond	0.0005530623055994575	0.9829076243518341	0.001416850990158726	0.7511866476121551	0.748150178353524	0.7496653382415944	1565	1050	7	aa	0.9	1.0
True	PROKKA_06122025__gr_1e-12_lr_1e-12_mu_1e-14	28734	mmseqs2	0.0004918360683612669	0.9677357403495295	0.0012475160132228097	0.756419048734901	0.7493978929413787	0.7528921021058881	1597	1049	22	nt	0.95	1.0
True	PROKKA_06122025__gr_1e-12_lr_1e-12_mu_1e-14	28734	connected_components_t0.1	0.6875027361234536	0.7057806798540426	0.7644657914408789	1.0	0.911839363168477	0.9538870061314069	2641	1986	137	nt	0.9	169.0
True	PROKKA_06122025__gr_1e-12_lr_1e-12_mu_1e-14	28734	connected_components_t0.2	0.8880312889732195	0.8832341079316305	0.9255416444026311	1.0	0.9660751137690071	0.9827448676841455	1858	1226	73	nt	0.9	169.0
True	PROKKA_06122025__gr_1e-12_lr_1e-12_mu_1e-14	28734	connected_components_t0.3	0.9438801387633384	0.9391204148261955	0.9661010136016259	1.0000000000000002	0.9836616301068009	0.991763529805071	1661	1080	35	nt	0.9	169.0
True	PROKKA_06122025__gr_1e-12_lr_1e-12_mu_1e-14	28734	connected_components_t0.4	0.9654570203954816	0.96274246207029	0.9800831559372304	1.0000000000000002	0.9902055099988065	0.9950786539621231	1601	1047	24	nt	0.9	169.0
True	PROKKA_06122025__gr_1e-12_lr_1e-12_mu_1e-14	28734	connected_components_t0.5	0.9824134708443687	0.9809871327059727	0.9899817216248153	0.9997563610131392	0.9952368229887227	0.997491472629066	1559	1030	12	nt	0.9	169.0
True	PROKKA_06122025__gr_1e-12_lr_1e-12_mu_1e-14	28734	connected_components_t0.6	0.9915309549917231	0.9923180334165547	0.9954056345922251	0.9996190393442579	0.9980643921338682	0.9988411108063919	1540	1029	4	nt	0.9	169.0
True	PROKKA_06122025__gr_1e-12_lr_1e-12_mu_1e-14	28734	connected_components_t0.7	0.9938797014171846	0.9955828692145189	0.9967793869438246	0.9994458648754271	0.9989253800505606	0.9991855546816811	1532	1026	3	nt	0.9	169.0
True	PROKKA_06122025__gr_1e-12_lr_1e-12_mu_1e-14	28734	hdbscan_dist	0.9074847462981411	0.9546763971576724	0.949769443211793	0.9845624940701063	0.989687544049386	0.9871183668787197	1433	907	0	nt	0.9	0.224
True	PROKKA_06122025__gr_1e-12_lr_1e-12_mu_1e-14	28734	hdbscan_tsne	0.7546897086462449	0.9398886114845401	0.8430449573166268	0.924735596043859	0.9853086521476562	0.9540616502404456	749	179	0	nt	0.9	15.242
True	PROKKA_06122025__gr_1e-12_lr_1e-12_mu_1e-14	28734	hdbscan_umap	0.6736644598746566	0.9285577107739581	0.8024478198234812	0.9001824377232774	0.9819848360489334	0.9393059966983611	595	59	0	nt	0.9	7.073
True	PROKKA_06122025__gr_1e-12_lr_1e-12_mu_1e-14	28734	panx	0.9630296634185717	0.9629701060752169	0.9792477497777845	0.999455907875085	0.9903133568431012	0.9948636283560525	1591	1046	17	aa	0.95	712.0
True	PROKKA_06122025__gr_1e-12_lr_1e-12_mu_1e-14	28734	diamond	0.0004519721002570378	0.9953908200499327	0.0011656614604706724	0.7469170075975141	0.7470454928883171	0.746981244717854	1528	1026	3	aa	0.85	1.0
True	PROKKA_06122025__gr_1e-12_lr_1e-12_mu_1e-14	28734	panta	0.9991205273903081	0.9988408037094282	0.9993296347867517	1.0	0.9996606001106477	0.9998302712523647	1522	1022	3	aa	0.7	7.0
True	PROKKA_06122025__gr_1e-12_lr_1e-12_mu_1e-14	28734	mmseqs2	0.0005120681788922246	0.9990397541770694	0.0013191505727604778	0.746761177988714	0.7470352156123531	0.7468981716643707	1526	1026	3	aa	0.8	1.0
True	PROKKA_06122025__gr_1e-12_lr_1e-12_mu_1e-14	28734	panta	0.9991205273903081	0.9988408037094282	0.9993296347867523	1.0	0.9996606001106478	0.9998302712523648	1522	1022	3	aa	0.5	7.0
True	PROKKA_06122025__gr_1e-12_lr_1e-12_mu_1e-14	28734	panaroo	0.0005137614097883876	0.9998079508354139	0.0013229345814555005	0.7468466799683392	0.7470568506888249	0.7469517505445847	1526	1025	4	aa	0.7	29.0
True	PROKKA_06122025__gr_1e-12_lr_1e-12_mu_1e-14	28734	cdhit	0.00037305424190047903	0.9642788553869791	0.0009470716422469528	0.7569537810030025	0.7494726793310494	0.7531946541250817	1600	1045	26	nt	0.95	1.0
True	PROKKA_06122025__gr_1e-12_lr_1e-12_mu_1e-14	28734	cdhit	0.0005077991212905486	0.9986556558478971	0.0013092590539772883	0.7464150580314072	0.7469475969839672	0.7466812325549526	1522	1020	5	aa	0.8	0.0
True	PROKKA_06122025__gr_1e-12_lr_1e-12_mu_1e-14	28734	ppanggolin	0.0005154565715148122	0.9976954100249664	0.0013268839246412174	0.746988930230268	0.7470928369230821	0.7470408799635526	1526	1024	2	aa	0.9	5.0
True	PROKKA_06122025__gr_1e-12_lr_1e-12_mu_1e-14	28734	cdhit	0.0005702369480272595	0.9992318033416555	0.00148650428388802	0.7425465825364728	0.7460226411277618	0.7442805532424533	1492	992	8	aa	0.5	1.0
True	PROKKA_06122025__gr_1e-12_lr_1e-12_mu_1e-14	28734	panaroo	0.000441791151115285	0.9834837718455924	0.0011294644784093438	0.7513478267544499	0.7481324726026857	0.7497367023167298	1557	1031	7	aa	0.9	25.0
True	PROKKA_06122025__gr_1e-12_lr_1e-12_mu_1e-14	28734	ppanggolin	0.00045399638913108816	1.0	0.0011837638798363266	0.7422033917326838	0.7458765502081457	0.7440354375805055	1490	994	6	aa	0.5	4.0
True	PROKKA_06122025__gr_1e-12_lr_1e-12_mu_1e-14	28734	cdhit	0.0005049598912090651	1.0	0.0013026541516117306	0.7461845117131337	0.7468892015880723	0.7465366903534485	1522	1024	2	nt	0.85	14.0
True	PROKKA_06122025__gr_1e-12_lr_1e-12_mu_1e-14	28734	embed_hdbscan_raw	0.8736935166778964	0.9439216439408489	0.9152028804026224	0.9699949923710941	0.9855070644910577	0.9776895034685705	1243	630	0	aa	0.9	12.158
True	PROKKA_06122025__gr_1e-12_lr_1e-12_mu_1e-14	28734	embed_hdbscan_tsne	0.7461969521533028	0.8511618974457461	0.8320855587653085	0.9515986473521301	0.9612692655949238	0.9564095112788105	1077	260	0	aa	0.9	13.766
True	PROKKA_06122025__gr_1e-12_lr_1e-12_mu_1e-14	28734	embed_hdbscan_umap	0.695845520194946	0.9512195121951219	0.8164865364982793	0.9029777602253525	0.9874838086524754	0.9433420202507569	566	11	0	aa	0.9	13.096
True	PROKKA_06122025__gr_1e-12_lr_1e-12_mu_1e-14	28734	diamond	0.00046000209894506394	0.9996159016708277	0.0011976453255236777	0.7425668331945624	0.7459693324023762	0.7442641940784211	1488	984	11	aa	0.5	1.0
True	PROKKA_06122025__gr_1e-12_lr_1e-12_mu_1e-14	28734	mmseqs2	0.0005422081582289756	0.9896293451123488	0.0013901743245481456	0.7497068903215882	0.7477784603594413	0.7487414336448557	1548	1035	6	aa	0.9	1.0
True	PROKKA_06122025__gr_1e-12_lr_1e-12_mu_1e-14	28734	panaroo	0.0005126026749920135	1.0	0.0013200569011534806	0.7466810664732354	0.7470149411585447	0.7468479665016358	1524	1023	4	aa	0.6	31.0
True	PROKKA_06122025__gr_1e-12_lr_1e-12_mu_1e-14	28734	panx	0.9962482870234555	1.0	0.9986406163949262	0.9993104627439886	1.0000000000000002	0.9996551124655924	1482	1001	2	aa	0.6	756.0
True	PROKKA_06122025__gr_1e-12_lr_1e-12_mu_1e-14	28734	panaroo	0.0005076215100792567	1.0	0.001308000720963426	0.7460856582452293	0.7468641546000734	0.7464747034497955	1517	1016	3	aa	0.5	31.0
True	PROKKA_06122025__gr_1e-12_lr_1e-12_mu_1e-14	28734	panx	0.9962778691450745	1.0	0.9985842579398831	0.9992816736188277	1.0	0.9996407077648684	1496	1006	3	aa	0.7	692.0
True	PROKKA_06122025__gr_1e-12_lr_1e-12_mu_1e-14	28734	diamond	0.0005053144977822728	0.9975033608603803	0.001303998760431024	0.746405999399645	0.7469453030191611	0.7466755538283	1524	1023	4	aa	0.8	1.0
True	PROKKA_06122025__gr_1e-12_lr_1e-12_mu_1e-14	28734	panx	0.9943304433186518	0.9982452719828426	0.9974972887193042	0.9992276554724259	0.9995057714736574	0.9993666941236604	1512	1019	3	aa	0.85	775.0
True	PROKKA_06122025__gr_1e-12_lr_1e-12_mu_1e-14	28734	panta	0.9939338009963565	0.9926584234930448	0.9960407546090129	1.0	0.9980052800110617	0.999001644285481	1534	1023	9	aa	0.9	6.0
True	PROKKA_06122025__gr_1e-12_lr_1e-12_mu_1e-14	28734	mmseqs2	0.0005077991212905486	1.0	0.0013093834541241754	0.74646743512525	0.7469608598945938	0.7467140659968008	1525	1027	2	nt	0.8	1.0
True	PROKKA_06122025__gr_1e-12_lr_1e-12_mu_1e-14	28734	panx	0.9944232263696191	0.998439328911432	0.9975609007791135	0.9991873241345919	0.9995769871500724	0.9993821176595483	1507	1013	4	aa	0.8	716.0
True	PROKKA_06122025__gr_1e-12_lr_1e-12_mu_1e-14	28734	mmseqs2	0.0005193001371419841	0.9980795083541386	0.0013361612101740242	0.7474434661670691	0.7472077560656065	0.7473255925303122	1532	1031	3	aa	0.85	1.0
True	PROKKA_06122025__gr_1e-12_lr_1e-12_mu_1e-14	28734	ppanggolin	0.0004992094006890276	1.0	0.0012893182005176322	0.7457300056156698	0.746774000134539	0.7462516377422299	1518	1019	4	aa	0.8	5.0
True	PROKKA_06122025__gr_1e-12_lr_1e-12_mu_1e-14	28734	mmseqs2	0.0005066450283723807	1.0	0.0013064916110157958	0.7462925448437661	0.746916568804421	0.7466044264318062	1522	1022	4	nt	0.5	2.0
True	PROKKA_06122025__gr_1e-12_lr_1e-12_mu_1e-14	28734	connected_components_t0.1	0.7553587487129241	0.7632033800652968	0.8211105504990637	0.9999999999999999	0.9285562693286722	0.9629548114267895	2365	1669	160	aa	0.9	167.0
True	PROKKA_06122025__gr_1e-12_lr_1e-12_mu_1e-14	28734	connected_components_t0.2	0.907410809394605	0.9028231227194161	0.9407257247452054	1.0000000000000002	0.9724287839085783	0.9860216924857554	1778	1157	60	aa	0.9	167.0
True	PROKKA_06122025__gr_1e-12_lr_1e-12_mu_1e-14	28734	connected_components_t0.3	0.959767587543379	0.9577491837910506	0.976911204545446	0.9998532258028661	0.9888331774124204	0.9943126685214987	1610	1051	22	aa	0.9	167.0
True	PROKKA_06122025__gr_1e-12_lr_1e-12_mu_1e-14	28734	connected_components_t0.4	0.9762608638273321	0.974265411945458	0.9863639603488606	0.9998532258028662	0.9933724675027853	0.9966023109096119	1575	1037	16	aa	0.9	167.0
True	PROKKA_06122025__gr_1e-12_lr_1e-12_mu_1e-14	28734	connected_components_t0.5	0.9901348494013577	0.9911657384290379	0.9945211190614492	0.9994458648754271	0.9977921780927362	0.9986183368686486	1540	1027	6	aa	0.9	167.0
True	PROKKA_06122025__gr_1e-12_lr_1e-12_mu_1e-14	28734	connected_components_t0.6	0.9942435699819044	0.9961590167082773	0.9970797457808066	0.999445864875427	0.999076674390405	0.9992612355323213	1531	1027	2	aa	0.9	167.0
True	PROKKA_06122025__gr_1e-12_lr_1e-12_mu_1e-14	28734	connected_components_t0.7	0.9956398977123577	0.9984636066833109	0.9978200584229814	0.9992735911167335	0.9996215636750496	0.9994475471079345	1525	1023	2	aa	0.9	167.0
True	PROKKA_06122025__gr_1e-12_lr_1e-12_mu_1e-14	28734	hdbscan_dist	0.9455947848869677	0.9767620510850777	0.9659709555934107	0.9881187771858839	0.9943999863779093	0.9912494314122862	1460	963	0	aa	0.9	0.226
True	PROKKA_06122025__gr_1e-12_lr_1e-12_mu_1e-14	28734	hdbscan_tsne	0.7770755202460093	0.9608219704244286	0.8599286532019775	0.9294683831396671	0.9904661941446948	0.9589983147533239	826	302	0	aa	0.9	13.887
True	PROKKA_06122025__gr_1e-12_lr_1e-12_mu_1e-14	28734	hdbscan_umap	0.12314644435421375	0.9089686959861725	0.6976614581955045	0.8310355264257429	0.9724380420520866	0.8961934062335651	620	128	0	aa	0.9	7.493
True	PROKKA_06122025__gr_1e-12_lr_1e-12_mu_1e-14	28734	cdhit	0.0004688240262738781	0.9921259842519685	0.001205345028995426	0.7484341353420948	0.7474287416672551	0.7479311006339862	1538	1028	6	nt	0.9	1.0
True	PROKKA_06122025__gr_1e-12_lr_1e-12_mu_1e-14	28734	mmseqs2	0.0005098431796597809	0.9990397541770694	0.0013139408878713032	0.7465609218144297	0.7469845291086045	0.7467726653886416	1524	1024	3	aa	0.7	1.0
True	PROKKA_06122025__gr_1e-12_lr_1e-12_mu_1e-14	28734	mmseqs2	0.0005232433828041811	0.9965431150374496	0.0013455360645878431	0.7478541627823097	0.7473115016495706	0.7475827337381888	1535	1032	3	nt	0.9	2.0
True	PROKKA_06122025__gr_1e-12_lr_1e-12_mu_1e-14	28734	mmseqs2	0.0004994743167993345	1.0	0.001290444410771756	0.7459414301308595	0.7468276019216812	0.7463842529914585	1521	1022	4	aa	0.6	1.0
True	PROKKA_06122025__gr_1e-12_lr_1e-12_mu_1e-14	28734	ppanggolin	0.000529741789900142	0.9715767236412521	0.0013474662753966092	0.7539436251909584	0.7488108069103354	0.7513684502060953	1573	1033	15	aa	0.95	4.0
True	PROKKA_06122025__gr_1e-12_lr_1e-12_mu_1e-14	28734	ppanggolin	0.0004961222142120898	1.0	0.0012819281904902415	0.7454000381251586	0.746690299153757	0.7460446107732616	1514	1014	5	aa	0.7	5.0
True	PROKKA_06122025__gr_1e-12_lr_1e-12_mu_1e-14	28734	cdhit	0.00048210742089887463	0.9466103322450548	0.0012135898692696339	0.7616362112829451	0.7506576643427522	0.7561070882522373	1635	1058	31	aa	0.95	0.0
True	PROKKA_06122025__gr_1e-12_lr_1e-12_mu_1e-14	28734	ppanggolin	0.0005070888040018829	0.9988477050124832	0.0013075660603386991	0.746341882800754	0.7469290652476775	0.7466353585785807	1522	1022	3	aa	0.85	5.0
True	PROKKA_06122025__gr_1e-12_lr_1e-12_mu_1e-14	28734	mmseqs2	0.0005067337728758864	1.0	0.0013067805600827215	0.7463315575896445	0.7469264501540488	0.7466288853735157	1523	1024	3	nt	0.6	1.0
True	PROKKA_06122025__gr_1e-12_lr_1e-12_mu_1e-14	29492	panaroo	0.0008262782545974221	1.0	0.0019023040145798335	0.779044195300065	0.779044195300065	0.779044195300065	1514	1015	5	aa	0.85	24.0
True	PROKKA_06122025__gr_1e-12_lr_1e-12_mu_1e-14	29492	panta	0.9992807872303616	0.9995469988674972	0.99962751462639	1.0	0.9998349697747594	0.999917478078074	1504	1007	6	aa	0.6	7.0
True	PROKKA_06122025__gr_1e-12_lr_1e-12_mu_1e-14	29492	diamond	0.0008186986218365711	0.9997750281214848	0.0018850987290231003	0.7779988141594686	0.7788129705509346	0.7784056794679932	1500	996	10	aa	0.6	1.0
True	PROKKA_06122025__gr_1e-12_lr_1e-12_mu_1e-14	29492	diamond	0.0007839087914144857	0.9865016872890888	0.0017946377970670237	0.7833347003721819	0.7799529207633238	0.7816401527529119	1549	1034	17	aa	0.95	1.0
True	PROKKA_06122025__gr_1e-12_lr_1e-12_mu_1e-14	29492	diamond	0.0008217260271438304	0.9997750281214848	0.0018916328207644246	0.778338496516358	0.7788881569413554	0.7786132297209543	1504	1001	9	aa	0.7	1.0
True	PROKKA_06122025__gr_1e-12_lr_1e-12_mu_1e-14	29492	panta	0.9992807872303616	0.9995469988674972	0.99962751462639	1.0	0.9998349697747594	0.999917478078074	1504	1007	6	aa	0.8	7.0
True	PROKKA_06122025__gr_1e-12_lr_1e-12_mu_1e-14	29492	mmseqs2	0.0008250354119986577	1.0	0.0018994852999817268	0.7788738303622263	0.7790065457639713	0.7789401824101045	1512	1013	5	nt	0.7	1.0
True	PROKKA_06122025__gr_1e-12_lr_1e-12_mu_1e-14	29492	cdhit	0.0008213128504989697	1.0	0.0018910592209807665	0.7783659503349907	0.7788942314257806	0.7786300012740007	1505	1003	8	aa	0.7	0.0
True	PROKKA_06122025__gr_1e-12_lr_1e-12_mu_1e-14	29492	panx	0.9999537025326177	1.0	0.9998935152696276	0.9999526092282154	1.0	0.999976304052623	1460	981	6	aa	0.5	766.0
True	PROKKA_06122025__gr_1e-12_lr_1e-12_mu_1e-14	29492	ppanggolin	0.0008180114000421258	1.0	0.0018840268191561735	0.7780174746252722	0.7788171022460304	0.7784170830816781	1501	998	9	aa	0.6	4.0
True	PROKKA_06122025__gr_1e-12_lr_1e-12_mu_1e-14	29492	panx	0.9986079640397464	0.9986422267481331	0.9989077443382165	0.9999543208096249	0.9995621706432971	0.9997582072717262	1509	1012	6	aa	0.9	737.0
True	PROKKA_06122025__gr_1e-12_lr_1e-12_mu_1e-14	29492	panaroo	0.0007774186304007961	0.9883014623172104	0.0017823488435134672	0.7830149002311345	0.7798828311615457	0.7814457273410723	1550	1035	15	aa	0.95	25.0
True	PROKKA_06122025__gr_1e-12_lr_1e-12_mu_1e-14	29492	cdhit	0.0008232419515199302	1.0	0.0018954773239460534	0.7786413319675293	0.7789551444329113	0.7787982065879685	1509	1009	6	nt	0.8	14.0
True	PROKKA_06122025__gr_1e-12_lr_1e-12_mu_1e-14	29492	panta	0.9922139895811097	0.9932049830124575	0.9947094142312859	1.0	0.9976724246979765	0.9988348563692191	1524	1022	9	aa	0.95	7.0
True	PROKKA_06122025__gr_1e-12_lr_1e-12_mu_1e-14	29492	mmseqs2	0.0008033776437169949	1.0	0.0018559330737253285	0.777205842147034	0.7786372523950419	0.777920888806407	1499	1002	6	aa	0.5	4.0
True	PROKKA_06122025__gr_1e-12_lr_1e-12_mu_1e-14	29492	cdhit	0.000817736596755899	1.0	0.001883068042950357	0.7779015432988095	0.7787914308858719	0.778346232739064	1499	995	10	aa	0.6	0.0
True	PROKKA_06122025__gr_1e-12_lr_1e-12_mu_1e-14	29492	panaroo	0.0008262782545974221	1.0	0.0019023040145798335	0.779044195300065	0.779044195300065	0.779044195300065	1514	1015	5	aa	0.8	24.0
True	PROKKA_06122025__gr_1e-12_lr_1e-12_mu_1e-14	29492	cdhit	0.0008336174666881051	0.9979752530933633	0.0019174089059299025	0.7796968227224348	0.7791883030686623	0.7794424799541457	1519	1017	7	aa	0.9	0.0
True	PROKKA_06122025__gr_1e-12_lr_1e-12_mu_1e-14	29492	cdhit	0.0008246213523423343	1.0	0.0018985526881232302	0.7788182869831896	0.7789942682671894	0.7789062676851577	1511	1011	6	aa	0.85	0.0
True	PROKKA_06122025__gr_1e-12_lr_1e-12_mu_1e-14	29492	panta	0.9992807872303616	0.9995469988674972	0.99962751462639	1.0	0.9998349697747594	0.999917478078074	1504	1007	6	aa	0.85	7.0
True	PROKKA_06122025__gr_1e-12_lr_1e-12_mu_1e-14	29492	mmseqs2	0.0008250354119986577	1.0	0.0018994852999817268	0.7788738303622263	0.7790065457639713	0.7789401824101045	1512	1013	5	nt	0.85	1.0
True	PROKKA_06122025__gr_1e-12_lr_1e-12_mu_1e-14	29492	mmseqs2	0.0007812817906675503	0.9894263217097863	0.00178834080740808	0.7828869852594543	0.7798547839322836	0.7813679428926812	1546	1037	12	aa	0.95	1.0
True	PROKKA_06122025__gr_1e-12_lr_1e-12_mu_1e-14	29492	diamond	0.0008330623529044074	0.997525309336333	0.0019168389830253134	0.779778772401316	0.7792063852335748	0.7794924737404123	1522	1023	6	aa	0.9	1.0
True	PROKKA_06122025__gr_1e-12_lr_1e-12_mu_1e-14	29492	mmseqs2	0.0007574321091971677	0.9946006749156355	0.0017396555621509797	0.7808606384980984	0.7794095223811842	0.7801344056404823	1529	1024	9	nt	0.95	1.0
True	PROKKA_06122025__gr_1e-12_lr_1e-12_mu_1e-14	29492	connected_components_t0.1	0.8435936708768196	0.8490438695163105	0.8632094761454907	1.0	0.9493842438204267	0.974035002929758	2147	1664	62	nt	0.9	148.0
True	PROKKA_06122025__gr_1e-12_lr_1e-12_mu_1e-14	29492	connected_components_t0.2	0.949620299398422	0.9516310461192351	0.9591559951401288	1.0	0.9829183085909611	0.9913855798622502	1707	1197	31	nt	0.9	148.0
True	PROKKA_06122025__gr_1e-12_lr_1e-12_mu_1e-14	29492	connected_components_t0.3	0.9817351021431205	0.9833520809898763	0.9861513159711762	1.0	0.9939879940789004	0.9969849337413504	1577	1068	17	nt	0.9	148.0
True	PROKKA_06122025__gr_1e-12_lr_1e-12_mu_1e-14	29492	connected_components_t0.4	0.9914041215342474	0.9925759280089989	0.9940113545309025	1.0	0.9973711008877547	0.9986838203921761	1540	1036	7	nt	0.9	148.0
True	PROKKA_06122025__gr_1e-12_lr_1e-12_mu_1e-14	29492	connected_components_t0.5	0.9963275969132246	0.9970753655793025	0.997648322836564	1.0	0.9989622869043145	0.999480874100285	1524	1022	6	nt	0.9	148.0
True	PROKKA_06122025__gr_1e-12_lr_1e-12_mu_1e-14	29492	connected_components_t0.6	0.9993749036995999	0.9995500562429697	0.9995555187665432	1.0	0.9998033296980057	0.9999016551782499	1517	1017	5	nt	0.9	148.0
True	PROKKA_06122025__gr_1e-12_lr_1e-12_mu_1e-14	29492	connected_components_t0.7	1.0	1.0	1.0	1.0	1.0	1.0	1515	1015	5	nt	0.9	148.0
True	PROKKA_06122025__gr_1e-12_lr_1e-12_mu_1e-14	29492	hdbscan_dist	0.9304003085566098	0.9772778402699662	0.9463992418229051	0.9825009535004028	0.9931225991121823	0.9877832234589261	1326	697	102	nt	0.9	0.168
True	PROKKA_06122025__gr_1e-12_lr_1e-12_mu_1e-14	29492	hdbscan_tsne	0.6196095118325338	0.7435320584926884	0.7377082349095023	0.9700407674406722	0.9286008131640042	0.9488685538644568	1597	387	539	nt	0.9	14.186
True	PROKKA_06122025__gr_1e-12_lr_1e-12_mu_1e-14	29492	hdbscan_umap	0.7255687900479338	0.9997750281214848	0.8208307905418314	0.9036934534843102	0.9998863115708049	0.9493594443298231	581	41	40	nt	0.9	6.659
True	PROKKA_06122025__gr_1e-12_lr_1e-12_mu_1e-14	29492	panx	0.9916926053873898	0.9930022573363431	0.994520018869372	0.9999544555014988	0.9976370961947856	0.9987944316909364	1529	1025	8	aa	0.95	727.0
True	PROKKA_06122025__gr_1e-12_lr_1e-12_mu_1e-14	29492	diamond	0.0008255876635543004	0.9995500562429697	0.0019001402719795416	0.7788116969053681	0.7789928114835184	0.7789022436660071	1510	1009	7	aa	0.85	1.0
True	PROKKA_06122025__gr_1e-12_lr_1e-12_mu_1e-14	29492	panta	0.9992807872303616	0.9995469988674972	0.99962751462639	1.0	0.9998349697747594	0.999917478078074	1504	1007	6	aa	0.7	7.0
True	PROKKA_06122025__gr_1e-12_lr_1e-12_mu_1e-14	29492	mmseqs2	0.0008257257571709132	1.0	0.00190102427555725	0.7789623078700563	0.7790261003153209	0.7789942027866853	1513	1014	5	aa	0.8	1.0
True	PROKKA_06122025__gr_1e-12_lr_1e-12_mu_1e-14	29492	panta	0.9992807872303616	0.9995469988674972	0.99962751462639	1.0	0.9998349697747594	0.999917478078074	1504	1007	6	aa	0.5	7.0
True	PROKKA_06122025__gr_1e-12_lr_1e-12_mu_1e-14	29492	panaroo	0.0008257257571709132	1.0	0.0019010242755974393	0.7789623078700565	0.7790261003153208	0.7789942027866853	1513	1014	5	aa	0.7	27.0
True	PROKKA_06122025__gr_1e-12_lr_1e-12_mu_1e-14	29492	cdhit	0.000769721517569014	0.9912260967379077	0.0017648635704938984	0.7819290613209212	0.779644517689895	0.7807851183899152	1538	1031	9	nt	0.95	1.0
True	PROKKA_06122025__gr_1e-12_lr_1e-12_mu_1e-14	29492	cdhit	0.0008237935645788912	0.9997750281214848	0.0018965883063870612	0.7786844379595043	0.7789646762198119	0.7788245318806806	1509	1008	7	aa	0.8	0.0
True	PROKKA_06122025__gr_1e-12_lr_1e-12_mu_1e-14	29492	ppanggolin	0.0008258638630818898	0.9997750281214848	0.0019012790902303742	0.7789677881802171	0.7790273114133649	0.7789975486597478	1513	1014	5	aa	0.9	5.0
True	PROKKA_06122025__gr_1e-12_lr_1e-12_mu_1e-14	29492	cdhit	0.0007942847019970977	0.9986501687289089	0.001836502429829501	0.7762418882305262	0.77842326926107	0.7773310483766451	1487	986	9	aa	0.5	1.0
True	PROKKA_06122025__gr_1e-12_lr_1e-12_mu_1e-14	29492	panaroo	0.0008333398850260469	0.9982002249718785	0.0019166591463897996	0.7796311734740351	0.7791738154506366	0.7794024273672331	1518	1016	6	aa	0.9	25.0
True	PROKKA_06122025__gr_1e-12_lr_1e-12_mu_1e-14	29492	ppanggolin	0.0007873991149968062	1.0	0.0018232490272083383	0.7758681860061736	0.7783402017206477	0.7771022279553184	1486	987	9	aa	0.5	5.0
True	PROKKA_06122025__gr_1e-12_lr_1e-12_mu_1e-14	29492	cdhit	0.0008244833570215573	1.0	0.001898293034484269	0.7788116969053681	0.7789928114835184	0.7789022436660071	1511	1011	6	nt	0.85	12.0
True	PROKKA_06122025__gr_1e-12_lr_1e-12_mu_1e-14	29492	embed_hdbscan_raw	0.8953889834967541	0.967154105736783	0.91781764812585	0.9719728856197923	0.9899712701158804	0.9808895215311736	1215	528	144	aa	0.9	9.548
True	PROKKA_06122025__gr_1e-12_lr_1e-12_mu_1e-14	29492	embed_hdbscan_tsne	0.6501540914317621	0.7829021372328459	0.7554592497666721	0.9609960605590172	0.9381224279006459	0.9494214953020608	1387	242	462	aa	0.9	10.033
True	PROKKA_06122025__gr_1e-12_lr_1e-12_mu_1e-14	29492	embed_hdbscan_umap	0.68798558313332	0.9968503937007874	0.8030585606587296	0.8928526552015642	0.9991111833596994	0.9429980158422554	517	10	12	aa	0.9	12.818
True	PROKKA_06122025__gr_1e-12_lr_1e-12_mu_1e-14	29492	diamond	0.0007936082765226034	0.9997750281214848	0.001835023469798549	0.7761626295785312	0.7784056566361419	0.7772825249184073	1486	984	11	aa	0.5	1.0
True	PROKKA_06122025__gr_1e-12_lr_1e-12_mu_1e-14	29492	mmseqs2	0.0008293205113322204	0.9991001124859392	0.0019085302983745088	0.7793062525320144	0.779102083196686	0.7792041544900897	1516	1016	6	aa	0.9	1.0
True	PROKKA_06122025__gr_1e-12_lr_1e-12_mu_1e-14	29492	panaroo	0.0008255876635543004	1.0	0.0019005972488591884	0.7789169363542012	0.7790160731184773	0.7789665015821287	1512	1012	6	aa	0.6	28.0
True	PROKKA_06122025__gr_1e-12_lr_1e-12_mu_1e-14	29492	panx	0.9999547375382557	1.0	0.9998959586652215	0.9999537021440568	1.0	0.9999768505361432	1483	992	6	aa	0.6	771.0
True	PROKKA_06122025__gr_1e-12_lr_1e-12_mu_1e-14	29492	panaroo	0.0008110191279428502	1.0	0.0018716201772842212	0.7778646963930914	0.7787832704093085	0.7783237123771016	1505	1008	5	aa	0.5	29.0
True	PROKKA_06122025__gr_1e-12_lr_1e-12_mu_1e-14	29492	panx	0.9999547376103188	1.0	0.9998959590449228	0.9999537456255252	0.9999999999999999	0.9999768722778835	1486	995	6	aa	0.7	770.0
True	PROKKA_06122025__gr_1e-12_lr_1e-12_mu_1e-14	29492	diamond	0.0008255876635543004	0.9995500562429697	0.0019001402719795416	0.7788116969053681	0.7789928114835184	0.7789022436660071	1510	1009	7	aa	0.8	1.0
True	PROKKA_06122025__gr_1e-12_lr_1e-12_mu_1e-14	29492	panx	0.9994152953844022	0.9995458673932789	0.9994758632054902	0.9999541368749819	0.9998133870748005	0.9998837570216889	1501	1007	6	aa	0.85	748.0
True	PROKKA_06122025__gr_1e-12_lr_1e-12_mu_1e-14	29492	panta	0.9990108162644012	0.9993204983012458	0.9994136948942397	1.0	0.9997403163386898	0.9998701413082546	1505	1008	6	aa	0.9	7.0
True	PROKKA_06122025__gr_1e-12_lr_1e-12_mu_1e-14	29492	mmseqs2	0.0008250354119986577	1.0	0.0018994852999817268	0.7788738303622263	0.7790065457639713	0.7789401824101045	1512	1013	5	nt	0.8	1.0
True	PROKKA_06122025__gr_1e-12_lr_1e-12_mu_1e-14	29492	panx	0.9994129210038237	0.9995447302526748	0.9994740611306075	0.999954014782303	0.9998128903607973	0.9998834475919443	1499	1006	6	aa	0.8	765.0
True	PROKKA_06122025__gr_1e-12_lr_1e-12_mu_1e-14	29492	mmseqs2	0.0008257257571709132	1.0	0.00190102427555725	0.7789623078700563	0.7790261003153209	0.7789942027866853	1513	1014	5	aa	0.85	1.0
True	PROKKA_06122025__gr_1e-12_lr_1e-12_mu_1e-14	29492	ppanggolin	0.0008233798363832895	1.0	0.001895736837072376	0.7786479220453507	0.7789566017131927	0.7788022312928373	1509	1009	6	aa	0.8	5.0
True	PROKKA_06122025__gr_1e-12_lr_1e-12_mu_1e-14	29492	mmseqs2	0.0008250354119986577	1.0	0.0018994852999817268	0.7788738303622263	0.7790065457639713	0.7789401824101045	1512	1013	5	nt	0.5	2.0
True	PROKKA_06122025__gr_1e-12_lr_1e-12_mu_1e-14	29492	connected_components_t0.1	0.8784712190343986	0.8868391451068617	0.898484615857407	1.0	0.9607743609373094	0.9799948225333079	1975	1454	69	aa	0.9	141.0
True	PROKKA_06122025__gr_1e-12_lr_1e-12_mu_1e-14	29492	connected_components_t0.2	0.9606278141315598	0.9651293588301463	0.970621710014081	1.0	0.9875191261900303	0.9937203754945017	1643	1124	26	aa	0.9	141.0
True	PROKKA_06122025__gr_1e-12_lr_1e-12_mu_1e-14	29492	connected_components_t0.3	0.9914948945315823	0.9919010123734533	0.9930336804515333	1.0	0.9969461929765869	0.9984707614886402	1548	1045	9	aa	0.9	141.0
True	PROKKA_06122025__gr_1e-12_lr_1e-12_mu_1e-14	29492	connected_components_t0.4	0.9958779009731463	0.996400449943757	0.9968808937846667	1.0	0.9986251611290162	0.9993121076939674	1529	1028	5	aa	0.9	141.0
True	PROKKA_06122025__gr_1e-12_lr_1e-12_mu_1e-14	29492	connected_components_t0.5	0.9991961615180451	0.9993250843644544	0.999367861347613	1.0	0.9997203720271939	0.9998601664629126	1518	1018	5	aa	0.9	141.0
True	PROKKA_06122025__gr_1e-12_lr_1e-12_mu_1e-14	29492	connected_components_t0.6	1.0	1.0	1.0	1.0	1.0	1.0	1515	1015	5	aa	0.9	141.0
True	PROKKA_06122025__gr_1e-12_lr_1e-12_mu_1e-14	29492	connected_components_t0.7	0.9991974488301724	1.0	0.9992310190500513	0.9996592701243225	0.9999999999999999	0.9998296060330036	1511	1011	5	aa	0.9	141.0
True	PROKKA_06122025__gr_1e-12_lr_1e-12_mu_1e-14	29492	hdbscan_dist	0.9309608114982688	0.9986501687289089	0.9482436056216917	0.9761861067990508	0.9996832232844397	0.9877949507208836	1245	698	33	aa	0.9	0.161
True	PROKKA_06122025__gr_1e-12_lr_1e-12_mu_1e-14	29492	hdbscan_tsne	0.7728231849182223	0.9766029246344207	0.8462843328033046	0.928337959165433	0.993201159155252	0.9596748027037069	820	251	14	aa	0.9	12.083
True	PROKKA_06122025__gr_1e-12_lr_1e-12_mu_1e-14	29492	hdbscan_umap	0.05653025685739657	0.9880764904386952	0.6548415604869156	0.7910779176503314	0.9943426248524156	0.8811397364080721	516	39	2	aa	0.9	7.081
True	PROKKA_06122025__gr_1e-12_lr_1e-12_mu_1e-14	29492	cdhit	0.0008282135461982783	0.9991001124859392	0.00190583947484568	0.7791126960806115	0.7790593299084206	0.7790860120806412	1513	1012	6	nt	0.9	1.0
True	PROKKA_06122025__gr_1e-12_lr_1e-12_mu_1e-14	29492	mmseqs2	0.0008257257571709132	1.0	0.00190102427555725	0.7789623078700563	0.7790261003153209	0.7789942027866853	1513	1014	5	aa	0.7	1.0
True	PROKKA_06122025__gr_1e-12_lr_1e-12_mu_1e-14	29492	mmseqs2	0.0008257257571709132	1.0	0.0019010242755589974	0.7789623078700563	0.7790261003153208	0.7789942027866853	1513	1014	5	nt	0.9	1.0
True	PROKKA_06122025__gr_1e-12_lr_1e-12_mu_1e-14	29492	mmseqs2	0.0008248973798292449	1.0	0.0018990585153460134	0.7788284588463712	0.7789965167923438	0.7789124787543233	1511	1011	6	aa	0.6	2.0
True	PROKKA_06122025__gr_1e-12_lr_1e-12_mu_1e-14	29492	ppanggolin	0.0007495646693608582	0.996400449943757	0.0017235078704300457	0.780181537477464	0.77925989612771	0.7797204444541808	1524	1022	7	aa	0.95	4.0
True	PROKKA_06122025__gr_1e-12_lr_1e-12_mu_1e-14	29492	ppanggolin	0.0008193861489063434	1.0	0.0018869829720065514	0.7781692413461799	0.7788506998454958	0.7785098214693965	1503	1001	8	aa	0.7	5.0
True	PROKKA_06122025__gr_1e-12_lr_1e-12_mu_1e-14	29492	cdhit	0.0007954377595703844	0.9829021372328459	0.0018196173703731902	0.7846736418165546	0.7802458883795157	0.7824535011975212	1564	1047	21	aa	0.95	0.0
True	PROKKA_06122025__gr_1e-12_lr_1e-12_mu_1e-14	29492	ppanggolin	0.0008233798363832895	1.0	0.001895736837072376	0.7786479220453507	0.7789566017131927	0.7788022312928373	1509	1009	6	aa	0.85	4.0
True	PROKKA_06122025__gr_1e-12_lr_1e-12_mu_1e-14	29492	mmseqs2	0.0008250354119986577	1.0	0.0018994852999817268	0.7788738303622263	0.7790065457639713	0.7789401824101045	1512	1013	5	nt	0.6	1.0
True	PROKKA_06122025__gr_1e-12_lr_1e-12_mu_1e-14	30354	panaroo	0.0005415596554087856	0.9977561705310396	0.0014277285956363294	0.7415544752618698	0.7411774283400062	0.7413659038609224	1531	1029	0	aa	0.85	27.0
True	PROKKA_06122025__gr_1e-12_lr_1e-12_mu_1e-14	30354	panta	0.9995791720693357	0.9996242014280345	0.9996067313336151	0.9999617291488103	0.9998340972432005	0.9998979091231137	1523	1025	0	aa	0.6	7.0
True	PROKKA_06122025__gr_1e-12_lr_1e-12_mu_1e-14	30354	diamond	0.0005518651079839233	1.0	0.0014686327911157548	0.7385986585548491	0.7404387640070944	0.7395175666216063	1511	1010	6	aa	0.6	1.0
True	PROKKA_06122025__gr_1e-12_lr_1e-12_mu_1e-14	30354	diamond	0.0005624294069345245	0.9704562453253552	0.0014674241022726079	0.7495304169373909	0.7431963717676432	0.7463499558155671	1594	1049	22	aa	0.95	1.0
True	PROKKA_06122025__gr_1e-12_lr_1e-12_mu_1e-14	30354	diamond	0.0005080521952748635	1.0	0.0013495377200016918	0.7393640501178108	0.740609541849837	0.7399862719036433	1518	1020	1	aa	0.7	1.0
True	PROKKA_06122025__gr_1e-12_lr_1e-12_mu_1e-14	30354	panta	0.9985395358989823	0.9983089064261556	0.9991642063415036	1.0	0.9995664760232402	0.9997831910156736	1525	1025	1	aa	0.8	7.0
True	PROKKA_06122025__gr_1e-12_lr_1e-12_mu_1e-14	30354	mmseqs2	0.0005272898609203153	1.0	0.0013943641964006188	0.7405631039044512	0.7409207151511569	0.7407418663664135	1525	1025	0	nt	0.7	1.0
True	PROKKA_06122025__gr_1e-12_lr_1e-12_mu_1e-14	30354	cdhit	0.0005143258683346006	0.9990650710545999	0.0013643260040766749	0.7398021595328608	0.7407233247524044	0.7402624555736506	1521	1022	2	aa	0.7	1.0
True	PROKKA_06122025__gr_1e-12_lr_1e-12_mu_1e-14	30354	panx	0.9999707381150236	1.0	0.9999229979219074	0.9999599360919134	0.9999999999999999	0.9999799676446693	1474	999	1	aa	0.5	759.0
True	PROKKA_06122025__gr_1e-12_lr_1e-12_mu_1e-14	30354	ppanggolin	0.0004988977125702443	1.0	0.0013279184206463719	0.7387349682432247	0.7404459860705301	0.7395894875612513	1514	1016	3	aa	0.6	4.0
True	PROKKA_06122025__gr_1e-12_lr_1e-12_mu_1e-14	30354	panx	0.9940760447620027	0.9941298996402197	0.9971308520578918	0.9999614056580083	0.9985561142995264	0.999258265901587	1523	1024	1	aa	0.9	754.0
True	PROKKA_06122025__gr_1e-12_lr_1e-12_mu_1e-14	30354	panaroo	0.0006327867004575606	0.9669035153328347	0.0016486763538953214	0.7512620792408883	0.74366456597892	0.7474440165764106	1611	1045	31	aa	0.95	26.0
True	PROKKA_06122025__gr_1e-12_lr_1e-12_mu_1e-14	30354	cdhit	0.000518018568218675	0.9992520568436799	0.0013730533713699647	0.7400693776212017	0.7407926758832636	0.7404308501117499	1522	1022	1	nt	0.8	17.0
True	PROKKA_06122025__gr_1e-12_lr_1e-12_mu_1e-14	30354	panta	0.9838711590938907	0.9838406614054866	0.9913736394544808	1.0000000000000002	0.9955773882284754	0.9977837934035471	1549	1026	9	aa	0.95	7.0
True	PROKKA_06122025__gr_1e-12_lr_1e-12_mu_1e-14	30354	mmseqs2	0.0005697705769417158	1.0	0.0015095743637101808	0.7395231758792996	0.7406791079564634	0.740100690567758	1514	1011	4	aa	0.5	2.0
True	PROKKA_06122025__gr_1e-12_lr_1e-12_mu_1e-14	30354	cdhit	0.0005001427820484905	0.99981301421092	0.0013309052357097105	0.7388376453214291	0.7404726952953967	0.7396542667155888	1515	1017	3	aa	0.6	1.0
True	PROKKA_06122025__gr_1e-12_lr_1e-12_mu_1e-14	30354	panaroo	0.000537724267658402	0.9990650710545999	0.0014187938511567055	0.7412962215750838	0.7411106031936616	0.7412034007633443	1530	1029	0	aa	0.8	28.0
True	PROKKA_06122025__gr_1e-12_lr_1e-12_mu_1e-14	30354	cdhit	0.00054010959797421	0.9953253552729993	0.0014249437089267878	0.7416637569915628	0.7412056954493836	0.7414346554723787	1533	1028	4	aa	0.9	1.0
True	PROKKA_06122025__gr_1e-12_lr_1e-12_mu_1e-14	30354	cdhit	0.000528220111402969	0.9992520568436799	0.0013963465618179044	0.740561389879335	0.740920270867557	0.7407407869049484	1525	1025	1	aa	0.85	1.0
True	PROKKA_06122025__gr_1e-12_lr_1e-12_mu_1e-14	30354	panta	0.9971876333405558	0.9971815107102593	0.998654905735426	1.0000000000000002	0.9993028357401045	0.9996512963181802	1526	1025	1	aa	0.85	7.0
True	PROKKA_06122025__gr_1e-12_lr_1e-12_mu_1e-14	30354	mmseqs2	0.0005356826641076996	0.99943904263276	0.0014137752869711837	0.7410657295319779	0.7410509324391418	0.7410583309116946	1527	1025	0	nt	0.85	1.0
True	PROKKA_06122025__gr_1e-12_lr_1e-12_mu_1e-14	30354	mmseqs2	0.0005422063623174948	0.9796185489902768	0.0014190802543560751	0.7475941653328204	0.7427023889265336	0.745140248701932	1582	1050	18	aa	0.95	1.0
True	PROKKA_06122025__gr_1e-12_lr_1e-12_mu_1e-14	30354	diamond	0.0005288123855069611	0.9947643979057592	0.001399822813329721	0.7413309904229238	0.7411196019130144	0.7412252810966061	1535	1032	4	aa	0.9	1.0
True	PROKKA_06122025__gr_1e-12_lr_1e-12_mu_1e-14	30354	mmseqs2	0.0005712008734088063	0.9882198952879581	0.0015003080489117116	0.7448628338414386	0.7420304501697822	0.7434439443011586	1560	1042	10	nt	0.95	1.0
True	PROKKA_06122025__gr_1e-12_lr_1e-12_mu_1e-14	30354	connected_components_t0.1	0.7838511801200369	0.7786088257292446	0.8241209533595836	1.0	0.9279324281198694	0.962619243896213	2491	1924	100	nt	0.9	165.0
True	PROKKA_06122025__gr_1e-12_lr_1e-12_mu_1e-14	30354	connected_components_t0.2	0.9300148892707774	0.9257666417352282	0.9503576640770699	1.0	0.9760484141280867	0.9878790490654645	1779	1194	61	nt	0.9	165.0
True	PROKKA_06122025__gr_1e-12_lr_1e-12_mu_1e-14	30354	connected_components_t0.3	0.9764030685638454	0.9743829468960359	0.9839863591535396	1.0	0.9918906554858989	0.9959288204441509	1607	1073	22	nt	0.9	165.0
True	PROKKA_06122025__gr_1e-12_lr_1e-12_mu_1e-14	30354	connected_components_t0.4	0.9900660348240471	0.9891548242333582	0.9939237404944598	1.0	0.9968772238885544	0.9984361701991049	1555	1039	6	nt	0.9	165.0
True	PROKKA_06122025__gr_1e-12_lr_1e-12_mu_1e-14	30354	connected_components_t0.5	0.9949163813821449	0.9949513836948392	0.9973367547600975	1.0	0.9986242537918731	0.9993116534008246	1539	1031	3	nt	0.9	165.0
True	PROKKA_06122025__gr_1e-12_lr_1e-12_mu_1e-14	30354	connected_components_t0.6	0.9970853134009575	0.9971952131637996	0.9985855986746066	1.0	0.9992679936879381	0.9996338628366117	1534	1029	1	nt	0.9	165.0
True	PROKKA_06122025__gr_1e-12_lr_1e-12_mu_1e-14	30354	connected_components_t0.7	0.9984096853077188	1.0	0.999322404762961	0.9996483375865727	1.0	0.999824137871236	1528	1028	0	nt	0.9	165.0
True	PROKKA_06122025__gr_1e-12_lr_1e-12_mu_1e-14	30354	hdbscan_dist	0.9445161143970059	0.9827973074046372	0.96395567981254	0.9849814040320968	0.9958883503965681	0.9904048496270235	1397	892	0	nt	0.9	0.221
True	PROKKA_06122025__gr_1e-12_lr_1e-12_mu_1e-14	30354	hdbscan_tsne	0.7744700290660418	0.9620418848167539	0.8533609853758567	0.9230104509417936	0.9904002400056595	0.9555186207178865	699	147	0	nt	0.9	12.502
True	PROKKA_06122025__gr_1e-12_lr_1e-12_mu_1e-14	30354	hdbscan_umap	0.7217661859155379	0.9581151832460733	0.827517898005763	0.9066217044890588	0.9888145981934597	0.945936062498194	612	92	0	nt	0.9	6.635
True	PROKKA_06122025__gr_1e-12_lr_1e-12_mu_1e-14	30354	panx	0.988261281238048	0.9876450767502808	0.9935474905420635	0.9999618960562284	0.996721279059457	0.9983389577969846	1548	1032	4	aa	0.95	734.0
True	PROKKA_06122025__gr_1e-12_lr_1e-12_mu_1e-14	30354	diamond	0.0005155837317865301	0.99943904263276	0.0013674481536478883	0.7399474328516725	0.7407610321506359	0.7403540089784842	1522	1022	2	aa	0.85	1.0
True	PROKKA_06122025__gr_1e-12_lr_1e-12_mu_1e-14	30354	panta	1.0	1.0	1.0	1.0	1.0	1.0	1522	1025	0	aa	0.7	7.0
True	PROKKA_06122025__gr_1e-12_lr_1e-12_mu_1e-14	30354	mmseqs2	0.0005330496346239698	1.0	0.0014077172241089306	0.7409184779911183	0.7410127969359063	0.7409656344620023	1527	1026	1	aa	0.8	1.0
True	PROKKA_06122025__gr_1e-12_lr_1e-12_mu_1e-14	30354	panta	0.9995791720693357	0.9996242014280345	0.9996067313336146	0.9999617291488103	0.9998340972432004	0.9998979091231137	1523	1025	0	aa	0.5	7.0
True	PROKKA_06122025__gr_1e-12_lr_1e-12_mu_1e-14	30354	panaroo	0.0005338135937736673	1.0	0.0014096055741723932	0.7410077096013974	0.7410359076604917	0.7410218083626897	1528	1027	1	aa	0.7	28.0
True	PROKKA_06122025__gr_1e-12_lr_1e-12_mu_1e-14	30354	cdhit	0.0004659528243291234	0.9850411368735976	0.0012233235319220445	0.7453477975747822	0.7420987850587497	0.7437197429263724	1561	1040	7	nt	0.95	1.0
True	PROKKA_06122025__gr_1e-12_lr_1e-12_mu_1e-14	30354	cdhit	0.0005143258683346006	1.0	0.0013643260040766749	0.7398021595328608	0.7407233247524044	0.7402624555736506	1521	1022	2	aa	0.8	1.0
True	PROKKA_06122025__gr_1e-12_lr_1e-12_mu_1e-14	30354	ppanggolin	0.0005189431515613042	0.9988780852655198	0.0013752614059075535	0.740147325664392	0.7408128987559192	0.740479962649238	1523	1023	2	aa	0.9	4.0
True	PROKKA_06122025__gr_1e-12_lr_1e-12_mu_1e-14	30354	cdhit	0.000546222925002068	0.9990650710545999	0.0014548995352438238	0.7380442756774785	0.7402944289904111	0.7391676398745755	1506	1007	4	aa	0.5	2.0
True	PROKKA_06122025__gr_1e-12_lr_1e-12_mu_1e-14	30354	panaroo	0.000546774163255295	0.9958863126402393	0.001440599676277079	0.7421637499993063	0.7413349462911893	0.741749116626478	1536	1029	4	aa	0.9	27.0
True	PROKKA_06122025__gr_1e-12_lr_1e-12_mu_1e-14	30354	ppanggolin	0.0005301687674794109	1.0	0.0014176884058626164	0.7371449442349781	0.7400599439987574	0.7385995680014115	1501	1003	5	aa	0.5	4.0
True	PROKKA_06122025__gr_1e-12_lr_1e-12_mu_1e-14	30354	cdhit	0.0005199524316263129	0.9996260284218399	0.0013778719194470625	0.7403042653753241	0.7408536056887117	0.7405788336607773	1525	1025	2	nt	0.85	15.0
True	PROKKA_06122025__gr_1e-12_lr_1e-12_mu_1e-14	30354	embed_hdbscan_raw	0.9094516881348005	0.9893418100224383	0.9378625509366534	0.9689109686811491	0.9970428389978316	0.9827756269517975	1205	697	0	aa	0.9	13.097
True	PROKKA_06122025__gr_1e-12_lr_1e-12_mu_1e-14	30354	embed_hdbscan_tsne	0.7861930913754697	0.9652206432311145	0.855871403559853	0.924699160071205	0.9904363137194157	0.9564395207902597	698	136	0	aa	0.9	13.278
True	PROKKA_06122025__gr_1e-12_lr_1e-12_mu_1e-14	30354	embed_hdbscan_umap	0.7222180429401815	0.968212415856395	0.8305921066544173	0.9053831032002119	0.9914753540124571	0.9464755046419197	568	41	0	aa	0.9	13.867
True	PROKKA_06122025__gr_1e-12_lr_1e-12_mu_1e-14	30354	diamond	0.000542445049274242	1.0	0.001445565214659886	0.7376241840652655	0.7401849501019414	0.7389023484199944	1500	998	7	aa	0.5	1.0
True	PROKKA_06122025__gr_1e-12_lr_1e-12_mu_1e-14	30354	mmseqs2	0.0005450625274769694	0.9962602842183994	0.0014364219935306974	0.7419810272566454	0.7412877264662155	0.7416342148321339	1535	1031	1	aa	0.9	1.0
True	PROKKA_06122025__gr_1e-12_lr_1e-12_mu_1e-14	30354	panaroo	0.0005337286904958456	1.0	0.0014093185927317705	0.7409696573844902	0.7410260527526767	0.7409978539955584	1527	1025	2	aa	0.6	30.0
True	PROKKA_06122025__gr_1e-12_lr_1e-12_mu_1e-14	30354	panx	0.9999711468100688	1.0	0.9999241395870915	0.9999606078752407	1.0	0.9999803035496778	1494	1011	1	aa	0.6	758.0
True	PROKKA_06122025__gr_1e-12_lr_1e-12_mu_1e-14	30354	panaroo	0.0005815088763220995	1.0	0.0015369305326095692	0.7403475277698691	0.7408930371372012	0.7406201820037916	1520	1016	4	aa	0.5	30.0
True	PROKKA_06122025__gr_1e-12_lr_1e-12_mu_1e-14	30354	panx	0.999971505174234	1.0	0.9999250950950637	0.9999610918995321	1.0	0.9999805455712986	1505	1016	1	aa	0.7	754.0
True	PROKKA_06122025__gr_1e-12_lr_1e-12_mu_1e-14	30354	diamond	0.0005143258683346006	1.0	0.0013643260039985325	0.7398021595328608	0.7407233247524045	0.7402624555736506	1521	1022	2	aa	0.8	1.0
True	PROKKA_06122025__gr_1e-12_lr_1e-12_mu_1e-14	30354	panx	0.9980402345451117	0.9979139010051205	0.9988925613252462	0.9999613379044223	0.9994647741709124	0.9997129943760885	1516	1021	1	aa	0.85	754.0
True	PROKKA_06122025__gr_1e-12_lr_1e-12_mu_1e-14	30354	panta	0.9953228116164738	0.9951146185644495	0.9976655417251177	1.0000000000000002	0.9987918446089722	0.9993955571740569	1529	1025	2	aa	0.9	7.0
True	PROKKA_06122025__gr_1e-12_lr_1e-12_mu_1e-14	30354	mmseqs2	0.0005272898609203153	1.0	0.0013943641964006188	0.7405631039044512	0.7409207151511569	0.7407418663664135	1525	1025	0	nt	0.8	1.0
True	PROKKA_06122025__gr_1e-12_lr_1e-12_mu_1e-14	30354	panx	0.9980402336009341	0.9979135053110774	0.9988925599294745	0.9999613275826332	0.999464631350302	0.9997129177719731	1515	1020	1	aa	0.8	756.0
True	PROKKA_06122025__gr_1e-12_lr_1e-12_mu_1e-14	30354	mmseqs2	0.0005400243433614655	0.9983171278982798	0.0014241350373538533	0.7414444370051393	0.741148959305316	0.7412966687111902	1530	1027	1	aa	0.85	1.0
True	PROKKA_06122025__gr_1e-12_lr_1e-12_mu_1e-14	30354	ppanggolin	0.0005143258683346006	1.0	0.0013643260040691611	0.7398021595328608	0.7407233247524044	0.7402624555736506	1521	1022	2	aa	0.8	4.0
True	PROKKA_06122025__gr_1e-12_lr_1e-12_mu_1e-14	30354	mmseqs2	0.0005272898609203153	1.0	0.0013943641964006188	0.7405631039044512	0.7409207151511569	0.7407418663664135	1525	1025	0	nt	0.5	3.0
True	PROKKA_06122025__gr_1e-12_lr_1e-12_mu_1e-14	30354	connected_components_t0.1	0.8287540239989426	0.8257292445774121	0.8647336259409105	1.0	0.9417482269450845	0.9700003469829032	2262	1658	114	aa	0.9	165.0
True	PROKKA_06122025__gr_1e-12_lr_1e-12_mu_1e-14	30354	connected_components_t0.2	0.948681769998261	0.9457741211667913	0.9642591699695259	1.0	0.9824121784656339	0.991128070274478	1707	1144	39	aa	0.9	165.0
True	PROKKA_06122025__gr_1e-12_lr_1e-12_mu_1e-14	30354	connected_components_t0.3	0.9871218806661077	0.9857890800299177	0.9918263145449914	1.0	0.9958124301275495	0.9979018219301385	1565	1043	10	aa	0.9	165.0
True	PROKKA_06122025__gr_1e-12_lr_1e-12_mu_1e-14	30354	connected_components_t0.4	0.9931348280242303	0.9932685115931189	0.996262549718178	0.9999999999999999	0.998072463850503	0.9990353021802909	1543	1031	5	aa	0.9	165.0
True	PROKKA_06122025__gr_1e-12_lr_1e-12_mu_1e-14	30354	connected_components_t0.5	0.9952982321465189	0.9968212415856395	0.9979030096011166	0.9996483375865728	0.9992651550930302	0.9994567096126435	1532	1029	0	aa	0.9	165.0
True	PROKKA_06122025__gr_1e-12_lr_1e-12_mu_1e-14	30354	connected_components_t0.6	0.9970665542731658	0.9988780852655198	0.9988161558219399	0.9996483375865727	0.9997375457776388	0.9996929396919694	1529	1028	0	aa	0.9	165.0
True	PROKKA_06122025__gr_1e-12_lr_1e-12_mu_1e-14	30354	connected_components_t0.7	0.9947461518461592	1.0	0.9982693715706549	0.9991009023306584	1.0	0.9995502489802823	1525	1025	1	aa	0.9	165.0
True	PROKKA_06122025__gr_1e-12_lr_1e-12_mu_1e-14	30354	hdbscan_dist	0.9040216134748416	0.949513836948392	0.9364046755294856	0.9794337130372791	0.9869971011300988	0.98320086173609	1334	728	0	aa	0.9	0.212
True	PROKKA_06122025__gr_1e-12_lr_1e-12_mu_1e-14	30354	hdbscan_tsne	0.7227354666960271	0.8438668661181751	0.8337161805634634	0.9542815398747255	0.9585432147789624	0.9564076299308932	1235	474	0	aa	0.9	12.541
True	PROKKA_06122025__gr_1e-12_lr_1e-12_mu_1e-14	30354	hdbscan_umap	0.0819063965591736	0.9506357516828721	0.7089792418648534	0.8218282006896372	0.9842598397062042	0.8957398255065518	550	17	0	aa	0.9	7.026
True	PROKKA_06122025__gr_1e-12_lr_1e-12_mu_1e-14	30354	cdhit	0.0005379796604267605	0.9953253552729993	0.0014197929350588368	0.7414474977444834	0.7411497512627228	0.741298594605744	1530	1026	1	nt	0.9	1.0
True	PROKKA_06122025__gr_1e-12_lr_1e-12_mu_1e-14	30354	mmseqs2	0.0005274589550299707	1.0	0.0013948717381394205	0.7406155186928448	0.7409343005820876	0.7407748753416594	1526	1026	1	aa	0.7	1.0
True	PROKKA_06122025__gr_1e-12_lr_1e-12_mu_1e-14	30354	mmseqs2	0.0005412183414903196	0.9977561705310396	0.0014270974424967092	0.7415884486858494	0.7411862166596631	0.7413872781160503	1531	1026	4	nt	0.9	1.0
True	PROKKA_06122025__gr_1e-12_lr_1e-12_mu_1e-14	30354	mmseqs2	0.0005716495522040073	1.0	0.001514836844070494	0.7399499212091183	0.7407898975596038	0.7403696711384989	1522	1023	1	aa	0.6	1.0
True	PROKKA_06122025__gr_1e-12_lr_1e-12_mu_1e-14	30354	ppanggolin	0.0005519205889983078	0.993455497382199	0.001452923778091742	0.7426353225183259	0.7414567320363148	0.7420455592889903	1538	1028	3	aa	0.95	5.0
True	PROKKA_06122025__gr_1e-12_lr_1e-12_mu_1e-14	30354	ppanggolin	0.000504050675856557	1.0	0.001340125090153943	0.7391016193146625	0.7405413372040248	0.7398207778242853	1517	1020	1	aa	0.7	4.0
True	PROKKA_06122025__gr_1e-12_lr_1e-12_mu_1e-14	30354	cdhit	0.0005085988541830557	0.9697083021690351	0.001327296883974636	0.7499609930815889	0.7432779316815945	0.7466045072029746	1600	1059	12	aa	0.95	1.0
True	PROKKA_06122025__gr_1e-12_lr_1e-12_mu_1e-14	30354	ppanggolin	0.0005143258683346006	1.0	0.0013643260040691611	0.7398021595328608	0.7407233247524044	0.7402624555736506	1521	1022	2	aa	0.85	4.0
True	PROKKA_06122025__gr_1e-12_lr_1e-12_mu_1e-14	30354	mmseqs2	0.0005272898609203153	1.0	0.0013943641964006188	0.7405631039044512	0.7409207151511569	0.7407418663664135	1525	1025	0	nt	0.6	1.0
True	PROKKA_06122025__gr_1e-12_lr_1e-12_mu_1e-14	31001	panaroo	7.836759366852965e-05	0.9987634693517047	0.00022251291733051142	0.7280246236148289	0.7277542628285921	0.7278894181166087	1517	1015	0	aa	0.85	26.0
True	PROKKA_06122025__gr_1e-12_lr_1e-12_mu_1e-14	31001	panta	1.0	1.0	1.0	1.0	1.0	1.0	1506	1009	0	aa	0.6	6.0
True	PROKKA_06122025__gr_1e-12_lr_1e-12_mu_1e-14	31001	diamond	5.370987963039425e-05	1.0	0.00015650757169101233	0.7256982897042062	0.7271196878495676	0.7264082934479749	1497	996	4	aa	0.6	1.0
True	PROKKA_06122025__gr_1e-12_lr_1e-12_mu_1e-14	31001	diamond	0.00010831022264616143	0.9667903197314962	0.0003001226378937573	0.7380995337450678	0.7304426716772201	0.7342511415767246	1601	1041	36	aa	0.95	0.0
True	PROKKA_06122025__gr_1e-12_lr_1e-12_mu_1e-14	31001	diamond	5.6687727918088566e-05	1.0	0.00016456399241832344	0.7261241124326099	0.7272360644296951	0.7266796630592236	1503	1004	2	aa	0.7	2.0
True	PROKKA_06122025__gr_1e-12_lr_1e-12_mu_1e-14	31001	panta	0.9997794020899462	0.999822158989863	0.9998435221534662	1.0	0.9999147437287325	0.9999573700471309	1507	1010	0	aa	0.8	6.0
True	PROKKA_06122025__gr_1e-12_lr_1e-12_mu_1e-14	31001	mmseqs2	6.828285592396143e-05	1.0	0.0001955882304893718	0.7270773958335415	0.7274962355495609	0.7272867553897885	1510	1011	0	nt	0.7	1.0
True	PROKKA_06122025__gr_1e-12_lr_1e-12_mu_1e-14	31001	cdhit	6.04990482421178e-05	0.9994700582935877	0.0001747790726848916	0.7264444722406043	0.7273235527746214	0.7268837467215411	1505	1004	4	aa	0.7	1.0
True	PROKKA_06122025__gr_1e-12_lr_1e-12_mu_1e-14	31001	panx	1.0	1.0	1.0	1.0	1.0000000000000002	1.0000000000000002	1452	974	0	aa	0.5	737.0
True	PROKKA_06122025__gr_1e-12_lr_1e-12_mu_1e-14	31001	ppanggolin	5.092820398571764e-05	1.0	0.00014903225658561338	0.7254746707678291	0.7270585334223767	0.7262657385620348	1496	996	4	aa	0.6	4.0
True	PROKKA_06122025__gr_1e-12_lr_1e-12_mu_1e-14	31001	panx	0.9984982820587065	0.998212689901698	0.9990463811981507	0.9999634292275524	0.999517019015396	0.9997401742880093	1503	1007	2	aa	0.9	708.0
True	PROKKA_06122025__gr_1e-12_lr_1e-12_mu_1e-14	31001	panaroo	5.616900694051002e-05	0.9687334393216747	0.00016007115489807383	0.7385372570816597	0.7305333118639173	0.7345134805035297	1618	1049	42	aa	0.95	27.0
True	PROKKA_06122025__gr_1e-12_lr_1e-12_mu_1e-14	31001	cdhit	6.381112769217327e-05	0.9996467055290584	0.00018366174866534687	0.7267707084300081	0.7274125882659643	0.7270915066843718	1509	1011	0	nt	0.8	17.0
True	PROKKA_06122025__gr_1e-12_lr_1e-12_mu_1e-14	31001	panta	0.9831306425004009	0.9823937399964432	0.989320335124045	1.0	0.9942736442849722	0.9971286008159221	1554	1027	16	aa	0.95	6.0
True	PROKKA_06122025__gr_1e-12_lr_1e-12_mu_1e-14	31001	mmseqs2	6.534258732039094e-05	1.0	0.00018756606904326274	0.7264309073979301	0.7273198494352326	0.7268751066306711	1499	996	3	aa	0.5	2.0
True	PROKKA_06122025__gr_1e-12_lr_1e-12_mu_1e-14	31001	cdhit	5.257120986403506e-05	1.0	0.00015341498719547228	0.725545669889719	0.7270779529525904	0.7263110032657084	1496	996	3	aa	0.6	1.0
True	PROKKA_06122025__gr_1e-12_lr_1e-12_mu_1e-14	31001	panaroo	7.514755815654438e-05	1.0	0.00021388749137539616	0.7276531235082051	0.7276531235082051	0.7276531235082052	1514	1014	0	aa	0.8	24.0
True	PROKKA_06122025__gr_1e-12_lr_1e-12_mu_1e-14	31001	cdhit	8.321233614822749e-05	0.9968203497615262	0.0002355409148458382	0.7287130394271709	0.7279414826616223	0.7283270567063627	1523	1017	4	aa	0.9	1.0
True	PROKKA_06122025__gr_1e-12_lr_1e-12_mu_1e-14	31001	cdhit	7.232038085767027e-05	0.9984101748807631	0.0002064214627669239	0.7275136345130546	0.7276151288162295	0.7275643781250606	1512	1009	2	aa	0.85	1.0
True	PROKKA_06122025__gr_1e-12_lr_1e-12_mu_1e-14	31001	panta	0.9997794020899462	0.999822158989863	0.9998435221534662	1.0	0.9999147437287325	0.9999573700471309	1507	1010	0	aa	0.85	6.0
True	PROKKA_06122025__gr_1e-12_lr_1e-12_mu_1e-14	31001	mmseqs2	6.95632758110912e-05	0.9998233527645293	0.00019903776235412465	0.7272516114439262	0.7275437290284217	0.7273976409081025	1512	1013	0	nt	0.85	0.0
True	PROKKA_06122025__gr_1e-12_lr_1e-12_mu_1e-14	31001	mmseqs2	0.00014831738765981776	0.9731496202084438	0.00040870382431034964	0.7372063467758716	0.7302302937429316	0.7337017385159128	1602	1060	25	aa	0.95	1.0
True	PROKKA_06122025__gr_1e-12_lr_1e-12_mu_1e-14	31001	diamond	7.656341101533217e-05	0.9973502914679385	0.000217772044564279	0.7279736951144596	0.7277404022047883	0.7278570299658496	1516	1011	4	aa	0.9	0.0
True	PROKKA_06122025__gr_1e-12_lr_1e-12_mu_1e-14	31001	mmseqs2	0.00011391372938187017	0.9853382794559266	0.000317645628502369	0.7328771955158584	0.7290684892296118	0.7309678810928031	1563	1041	12	nt	0.95	0.0
True	PROKKA_06122025__gr_1e-12_lr_1e-12_mu_1e-14	31001	connected_components_t0.1	0.7256383703105552	0.7332626744391451	0.7886116774327283	1.0	0.9130645907890468	0.9545569921530477	2677	2014	159	nt	0.9	178.0
True	PROKKA_06122025__gr_1e-12_lr_1e-12_mu_1e-14	31001	connected_components_t0.2	0.9082655799018995	0.9007242536654302	0.9340361269644115	1.0	0.9673671613064614	0.9834129392137112	1875	1259	82	nt	0.9	178.0
True	PROKKA_06122025__gr_1e-12_lr_1e-12_mu_1e-14	31001	connected_components_t0.3	0.9626685846109672	0.958664546899841	0.9742964302882217	0.9999999999999999	0.9865279011251061	0.9932182684837884	1648	1088	37	nt	0.9	178.0
True	PROKKA_06122025__gr_1e-12_lr_1e-12_mu_1e-14	31001	connected_components_t0.4	0.9858191248134601	0.984984984984985	0.9904784856502282	0.9999999999999999	0.9948872803850171	0.9974370884684792	1563	1038	15	nt	0.9	178.0
True	PROKKA_06122025__gr_1e-12_lr_1e-12_mu_1e-14	31001	connected_components_t0.5	0.9942524088803723	0.9945239357004063	0.9963923712206649	1.0000000000000002	0.9980453420827656	0.9990217149350591	1532	1022	5	nt	0.9	178.0
True	PROKKA_06122025__gr_1e-12_lr_1e-12_mu_1e-14	31001	connected_components_t0.6	0.9978065537055966	0.9980568804098215	0.9986269359696264	1.0000000000000002	0.9992535125846456	0.9996266169294412	1522	1019	0	nt	0.9	178.0
True	PROKKA_06122025__gr_1e-12_lr_1e-12_mu_1e-14	31001	connected_components_t0.7	0.9995624594473118	1.0	0.9996894578256351	0.9998307613914431	1.0	0.999915373534689	1513	1012	0	nt	0.9	178.0
True	PROKKA_06122025__gr_1e-12_lr_1e-12_mu_1e-14	31001	hdbscan_dist	0.9648514713340983	0.9948772301713478	0.9773190151582278	0.9888274874698523	0.9985823968970515	0.9936810019135858	1398	898	0	nt	0.9	0.264
True	PROKKA_06122025__gr_1e-12_lr_1e-12_mu_1e-14	31001	hdbscan_tsne	0.8025000885737444	0.9738562091503268	0.8679405846376234	0.9262291837862054	0.9925876635157065	0.9582609853641277	677	134	0	nt	0.9	13.101
True	PROKKA_06122025__gr_1e-12_lr_1e-12_mu_1e-14	31001	hdbscan_umap	0.7598384471441577	0.9770358593888006	0.8535151701565716	0.9151601578890897	0.9931328706571801	0.9525535346192066	624	109	0	nt	0.9	6.648
True	PROKKA_06122025__gr_1e-12_lr_1e-12_mu_1e-14	31001	panx	0.98492881584419	0.9846072186836518	0.990170386989284	0.9999152259427441	0.9948048857740417	0.9973535096826948	1557	1031	17	aa	0.95	706.0
True	PROKKA_06122025__gr_1e-12_lr_1e-12_mu_1e-14	31001	diamond	6.489572812051769e-05	0.9989401165871754	0.00018657896779575796	0.7268831718371099	0.7274432679969309	0.7271631120637561	1509	1009	1	aa	0.85	0.0
True	PROKKA_06122025__gr_1e-12_lr_1e-12_mu_1e-14	31001	panta	0.9997794020899462	0.999822158989863	0.9998435221534662	1.0	0.9999147437287325	0.9999573700471309	1507	1010	0	aa	0.7	6.0
True	PROKKA_06122025__gr_1e-12_lr_1e-12_mu_1e-14	31001	mmseqs2	6.994764355276885e-05	1.0	0.00020004944186657138	0.7272625449294814	0.7275467090890726	0.7274045992567488	1512	1013	0	aa	0.8	0.0
True	PROKKA_06122025__gr_1e-12_lr_1e-12_mu_1e-14	31001	panta	1.0	1.0	1.0	1.0	1.0	1.0	1506	1009	0	aa	0.5	6.0
True	PROKKA_06122025__gr_1e-12_lr_1e-12_mu_1e-14	31001	panaroo	7.553354996393116e-05	0.9998233527645293	0.00021492202424301478	0.7276954969876731	0.7276646633040029	0.7276800798192122	1514	1013	1	aa	0.7	28.0
True	PROKKA_06122025__gr_1e-12_lr_1e-12_mu_1e-14	31001	cdhit	7.023323330236479e-05	0.9816286875110405	0.000199182591812654	0.7338152855430371	0.7292949351330198	0.7315481274164616	1574	1049	16	nt	0.95	1.0
True	PROKKA_06122025__gr_1e-12_lr_1e-12_mu_1e-14	31001	cdhit	6.693974794090548e-05	0.9989401165871754	0.00019205502364757254	0.7270692057906512	0.7274940024280832	0.7272815420796863	1510	1009	2	aa	0.8	1.0
True	PROKKA_06122025__gr_1e-12_lr_1e-12_mu_1e-14	31001	ppanggolin	7.110141702353803e-05	0.9998233527645293	0.00020310059862077348	0.7273005094927275	0.7275570563078413	0.7274287602807958	1511	1010	2	aa	0.9	4.0
True	PROKKA_06122025__gr_1e-12_lr_1e-12_mu_1e-14	31001	cdhit	4.2618365319622085e-05	0.9998233527645293	0.0001266066443631502	0.7246126339260179	0.7268225302573644	0.7257158997424151	1486	984	4	aa	0.5	2.0
True	PROKKA_06122025__gr_1e-12_lr_1e-12_mu_1e-14	31001	panaroo	8.496077451197982e-05	0.9964670552905847	0.0002402398328699487	0.7289668973400064	0.7280104562533031	0.7284883628660538	1526	1018	3	aa	0.9	25.0
True	PROKKA_06122025__gr_1e-12_lr_1e-12_mu_1e-14	31001	ppanggolin	3.7545117742320336e-05	1.0	0.0001129830479502368	0.7243574108093608	0.7267525785112783	0.7255530179568435	1486	986	4	aa	0.5	4.0
True	PROKKA_06122025__gr_1e-12_lr_1e-12_mu_1e-14	31001	cdhit	6.54702891474534e-05	0.9996467055290584	0.00018812481437289016	0.7269635837248782	0.7274651999212096	0.7272143053221402	1511	1013	0	nt	0.85	15.0
True	PROKKA_06122025__gr_1e-12_lr_1e-12_mu_1e-14	31001	embed_hdbscan_raw	0.9119204491984453	0.993993993993994	0.9395058177283903	0.9671577466786719	0.9979730212528857	0.9823237763428714	1139	627	0	aa	0.9	14.166
True	PROKKA_06122025__gr_1e-12_lr_1e-12_mu_1e-14	31001	embed_hdbscan_tsne	0.811965102704019	0.9770358593888006	0.8705596246040939	0.927037035471302	0.9934362002316662	0.9590887629897474	653	96	0	aa	0.9	13.113
True	PROKKA_06122025__gr_1e-12_lr_1e-12_mu_1e-14	31001	embed_hdbscan_umap	0.7480535592961224	0.9826885709238651	0.8465301594051917	0.9081102477194113	0.9946289657720704	0.9494025771811008	544	31	0	aa	0.9	13.319
True	PROKKA_06122025__gr_1e-12_lr_1e-12_mu_1e-14	31001	diamond	4.431382636261633e-05	1.0	0.00013118212211959198	0.7247206493740143	0.726852124428282	0.7257848219827406	1485	980	7	aa	0.5	1.0
True	PROKKA_06122025__gr_1e-12_lr_1e-12_mu_1e-14	31001	mmseqs2	8.21126455483894e-05	0.9973502914679385	0.00023252261123913744	0.7284312182461464	0.7278648704205398	0.7281479342081214	1519	1014	2	aa	0.9	0.0
True	PROKKA_06122025__gr_1e-12_lr_1e-12_mu_1e-14	31001	panaroo	7.39902565464586e-05	1.0	0.00021075587363332765	0.7274506977793974	0.7275979823312498	0.7275243326010234	1511	1010	1	aa	0.6	28.0
True	PROKKA_06122025__gr_1e-12_lr_1e-12_mu_1e-14	31001	panx	1.0	1.0	1.0	1.0	1.0	1.0	1472	989	0	aa	0.6	704.0
True	PROKKA_06122025__gr_1e-12_lr_1e-12_mu_1e-14	31001	panaroo	7.309083119645221e-05	1.0	0.00020830142561342489	0.7272415949400017	0.7275409988455659	0.7273912660831292	1507	1004	2	aa	0.5	28.0
True	PROKKA_06122025__gr_1e-12_lr_1e-12_mu_1e-14	31001	panx	0.9997768846171226	0.9998195597257308	0.9998413366005056	0.9999999999999999	0.9999132953266346	0.9999566457838107	1486	998	0	aa	0.7	710.0
True	PROKKA_06122025__gr_1e-12_lr_1e-12_mu_1e-14	31001	diamond	5.954518425052486e-05	1.0	0.0001722525840365327	0.7264473235098511	0.7273243311871994	0.7268855628150741	1507	1009	1	aa	0.8	0.0
True	PROKKA_06122025__gr_1e-12_lr_1e-12_mu_1e-14	31001	panx	0.9997775142699227	0.9998203377650018	0.9998418538434071	1.0	0.9999137497489486	0.9999568730146177	1496	1006	0	aa	0.85	709.0
True	PROKKA_06122025__gr_1e-12_lr_1e-12_mu_1e-14	31001	panta	0.9990433741092691	0.9989329539391784	0.9993026535656699	1.0	0.9996203690362692	0.9998101484813771	1510	1012	0	aa	0.9	6.0
True	PROKKA_06122025__gr_1e-12_lr_1e-12_mu_1e-14	31001	mmseqs2	6.88588915018121e-05	1.0	0.00019714327940712712	0.72716201513782	0.7275193059585929	0.7273406166703039	1511	1012	0	nt	0.8	0.0
True	PROKKA_06122025__gr_1e-12_lr_1e-12_mu_1e-14	31001	panx	0.9997772825856773	0.999820014398848	0.9998416431173333	0.9999999999999999	0.9999135602822342	0.99995677827308	1492	1003	0	aa	0.8	696.0
True	PROKKA_06122025__gr_1e-12_lr_1e-12_mu_1e-14	31001	mmseqs2	7.785186258623865e-05	0.9987634693517047	0.00022110794789897154	0.7279109125981418	0.7277233134674371	0.7278171009440954	1515	1013	1	aa	0.85	0.0
True	PROKKA_06122025__gr_1e-12_lr_1e-12_mu_1e-14	31001	ppanggolin	5.954518425052486e-05	1.0	0.0001722525841012424	0.726447323509851	0.7273243311871993	0.7268855628150739	1507	1009	1	aa	0.8	4.0
True	PROKKA_06122025__gr_1e-12_lr_1e-12_mu_1e-14	31001	mmseqs2	6.783500165001005e-05	1.0	0.00019437346828267657	0.7269989370238763	0.7274748412327	0.727236811270296	1509	1010	0	nt	0.5	3.0
True	PROKKA_06122025__gr_1e-12_lr_1e-12_mu_1e-14	31001	connected_components_t0.1	0.7934373378757456	0.794912559618442	0.8448824476648505	1.0	0.931750661645868	0.9646696958830168	2371	1700	146	aa	0.9	174.0
True	PROKKA_06122025__gr_1e-12_lr_1e-12_mu_1e-14	31001	connected_components_t0.2	0.9324608048869049	0.9288111641052818	0.9523967258892954	0.9999999999999999	0.9758313885766081	0.9877678775814959	1774	1186	58	aa	0.9	174.0
True	PROKKA_06122025__gr_1e-12_lr_1e-12_mu_1e-14	31001	connected_components_t0.3	0.9792743470605682	0.9791556262144497	0.9866683992863083	1.0	0.9928823717949742	0.9964284755057495	1581	1051	15	aa	0.9	174.0
True	PROKKA_06122025__gr_1e-12_lr_1e-12_mu_1e-14	31001	connected_components_t0.4	0.9922560222351398	0.9922275216392863	0.994856420713276	1.0	0.997219667459033	0.9986078984769341	1541	1028	7	aa	0.9	174.0
True	PROKKA_06122025__gr_1e-12_lr_1e-12_mu_1e-14	31001	connected_components_t0.5	0.9983443393638933	0.9985868221162338	0.998834283948543	0.9999153806957215	0.9994503180352337	0.999682795277504	1520	1018	0	aa	0.9	174.0
True	PROKKA_06122025__gr_1e-12_lr_1e-12_mu_1e-14	31001	connected_components_t0.6	0.9975231257459969	0.9994700582935877	0.9988674870027395	0.9996094214212762	0.9997733572429333	0.9996913826112922	1516	1016	0	aa	0.9	174.0
True	PROKKA_06122025__gr_1e-12_lr_1e-12_mu_1e-14	31001	connected_components_t0.7	0.9960517077298253	1.0	0.9984461548206043	0.9991521550936714	1.0	0.9995758977603739	1510	1011	0	aa	0.9	174.0
True	PROKKA_06122025__gr_1e-12_lr_1e-12_mu_1e-14	31001	hdbscan_dist	0.9422152005491569	0.990990990990991	0.9632601845405352	0.9817270986594723	0.9976389095210816	0.9896190478225	1320	814	0	aa	0.9	0.256
True	PROKKA_06122025__gr_1e-12_lr_1e-12_mu_1e-14	31001	hdbscan_tsne	0.7907632180831601	0.9683801448507331	0.8686832711664368	0.9284655089478914	0.9912123976733129	0.9588134760596684	756	228	0	aa	0.9	13.258
True	PROKKA_06122025__gr_1e-12_lr_1e-12_mu_1e-14	31001	hdbscan_umap	0.10909761391837548	0.9498321851263027	0.730107742403857	0.832879279150715	0.9822137434114357	0.901403359955267	545	45	0	aa	0.9	6.812
True	PROKKA_06122025__gr_1e-12_lr_1e-12_mu_1e-14	31001	cdhit	7.875452350900089e-05	0.9977035859388801	0.00022354828570337893	0.7280576465043389	0.7277632495341613	0.7279104182526847	1516	1013	0	nt	0.9	1.0
True	PROKKA_06122025__gr_1e-12_lr_1e-12_mu_1e-14	31001	mmseqs2	6.937113380323623e-05	1.0	0.00019849366415345893	0.7271779256252028	0.7275236433203428	0.7273507433919328	1511	1012	0	aa	0.7	0.0
True	PROKKA_06122025__gr_1e-12_lr_1e-12_mu_1e-14	31001	mmseqs2	7.849655775242988e-05	0.9985868221162338	0.0002228392043118618	0.7279981392645573	0.7277470550639212	0.7278725755109732	1516	1014	1	nt	0.9	0.0
True	PROKKA_06122025__gr_1e-12_lr_1e-12_mu_1e-14	31001	mmseqs2	6.719547285754656e-05	1.0	0.00019263659582738915	0.7268782323894005	0.7274419206731763	0.727159967289702	1507	1007	1	aa	0.6	0.0
True	PROKKA_06122025__gr_1e-12_lr_1e-12_mu_1e-14	31001	ppanggolin	0.0001062544268118772	0.9878113407525172	0.0002971707554490697	0.731750940390688	0.7287645965236973	0.7302547153401711	1550	1030	11	aa	0.95	4.0
True	PROKKA_06122025__gr_1e-12_lr_1e-12_mu_1e-14	31001	ppanggolin	5.5609855853887505e-05	1.0	0.00016168312541361437	0.7260582211117029	0.7272180629430705	0.7266376791996751	1503	1005	1	aa	0.7	4.0
True	PROKKA_06122025__gr_1e-12_lr_1e-12_mu_1e-14	31001	cdhit	0.00010716875920922945	0.9664370252605546	0.00029778106172283675	0.7390486043012177	0.7306956091295146	0.7348483704326508	1625	1074	32	aa	0.95	1.0
True	PROKKA_06122025__gr_1e-12_lr_1e-12_mu_1e-14	31001	ppanggolin	6.413003535222196e-05	1.0	0.00018449838095689573	0.7267532827842963	0.7274078339761982	0.727080411066013	1508	1009	1	aa	0.85	4.0
True	PROKKA_06122025__gr_1e-12_lr_1e-12_mu_1e-14	31001	mmseqs2	6.828285592396143e-05	1.0	0.0001955882304893718	0.7270773958335415	0.7274962355495609	0.7272867553897885	1510	1011	0	nt	0.6	1.0
True	PROKKA_06122025__gr_1e-12_lr_1e-12_mu_1e-14	31375	panaroo	0.00086744462707754	1.0	0.0021596823896234394	0.7588772362185802	0.7592360415558589	0.7590565964854857	1517	1018	3	aa	0.85	25.0
True	PROKKA_06122025__gr_1e-12_lr_1e-12_mu_1e-14	31375	panta	0.9995803782715657	0.9997939418916134	0.9996416579905827	0.9999134088346194	0.9999134088346195	0.9999134088346194	1509	1011	3	aa	0.6	7.0
True	PROKKA_06122025__gr_1e-12_lr_1e-12_mu_1e-14	31375	diamond	0.0008413170266646663	1.0	0.0021024347372229192	0.7567104889086699	0.7587129863789271	0.7577104145825605	1496	995	7	aa	0.6	1.0
True	PROKKA_06122025__gr_1e-12_lr_1e-12_mu_1e-14	31375	diamond	0.0008587184783162342	0.9856351323619946	0.002117549674344034	0.7633383216230089	0.7602743364511493	0.7618032481998716	1549	1032	11	aa	0.95	1.0
True	PROKKA_06122025__gr_1e-12_lr_1e-12_mu_1e-14	31375	diamond	0.000851108451286645	1.0	0.002123028620048388	0.7573254251914631	0.7588616634998897	0.758092766068326	1501	1001	5	aa	0.7	1.0
True	PROKKA_06122025__gr_1e-12_lr_1e-12_mu_1e-14	31375	panta	0.9993701719371373	0.9991757675664538	0.99952225479516	1.0	0.9997692741863193	0.9998846237830239	1511	1012	3	aa	0.8	7.0
True	PROKKA_06122025__gr_1e-12_lr_1e-12_mu_1e-14	31375	mmseqs2	0.0008595965884725245	1.0	0.002142603181004012	0.7582485298843954	0.7590845048437199	0.7586662870737666	1512	1014	3	nt	0.7	1.0
True	PROKKA_06122025__gr_1e-12_lr_1e-12_mu_1e-14	31375	cdhit	0.0008555167984274924	0.999384362815514	0.0021324339913360467	0.7576342638930794	0.758936264332824	0.7582847052186854	1503	1002	5	aa	0.7	0.0
True	PROKKA_06122025__gr_1e-12_lr_1e-12_mu_1e-14	31375	panx	0.9951743211248626	1.0	0.9988726513831097	0.9994545208255015	1.0000000000000002	0.9997271860055746	1449	974	4	aa	0.5	720.0
True	PROKKA_06122025__gr_1e-12_lr_1e-12_mu_1e-14	31375	ppanggolin	0.0008471623208598797	1.0	0.0021146204910002797	0.757052015033134	0.7587955819864637	0.7579227957619875	1499	1000	4	aa	0.6	4.0
True	PROKKA_06122025__gr_1e-12_lr_1e-12_mu_1e-14	31375	panx	0.9930660162200234	0.9981381878361605	0.9973541566600667	0.9993824676095555	0.9993388214676541	0.9993606440620537	1507	1009	5	aa	0.9	714.0
True	PROKKA_06122025__gr_1e-12_lr_1e-12_mu_1e-14	31375	panaroo	0.0009192093028294147	0.9897393802585677	0.002270640978038039	0.7628141458744571	0.7601806351320344	0.7614951136146717	1549	1033	15	aa	0.95	25.0
True	PROKKA_06122025__gr_1e-12_lr_1e-12_mu_1e-14	31375	cdhit	0.0008573287861142799	1.0	0.002137138672193072	0.7579493670155873	0.7590123307964324	0.7584804764865872	1508	1009	4	nt	0.8	14.0
True	PROKKA_06122025__gr_1e-12_lr_1e-12_mu_1e-14	31375	panta	0.9930280870326426	0.9936121986400165	0.9957450279645584	1.0	0.9979564362587131	0.998977173023295	1525	1017	9	aa	0.95	7.0
True	PROKKA_06122025__gr_1e-12_lr_1e-12_mu_1e-14	31375	mmseqs2	0.0008323649467267001	1.0	0.002085845421859743	0.7566590868121872	0.7587005502582463	0.7576784434250121	1500	1003	3	aa	0.5	1.0
True	PROKKA_06122025__gr_1e-12_lr_1e-12_mu_1e-14	31375	cdhit	0.0008458115500717139	1.0	0.0021111174723267676	0.7568172660395225	0.7587388157282664	0.7577768227325998	1495	994	5	aa	0.6	0.0
True	PROKKA_06122025__gr_1e-12_lr_1e-12_mu_1e-14	31375	panaroo	0.0008666467397527065	1.0	0.0021578266183864244	0.7587867726929542	0.7592142489289772	0.7590004506213052	1516	1017	3	aa	0.8	26.0
True	PROKKA_06122025__gr_1e-12_lr_1e-12_mu_1e-14	31375	cdhit	0.000882103097971499	0.9977426636568849	0.0021878538587291134	0.7592774140586491	0.7593323969337598	0.7593049045008479	1516	1014	5	aa	0.9	0.0
True	PROKKA_06122025__gr_1e-12_lr_1e-12_mu_1e-14	31375	cdhit	0.0008753302711440299	0.9987687256310281	0.002173653908697458	0.7588349578594857	0.759225857207195	0.7590303572052184	1513	1013	3	aa	0.85	0.0
True	PROKKA_06122025__gr_1e-12_lr_1e-12_mu_1e-14	31375	panta	0.9993701719371373	0.9991757675664538	0.99952225479516	1.0	0.9997692741863193	0.9998846237830239	1511	1012	3	aa	0.85	7.0
True	PROKKA_06122025__gr_1e-12_lr_1e-12_mu_1e-14	31375	mmseqs2	0.0008664188429936515	1.0	0.002157381976927314	0.7587796696019861	0.7592125376301797	0.7589960418981344	1516	1017	3	nt	0.85	0.0
True	PROKKA_06122025__gr_1e-12_lr_1e-12_mu_1e-14	31375	mmseqs2	0.0009206214103928016	0.9899445926533963	0.0022728215483141492	0.7627511933064576	0.7601655890643993	0.7614561962692734	1548	1038	10	aa	0.95	0.0
True	PROKKA_06122025__gr_1e-12_lr_1e-12_mu_1e-14	31375	diamond	0.0008794595389724917	0.9973322388672275	0.0021838367611880087	0.7594336057972695	0.7593699840759772	0.7594017936040866	1520	1018	6	aa	0.9	1.0
True	PROKKA_06122025__gr_1e-12_lr_1e-12_mu_1e-14	31375	mmseqs2	0.0008970087837718329	0.9946644777344552	0.00222194855427464	0.7608656588915391	0.7597140574762362	0.7602894221048694	1531	1025	7	nt	0.95	0.0
True	PROKKA_06122025__gr_1e-12_lr_1e-12_mu_1e-14	31375	connected_components_t0.1	0.8263186798180967	0.8333675353991381	0.8586127218204113	1.0	0.9435709411999507	0.9709662983717948	2226	1694	88	nt	0.9	156.0
True	PROKKA_06122025__gr_1e-12_lr_1e-12_mu_1e-14	31375	connected_components_t0.2	0.959538399573005	0.9597783706135851	0.9700361359867798	1.0	0.9861582550526419	0.9930308952410284	1666	1136	32	nt	0.9	156.0
True	PROKKA_06122025__gr_1e-12_lr_1e-12_mu_1e-14	31375	connected_components_t0.3	0.9858976752550402	0.9866611943361379	0.9902791895306137	0.9998966948674343	0.9954772801565182	0.9976820933852031	1564	1054	11	nt	0.9	156.0
True	PROKKA_06122025__gr_1e-12_lr_1e-12_mu_1e-14	31375	connected_components_t0.4	0.9927603347079021	0.9944592653396265	0.9958846480848195	0.9996808086841475	0.9983418379950271	0.9990108746853867	1534	1031	3	nt	0.9	156.0
True	PROKKA_06122025__gr_1e-12_lr_1e-12_mu_1e-14	31375	connected_components_t0.5	0.9947878715645061	0.9991791504206854	0.9983923471040786	0.999527412665311	0.9996968200487565	0.9996121091795344	1522	1023	2	nt	0.9	156.0
True	PROKKA_06122025__gr_1e-12_lr_1e-12_mu_1e-14	31375	connected_components_t0.6	0.9952094914017325	1.0	0.9988262546592165	0.9994331877039226	1.0	0.9997165135101472	1517	1017	3	nt	0.9	156.0
True	PROKKA_06122025__gr_1e-12_lr_1e-12_mu_1e-14	31375	connected_components_t0.7	0.9950713187987945	1.0	0.9986709599846605	0.99935809522693	0.9999999999999998	0.9996789445699583	1516	1016	3	nt	0.9	156.0
True	PROKKA_06122025__gr_1e-12_lr_1e-12_mu_1e-14	31375	hdbscan_dist	0.9178805117356293	0.9647034680894726	0.9413870121447745	0.9817454461044277	0.989445570738244	0.9855804688034424	1331	662	122	nt	0.9	0.211
True	PROKKA_06122025__gr_1e-12_lr_1e-12_mu_1e-14	31375	hdbscan_tsne	0.5647519816351806	0.6944387441001436	0.7177897616444194	0.9707927893760382	0.9151892173505519	0.9421713356223075	1698	345	585	nt	0.9	12.266
True	PROKKA_06122025__gr_1e-12_lr_1e-12_mu_1e-14	31375	hdbscan_umap	0.7474262660840969	0.9895341678637389	0.8387625685249465	0.9110810191441158	0.9971244849411239	0.9521628462016318	605	37	43	nt	0.9	6.85
True	PROKKA_06122025__gr_1e-12_lr_1e-12_mu_1e-14	31375	panx	0.98357180155547	0.9880682987039704	0.9905265655546645	0.9993684601597965	0.9961038984205165	0.9977335089040438	1545	1033	12	aa	0.95	710.0
True	PROKKA_06122025__gr_1e-12_lr_1e-12_mu_1e-14	31375	diamond	0.0008612994984733325	1.0	0.002145464990071647	0.7581962745493602	0.7590719011848673	0.7586338352018246	1509	1009	4	aa	0.85	1.0
True	PROKKA_06122025__gr_1e-12_lr_1e-12_mu_1e-14	31375	panta	0.9993704356391377	0.9995878837832268	0.9994623913391306	0.9999134088346194	0.9998268326640004	0.9998701188752082	1510	1012	3	aa	0.7	7.0
True	PROKKA_06122025__gr_1e-12_lr_1e-12_mu_1e-14	31375	mmseqs2	0.0008656214528673568	1.0	0.002155527004601522	0.7586892060763601	0.7591907407480059	0.758939890554172	1515	1016	3	aa	0.8	1.0
True	PROKKA_06122025__gr_1e-12_lr_1e-12_mu_1e-14	31375	panta	0.9995803782715657	0.9997939418916134	0.9996416579905827	0.9999134088346194	0.9999134088346194	0.9999134088346194	1510	1012	3	aa	0.5	7.0
True	PROKKA_06122025__gr_1e-12_lr_1e-12_mu_1e-14	31375	panaroo	0.0008675586425689329	0.999384362815514	0.0021595446816681267	0.7588007324322511	0.759217612081966	0.7590091150151644	1515	1015	3	aa	0.7	31.0
True	PROKKA_06122025__gr_1e-12_lr_1e-12_mu_1e-14	31375	cdhit	0.0009063203325337876	0.99240714139134	0.0022404735495543697	0.7612797655289721	0.7598133698128701	0.7605458608383328	1531	1021	8	nt	0.95	0.0
True	PROKKA_06122025__gr_1e-12_lr_1e-12_mu_1e-14	31375	cdhit	0.0008632315996980926	0.9991791504206854	0.0021494763156845336	0.7583078009052511	0.7590987990459405	0.7587030938086861	1509	1008	4	aa	0.8	0.0
True	PROKKA_06122025__gr_1e-12_lr_1e-12_mu_1e-14	31375	ppanggolin	0.0008644829943121051	1.0	0.0021527398565555334	0.7585292164481433	0.759152182122665	0.7588405714304302	1513	1014	3	aa	0.9	4.0
True	PROKKA_06122025__gr_1e-12_lr_1e-12_mu_1e-14	31375	cdhit	0.0008255719007722599	0.9979478760517135	0.0020695165730827466	0.75577767396859	0.7584871033598415	0.757129964713089	1487	986	4	aa	0.5	2.0
True	PROKKA_06122025__gr_1e-12_lr_1e-12_mu_1e-14	31375	panaroo	0.0008728119077822433	0.9983583008413708	0.002171160761263138	0.7592653224622543	0.7593294866323146	0.7592974031917415	1519	1018	3	aa	0.9	25.0
True	PROKKA_06122025__gr_1e-12_lr_1e-12_mu_1e-14	31375	ppanggolin	0.0008172585416650463	1.0	0.0020520958912735193	0.7553029681878417	0.7583719899443379	0.756834367798875	1486	989	3	aa	0.5	4.0
True	PROKKA_06122025__gr_1e-12_lr_1e-12_mu_1e-14	31375	cdhit	0.0008643691917952284	0.9997947876051714	0.00215217683039284	0.758449764635911	0.7591330290882029	0.7587912430482703	1511	1010	5	nt	0.85	13.0
True	PROKKA_06122025__gr_1e-12_lr_1e-12_mu_1e-14	31375	embed_hdbscan_raw	0.8905114818739449	0.9435665914221218	0.9139242780662258	0.9750244018802714	0.9826538018800093	0.978824235355028	1288	543	179	aa	0.9	11.391
True	PROKKA_06122025__gr_1e-12_lr_1e-12_mu_1e-14	31375	embed_hdbscan_tsne	0.6143316635391165	0.7377385594089882	0.7418835277651875	0.965747562161156	0.9244899022457558	0.944668472769457	1530	260	504	aa	0.9	11.03
True	PROKKA_06122025__gr_1e-12_lr_1e-12_mu_1e-14	31375	embed_hdbscan_umap	0.7092901463226942	0.9880976810999385	0.822079474872672	0.8999122278158735	0.9968477042414915	0.9459029824022757	538	12	14	aa	0.9	13.014
True	PROKKA_06122025__gr_1e-12_lr_1e-12_mu_1e-14	31375	diamond	0.0008196927149748572	1.0	0.0020568262680371735	0.755354414743558	0.7583844707390972	0.756866410104912	1484	983	7	aa	0.5	1.0
True	PROKKA_06122025__gr_1e-12_lr_1e-12_mu_1e-14	31375	mmseqs2	0.0008700689833886649	0.9991791504206854	0.00216503140823057	0.7590089127389005	0.7592677553276933	0.7591383119689765	1517	1017	3	aa	0.9	2.0
True	PROKKA_06122025__gr_1e-12_lr_1e-12_mu_1e-14	31375	panaroo	0.0008647106229785757	1.0	0.0021532794594499058	0.7585571359267368	0.7591589118026946	0.7588579045623582	1513	1013	4	aa	0.6	31.0
True	PROKKA_06122025__gr_1e-12_lr_1e-12_mu_1e-14	31375	panx	0.9952810385036519	1.0	0.9988975635946231	0.9994673135376231	1.0	0.9997335858111956	1476	991	4	aa	0.6	711.0
True	PROKKA_06122025__gr_1e-12_lr_1e-12_mu_1e-14	31375	panaroo	0.0008416536872714262	1.0	0.0021064117446368486	0.7574547898347133	0.7588929175021533	0.7581731716971486	1507	1009	3	aa	0.5	31.0
True	PROKKA_06122025__gr_1e-12_lr_1e-12_mu_1e-14	31375	panx	0.995116575365659	0.9997896508203618	0.9987233883442964	0.9994712095470177	0.9999113538336625	0.9996912332436355	1484	996	4	aa	0.7	719.0
True	PROKKA_06122025__gr_1e-12_lr_1e-12_mu_1e-14	31375	diamond	0.0008605045873823735	1.0	0.0021436144502930076	0.7581058110237343	0.7590500788323462	0.7585776510750155	1508	1008	4	aa	0.8	1.0
True	PROKKA_06122025__gr_1e-12_lr_1e-12_mu_1e-14	31375	panx	0.9944450300810246	0.9991690901537184	0.9982353613717735	0.9993796554897155	0.9997670542977733	0.999573317358271	1499	1004	4	aa	0.85	705.0
True	PROKKA_06122025__gr_1e-12_lr_1e-12_mu_1e-14	31375	panta	0.9981432378764952	0.9981454770245209	0.9987575248236059	1.0	0.9994006248188676	0.999700222569858	1514	1013	5	aa	0.9	7.0
True	PROKKA_06122025__gr_1e-12_lr_1e-12_mu_1e-14	31375	mmseqs2	0.0008624357534431886	0.9997947876051714	0.002149039679552753	0.7585327620682132	0.759153036775826	0.758842772669594	1515	1017	3	nt	0.8	1.0
True	PROKKA_06122025__gr_1e-12_lr_1e-12_mu_1e-14	31375	panx	0.9944191395681556	0.9991657977059437	0.998227189952701	0.9993769358845971	0.9997660326606541	0.9995714464073244	1495	1002	4	aa	0.8	734.0
True	PROKKA_06122025__gr_1e-12_lr_1e-12_mu_1e-14	31375	mmseqs2	0.0008664188429936515	1.0	0.002157381976927314	0.7587796696019861	0.7592125376301797	0.7589960418981344	1516	1017	3	aa	0.85	1.0
True	PROKKA_06122025__gr_1e-12_lr_1e-12_mu_1e-14	31375	ppanggolin	0.0008606181225569087	1.0	0.0021440065188152195	0.7581474176477314	0.7590601160138847	0.7586034923072872	1509	1010	3	aa	0.8	4.0
True	PROKKA_06122025__gr_1e-12_lr_1e-12_mu_1e-14	31375	mmseqs2	0.0008595965884725245	1.0	0.002142603181004012	0.7582485298843954	0.7590845048437199	0.7586662870737666	1512	1014	3	nt	0.5	2.0
True	PROKKA_06122025__gr_1e-12_lr_1e-12_mu_1e-14	31375	connected_components_t0.1	0.860852730511797	0.8705109788631233	0.8938612039624183	1.0	0.955732510038451	0.9773652635345932	2028	1456	83	aa	0.9	151.0
True	PROKKA_06122025__gr_1e-12_lr_1e-12_mu_1e-14	31375	connected_components_t0.2	0.9709403788615477	0.9735276010671045	0.9793271762298483	0.9998065529078882	0.9905035594090152	0.9951333143988375	1618	1099	24	aa	0.9	151.0
True	PROKKA_06122025__gr_1e-12_lr_1e-12_mu_1e-14	31375	connected_components_t0.3	0.9904207377898423	0.9934332033654832	0.9948743544646926	0.9995811679692144	0.9979580692341293	0.9987689591779532	1538	1032	8	aa	0.9	151.0
True	PROKKA_06122025__gr_1e-12_lr_1e-12_mu_1e-14	31375	connected_components_t0.4	0.9942287103483808	0.9983583008413708	0.9979384503121247	0.9995274126653111	0.999478332507023	0.9995028719836521	1524	1024	2	aa	0.9	151.0
True	PROKKA_06122025__gr_1e-12_lr_1e-12_mu_1e-14	31375	connected_components_t0.5	0.9950001695577304	0.9997947876051714	0.9986475937352783	0.9994331877039226	0.999913797292683	0.9996734347330478	1518	1018	3	aa	0.9	151.0
True	PROKKA_06122025__gr_1e-12_lr_1e-12_mu_1e-14	31375	connected_components_t0.6	0.9947605703375894	1.0	0.9984692582881176	0.9992605286103359	0.9999999999999999	0.9996301275501206	1515	1015	3	aa	0.9	151.0
True	PROKKA_06122025__gr_1e-12_lr_1e-12_mu_1e-14	31375	connected_components_t0.7	0.9942430862660083	1.0	0.9980141075234432	0.9990402196542827	1.0	0.9995198794219942	1512	1011	4	aa	0.9	151.0
True	PROKKA_06122025__gr_1e-12_lr_1e-12_mu_1e-14	31375	hdbscan_dist	0.9079050751843442	0.950543812846296	0.934754043399007	0.9833723746123657	0.9850196623944159	0.984195329220721	1388	707	127	aa	0.9	0.198
True	PROKKA_06122025__gr_1e-12_lr_1e-12_mu_1e-14	31375	hdbscan_tsne	0.5836337184631012	0.7153704083726657	0.7351417845378998	0.9714603532451985	0.9199422429219479	0.9449996717622767	1738	513	530	aa	0.9	12.428
True	PROKKA_06122025__gr_1e-12_lr_1e-12_mu_1e-14	31375	hdbscan_umap	0.25250711421283006	0.9839934332033655	0.7603334050687146	0.8579478713673534	0.9945340757072152	0.9212056231940782	528	23	24	aa	0.9	6.721
True	PROKKA_06122025__gr_1e-12_lr_1e-12_mu_1e-14	31375	cdhit	0.0008720114164052189	0.999384362815514	0.002167964854431178	0.7588933471702296	0.759239922263804	0.7590665951571515	1515	1014	5	nt	0.9	0.0
True	PROKKA_06122025__gr_1e-12_lr_1e-12_mu_1e-14	31375	mmseqs2	0.0008607316655810018	1.0	0.002145117466602922	0.7583491028067507	0.7591087586904363	0.7587287406026012	1513	1015	3	aa	0.7	0.0
True	PROKKA_06122025__gr_1e-12_lr_1e-12_mu_1e-14	31375	mmseqs2	0.0008664188429936515	1.0	0.002157381976927313	0.7587796696019861	0.7592125376301796	0.7589960418981343	1516	1017	3	nt	0.9	0.0
True	PROKKA_06122025__gr_1e-12_lr_1e-12_mu_1e-14	31375	mmseqs2	0.0008594831239073956	1.0	0.0021422111502531044	0.7582069232603982	0.7590744696941225	0.7586404484557602	1511	1012	4	aa	0.6	0.0
True	PROKKA_06122025__gr_1e-12_lr_1e-12_mu_1e-14	31375	ppanggolin	0.0008751011700425164	0.9977426636568849	0.0021761202697486853	0.7594512617774929	0.759374232203857	0.7594127450373382	1522	1022	4	aa	0.95	4.0
True	PROKKA_06122025__gr_1e-12_lr_1e-12_mu_1e-14	31375	ppanggolin	0.0008523506308186796	1.0	0.002125924101161777	0.7574676047378155	0.7588960130926313	0.7581811361377958	1503	1004	4	aa	0.7	4.0
True	PROKKA_06122025__gr_1e-12_lr_1e-12_mu_1e-14	31375	cdhit	0.0008611531799741371	0.9846090703878514	0.002123803713273942	0.7637539148978193	0.7603735238674247	0.7620599706660686	1554	1036	12	aa	0.95	0.0
True	PROKKA_06122025__gr_1e-12_lr_1e-12_mu_1e-14	31375	ppanggolin	0.0008614130886118726	1.0	0.00214585729026821	0.7582378811733573	0.7590819365484311	0.7586596740951356	1510	1011	3	aa	0.85	4.0
True	PROKKA_06122025__gr_1e-12_lr_1e-12_mu_1e-14	31375	mmseqs2	0.0008595965884725245	1.0	0.002142603181004012	0.7582485298843954	0.7590845048437199	0.7586662870737666	1512	1014	3	nt	0.6	1.0
True	PROKKA_06122025__gr_1e-12_lr_1e-12_mu_1e-14	35787	panaroo	0.00048589809949414335	0.9928443649373881	0.0012054226174108972	0.7570440416550618	0.7558045939442201	0.756423810071838	1539	1030	3	aa	0.85	26.0
True	PROKKA_06122025__gr_1e-12_lr_1e-12_mu_1e-14	35787	panta	0.998659618787381	0.9975990396158463	0.9983925518936305	1.0000000000000002	0.9992141307467658	0.9996069109150701	1719	1224	1	aa	0.6	9.0
True	PROKKA_06122025__gr_1e-12_lr_1e-12_mu_1e-14	35787	diamond	0.00046868068156066925	1.0	0.0011853929274020917	0.7517672015796536	0.7545418056816863	0.7531519482360312	1507	1009	6	aa	0.6	2.0
True	PROKKA_06122025__gr_1e-12_lr_1e-12_mu_1e-14	35787	diamond	0.0004632555234862581	0.9230769230769231	0.0011179389419848952	0.7749527308688753	0.7600039094424779	0.7674055274603752	1663	1047	34	aa	0.95	1.0
True	PROKKA_06122025__gr_1e-12_lr_1e-12_mu_1e-14	35787	diamond	0.0004806739106200542	1.0	0.0012126164512802028	0.7526970419323712	0.7547706713929906	0.7537324304499992	1515	1019	2	aa	0.7	2.0
True	PROKKA_06122025__gr_1e-12_lr_1e-12_mu_1e-14	35787	panta	0.9982568051392964	0.9977991196478592	0.9986917083651977	1.0	0.9993601000153014	0.9996799476068899	1526	1026	3	aa	0.8	6.0
True	PROKKA_06122025__gr_1e-12_lr_1e-12_mu_1e-14	35787	mmseqs2	0.00045601013536788765	1.0	0.0011379936806564454	0.7545532255723553	0.7551958300955699	0.7548743910759458	1523	1022	4	nt	0.7	1.0
True	PROKKA_06122025__gr_1e-12_lr_1e-12_mu_1e-14	35787	cdhit	0.00048394526405288004	0.9996024647187438	0.001220027127741994	0.7529547284380526	0.7548340214028377	0.7538932037543755	1517	1020	3	aa	0.7	0.0
True	PROKKA_06122025__gr_1e-12_lr_1e-12_mu_1e-14	35787	panx	0.99974809385304	1.0	0.9998070595156981	0.9999058655393002	0.9999999999999999	0.9999529305542216	1462	995	2	aa	0.5	770.0
True	PROKKA_06122025__gr_1e-12_lr_1e-12_mu_1e-14	35787	ppanggolin	0.0004709043858769912	1.0	0.0011904677131131735	0.7519444397823447	0.7545854630501772	0.7532626364924456	1508	1010	5	aa	0.6	4.0
True	PROKKA_06122025__gr_1e-12_lr_1e-12_mu_1e-14	35787	panx	0.9862962847676447	0.9858927851672713	0.9921725771915603	0.9997955607565715	0.9964138308168056	0.9981018313333316	1539	1028	4	aa	0.9	700.0
True	PROKKA_06122025__gr_1e-12_lr_1e-12_mu_1e-14	35787	panaroo	0.00040888721855320296	0.9175114291393361	0.0009854552619600703	0.7769165777864274	0.7604352714203184	0.7685875800062418	1684	1049	36	aa	0.95	28.0
True	PROKKA_06122025__gr_1e-12_lr_1e-12_mu_1e-14	35787	cdhit	0.0004990900347824176	0.9992049294374876	0.0012535520467281932	0.7538871694654669	0.7550629807635797	0.754474617003893	1523	1025	2	nt	0.8	15.0
True	PROKKA_06122025__gr_1e-12_lr_1e-12_mu_1e-14	35787	panta	0.9372741722492602	0.9341736694677871	0.9654902583141837	1.0000000000000002	0.9839097542906414	0.9918896282078559	1625	1034	22	aa	0.95	7.0
True	PROKKA_06122025__gr_1e-12_lr_1e-12_mu_1e-14	35787	mmseqs2	0.00041182457821938023	1.0	0.0010401481984772204	0.7521366505758914	0.7546023031183962	0.7533674594298448	1510	1012	6	aa	0.5	2.0
True	PROKKA_06122025__gr_1e-12_lr_1e-12_mu_1e-14	35787	cdhit	0.00047118259220591885	1.0	0.001191059441750487	0.7519506910107394	0.7545870025711457	0.7532665401315497	1508	1010	5	aa	0.6	0.0
True	PROKKA_06122025__gr_1e-12_lr_1e-12_mu_1e-14	35787	panaroo	0.0004695009569450682	0.9984098588749751	0.001168684761108925	0.7557563048528824	0.7554902452365276	0.755623251624397	1533	1030	3	aa	0.8	25.0
True	PROKKA_06122025__gr_1e-12_lr_1e-12_mu_1e-14	35787	cdhit	0.000603132337901315	0.9693897833432717	0.0014859727885898073	0.7625411776740683	0.7571677308071447	0.7598449544176238	1578	1035	12	aa	0.9	0.0
True	PROKKA_06122025__gr_1e-12_lr_1e-12_mu_1e-14	35787	cdhit	0.00047234744715761104	0.990657920890479	0.0011762007174669184	0.7564025903094437	0.7556481107136607	0.7560251622773018	1536	1027	4	aa	0.85	0.0
True	PROKKA_06122025__gr_1e-12_lr_1e-12_mu_1e-14	35787	panta	0.9957656257130717	0.9951980792316927	0.9973253991863652	1.0	0.9986944566641753	0.9993468019429025	1530	1026	4	aa	0.85	6.0
True	PROKKA_06122025__gr_1e-12_lr_1e-12_mu_1e-14	35787	mmseqs2	0.0004685533846420992	0.9986086265156032	0.001166161831691307	0.7555216568593649	0.7554328782549545	0.7554772649489937	1530	1028	2	nt	0.85	1.0
True	PROKKA_06122025__gr_1e-12_lr_1e-12_mu_1e-14	35787	mmseqs2	0.00038999263589068026	0.9262572053269728	0.0009428041897935443	0.7750056206483227	0.759986345418931	0.7674225042684597	1672	1066	36	aa	0.95	1.0
True	PROKKA_06122025__gr_1e-12_lr_1e-12_mu_1e-14	35787	diamond	0.0005804685419137862	0.9753528125621149	0.001435855162598499	0.7606351689236517	0.7567072804659591	0.7586661407047866	1563	1028	9	aa	0.9	1.0
True	PROKKA_06122025__gr_1e-12_lr_1e-12_mu_1e-14	35787	mmseqs2	0.0004085287918425638	0.9467302723116676	0.0009941882132291889	0.7693273964965867	0.7586725489007998	0.7639628242100328	1627	1055	19	nt	0.95	1.0
True	PROKKA_06122025__gr_1e-12_lr_1e-12_mu_1e-14	35787	connected_components_t0.1	0.5894261984955291	0.6463923673225999	0.7163261969983047	1.0000000000000002	0.9021885283755771	0.9485795071490882	2671	1888	202	nt	0.9	172.0
True	PROKKA_06122025__gr_1e-12_lr_1e-12_mu_1e-14	35787	connected_components_t0.2	0.7951895664732225	0.802623732856291	0.8736663124806576	1.0000000000000002	0.9478778145834591	0.9732415529216925	1998	1247	107	nt	0.9	172.0
True	PROKKA_06122025__gr_1e-12_lr_1e-12_mu_1e-14	35787	connected_components_t0.3	0.8913861902530079	0.8874975154044922	0.935885954785629	0.9999445319414709	0.9713656506519697	0.9854479314943281	1751	1094	49	nt	0.9	172.0
True	PROKKA_06122025__gr_1e-12_lr_1e-12_mu_1e-14	35787	connected_components_t0.4	0.9369693614743025	0.9336116080302127	0.9636140549993943	0.9999445319414708	0.9831390596971381	0.9914705875508921	1652	1056	30	nt	0.9	172.0
True	PROKKA_06122025__gr_1e-12_lr_1e-12_mu_1e-14	35787	connected_components_t0.5	0.9643636529276459	0.9612403100775194	0.979736859648537	0.9999445319414711	0.9904165170906064	0.9951577188378824	1595	1041	10	nt	0.9	172.0
True	PROKKA_06122025__gr_1e-12_lr_1e-12_mu_1e-14	35787	connected_components_t0.6	0.9819881776354753	0.9809183064997018	0.9894347611949607	0.9997522058141344	0.9951442771744445	0.9974429196626733	1562	1034	5	nt	0.9	172.0
True	PROKKA_06122025__gr_1e-12_lr_1e-12_mu_1e-14	35787	connected_components_t0.7	0.9919867700718593	0.9922480620155039	0.995573703944493	0.9997201190398044	0.9981220746410995	0.9989204577144218	1540	1028	3	nt	0.9	172.0
True	PROKKA_06122025__gr_1e-12_lr_1e-12_mu_1e-14	35787	hdbscan_dist	0.686879741842007	0.7276883323394951	0.8244449517872712	0.994368327669738	0.934858925233828	0.963695805865082	1888	859	223	nt	0.9	0.211
True	PROKKA_06122025__gr_1e-12_lr_1e-12_mu_1e-14	35787	hdbscan_tsne	0.4779861873468723	0.6114092625720533	0.6762417086762237	0.976562279324163	0.900403146840967	0.936937609113217	1922	433	623	nt	0.9	11.73
True	PROKKA_06122025__gr_1e-12_lr_1e-12_mu_1e-14	35787	hdbscan_umap	0.675695352165396	0.896640826873385	0.7984001789092053	0.9120259806389622	0.9747474578308418	0.9423442030480296	685	30	32	nt	0.9	6.554
True	PROKKA_06122025__gr_1e-12_lr_1e-12_mu_1e-14	35787	panx	0.9384473290364594	0.9377609862795785	0.9654623232119016	0.9995835703446685	0.9842686761016101	0.9918670094493952	1636	1051	20	aa	0.95	699.0
True	PROKKA_06122025__gr_1e-12_lr_1e-12_mu_1e-14	35787	diamond	0.0005168821550139721	0.994434506062413	0.0012933934536012931	0.7552182841187837	0.7553890937601533	0.7553036792824478	1529	1024	3	aa	0.85	1.0
True	PROKKA_06122025__gr_1e-12_lr_1e-12_mu_1e-14	35787	panta	0.9989615170015622	0.9981992797118847	0.998834823565714	1.0000000000000002	0.9994299802934115	0.9997149088929312	1622	1125	2	aa	0.7	8.0
True	PROKKA_06122025__gr_1e-12_lr_1e-12_mu_1e-14	35787	mmseqs2	0.00046666012293904917	0.9988073941562313	0.0011620736494683999	0.7554393130484536	0.7554127403745039	0.7554260264778003	1530	1028	3	aa	0.8	1.0
True	PROKKA_06122025__gr_1e-12_lr_1e-12_mu_1e-14	35787	panta	0.9986261551836632	0.9975990396158463	0.9983097713719654	0.9999594289876789	0.9992140988870193	0.9995866250006957	1718	1222	2	aa	0.5	8.0
True	PROKKA_06122025__gr_1e-12_lr_1e-12_mu_1e-14	35787	panaroo	0.00046647093470196554	0.9994036970781157	0.001161584731828811	0.7553995951142849	0.7554030258297083	0.7554013104681014	1530	1029	2	aa	0.7	29.0
True	PROKKA_06122025__gr_1e-12_lr_1e-12_mu_1e-14	35787	cdhit	0.00042314633282446244	0.9375869608427748	0.0010290446283132957	0.7715604391149968	0.7592028122301167	0.7653317450191991	1646	1056	31	nt	0.95	1.0
True	PROKKA_06122025__gr_1e-12_lr_1e-12_mu_1e-14	35787	cdhit	0.0005024035231556267	0.9984098588749751	0.001261200799091702	0.7542167630298202	0.7551438096577772	0.7546800016485886	1526	1027	3	aa	0.8	0.0
True	PROKKA_06122025__gr_1e-12_lr_1e-12_mu_1e-14	35787	ppanggolin	0.0005332480575116642	0.988869012124826	0.0013311090898172077	0.756893939850289	0.7557983841467172	0.7563457652746352	1541	1027	5	aa	0.9	5.0
True	PROKKA_06122025__gr_1e-12_lr_1e-12_mu_1e-14	35787	cdhit	0.000439630350225241	0.9988073941562313	0.0011209558756873608	0.7502948348270502	0.754178530485916	0.7522316699083952	1499	1003	5	aa	0.5	2.0
True	PROKKA_06122025__gr_1e-12_lr_1e-12_mu_1e-14	35787	panaroo	0.0004788337354865168	0.9711786921089247	0.0011774132207063718	0.7630496645714058	0.7572297506339276	0.7601285677431444	1580	1032	8	aa	0.9	26.0
True	PROKKA_06122025__gr_1e-12_lr_1e-12_mu_1e-14	35787	ppanggolin	0.0004196350218770898	1.0	0.0010760766611871797	0.7492657481623198	0.7539239861474848	0.7515876494429158	1494	1000	6	aa	0.5	7.0
True	PROKKA_06122025__gr_1e-12_lr_1e-12_mu_1e-14	35787	cdhit	0.0004559162421796645	0.996223414828066	0.0011392987433646088	0.7551498165136467	0.7553419151981136	0.7552458536406844	1530	1028	2	nt	0.85	14.0
True	PROKKA_06122025__gr_1e-12_lr_1e-12_mu_1e-14	35787	embed_hdbscan_raw	0.8879950074599466	0.9831047505466111	0.9257800083874811	0.9656299997823711	0.9956696996788416	0.9804198023874802	1188	676	0	aa	0.9	12.15
True	PROKKA_06122025__gr_1e-12_lr_1e-12_mu_1e-14	35787	embed_hdbscan_tsne	0.758325611176908	0.9622341482806599	0.8386168267754152	0.9184911231705578	0.9901739527690503	0.9529864589421053	673	116	0	aa	0.9	11.628
True	PROKKA_06122025__gr_1e-12_lr_1e-12_mu_1e-14	35787	embed_hdbscan_umap	0.6622033612799021	0.9499105545617174	0.7976989537797373	0.8948689152988489	0.9862399520329113	0.9383353525433453	564	42	0	aa	0.9	13.075
True	PROKKA_06122025__gr_1e-12_lr_1e-12_mu_1e-14	35787	diamond	0.00042223096191488	1.0	0.001081935885861753	0.7493936903816882	0.7539556613162536	0.7516677541115903	1493	996	8	aa	0.5	1.0
True	PROKKA_06122025__gr_1e-12_lr_1e-12_mu_1e-14	35787	mmseqs2	0.0005280217992151226	0.9775392566090241	0.0013017494287582566	0.7613687318453368	0.7568544017427837	0.7591048552719448	1570	1035	15	aa	0.9	1.0
True	PROKKA_06122025__gr_1e-12_lr_1e-12_mu_1e-14	35787	panaroo	0.0004627867665847366	0.9994036970781157	0.001153147368999145	0.7550473408971292	0.7553168347614434	0.7551820637864283	1527	1026	3	aa	0.6	30.0
True	PROKKA_06122025__gr_1e-12_lr_1e-12_mu_1e-14	35787	panx	0.9997569589028047	1.0	0.9998137191291501	0.9999089234965239	0.9999999999999999	0.9999544596744352	1491	1009	2	aa	0.6	787.0
True	PROKKA_06122025__gr_1e-12_lr_1e-12_mu_1e-14	35787	panaroo	0.00044422818455368187	1.0	0.0011121589823846192	0.7539473177034256	0.7550472849192459	0.7544969004060331	1521	1022	3	aa	0.5	30.0
True	PROKKA_06122025__gr_1e-12_lr_1e-12_mu_1e-14	35787	panx	0.9995512567609846	0.9997954591941092	0.9996386874999418	0.9999096545768856	0.9999139508421894	0.9999118027049226	1502	1016	2	aa	0.7	804.0
True	PROKKA_06122025__gr_1e-12_lr_1e-12_mu_1e-14	35787	diamond	0.000503161959445861	0.9974160206718347	0.001262905081266854	0.7542715974606604	0.7551572519728678	0.7547141648887122	1525	1024	3	aa	0.8	1.0
True	PROKKA_06122025__gr_1e-12_lr_1e-12_mu_1e-14	35787	panx	0.9944241505332685	0.9949464321811199	0.996789439488043	0.9997948635787439	0.998639671655756	0.9992169337388177	1522	1025	4	aa	0.85	735.0
True	PROKKA_06122025__gr_1e-12_lr_1e-12_mu_1e-14	35787	panta	0.9851593792741056	0.9829931972789115	0.9912073168767712	1.0	0.9957464195255052	0.9978686768855604	1548	1026	5	aa	0.9	7.0
True	PROKKA_06122025__gr_1e-12_lr_1e-12_mu_1e-14	35787	mmseqs2	0.00046269242570261374	1.0	0.0011529269848566603	0.7550356643658114	0.7553139766576692	0.7551747948694221	1527	1027	2	nt	0.8	1.0
True	PROKKA_06122025__gr_1e-12_lr_1e-12_mu_1e-14	35787	panx	0.9972672451889667	0.9979670664769262	0.9982419082688051	0.9997936026976845	0.9993482983120041	0.9995709009095666	1514	1024	3	aa	0.8	726.0
True	PROKKA_06122025__gr_1e-12_lr_1e-12_mu_1e-14	35787	mmseqs2	0.0004869531545824183	0.9928443649373881	0.0012078570231896274	0.757158101486197	0.7558323980635518	0.7564946689749403	1540	1029	7	aa	0.85	1.0
True	PROKKA_06122025__gr_1e-12_lr_1e-12_mu_1e-14	35787	ppanggolin	0.000498617298976235	0.9992049294374876	0.0012523637212495202	0.7538039516050049	0.7550425641363551	0.7544227494819914	1522	1024	2	aa	0.8	4.0
True	PROKKA_06122025__gr_1e-12_lr_1e-12_mu_1e-14	35787	mmseqs2	0.00045601013536788765	1.0	0.0011379936806564454	0.7545532255723553	0.7551958300955699	0.7548743910759458	1523	1022	4	nt	0.5	2.0
True	PROKKA_06122025__gr_1e-12_lr_1e-12_mu_1e-14	35787	connected_components_t0.1	0.6590209110212699	0.6982707215265355	0.7705916316367221	1.0000000000000002	0.916148158106479	0.9562393745291687	2446	1651	186	aa	0.9	166.0
True	PROKKA_06122025__gr_1e-12_lr_1e-12_mu_1e-14	35787	connected_components_t0.2	0.8401688935535611	0.8397932816537468	0.9016576859640189	0.9999445319414708	0.9579974305859736	0.9785216422777349	1890	1179	79	aa	0.9	166.0
True	PROKKA_06122025__gr_1e-12_lr_1e-12_mu_1e-14	35787	connected_components_t0.3	0.9292661745050784	0.9262572053269728	0.9583893769591968	0.9999445319414709	0.9808510880851953	0.9903057864863709	1675	1072	33	aa	0.9	166.0
True	PROKKA_06122025__gr_1e-12_lr_1e-12_mu_1e-14	35787	connected_components_t0.4	0.9557158407891336	0.9532896044523952	0.9752445009202543	0.9999445319414709	0.9883550274708549	0.9941160029512371	1610	1044	17	aa	0.9	166.0
True	PROKKA_06122025__gr_1e-12_lr_1e-12_mu_1e-14	35787	connected_components_t0.5	0.9804580268858158	0.9783343271715365	0.9886085444110535	0.9998339182254034	0.9946731383839373	0.9972468515550234	1564	1030	9	aa	0.9	166.0
True	PROKKA_06122025__gr_1e-12_lr_1e-12_mu_1e-14	35787	connected_components_t0.6	0.9884606618336479	0.9914529914529915	0.9944314229577854	0.9993855634663562	0.9978985211854029	0.9986414887504613	1540	1028	4	aa	0.9	166.0
True	PROKKA_06122025__gr_1e-12_lr_1e-12_mu_1e-14	35787	connected_components_t0.7	0.9865152512189559	0.9960246471874379	0.9952469433848621	0.9986520844394777	0.9990180475400611	0.9988350324684716	1531	1026	3	aa	0.9	166.0
True	PROKKA_06122025__gr_1e-12_lr_1e-12_mu_1e-14	35787	hdbscan_dist	0.7243679412449512	0.7594911548399921	0.843098743648998	0.9921185984760054	0.9422972455867579	0.9665663414706833	1803	831	203	aa	0.9	0.213
True	PROKKA_06122025__gr_1e-12_lr_1e-12_mu_1e-14	35787	hdbscan_tsne	0.5282066881495123	0.6424170145100377	0.7151203867125676	0.9811730869802304	0.9089456744851355	0.9436793618624157	1915	538	526	aa	0.9	11.824
True	PROKKA_06122025__gr_1e-12_lr_1e-12_mu_1e-14	35787	hdbscan_umap	0.4313123074766982	0.8920691711389386	0.7489738715954377	0.8782602513484941	0.9724094077367844	0.9229400035386812	628	32	29	aa	0.9	6.722
True	PROKKA_06122025__gr_1e-12_lr_1e-12_mu_1e-14	35787	cdhit	0.0005391655482782434	0.9892665474060823	0.0013443428093027011	0.7573807777592133	0.7559170409869239	0.7566482014736347	1546	1032	6	nt	0.9	1.0
True	PROKKA_06122025__gr_1e-12_lr_1e-12_mu_1e-14	35787	mmseqs2	0.00046316419252440854	1.0	0.0011538464487256866	0.7550144116185851	0.7553087743800073	0.7551615643135698	1526	1025	3	aa	0.7	1.0
True	PROKKA_06122025__gr_1e-12_lr_1e-12_mu_1e-14	35787	mmseqs2	0.0004934925376783782	0.9904591532498509	0.001223128320317841	0.757934667579333	0.7560215317356574	0.7569768908745865	1547	1033	8	nt	0.9	1.0
True	PROKKA_06122025__gr_1e-12_lr_1e-12_mu_1e-14	35787	mmseqs2	0.0004559162421796645	1.0	0.0011377048309346375	0.7545129567348905	0.7551859633231716	0.7548493100196942	1522	1020	5	aa	0.6	2.0
True	PROKKA_06122025__gr_1e-12_lr_1e-12_mu_1e-14	35787	ppanggolin	0.0003977375775095803	0.9463327370304114	0.0009699845651467888	0.7683770646609441	0.7584461718620457	0.7633793215851593	1617	1044	15	aa	0.95	6.0
True	PROKKA_06122025__gr_1e-12_lr_1e-12_mu_1e-14	35787	ppanggolin	0.0004735030843282179	1.0	0.001196585890663375	0.7522336192291533	0.7546566604899749	0.7534431917651905	1512	1016	3	aa	0.7	4.0
True	PROKKA_06122025__gr_1e-12_lr_1e-12_mu_1e-14	35787	cdhit	0.0004014978182028299	0.9198966408268734	0.0009696567387274857	0.7765744807883782	0.7603550287361862	0.7683791715838595	1686	1068	41	aa	0.95	0.0
True	PROKKA_06122025__gr_1e-12_lr_1e-12_mu_1e-14	35787	ppanggolin	0.0005082918271913448	0.9972172530312066	0.0012741935217763822	0.7545784064851747	0.7552324370477518	0.7549052801076658	1526	1024	3	aa	0.85	6.0
True	PROKKA_06122025__gr_1e-12_lr_1e-12_mu_1e-14	35787	mmseqs2	0.00045601013536788765	1.0	0.0011379936806564454	0.7545532255723553	0.7551958300955699	0.7548743910759458	1523	1022	4	nt	0.6	1.0
True	PROKKA_06122025__gr_1e-12_lr_1e-12_mu_1e-14	40547	panaroo	0.0007749422375719581	0.9997754827121689	0.0017702676932952058	0.7805023676682314	0.7804858819323577	0.7804941247132409	1523	1022	1	aa	0.85	27.0
True	PROKKA_06122025__gr_1e-12_lr_1e-12_mu_1e-14	40547	panta	1.0	1.0	1.0	1.0	1.0	1.0	1611	1117	1	aa	0.6	7.0
True	PROKKA_06122025__gr_1e-12_lr_1e-12_mu_1e-14	40547	diamond	0.0007526906451976844	1.0	0.0017239042341373732	0.778314471843778	0.780004565005303	0.7791586019193746	1501	1000	3	aa	0.6	1.0
True	PROKKA_06122025__gr_1e-12_lr_1e-12_mu_1e-14	40547	diamond	0.0007964240572990465	0.9919173776380781	0.0018153538539370825	0.7827099038109964	0.7809693897081038	0.7818386780860648	1542	1032	10	aa	0.95	1.0
True	PROKKA_06122025__gr_1e-12_lr_1e-12_mu_1e-14	40547	diamond	0.000761147874499214	1.0	0.0017416711714369861	0.7791794224157914	0.7801950982231391	0.7796869295466675	1510	1010	1	aa	0.7	1.0
True	PROKKA_06122025__gr_1e-12_lr_1e-12_mu_1e-14	40547	panta	1.0	1.0	1.0	1.0	1.0	1.0	1512	1018	1	aa	0.8	7.0
True	PROKKA_06122025__gr_1e-12_lr_1e-12_mu_1e-14	40547	mmseqs2	0.0007693822464579759	1.0	0.0017586701267750164	0.7799496977032215	0.7803644985513657	0.7801570429910448	1517	1016	2	nt	0.7	1.0
True	PROKKA_06122025__gr_1e-12_lr_1e-12_mu_1e-14	40547	cdhit	0.000762090515174542	1.0	0.0017436561201428407	0.7792771413707045	0.7802166032226792	0.7797465893239084	1511	1011	1	aa	0.7	0.0
True	PROKKA_06122025__gr_1e-12_lr_1e-12_mu_1e-14	40547	panx	0.9994809376717316	1.0	0.9995665637951121	0.9998081396151156	1.0000000000000002	0.9999040606040732	1456	982	1	aa	0.5	788.0
True	PROKKA_06122025__gr_1e-12_lr_1e-12_mu_1e-14	40547	ppanggolin	0.000748947141920493	1.0	0.0017177085799355409	0.7783513482577198	0.780012694964004	0.7791811360434329	1503	1002	3	aa	0.6	4.0
True	PROKKA_06122025__gr_1e-12_lr_1e-12_mu_1e-14	40547	panx	0.9974943355212642	0.9979633401221996	0.9979638783684156	0.9998165645596515	0.9992887904216344	0.999552607823094	1517	1019	3	aa	0.9	778.0
True	PROKKA_06122025__gr_1e-12_lr_1e-12_mu_1e-14	40547	panaroo	0.0007953220505546696	0.9934889986528963	0.0018135055269926025	0.782707848202149	0.7809689404671246	0.781837427446808	1544	1033	10	aa	0.95	28.0
True	PROKKA_06122025__gr_1e-12_lr_1e-12_mu_1e-14	40547	cdhit	0.0007697883803266897	0.9997754827121689	0.0017592573983177377	0.7799257661585465	0.780359239413209	0.78014244257282	1516	1014	2	nt	0.8	14.0
True	PROKKA_06122025__gr_1e-12_lr_1e-12_mu_1e-14	40547	panta	0.9968467691383078	0.9979591836734694	0.9982398681747278	1.0	0.9992276350990886	0.999613668355043	1518	1021	3	aa	0.95	7.0
True	PROKKA_06122025__gr_1e-12_lr_1e-12_mu_1e-14	40547	mmseqs2	0.000842398911084891	1.0	0.0019296835448443382	0.7785714978465362	0.7800965564355753	0.7793332810541344	1504	1004	2	aa	0.5	3.0
True	PROKKA_06122025__gr_1e-12_lr_1e-12_mu_1e-14	40547	cdhit	0.0007561751529529174	1.0	0.0017309617235758653	0.7786037668707327	0.7800683283048173	0.7793353595212468	1503	1001	3	aa	0.6	0.0
True	PROKKA_06122025__gr_1e-12_lr_1e-12_mu_1e-14	40547	panaroo	0.0007729057152480506	1.0	0.0017660404214490536	0.780304904999976	0.7804425284439185	0.7803737106542735	1521	1021	1	aa	0.8	25.0
True	PROKKA_06122025__gr_1e-12_lr_1e-12_mu_1e-14	40547	cdhit	0.0007749422375719581	0.998652896273013	0.0017701175178113059	0.7804641795655525	0.780477498961616	0.7804708392067576	1521	1018	2	aa	0.9	0.0
True	PROKKA_06122025__gr_1e-12_lr_1e-12_mu_1e-14	40547	cdhit	0.0007669477407861239	1.0	0.0017538367889728904	0.7797695240168621	0.7803248978287384	0.7800471120697864	1516	1016	1	aa	0.85	0.0
True	PROKKA_06122025__gr_1e-12_lr_1e-12_mu_1e-14	40547	panta	0.9995442360915424	0.999546485260771	0.9996859329528187	1.0	0.999861899052564	0.9999309447579847	1513	1018	2	aa	0.85	7.0
True	PROKKA_06122025__gr_1e-12_lr_1e-12_mu_1e-14	40547	mmseqs2	0.0007715495599456958	1.0	0.0017633013584253947	0.7801923742649401	0.780417814341074	0.78030507801988	1520	1020	1	nt	0.85	1.0
True	PROKKA_06122025__gr_1e-12_lr_1e-12_mu_1e-14	40547	mmseqs2	0.0007918834241143715	0.9948361023798833	0.0018060466741276417	0.7822961078946977	0.7808789199262466	0.7815868714930517	1540	1036	4	aa	0.95	2.0
True	PROKKA_06122025__gr_1e-12_lr_1e-12_mu_1e-14	40547	diamond	0.0007786149170367551	0.9970812752581949	0.0017785249616871538	0.7810134226322273	0.7805980060421499	0.7808056590830645	1529	1028	3	aa	0.9	1.0
True	PROKKA_06122025__gr_1e-12_lr_1e-12_mu_1e-14	40547	mmseqs2	0.0007839357071593635	0.9975303098338572	0.0017887437859733803	0.7813285461651146	0.7806670862418932	0.7809976761489414	1530	1028	2	nt	0.95	1.0
True	PROKKA_06122025__gr_1e-12_lr_1e-12_mu_1e-14	40547	connected_components_t0.1	0.823996623157741	0.8365514144589133	0.8532253547905839	1.0	0.9466698401526187	0.9726044146021185	2177	1669	80	nt	0.9	153.0
True	PROKKA_06122025__gr_1e-12_lr_1e-12_mu_1e-14	40547	connected_components_t0.2	0.9678301075607496	0.9649753030983386	0.973161319609039	1.0	0.9886333191250458	0.9942841745807843	1652	1141	21	nt	0.9	153.0
True	PROKKA_06122025__gr_1e-12_lr_1e-12_mu_1e-14	40547	connected_components_t0.3	0.987997849617414	0.9869779973057925	0.9897874591810057	0.9999266379146236	0.9956441250434928	0.9977807863234186	1571	1063	12	nt	0.9	153.0
True	PROKKA_06122025__gr_1e-12_lr_1e-12_mu_1e-14	40547	connected_components_t0.4	0.9967431577566428	0.997305792546026	0.9977061053129161	0.9999118298664369	0.9990819332457973	0.9994967092873451	1531	1026	5	nt	0.9	153.0
True	PROKKA_06122025__gr_1e-12_lr_1e-12_mu_1e-14	40547	connected_components_t0.5	0.9986462816336779	0.9991019308486754	0.9988897626574105	0.9998181984615214	0.9996936774267874	0.9997559340668362	1525	1023	2	nt	0.9	153.0
True	PROKKA_06122025__gr_1e-12_lr_1e-12_mu_1e-14	40547	connected_components_t0.6	0.9992784716660487	0.9997754827121689	0.9993863005176865	0.9998181984615213	0.9999118216101703	0.9998650078442265	1523	1022	1	nt	0.9	153.0
True	PROKKA_06122025__gr_1e-12_lr_1e-12_mu_1e-14	40547	connected_components_t0.7	0.9995040608433197	1.0	0.9995868111656087	0.9998181984615213	1.0	0.9999090909670596	1522	1021	1	nt	0.9	153.0
True	PROKKA_06122025__gr_1e-12_lr_1e-12_mu_1e-14	40547	hdbscan_dist	0.9204101193886726	0.9665469241131567	0.940585725980222	0.983224272861005	0.9901597419480007	0.9866798200321779	1357	705	113	nt	0.9	0.167
True	PROKKA_06122025__gr_1e-12_lr_1e-12_mu_1e-14	40547	hdbscan_tsne	0.6320585857722089	0.7512348450830714	0.7442829061816087	0.9685939534606827	0.9316744450871605	0.9497755525428638	1561	357	520	nt	0.9	12.041
True	PROKKA_06122025__gr_1e-12_lr_1e-12_mu_1e-14	40547	hdbscan_umap	0.7363370666766113	0.9982038616973506	0.826133927454443	0.9082860541033351	0.9994704814256433	0.9516991113492834	608	43	45	nt	0.9	8.403
True	PROKKA_06122025__gr_1e-12_lr_1e-12_mu_1e-14	40547	diamond	0.0007660020509197665	1.0	0.0017518448650487067	0.7796712173575612	0.7803032847961527	0.7799871230269284	1515	1015	1	aa	0.85	1.0
True	PROKKA_06122025__gr_1e-12_lr_1e-12_mu_1e-14	40547	panta	1.0	1.0	1.0	1.0	1.0	1.0	1611	1117	1	aa	0.7	8.0
True	PROKKA_06122025__gr_1e-12_lr_1e-12_mu_1e-14	40547	mmseqs2	0.0007719562784585059	1.0	0.0017640433879219483	0.7802065983406754	0.7804209385527682	0.7803137537277304	1520	1020	1	aa	0.8	2.0
True	PROKKA_06122025__gr_1e-12_lr_1e-12_mu_1e-14	40547	panta	1.0	1.0	1.0	1.0	1.0	1.0	1611	1117	1	aa	0.5	8.0
True	PROKKA_06122025__gr_1e-12_lr_1e-12_mu_1e-14	40547	panaroo	0.0007714140114918159	1.0	0.0017629048738926453	0.7801503985718208	0.7804085941761734	0.7802794750146731	1519	1018	2	aa	0.7	28.0
True	PROKKA_06122025__gr_1e-12_lr_1e-12_mu_1e-14	40547	cdhit	0.0007942208426230969	0.9930399640772339	0.0018107303309893728	0.7824828883790546	0.7809197657090359	0.7817005456226772	1540	1032	5	nt	0.95	1.0
True	PROKKA_06122025__gr_1e-12_lr_1e-12_mu_1e-14	40547	cdhit	0.0007653269218983926	1.0	0.0017503503233286533	0.7795830472239981	0.7802838966930735	0.7799333145124215	1514	1014	1	aa	0.8	0.0
True	PROKKA_06122025__gr_1e-12_lr_1e-12_mu_1e-14	40547	ppanggolin	0.0007708719395510655	1.0	0.0017614308452744136	0.7800120406309213	0.7803781976992564	0.7801950762043617	1517	1016	1	aa	0.9	5.0
True	PROKKA_06122025__gr_1e-12_lr_1e-12_mu_1e-14	40547	cdhit	0.000828535742689899	0.9993264481365065	0.001901590509734105	0.777389795557736	0.779835878373611	0.778610915817942	1492	989	5	aa	0.5	1.0
True	PROKKA_06122025__gr_1e-12_lr_1e-12_mu_1e-14	40547	panaroo	0.0007760295077984599	0.9995509654243376	0.001772343086599343	0.7805631793587844	0.7804992298633271	0.7805312033011984	1523	1022	1	aa	0.9	27.0
True	PROKKA_06122025__gr_1e-12_lr_1e-12_mu_1e-14	40547	ppanggolin	0.000815473857866662	1.0	0.0018771096937899776	0.7767507065765005	0.7796946406306433	0.7782198894557922	1490	991	3	aa	0.5	5.0
True	PROKKA_06122025__gr_1e-12_lr_1e-12_mu_1e-14	40547	cdhit	0.0007715495599456958	1.0	0.001762921067170078	0.7800983188352322	0.780397153532676	0.7802477075705495	1518	1017	1	nt	0.85	12.0
True	PROKKA_06122025__gr_1e-12_lr_1e-12_mu_1e-14	40547	embed_hdbscan_raw	0.8975769999540164	0.9665469241131567	0.9183821100472964	0.9730694179768241	0.9895089930300954	0.9812203522983046	1232	535	146	aa	0.9	10.121
True	PROKKA_06122025__gr_1e-12_lr_1e-12_mu_1e-14	40547	embed_hdbscan_tsne	0.6616589698610643	0.7945666816344858	0.7619659956466256	0.959746539669854	0.9413069124564475	0.9504372967387441	1358	221	466	aa	0.9	12.396
True	PROKKA_06122025__gr_1e-12_lr_1e-12_mu_1e-14	40547	embed_hdbscan_umap	0.6927608228004251	0.9968567579703638	0.8028048141653902	0.8932648321601215	0.9992042362875769	0.9432693186929856	516	7	11	aa	0.9	13.761
True	PROKKA_06122025__gr_1e-12_lr_1e-12_mu_1e-14	40547	diamond	0.0008264874738806175	1.0	0.0018970839813091812	0.7771363221503981	0.7797798827908313	0.7784558581581599	1490	989	3	aa	0.5	1.0
True	PROKKA_06122025__gr_1e-12_lr_1e-12_mu_1e-14	40547	mmseqs2	0.0007733127998047262	0.9997754827121689	0.001767042727658433	0.7803829386078017	0.7804596629899894	0.7804212989131734	1522	1022	1	aa	0.9	2.0
True	PROKKA_06122025__gr_1e-12_lr_1e-12_mu_1e-14	40547	panaroo	0.0007693822464579759	1.0	0.0017585070586665784	0.7799091590641436	0.78035558973043	0.7801323105298117	1516	1014	3	aa	0.6	29.0
True	PROKKA_06122025__gr_1e-12_lr_1e-12_mu_1e-14	40547	panx	0.999489325339548	1.0	0.9995739493780086	0.9998120229195561	1.0	0.999906002625102	1482	998	1	aa	0.6	728.0
True	PROKKA_06122025__gr_1e-12_lr_1e-12_mu_1e-14	40547	panaroo	0.0007638427039222796	1.0	0.0017467279498464912	0.7793048346874072	0.7802226969225853	0.7797634957004081	1510	1009	2	aa	0.5	29.0
True	PROKKA_06122025__gr_1e-12_lr_1e-12_mu_1e-14	40547	panx	0.9994931375116898	1.0	0.9995773140048972	0.9998136401819417	1.0000000000000002	0.9999068114076665	1492	1004	1	aa	0.7	759.0
True	PROKKA_06122025__gr_1e-12_lr_1e-12_mu_1e-14	40547	diamond	0.0007653269218983926	1.0	0.0017503503233678149	0.7795830472239981	0.7802838966930735	0.7799333145124215	1514	1014	1	aa	0.8	1.0
True	PROKKA_06122025__gr_1e-12_lr_1e-12_mu_1e-14	40547	panx	0.9984025711872668	0.9988651838402178	0.9987653519050282	0.9998159552859752	0.9996409071761408	0.9997284235685169	1510	1014	3	aa	0.85	770.0
True	PROKKA_06122025__gr_1e-12_lr_1e-12_mu_1e-14	40547	panta	0.9995442360915424	0.999546485260771	0.9996859329528187	1.0	0.999861899052564	0.9999309447579847	1513	1018	2	aa	0.9	7.0
True	PROKKA_06122025__gr_1e-12_lr_1e-12_mu_1e-14	40547	mmseqs2	0.0007726343865824729	1.0	0.001765542758997803	0.7802947684742386	0.7804403024788665	0.7803675286912414	1521	1021	1	nt	0.8	1.0
True	PROKKA_06122025__gr_1e-12_lr_1e-12_mu_1e-14	40547	panx	0.998855841501441	0.9993160054719562	0.999076194030259	0.9998149721802208	0.9997779455810634	0.99979645853783	1502	1010	2	aa	0.8	751.0
True	PROKKA_06122025__gr_1e-12_lr_1e-12_mu_1e-14	40547	mmseqs2	0.0007726343865824729	1.0	0.001765542758999559	0.7802947684742386	0.7804403024788665	0.7803675286912414	1521	1021	1	aa	0.85	2.0
True	PROKKA_06122025__gr_1e-12_lr_1e-12_mu_1e-14	40547	ppanggolin	0.0007653269218983926	1.0	0.0017503503233339138	0.7795830472239981	0.7802838966930735	0.7799333145124215	1514	1014	1	aa	0.8	5.0
True	PROKKA_06122025__gr_1e-12_lr_1e-12_mu_1e-14	40547	mmseqs2	0.0007677588053447979	1.0	0.0017551768896193706	0.7797624348933908	0.7803233394046042	0.7800427863167625	1515	1014	2	nt	0.5	2.0
True	PROKKA_06122025__gr_1e-12_lr_1e-12_mu_1e-14	40547	connected_components_t0.1	0.8727618082345048	0.8823529411764706	0.8963650956675281	1.0	0.960316050681369	0.9797563513777089	1987	1458	72	aa	0.9	145.0
True	PROKKA_06122025__gr_1e-12_lr_1e-12_mu_1e-14	40547	connected_components_t0.2	0.97485481933184	0.9741805118994162	0.9795822797523493	0.9999183970500743	0.9913516411218017	0.995616591322318	1617	1104	19	aa	0.9	145.0
True	PROKKA_06122025__gr_1e-12_lr_1e-12_mu_1e-14	40547	connected_components_t0.3	0.992596464159735	0.9925909295015716	0.99402692207617	0.9999118298664369	0.9974817123456674	0.9986952928117051	1549	1042	8	aa	0.9	145.0
True	PROKKA_06122025__gr_1e-12_lr_1e-12_mu_1e-14	40547	connected_components_t0.4	0.9981932525857702	0.9982038616973506	0.9982808112936948	0.9999118298664369	0.9993334198498873	0.99962254118705	1531	1030	1	aa	0.9	145.0
True	PROKKA_06122025__gr_1e-12_lr_1e-12_mu_1e-14	40547	connected_components_t0.5	0.9992334106375557	0.9997754827121689	0.9992835937831791	0.9997729845680582	0.9999118176227283	0.9998423962759794	1522	1020	2	aa	0.9	145.0
True	PROKKA_06122025__gr_1e-12_lr_1e-12_mu_1e-14	40547	connected_components_t0.6	0.9994589998020501	1.0	0.9994841043361422	0.9997729845680582	1.0	0.9998864793985649	1521	1019	2	aa	0.9	145.0
True	PROKKA_06122025__gr_1e-12_lr_1e-12_mu_1e-14	40547	connected_components_t0.7	0.9985586295330439	1.0	0.9988252886778782	0.9994827398445414	1.0	0.9997413030154495	1518	1016	2	aa	0.9	145.0
True	PROKKA_06122025__gr_1e-12_lr_1e-12_mu_1e-14	40547	hdbscan_dist	0.9368834703462275	0.9952851369555455	0.9522151477792626	0.9794068788627216	0.998636020513175	0.9889279835935755	1287	732	29	aa	0.9	0.161
True	PROKKA_06122025__gr_1e-12_lr_1e-12_mu_1e-14	40547	hdbscan_tsne	0.7628424056981676	0.9744050291872475	0.8407914429866231	0.9265618514574768	0.9924295352347895	0.9583652683227915	818	247	13	aa	0.9	13.006
True	PROKKA_06122025__gr_1e-12_lr_1e-12_mu_1e-14	40547	hdbscan_umap	0.058702848067568696	0.9856308935788056	0.654498902251107	0.7923989276916568	0.9937362896377723	0.8817199982144738	519	44	2	aa	0.9	7.643
True	PROKKA_06122025__gr_1e-12_lr_1e-12_mu_1e-14	40547	cdhit	0.0007726343865824729	1.0	0.0017653789307923167	0.7802542298351607	0.7804313998064887	0.7803428047646038	1520	1019	2	nt	0.9	1.0
True	PROKKA_06122025__gr_1e-12_lr_1e-12_mu_1e-14	40547	mmseqs2	0.0007695176122475364	1.0	0.0017590801388824447	0.7799949115966849	0.7803744339594524	0.7801846266232195	1518	1018	1	aa	0.7	1.0
True	PROKKA_06122025__gr_1e-12_lr_1e-12_mu_1e-14	40547	mmseqs2	0.0007726343865824729	1.0	0.0017655427589972174	0.7802947684742386	0.7804403024788665	0.7803675286912414	1521	1021	1	nt	0.9	2.0
True	PROKKA_06122025__gr_1e-12_lr_1e-12_mu_1e-14	40547	mmseqs2	0.0007673532184357889	1.0	0.0017542766039635325	0.7797084581955446	0.7803114728135232	0.7800098489590263	1514	1012	3	aa	0.6	1.0
True	PROKKA_06122025__gr_1e-12_lr_1e-12_mu_1e-14	40547	ppanggolin	0.0007787511138744947	0.9984283789851819	0.0017778130575908614	0.7807828378581855	0.7805474305361468	0.7806651164505661	1524	1021	3	aa	0.95	5.0
True	PROKKA_06122025__gr_1e-12_lr_1e-12_mu_1e-14	40547	ppanggolin	0.000760609488150642	1.0	0.001740434380598128	0.7790978194658656	0.780177136646237	0.7796371045088551	1509	1009	1	aa	0.7	4.0
True	PROKKA_06122025__gr_1e-12_lr_1e-12_mu_1e-14	40547	cdhit	0.0008152812377776309	0.9856308935788056	0.0018555424537254474	0.7848012332216313	0.7814254845410519	0.7831097209408617	1562	1042	24	aa	0.95	0.0
True	PROKKA_06122025__gr_1e-12_lr_1e-12_mu_1e-14	40547	ppanggolin	0.0007660020509197665	1.0	0.0017518448650136295	0.7796712173575612	0.7803032847961527	0.7799871230269284	1515	1015	1	aa	0.85	4.0
True	PROKKA_06122025__gr_1e-12_lr_1e-12_mu_1e-14	40547	mmseqs2	0.0007693822464579759	1.0	0.0017586701267750164	0.7799496977032215	0.7803644985513657	0.7801570429910448	1517	1016	2	nt	0.6	1.0
True	PROKKA_06122025__gr_1e-12_lr_1e-12_mu_1e-14	42029	panaroo	0.0009786884805255709	0.999828060522696	0.0027587141123540356	0.7224615119883451	0.7224631809399629	0.7224623464631901	1524	1022	2	aa	0.85	25.0
True	PROKKA_06122025__gr_1e-12_lr_1e-12_mu_1e-14	42029	panta	0.9995696140065919	0.9998268698060941	0.9996979536096023	0.9999119536581234	0.9999196920117913	0.9999158228199855	1514	1016	2	aa	0.6	7.0
True	PROKKA_06122025__gr_1e-12_lr_1e-12_mu_1e-14	42029	diamond	0.0009518549527623068	1.0	0.0026933578950104615	0.7202955362683413	0.7218607366570846	0.7210772870914267	1501	996	7	aa	0.6	1.0
True	PROKKA_06122025__gr_1e-12_lr_1e-12_mu_1e-14	42029	diamond	0.0009775234908372698	0.9750687757909215	0.002727377396172594	0.7307004212336154	0.7246805319330701	0.7276780265553581	1597	1059	20	aa	0.95	1.0
True	PROKKA_06122025__gr_1e-12_lr_1e-12_mu_1e-14	42029	diamond	0.0009572218429344864	1.0	0.002707057312127742	0.7208503547480071	0.7220153028478062	0.7214323585170916	1508	1004	6	aa	0.7	1.0
True	PROKKA_06122025__gr_1e-12_lr_1e-12_mu_1e-14	42029	panta	0.9989573768785726	0.9993074792243767	0.9993880792366324	0.9999119536581234	0.9997471215604289	0.999829530815713	1515	1016	2	aa	0.8	7.0
True	PROKKA_06122025__gr_1e-12_lr_1e-12_mu_1e-14	42029	mmseqs2	0.0009583453103805091	1.0	0.002711793933771874	0.7213438006759652	0.7221526270707187	0.7217479872707248	1518	1018	3	nt	0.7	1.0
True	PROKKA_06122025__gr_1e-12_lr_1e-12_mu_1e-14	42029	cdhit	0.0009572218429344864	1.0	0.0027070573120513966	0.7208503547480074	0.7220153028478065	0.7214323585170918	1508	1004	6	aa	0.7	1.0
True	PROKKA_06122025__gr_1e-12_lr_1e-12_mu_1e-14	42029	panx	0.9997164575245017	1.0	0.9997687553701574	0.9998708364856248	1.0	0.9999354140717397	1465	987	3	aa	0.5	730.0
True	PROKKA_06122025__gr_1e-12_lr_1e-12_mu_1e-14	42029	ppanggolin	0.0009383091114930723	1.0	0.0026628558677575342	0.7197362648931225	0.72170475588229	0.7207191662616829	1500	997	6	aa	0.6	4.0
True	PROKKA_06122025__gr_1e-12_lr_1e-12_mu_1e-14	42029	panx	0.9966242278821069	0.9972202918693537	0.9981939130666477	0.9998760314782263	0.999119991405332	0.9994978684708615	1516	1015	5	aa	0.9	693.0
True	PROKKA_06122025__gr_1e-12_lr_1e-12_mu_1e-14	42029	panaroo	0.0009816884155928937	0.9736932599724897	0.0027393363891314326	0.7314102614586138	0.7248742183354057	0.7281275724813019	1605	1047	39	aa	0.95	25.0
True	PROKKA_06122025__gr_1e-12_lr_1e-12_mu_1e-14	42029	cdhit	0.0009620416525865306	1.0	0.002719408083088895	0.7213598470455647	0.722157090439805	0.721758248586962	1515	1013	4	nt	0.8	18.0
True	PROKKA_06122025__gr_1e-12_lr_1e-12_mu_1e-14	42029	panta	0.9880155173404562	0.9889196675900277	0.9927944808529312	0.9999168445607006	0.9961090955716184	0.9980093381112655	1546	1028	12	aa	0.95	6.0
True	PROKKA_06122025__gr_1e-12_lr_1e-12_mu_1e-14	42029	mmseqs2	0.0009552173960998999	1.0	0.0027028347303154794	0.7208229152413469	0.7220076625478369	0.7214148024805243	1509	1006	5	aa	0.5	5.0
True	PROKKA_06122025__gr_1e-12_lr_1e-12_mu_1e-14	42029	cdhit	0.0009477006371929571	0.999828060522696	0.002684518101420002	0.7202238348635148	0.7218407489088652	0.7210313854042406	1502	997	7	aa	0.6	1.0
True	PROKKA_06122025__gr_1e-12_lr_1e-12_mu_1e-14	42029	panaroo	0.0009770655382528677	1.0	0.002754570608331202	0.7222914430568328	0.7224159724119303	0.7223537023673571	1522	1020	2	aa	0.8	25.0
True	PROKKA_06122025__gr_1e-12_lr_1e-12_mu_1e-14	42029	cdhit	0.0009861728242224715	0.9962173314993122	0.002778197910398602	0.7233186067147063	0.7227008531254165	0.7230095979648881	1532	1024	7	aa	0.9	1.0
True	PROKKA_06122025__gr_1e-12_lr_1e-12_mu_1e-14	42029	cdhit	0.0009696995057735818	0.9993122420907841	0.0027371224476391265	0.7217892213344997	0.7222764695747859	0.7220327632524102	1517	1014	3	aa	0.85	1.0
True	PROKKA_06122025__gr_1e-12_lr_1e-12_mu_1e-14	42029	panta	0.9986850315296057	0.9991343490304709	0.9992261117822361	0.9999119536581234	0.9996569868918788	0.9997844540194846	1516	1017	2	aa	0.85	6.0
True	PROKKA_06122025__gr_1e-12_lr_1e-12_mu_1e-14	42029	mmseqs2	0.0009726908614017275	1.0	0.0027445565917123935	0.722063051990418	0.7223525492817566	0.7222077716248105	1521	1019	3	nt	0.85	1.0
True	PROKKA_06122025__gr_1e-12_lr_1e-12_mu_1e-14	42029	mmseqs2	0.0010024785372839272	0.9816024759284732	0.002805879048176449	0.7292802470168467	0.7243175107205209	0.7267904072157056	1590	1063	13	aa	0.95	3.0
True	PROKKA_06122025__gr_1e-12_lr_1e-12_mu_1e-14	42029	diamond	0.0009396954271447424	0.9943259972489684	0.002650657054296848	0.7236649059592127	0.7227713709539199	0.7232178624662519	1542	1039	3	aa	0.9	1.0
True	PROKKA_06122025__gr_1e-12_lr_1e-12_mu_1e-14	42029	mmseqs2	0.0010130273809984365	0.9896836313617606	0.0028456439814627203	0.7259323522032136	0.7234231372552605	0.724675572674244	1558	1044	9	nt	0.95	2.0
True	PROKKA_06122025__gr_1e-12_lr_1e-12_mu_1e-14	42029	connected_components_t0.1	0.7742728038404058	0.7742434662998624	0.8167514360278961	0.9999648215746281	0.920558567546513	0.958620122993545	2656	2086	121	nt	0.9	183.0
True	PROKKA_06122025__gr_1e-12_lr_1e-12_mu_1e-14	42029	connected_components_t0.2	0.9311862705439582	0.9291609353507565	0.9475762668676622	0.9999648215746281	0.9730386541269943	0.9863180031280023	1857	1304	53	nt	0.9	183.0
True	PROKKA_06122025__gr_1e-12_lr_1e-12_mu_1e-14	42029	connected_components_t0.3	0.9742455829906805	0.9740371389270976	0.9820938667008363	0.9999175073675557	0.990379098603658	0.9951254467838041	1630	1102	21	nt	0.9	183.0
True	PROKKA_06122025__gr_1e-12_lr_1e-12_mu_1e-14	42029	connected_components_t0.4	0.9920864090713973	0.9920907840440165	0.9944987620385227	0.9999126554488834	0.9970494170057398	0.9984789835758128	1556	1045	7	nt	0.9	183.0
True	PROKKA_06122025__gr_1e-12_lr_1e-12_mu_1e-14	42029	connected_components_t0.5	0.9966592791401312	0.9965612104539202	0.9977568569697051	0.9999126554488834	0.9988424110254962	0.9993772467030504	1535	1026	7	nt	0.9	183.0
True	PROKKA_06122025__gr_1e-12_lr_1e-12_mu_1e-14	42029	connected_components_t0.6	0.9989640467331742	0.9993122420907841	0.9993203174837051	0.9999126554488834	0.9997092238172716	0.9998109292850139	1527	1023	3	nt	0.9	183.0
True	PROKKA_06122025__gr_1e-12_lr_1e-12_mu_1e-14	42029	connected_components_t0.7	0.9975262765117976	0.9993122420907841	0.9987577011906332	0.9995992299167126	0.9997091326705715	0.9996541782729436	1525	1021	4	nt	0.9	183.0
True	PROKKA_06122025__gr_1e-12_lr_1e-12_mu_1e-14	42029	hdbscan_dist	0.9392023819787176	0.9736932599724897	0.9630032730430935	0.9870908475295432	0.9920907780480984	0.9895844972226121	1407	855	0	nt	0.9	0.253
True	PROKKA_06122025__gr_1e-12_lr_1e-12_mu_1e-14	42029	hdbscan_tsne	0.6976066022510176	0.8029573590096286	0.8131340433707205	0.955810912988658	0.943336195418151	0.9495325835545865	1309	441	0	nt	0.9	13.684
True	PROKKA_06122025__gr_1e-12_lr_1e-12_mu_1e-14	42029	hdbscan_umap	0.7626390011082164	0.9900275103163686	0.8596451551491378	0.9126943218956892	0.9972130684450943	0.9530835996478523	569	44	0	nt	0.9	6.693
True	PROKKA_06122025__gr_1e-12_lr_1e-12_mu_1e-14	42029	panx	0.988440302575777	0.9894718674490852	0.9926055080378531	0.9998769486211878	0.9960491060625449	0.9979593567703491	1555	1041	10	aa	0.95	692.0
True	PROKKA_06122025__gr_1e-12_lr_1e-12_mu_1e-14	42029	diamond	0.0009718818977977817	0.9986244841815681	0.0027423012583121472	0.7219370105316176	0.7223175357465013	0.7221272230095862	1517	1012	4	aa	0.85	1.0
True	PROKKA_06122025__gr_1e-12_lr_1e-12_mu_1e-14	42029	panta	0.9995696140065919	0.9998268698060941	0.9996979536096023	0.9999119536581234	0.9999196920117913	0.9999158228199855	1514	1016	2	aa	0.7	7.0
True	PROKKA_06122025__gr_1e-12_lr_1e-12_mu_1e-14	42029	mmseqs2	0.0009728526976369504	0.999828060522696	0.002745071147871172	0.7221005405011505	0.7223629616538155	0.722231727239961	1522	1021	2	aa	0.8	1.0
True	PROKKA_06122025__gr_1e-12_lr_1e-12_mu_1e-14	42029	panta	0.9995696140065919	0.9998268698060941	0.9996979536096023	0.9999119536581234	0.9999196920117913	0.9999158228199855	1514	1016	2	aa	0.5	6.0
True	PROKKA_06122025__gr_1e-12_lr_1e-12_mu_1e-14	42029	panaroo	0.0009769844293760896	1.0	0.002754230831938999	0.7222562646314609	0.7224062054157186	0.7223312272424509	1521	1018	3	aa	0.7	28.0
True	PROKKA_06122025__gr_1e-12_lr_1e-12_mu_1e-14	42029	cdhit	0.0010363404405454991	0.9857290233837689	0.002902223950441566	0.7278606949848648	0.7239536093615653	0.7259018948486309	1574	1050	17	nt	0.95	1.0
True	PROKKA_06122025__gr_1e-12_lr_1e-12_mu_1e-14	42029	cdhit	0.0009688111394978633	0.9993122420907841	0.002734717906803804	0.7216690084433717	0.7222430570695445	0.7219559186456915	1515	1011	4	aa	0.8	1.0
True	PROKKA_06122025__gr_1e-12_lr_1e-12_mu_1e-14	42029	ppanggolin	0.0009733382934066014	0.9986244841815681	0.002746373460893812	0.7221611013176261	0.7223797806710073	0.7222704244421165	1521	1017	4	aa	0.9	4.0
True	PROKKA_06122025__gr_1e-12_lr_1e-12_mu_1e-14	42029	cdhit	0.0009347405435466887	0.9979367262723521	0.0026531327598517456	0.7192470537008802	0.7215681713733915	0.7204057429055704	1492	987	5	aa	0.5	2.0
True	PROKKA_06122025__gr_1e-12_lr_1e-12_mu_1e-14	42029	panaroo	0.0009985242882434076	0.9946698762035764	0.0028082680541572725	0.7243341832202095	0.7229819458790137	0.7236574328473214	1541	1028	10	aa	0.9	25.0
True	PROKKA_06122025__gr_1e-12_lr_1e-12_mu_1e-14	42029	ppanggolin	0.0009586335790776321	1.0	0.0027318299910716747	0.7182910820407211	0.7213263645646718	0.7198055235151343	1489	989	5	aa	0.5	5.0
True	PROKKA_06122025__gr_1e-12_lr_1e-12_mu_1e-14	42029	cdhit	0.0009703458652755316	0.999484181568088	0.002738784036854813	0.7218592750048997	0.7222959368963607	0.7220775399350088	1518	1015	3	nt	0.85	16.0
True	PROKKA_06122025__gr_1e-12_lr_1e-12_mu_1e-14	42029	embed_hdbscan_raw	0.9167620548707869	0.9914030261348006	0.9443325469441299	0.9696813439236305	0.9977223255055991	0.9835020036732535	1186	680	0	aa	0.9	14.795
True	PROKKA_06122025__gr_1e-12_lr_1e-12_mu_1e-14	42029	embed_hdbscan_tsne	0.8091413130800519	0.9731774415405777	0.870421446201696	0.9263424598628789	0.9924859605002578	0.9582742013537496	657	102	0	aa	0.9	13.646
True	PROKKA_06122025__gr_1e-12_lr_1e-12_mu_1e-14	42029	embed_hdbscan_umap	0.7505403135143544	0.9805708390646493	0.8513655567274762	0.9097527427389969	0.994548282902761	0.950262606566866	550	34	0	aa	0.9	13.439
True	PROKKA_06122025__gr_1e-12_lr_1e-12_mu_1e-14	42029	diamond	0.0009746435394583261	1.0	0.002767894707548816	0.7189569928529369	0.7215125959847015	0.7202325274124841	1489	983	9	aa	0.5	1.0
True	PROKKA_06122025__gr_1e-12_lr_1e-12_mu_1e-14	42029	mmseqs2	0.0009825081373360392	0.9975928473177441	0.0027691780838948127	0.723001325162138	0.7226129184867102	0.7228070696460003	1530	1025	5	aa	0.9	1.0
True	PROKKA_06122025__gr_1e-12_lr_1e-12_mu_1e-14	42029	panaroo	0.0009763356893743672	1.0	0.002752356219698978	0.7221445992412887	0.7223751978980294	0.7222598801636322	1519	1015	4	aa	0.6	30.0
True	PROKKA_06122025__gr_1e-12_lr_1e-12_mu_1e-14	42029	panx	0.9997199775583439	1.0	0.9997717723617366	0.9998726621898655	1.0	0.9999363270409451	1480	995	3	aa	0.6	722.0
True	PROKKA_06122025__gr_1e-12_lr_1e-12_mu_1e-14	42029	panaroo	0.000975119929301494	1.0	0.0027488618258755333	0.7219384415372265	0.722317933320543	0.7221281375713885	1515	1009	5	aa	0.5	32.0
True	PROKKA_06122025__gr_1e-12_lr_1e-12_mu_1e-14	42029	panx	0.9997240976581407	1.0	0.9997752563658263	0.999874700865726	0.9999999999999999	0.9999373465076488	1496	1003	3	aa	0.7	720.0
True	PROKKA_06122025__gr_1e-12_lr_1e-12_mu_1e-14	42029	diamond	0.000970426676499779	0.9989683631361761	0.0027386877300649157	0.7218062090348722	0.7222811905634908	0.7220436216849856	1516	1011	5	aa	0.8	1.0
True	PROKKA_06122025__gr_1e-12_lr_1e-12_mu_1e-14	42029	panx	0.9983079434883287	0.9987802753092874	0.9990981690565361	0.9998756252387601	0.9996224416728827	0.9997490174263189	1508	1010	3	aa	0.85	723.0
True	PROKKA_06122025__gr_1e-12_lr_1e-12_mu_1e-14	42029	panta	0.9974804028631393	0.9979224376731302	0.99865535487314	0.9999119536581234	0.9993397189711388	0.9996257544208552	1518	1018	2	aa	0.9	6.0
True	PROKKA_06122025__gr_1e-12_lr_1e-12_mu_1e-14	42029	mmseqs2	0.0009663905447688388	1.0	0.0027302634849108564	0.7217623620880594	0.722269004893865	0.722015594612376	1520	1019	3	nt	0.8	1.0
True	PROKKA_06122025__gr_1e-12_lr_1e-12_mu_1e-14	42029	panx	0.9989925282150613	0.999301554042256	0.9994220849312504	0.9998753271408954	0.999802788093018	0.9998390563012667	1504	1008	3	aa	0.8	727.0
True	PROKKA_06122025__gr_1e-12_lr_1e-12_mu_1e-14	42029	mmseqs2	0.0009752819833822074	0.999484181568088	0.002751280959210433	0.722355643898419	0.7224337954681781	0.7223947175696106	1525	1024	2	aa	0.85	2.0
True	PROKKA_06122025__gr_1e-12_lr_1e-12_mu_1e-14	42029	ppanggolin	0.0009665518166572342	1.0	0.002729205789964066	0.721486040820882	0.7221921868020726	0.7218389411129712	1514	1011	4	aa	0.8	4.0
True	PROKKA_06122025__gr_1e-12_lr_1e-12_mu_1e-14	42029	mmseqs2	0.0009583453103805091	1.0	0.002711793933771874	0.7213438006759652	0.7221526270707187	0.7217479872707248	1518	1018	3	nt	0.5	3.0
True	PROKKA_06122025__gr_1e-12_lr_1e-12_mu_1e-14	42029	connected_components_t0.1	0.8353422304884225	0.8325309491059147	0.8676583284908898	0.9999515436977984	0.9388905262018489	0.9684595208802859	2354	1769	109	aa	0.9	177.0
True	PROKKA_06122025__gr_1e-12_lr_1e-12_mu_1e-14	42029	connected_components_t0.2	0.9502043427213192	0.9496217331499313	0.96334971457962	0.999936509265975	0.9807501267670949	0.9902503913347731	1752	1209	40	aa	0.9	177.0
True	PROKKA_06122025__gr_1e-12_lr_1e-12_mu_1e-14	42029	connected_components_t0.3	0.9823474725806987	0.9819463548830811	0.9881302780579801	0.9999175073675555	0.9935912666610732	0.9967443491047758	1588	1059	19	aa	0.9	177.0
True	PROKKA_06122025__gr_1e-12_lr_1e-12_mu_1e-14	42029	connected_components_t0.4	0.9918570804403908	0.9922627235213205	0.9947001711736941	0.9999175073675555	0.9971549638250459	0.9985343248877675	1551	1035	11	aa	0.9	177.0
True	PROKKA_06122025__gr_1e-12_lr_1e-12_mu_1e-14	42029	connected_components_t0.5	0.9971653177507116	0.9989683631361761	0.9985290932559263	0.9996344083420846	0.9995470443435207	0.9995907244339043	1528	1025	3	aa	0.9	177.0
True	PROKKA_06122025__gr_1e-12_lr_1e-12_mu_1e-14	42029	connected_components_t0.6	0.9975514559365707	0.999828060522696	0.9988663663242277	0.9994535310999103	0.9999149262782991	0.9996841754509159	1522	1020	2	aa	0.9	177.0
True	PROKKA_06122025__gr_1e-12_lr_1e-12_mu_1e-14	42029	connected_components_t0.7	0.9974629652991475	1.0	0.9988520176078443	0.999360301412436	1.0	0.9996800483699151	1520	1018	2	aa	0.9	177.0
True	PROKKA_06122025__gr_1e-12_lr_1e-12_mu_1e-14	42029	hdbscan_dist	0.9467271607529739	0.9936382393397524	0.9649576180481368	0.9816331363119373	0.9982559445454805	0.9898747593090895	1328	827	0	aa	0.9	0.246
True	PROKKA_06122025__gr_1e-12_lr_1e-12_mu_1e-14	42029	hdbscan_tsne	0.8018303793826296	0.9797111416781293	0.8719527520128992	0.92511775677285	0.994399756783861	0.9585084437461416	681	156	0	aa	0.9	13.806
True	PROKKA_06122025__gr_1e-12_lr_1e-12_mu_1e-14	42029	hdbscan_umap	0.14538130458246223	0.96767537826685	0.7596199800976663	0.8463609305776014	0.987982140399548	0.9117045736675377	537	48	0	aa	0.9	6.82
True	PROKKA_06122025__gr_1e-12_lr_1e-12_mu_1e-14	42029	cdhit	0.0009752819833822074	0.9987964236588721	0.002751172572862486	0.7223322713445498	0.7224273071835717	0.7223797861383467	1523	1019	4	nt	0.9	1.0
True	PROKKA_06122025__gr_1e-12_lr_1e-12_mu_1e-14	42029	mmseqs2	0.0009713966936229579	0.999484181568088	0.0027418540046127973	0.7220479862625626	0.7223483645806759	0.7221981441881098	1522	1021	2	aa	0.7	2.0
True	PROKKA_06122025__gr_1e-12_lr_1e-12_mu_1e-14	42029	mmseqs2	0.000975119929301494	0.999484181568088	0.002750925579104639	0.7223502766936402	0.7224323055443447	0.7223912887903609	1525	1024	2	nt	0.9	1.0
True	PROKKA_06122025__gr_1e-12_lr_1e-12_mu_1e-14	42029	mmseqs2	0.0009585861447689064	0.999828060522696	0.0027121667425049254	0.7213194798369097	0.7221458618477493	0.7217324342910221	1517	1016	4	aa	0.6	2.0
True	PROKKA_06122025__gr_1e-12_lr_1e-12_mu_1e-14	42029	ppanggolin	0.0009573997703508733	0.9934662998624484	0.002692291070505921	0.724790324739932	0.7230826341551845	0.7239354723816015	1546	1033	10	aa	0.95	4.0
True	PROKKA_06122025__gr_1e-12_lr_1e-12_mu_1e-14	42029	ppanggolin	0.0009496967034160413	1.0	0.002690104309615386	0.7205291429901969	0.7219258378084494	0.721226814206152	1507	1004	5	aa	0.7	4.0
True	PROKKA_06122025__gr_1e-12_lr_1e-12_mu_1e-14	42029	cdhit	0.0010426472332442955	0.9709422283356258	0.002905050627959058	0.7329668733576058	0.7253232503321297	0.7291250298320308	1623	1075	34	aa	0.95	1.0
True	PROKKA_06122025__gr_1e-12_lr_1e-12_mu_1e-14	42029	ppanggolin	0.0009673583926409631	1.0	0.0027312704537559855	0.721571075286638	0.722215831149466	0.7218933092528586	1515	1012	4	aa	0.85	4.0
True	PROKKA_06122025__gr_1e-12_lr_1e-12_mu_1e-14	42029	mmseqs2	0.0009583453103805091	1.0	0.002711793933771874	0.7213438006759652	0.7221526270707187	0.7217479872707248	1518	1018	3	nt	0.6	1.0
True	PROKKA_06122025__gr_1e-12_lr_1e-12_mu_1e-14	46118	panaroo	0.0004890831783344368	1.0	0.0011501207823708653	0.7719826431736577	0.7720527434196995	0.7720176917053794	1517	1018	7	aa	0.85	27.0
True	PROKKA_06122025__gr_1e-12_lr_1e-12_mu_1e-14	46118	panta	0.9995885434799985	0.9991287301241559	0.9994407152625493	1.0	0.9997445421297004	0.9998722547480852	1609	1112	7	aa	0.6	8.0
True	PROKKA_06122025__gr_1e-12_lr_1e-12_mu_1e-14	46118	diamond	0.0005566035952618243	1.0	0.0013092328011465404	0.7700408230590786	0.7716431111414651	0.7708411344629711	1492	988	11	aa	0.6	1.0
True	PROKKA_06122025__gr_1e-12_lr_1e-12_mu_1e-14	46118	diamond	0.0005093629234701457	0.9941380807642206	0.0011934478733643184	0.7737461907467679	0.7724540679351156	0.7730995894427781	1527	1015	16	aa	0.95	1.0
True	PROKKA_06122025__gr_1e-12_lr_1e-12_mu_1e-14	46118	diamond	0.0005618587746437709	1.0	0.001320974391140703	0.7706938785882735	0.7717924534452593	0.7712427748085295	1500	998	9	aa	0.7	1.0
True	PROKKA_06122025__gr_1e-12_lr_1e-12_mu_1e-14	46118	panta	1.0	1.0	1.0	1.0	1.0	1.0	1510	1012	7	aa	0.8	7.0
True	PROKKA_06122025__gr_1e-12_lr_1e-12_mu_1e-14	46118	mmseqs2	0.0005672507172279611	1.0	0.0013336265048712924	0.7715684399499267	0.7719921445475239	0.7717802340956511	1512	1013	7	nt	0.7	1.0
True	PROKKA_06122025__gr_1e-12_lr_1e-12_mu_1e-14	46118	cdhit	0.0005630292137948318	1.0	0.0013234795767637895	0.7708019907864387	0.7718171579584754	0.7713092403417314	1501	999	9	aa	0.7	1.0
True	PROKKA_06122025__gr_1e-12_lr_1e-12_mu_1e-14	46118	panx	0.9997437834317408	1.0	0.9997926005915072	0.9999044329290699	1.0000000000000002	0.9999522141811596	1447	972	5	aa	0.5	734.0
True	PROKKA_06122025__gr_1e-12_lr_1e-12_mu_1e-14	46118	ppanggolin	0.0005587033540453788	1.0	0.001313991975030934	0.7703252951601741	0.7717081889242084	0.7710161219534636	1496	994	9	aa	0.6	5.0
True	PROKKA_06122025__gr_1e-12_lr_1e-12_mu_1e-14	46118	panx	0.9989319608338159	0.9993449781659388	0.9991497882778804	0.9998084997466441	0.9998013140809772	0.9998049069008997	1499	1002	7	aa	0.9	763.0
True	PROKKA_06122025__gr_1e-12_lr_1e-12_mu_1e-14	46118	panaroo	0.0005121511676676445	0.9928354320451585	0.0012009446008950618	0.7745667560033876	0.772640319836481	0.7736023386117218	1540	1023	21	aa	0.95	29.0
True	PROKKA_06122025__gr_1e-12_lr_1e-12_mu_1e-14	46118	cdhit	0.0004850850534899398	1.0	0.0011407850365669694	0.771331898530222	0.7719042978849148	0.7716179920536879	1508	1007	8	nt	0.8	14.0
True	PROKKA_06122025__gr_1e-12_lr_1e-12_mu_1e-14	46118	panta	0.9959945667450558	0.9962971030276628	0.9974647934969734	1.0000000000000002	0.9988453232271662	0.9994223281014214	1519	1015	11	aa	0.95	6.0
True	PROKKA_06122025__gr_1e-12_lr_1e-12_mu_1e-14	46118	mmseqs2	0.0005506709609813199	1.0	0.0012987968085463768	0.7702724182917869	0.7716960952569479	0.7709835995443127	1500	1000	8	aa	0.5	4.0
True	PROKKA_06122025__gr_1e-12_lr_1e-12_mu_1e-14	46118	cdhit	0.0005580030922494683	1.0	0.0013122090201432195	0.7701628503471271	0.7716710314818195	0.7709162032830196	1493	989	10	aa	0.6	0.0
True	PROKKA_06122025__gr_1e-12_lr_1e-12_mu_1e-14	46118	panaroo	0.0004881683116521802	1.0	0.00114811061554569	0.7718833483912363	0.7720301051430983	0.7719567197921829	1516	1017	7	aa	0.8	29.0
True	PROKKA_06122025__gr_1e-12_lr_1e-12_mu_1e-14	46118	cdhit	0.000488282637232271	0.9995657837603127	0.0011479847053252447	0.7717477849282107	0.7719991906872242	0.7718734673364691	1513	1013	7	aa	0.9	1.0
True	PROKKA_06122025__gr_1e-12_lr_1e-12_mu_1e-14	46118	cdhit	0.00048702557019677053	1.0	0.001145026055806719	0.7715340095496953	0.771950423421344	0.7717421603137473	1510	1009	8	aa	0.85	1.0
True	PROKKA_06122025__gr_1e-12_lr_1e-12_mu_1e-14	46118	panta	1.0	1.0	1.0	1.0	1.0	1.0	1510	1012	7	aa	0.85	6.0
True	PROKKA_06122025__gr_1e-12_lr_1e-12_mu_1e-14	46118	mmseqs2	0.00048713980227671044	1.0	0.0011458733779096582	0.7717805321541842	0.7720066592688581	0.7718935791504716	1515	1016	7	nt	0.85	2.0
True	PROKKA_06122025__gr_1e-12_lr_1e-12_mu_1e-14	46118	mmseqs2	0.0004990711773540765	0.996526270082501	0.001172337790636662	0.773174042589218	0.7723240210791813	0.7727487980789512	1528	1025	10	aa	0.95	2.0
True	PROKKA_06122025__gr_1e-12_lr_1e-12_mu_1e-14	46118	diamond	0.00048611204983439423	1.0	0.0011430189524692699	0.7714347147672741	0.7719277648156242	0.7716811610353715	1509	1008	8	aa	0.9	0.0
True	PROKKA_06122025__gr_1e-12_lr_1e-12_mu_1e-14	46118	mmseqs2	0.0004969988422127684	0.9978289188015632	0.001167515464693591	0.7728462914948405	0.7722494576543513	0.7725477593032175	1525	1024	9	nt	0.95	2.0
True	PROKKA_06122025__gr_1e-12_lr_1e-12_mu_1e-14	46118	connected_components_t0.1	0.8493293385106918	0.8506296135475466	0.8708732792188539	1.0	0.9503642553409174	0.9745505258706629	2136	1619	87	nt	0.9	151.0
True	PROKKA_06122025__gr_1e-12_lr_1e-12_mu_1e-14	46118	connected_components_t0.2	0.9628178899097632	0.9626574033868867	0.9705573564719032	0.9999208671348377	0.9871847587876958	0.9935119977037098	1655	1127	41	nt	0.9	151.0
True	PROKKA_06122025__gr_1e-12_lr_1e-12_mu_1e-14	46118	connected_components_t0.3	0.990935961876734	0.9915327833260964	0.9934231795678505	0.9999144987369091	0.9971104630108812	0.9985105122915029	1545	1036	13	nt	0.9	151.0
True	PROKKA_06122025__gr_1e-12_lr_1e-12_mu_1e-14	46118	connected_components_t0.4	0.9988091803864284	0.9989144594007816	0.9989760523374858	0.9999092027757956	0.9996238871596805	0.9997665246117358	1522	1021	8	nt	0.9	151.0
True	PROKKA_06122025__gr_1e-12_lr_1e-12_mu_1e-14	46118	connected_components_t0.5	0.9993023334807242	0.9995657837603127	0.9993325807250754	0.9998653574866471	0.9998300759068428	0.9998477163855001	1519	1018	8	nt	0.9	151.0
True	PROKKA_06122025__gr_1e-12_lr_1e-12_mu_1e-14	46118	connected_components_t0.6	0.9997128431266781	1.0	0.9997050629115967	0.9998653574866471	1.0	0.9999326742108667	1517	1016	8	nt	0.9	151.0
True	PROKKA_06122025__gr_1e-12_lr_1e-12_mu_1e-14	46118	connected_components_t0.7	0.9995078317916974	1.0	0.9994170983015548	0.9997338216192008	1.0	0.9998668930945102	1515	1014	7	nt	0.9	151.0
True	PROKKA_06122025__gr_1e-12_lr_1e-12_mu_1e-14	46118	hdbscan_dist	0.9268248868319993	0.9706904038211029	0.9449763620566657	0.983157280162063	0.991214234670398	0.9871693181302446	1354	718	107	nt	0.9	0.174
True	PROKKA_06122025__gr_1e-12_lr_1e-12_mu_1e-14	46118	hdbscan_tsne	0.6211607216474927	0.7401215805471124	0.7395132521599507	0.9676652349285882	0.9276795761491926	0.947250621360445	1572	333	530	nt	0.9	12.404
True	PROKKA_06122025__gr_1e-12_lr_1e-12_mu_1e-14	46118	hdbscan_umap	0.745535640892902	0.9973947025618758	0.8327229589462207	0.9094709615620272	0.999228397749425	0.9522392379794004	598	34	45	nt	0.9	6.779
True	PROKKA_06122025__gr_1e-12_lr_1e-12_mu_1e-14	46118	panx	0.9962537596606397	0.9967377120487169	0.9970966348179698	0.9998650412483232	0.9988113736874504	0.9993379297302498	1521	1019	10	aa	0.95	750.0
True	PROKKA_06122025__gr_1e-12_lr_1e-12_mu_1e-14	46118	diamond	0.0004853132096007611	1.0	0.0011411424059563993	0.7713000722539209	0.7718970328295138	0.7715984370794969	1507	1005	9	aa	0.85	1.0
True	PROKKA_06122025__gr_1e-12_lr_1e-12_mu_1e-14	46118	panta	0.9995885434799985	0.9991287301241559	0.9994407152625493	1.0	0.9997445421297004	0.9998722547480852	1609	1112	7	aa	0.7	9.0
True	PROKKA_06122025__gr_1e-12_lr_1e-12_mu_1e-14	46118	mmseqs2	0.0004872540437015028	1.0	0.0011461013158757943	0.7717840536088149	0.7720074623694703	0.7718957418239176	1515	1016	7	aa	0.8	1.0
True	PROKKA_06122025__gr_1e-12_lr_1e-12_mu_1e-14	46118	panta	0.9992591349603996	0.9989109126551949	0.9992223505116197	1.0	0.9996449145079858	0.9998224257269688	1610	1113	7	aa	0.5	8.0
True	PROKKA_06122025__gr_1e-12_lr_1e-12_mu_1e-14	46118	panaroo	0.00056866064722354	1.0	0.0013367735129321736	0.7717423976348725	0.7720318231412385	0.7718870832574289	1514	1015	7	aa	0.7	29.0
True	PROKKA_06122025__gr_1e-12_lr_1e-12_mu_1e-14	46118	cdhit	0.0005026473915968312	0.9954407294832827	0.001179592159129471	0.773338034802722	0.772361311010288	0.7728493643117678	1527	1021	12	nt	0.95	1.0
True	PROKKA_06122025__gr_1e-12_lr_1e-12_mu_1e-14	46118	cdhit	0.00048645454992973574	0.9995657837603127	0.0011435445113123254	0.7713819607301564	0.7719157247590094	0.7716487504409265	1507	1004	9	aa	0.8	1.0
True	PROKKA_06122025__gr_1e-12_lr_1e-12_mu_1e-14	46118	ppanggolin	0.00048611204983439423	1.0	0.0011430189522758404	0.771434714767274	0.7719277648156241	0.7716811610353715	1509	1008	8	aa	0.9	5.0
True	PROKKA_06122025__gr_1e-12_lr_1e-12_mu_1e-14	46118	cdhit	0.0005557878534976834	0.9991315675206253	0.0013068094466686761	0.7697311504239643	0.7715722261206981	0.7706505886965525	1486	979	12	aa	0.5	2.0
True	PROKKA_06122025__gr_1e-12_lr_1e-12_mu_1e-14	46118	panaroo	0.0004890831783344368	1.0	0.0011501207823708653	0.7719826431736577	0.7720527434196995	0.7720176917053794	1517	1018	7	aa	0.9	27.0
True	PROKKA_06122025__gr_1e-12_lr_1e-12_mu_1e-14	46118	ppanggolin	0.0005520646614570849	1.0	0.0012991093652352432	0.7694843668561498	0.7715157050843714	0.7704986971205511	1486	983	9	aa	0.5	8.0
True	PROKKA_06122025__gr_1e-12_lr_1e-12_mu_1e-14	46118	cdhit	0.0004881683116521802	0.9995657837603127	0.0011474300710751129	0.771615898025931	0.7719691066020232	0.7717924619027597	1510	1008	8	nt	0.85	12.0
True	PROKKA_06122025__gr_1e-12_lr_1e-12_mu_1e-14	46118	embed_hdbscan_raw	0.8976852228689008	0.9596178897090751	0.9176217244272454	0.9735935251034137	0.9874813277680055	0.980488251601162	1251	541	167	aa	0.9	10.509
True	PROKKA_06122025__gr_1e-12_lr_1e-12_mu_1e-14	46118	embed_hdbscan_tsne	0.6368624058643718	0.7592270950933565	0.7544176962237807	0.9655367145345676	0.9331311987936529	0.9490574160845116	1469	272	467	aa	0.9	10.329
True	PROKKA_06122025__gr_1e-12_lr_1e-12_mu_1e-14	46118	embed_hdbscan_umap	0.7100147570893504	0.9902301346070344	0.8140713080486626	0.8992713557093859	0.9974905659090585	0.9458379391620941	537	13	12	aa	0.9	12.974
True	PROKKA_06122025__gr_1e-12_lr_1e-12_mu_1e-14	46118	diamond	0.0005357740823252304	1.0	0.001265779976158058	0.7685534495765374	0.7713022443671019	0.7699253935364652	1480	976	12	aa	0.5	1.0
True	PROKKA_06122025__gr_1e-12_lr_1e-12_mu_1e-14	46118	mmseqs2	0.0004881683116521802	1.0	0.0011481106155813564	0.7718833483912363	0.7720301051430982	0.771956719792183	1516	1017	7	aa	0.9	1.0
True	PROKKA_06122025__gr_1e-12_lr_1e-12_mu_1e-14	46118	panaroo	0.000567485609502391	1.0	0.0013341465525983547	0.7715957361086719	0.7719983715338234	0.7717970013089698	1512	1012	8	aa	0.6	30.0
True	PROKKA_06122025__gr_1e-12_lr_1e-12_mu_1e-14	46118	panx	0.9997490339113991	1.0	0.9997968980446491	0.9999064934490981	1.0000000000000002	0.9999532445385783	1470	984	6	aa	0.6	723.0
True	PROKKA_06122025__gr_1e-12_lr_1e-12_mu_1e-14	46118	panaroo	0.0005652556823970775	1.0	0.0013290935126249123	0.7712947148771728	0.7719296817005871	0.7716120676588603	1508	1007	8	aa	0.5	31.0
True	PROKKA_06122025__gr_1e-12_lr_1e-12_mu_1e-14	46118	panx	0.999750805479742	1.0	0.9997983250205582	0.9999071676082021	1.0	0.9999535816495378	1478	989	6	aa	0.7	732.0
True	PROKKA_06122025__gr_1e-12_lr_1e-12_mu_1e-14	46118	diamond	0.0004844008089027375	1.0	0.0011391371591916622	0.7712007774714996	0.7718743636124337	0.771537423524405	1506	1004	9	aa	0.8	1.0
True	PROKKA_06122025__gr_1e-12_lr_1e-12_mu_1e-14	46118	panx	0.9991776187585701	0.9995624589805294	0.9993482530011739	0.999808046514716	0.9998925196881946	0.9998502813172588	1494	998	7	aa	0.85	726.0
True	PROKKA_06122025__gr_1e-12_lr_1e-12_mu_1e-14	46118	panta	1.0	1.0	1.0	1.0	1.0	1.0	1510	1012	7	aa	0.9	6.0
True	PROKKA_06122025__gr_1e-12_lr_1e-12_mu_1e-14	46118	mmseqs2	0.00048713980227671044	1.0	0.0011458733779096582	0.7717805321541842	0.7720066592688581	0.7718935791504716	1515	1016	7	nt	0.8	2.0
True	PROKKA_06122025__gr_1e-12_lr_1e-12_mu_1e-14	46118	panx	0.9994231466710419	1.0	0.9995813105119089	0.9998075113451483	1.0000000000000002	0.9999037464087122	1489	995	6	aa	0.8	727.0
True	PROKKA_06122025__gr_1e-12_lr_1e-12_mu_1e-14	46118	mmseqs2	0.0004881683116521802	1.0	0.00114811061558815	0.7718833483912363	0.7720301051430982	0.771956719792183	1516	1017	7	aa	0.85	3.0
True	PROKKA_06122025__gr_1e-12_lr_1e-12_mu_1e-14	46118	ppanggolin	0.0004833750708685175	1.0	0.0011369052436171687	0.7710979612344476	0.7718508856907017	0.7714742397574448	1505	1003	9	aa	0.8	5.0
True	PROKKA_06122025__gr_1e-12_lr_1e-12_mu_1e-14	46118	mmseqs2	0.000567133285491815	1.0	0.0013332781064849554	0.7715245946607778	0.7719821415484854	0.771753300288551	1511	1011	8	nt	0.5	5.0
True	PROKKA_06122025__gr_1e-12_lr_1e-12_mu_1e-14	46118	connected_components_t0.1	0.8878019026890893	0.8925314806773773	0.9075687568043311	1.0000000000000002	0.9628017609872872	0.9810483973715196	1958	1425	74	aa	0.9	140.0
True	PROKKA_06122025__gr_1e-12_lr_1e-12_mu_1e-14	46118	connected_components_t0.2	0.9752030673053448	0.9756838905775076	0.981058398585957	0.9999092027757958	0.9916716751371509	0.9957734030272901	1604	1086	25	aa	0.9	140.0
True	PROKKA_06122025__gr_1e-12_lr_1e-12_mu_1e-14	46118	connected_components_t0.3	0.9962124517649306	0.9969604863221885	0.997272632185263	0.9999092027757956	0.9988501734373672	0.9993794075467619	1529	1026	10	aa	0.9	140.0
True	PROKKA_06122025__gr_1e-12_lr_1e-12_mu_1e-14	46118	connected_components_t0.4	0.9990146959439618	0.9993486756404689	0.9992901126200922	0.9999092027757958	0.9997669530386045	0.9998380728476339	1520	1019	8	aa	0.9	140.0
True	PROKKA_06122025__gr_1e-12_lr_1e-12_mu_1e-14	46118	connected_components_t0.5	0.99926156638882	0.9997828918801563	0.9992181078233642	0.9997338216192008	0.9999091868488802	0.999821496544427	1516	1015	7	aa	0.9	140.0
True	PROKKA_06122025__gr_1e-12_lr_1e-12_mu_1e-14	46118	connected_components_t0.6	0.9989751947169621	1.0	0.9990128117353603	0.9995490255736885	0.9999999999999999	0.9997744619308935	1513	1012	7	aa	0.9	140.0
True	PROKKA_06122025__gr_1e-12_lr_1e-12_mu_1e-14	46118	connected_components_t0.7	0.9987704850832876	1.0	0.9987439478699226	0.9994260474193775	1.0	0.9997129413306567	1511	1009	8	aa	0.9	140.0
True	PROKKA_06122025__gr_1e-12_lr_1e-12_mu_1e-14	46118	hdbscan_dist	0.9481265711609153	0.9976118106817194	0.9640386759795548	0.9835764992010011	0.9994364389938437	0.9914430459887307	1349	837	14	aa	0.9	0.17
True	PROKKA_06122025__gr_1e-12_lr_1e-12_mu_1e-14	46118	hdbscan_tsne	0.7833674899538029	0.9613547546678246	0.8500412658520564	0.9341423427729899	0.9885953833438518	0.9605977923119701	878	273	18	aa	0.9	10.569
True	PROKKA_06122025__gr_1e-12_lr_1e-12_mu_1e-14	46118	hdbscan_umap	0.38185560977507926	0.9878419452887538	0.7610256416738961	0.8647596400803489	0.9951016431396883	0.9253633553519524	543	70	5	aa	0.9	6.564
True	PROKKA_06122025__gr_1e-12_lr_1e-12_mu_1e-14	46118	cdhit	0.0004875968240564633	1.0	0.0011464359982137186	0.7716569877040065	0.7719784802216931	0.7718177004842725	1512	1012	7	nt	0.9	1.0
True	PROKKA_06122025__gr_1e-12_lr_1e-12_mu_1e-14	46118	mmseqs2	0.0005683080350090029	1.0	0.0013359043825264705	0.7716712561869786	0.772015597918135	0.7718433886473494	1513	1014	7	aa	0.7	1.0
True	PROKKA_06122025__gr_1e-12_lr_1e-12_mu_1e-14	46118	mmseqs2	0.0004881683116521802	1.0	0.0011481106155864515	0.7718833483912363	0.7720301051430982	0.771956719792183	1516	1017	7	nt	0.9	1.0
True	PROKKA_06122025__gr_1e-12_lr_1e-12_mu_1e-14	46118	mmseqs2	0.0005651384136864311	1.0	0.0013289550451870728	0.7713224836413046	0.7719360199691303	0.771629129846769	1509	1009	8	aa	0.6	2.0
True	PROKKA_06122025__gr_1e-12_lr_1e-12_mu_1e-14	46118	ppanggolin	0.0004895408363837317	0.9997828918801563	0.0011510086310632837	0.7719857498195644	0.7720534516332146	0.7720195992421215	1516	1015	9	aa	0.95	6.0
True	PROKKA_06122025__gr_1e-12_lr_1e-12_mu_1e-14	46118	ppanggolin	0.0005619757755809215	1.0	0.0013213209848673252	0.7707377238774222	0.7718024730938484	0.7712697310103189	1501	1000	8	aa	0.7	5.0
True	PROKKA_06122025__gr_1e-12_lr_1e-12_mu_1e-14	46118	cdhit	0.0005150614678272981	0.990447242726878	0.0012072930855144865	0.7748710761414423	0.7727093169369817	0.7737886866975009	1541	1028	16	aa	0.95	1.0
True	PROKKA_06122025__gr_1e-12_lr_1e-12_mu_1e-14	46118	ppanggolin	0.0004853132096007611	1.0	0.001141142405791863	0.7713000722539209	0.7718970328295137	0.7715984370794969	1507	1005	9	aa	0.85	5.0
True	PROKKA_06122025__gr_1e-12_lr_1e-12_mu_1e-14	46118	mmseqs2	0.0005672507172279611	1.0	0.0013336265048712924	0.7715684399499267	0.7719921445475239	0.7717802340956511	1512	1013	7	nt	0.6	3.0
True	PROKKA_06122025__gr_1e-12_lr_1e-12_mu_1e-14	49444	panaroo	-0.00023637050570815386	1.0	-0.0005937211969636913	0.7485553128334083	0.7486246408212076	0.7485899752221669	1523	1023	2	aa	0.85	26.0
True	PROKKA_06122025__gr_1e-12_lr_1e-12_mu_1e-14	49444	panta	0.9994401995554284	0.9998043435726863	0.9996292244242082	0.9999067153737368	0.999906715373737	0.9999067153737369	1514	1017	2	aa	0.6	6.0
True	PROKKA_06122025__gr_1e-12_lr_1e-12_mu_1e-14	49444	diamond	-0.000267797025512333	1.0	-0.0006786113727673265	0.7453667728130029	0.7478204818644438	0.7465916112861184	1498	1000	5	aa	0.6	1.0
True	PROKKA_06122025__gr_1e-12_lr_1e-12_mu_1e-14	49444	diamond	-0.0002641004367730156	0.9838615594011277	-0.0006610135608419717	0.7538650167264567	0.749922980256717	0.7518888316557163	1571	1047	19	aa	0.95	1.0
True	PROKKA_06122025__gr_1e-12_lr_1e-12_mu_1e-14	49444	diamond	-0.00025421710057755225	1.0	-0.0006416020983602964	0.7465955328857543	0.748130987264769	0.7473624714292725	1508	1011	3	aa	0.7	1.0
True	PROKKA_06122025__gr_1e-12_lr_1e-12_mu_1e-14	49444	panta	0.9993468386915729	0.9994130307180591	0.9995419591233642	0.9999067153737368	0.9998628306444131	0.999884772527552	1514	1016	2	aa	0.8	6.0
True	PROKKA_06122025__gr_1e-12_lr_1e-12_mu_1e-14	49444	mmseqs2	-0.00024060372301701034	1.0	-0.0006050298763715121	0.7480850402397168	0.7485063593007858	0.7482956404655703	1519	1019	3	nt	0.7	1.0
True	PROKKA_06122025__gr_1e-12_lr_1e-12_mu_1e-14	49444	cdhit	-0.000250035842823395	0.9990278047832004	-0.0006303069662979082	0.7470256672791684	0.7482395008261993	0.7476320913668675	1510	1010	4	aa	0.7	0.0
True	PROKKA_06122025__gr_1e-12_lr_1e-12_mu_1e-14	49444	panx	0.9994127327604833	1.0	0.9996109197197435	0.9998033737797882	1.0	0.9999016772234761	1452	981	2	aa	0.5	757.0
True	PROKKA_06122025__gr_1e-12_lr_1e-12_mu_1e-14	49444	ppanggolin	-0.00026526774018608383	1.0	-0.0006716818106258316	0.745580421715279	0.7478745255204908	0.7467257116255734	1500	1002	6	aa	0.6	5.0
True	PROKKA_06122025__gr_1e-12_lr_1e-12_mu_1e-14	49444	panx	0.9982240350224102	0.9982339089481946	0.9986953653278218	0.999812772909311	0.9995304929496606	0.9996716130024484	1511	1014	3	aa	0.9	705.0
True	PROKKA_06122025__gr_1e-12_lr_1e-12_mu_1e-14	49444	panaroo	-0.00026300193625202243	0.9846393155745674	-0.0006585715005664695	0.7543673254946467	0.7500478768697006	0.7522014002223608	1583	1061	20	aa	0.95	28.0
True	PROKKA_06122025__gr_1e-12_lr_1e-12_mu_1e-14	49444	cdhit	-0.0002499006988911663	0.9998055609566401	-0.0006300575803125934	0.7471338059077022	0.7482667671456166	0.7476998573436064	1513	1016	2	nt	0.8	15.0
True	PROKKA_06122025__gr_1e-12_lr_1e-12_mu_1e-14	49444	panta	0.9884288312018209	0.9886519272158091	0.9916319734481994	0.9999099103708358	0.9959288474654624	0.9979154084416278	1553	1038	17	aa	0.95	7.0
True	PROKKA_06122025__gr_1e-12_lr_1e-12_mu_1e-14	49444	mmseqs2	-0.00026092773751934306	1.0	-0.0006600371824942261	0.746165279036721	0.7480223499451306	0.7470926604483237	1504	1005	4	aa	0.5	1.0
True	PROKKA_06122025__gr_1e-12_lr_1e-12_mu_1e-14	49444	cdhit	-0.000262866170924184	0.9994166828699202	-0.0006651476527461507	0.7458268511085961	0.7479368324202615	0.7468803515618002	1501	1001	7	aa	0.6	1.0
True	PROKKA_06122025__gr_1e-12_lr_1e-12_mu_1e-14	49444	panaroo	-0.00023637050570815386	1.0	-0.0005937211969636913	0.7485553128334083	0.7486246408212076	0.7485899752221669	1523	1023	2	aa	0.8	27.0
True	PROKKA_06122025__gr_1e-12_lr_1e-12_mu_1e-14	49444	cdhit	-0.00023026540848027698	0.9961112191328019	-0.0005774927751520383	0.7492869318688121	0.7488084343727487	0.7490476067037983	1527	1022	3	aa	0.9	0.0
True	PROKKA_06122025__gr_1e-12_lr_1e-12_mu_1e-14	49444	cdhit	-0.00024278229247855584	0.9996111219132802	-0.000610818702289468	0.7477990851594267	0.7484343823199998	0.7481165988668839	1517	1018	3	aa	0.85	0.0
True	PROKKA_06122025__gr_1e-12_lr_1e-12_mu_1e-14	49444	panta	0.998661660943866	0.9986304050088045	0.999046071487225	0.9999067153737368	0.9996136712789642	0.9997601718524906	1516	1016	4	aa	0.85	6.0
True	PROKKA_06122025__gr_1e-12_lr_1e-12_mu_1e-14	49444	mmseqs2	-0.00023712274152428207	1.0	-0.000595646224771558	0.7483965198317389	0.7485847141358034	0.7484906051542654	1521	1021	2	nt	0.85	2.0
True	PROKKA_06122025__gr_1e-12_lr_1e-12_mu_1e-14	49444	mmseqs2	-0.0002697812767719865	0.9881392183550457	-0.0006764927403547431	0.7534101612253733	0.7498097749303368	0.7516056564062354	1577	1071	7	aa	0.95	1.0
True	PROKKA_06122025__gr_1e-12_lr_1e-12_mu_1e-14	49444	diamond	-0.00024155737512636188	0.9982500486097609	-0.0006076776681221558	0.7480678462413651	0.7485020326097424	0.7482848764422594	1519	1018	3	aa	0.9	1.0
True	PROKKA_06122025__gr_1e-12_lr_1e-12_mu_1e-14	49444	mmseqs2	-0.0002228809267252428	0.9947501458292826	-0.0005586070954336463	0.7508026954553093	0.7491883627408298	0.7499946604028535	1548	1046	4	nt	0.95	0.0
True	PROKKA_06122025__gr_1e-12_lr_1e-12_mu_1e-14	49444	connected_components_t0.1	0.8163996766598555	0.808283103247132	0.8391403082320087	1.0	0.934854425337074	0.9663305033134072	2421	1916	85	nt	0.9	172.0
True	PROKKA_06122025__gr_1e-12_lr_1e-12_mu_1e-14	49444	connected_components_t0.2	0.9430964583363517	0.9424460431654677	0.9544417325095855	0.9999605083107643	0.978604227040353	0.9891671096954805	1778	1247	39	nt	0.9	172.0
True	PROKKA_06122025__gr_1e-12_lr_1e-12_mu_1e-14	49444	connected_components_t0.3	0.9789785794057744	0.9793894614038499	0.9838915398813961	0.9999105646520702	0.9921818083924261	0.9960311938255919	1611	1094	20	nt	0.9	172.0
True	PROKKA_06122025__gr_1e-12_lr_1e-12_mu_1e-14	49444	connected_components_t0.4	0.9929327289677461	0.9935835115691231	0.9947231097572781	0.99991056465207	0.9974574143516254	0.9986824830327193	1552	1047	6	nt	0.9	172.0
True	PROKKA_06122025__gr_1e-12_lr_1e-12_mu_1e-14	49444	connected_components_t0.5	0.9972423210456601	0.997861170523041	0.9979471802171672	0.99982112930414	0.9991494607917274	0.9994851822052053	1532	1029	4	nt	0.9	172.0
True	PROKKA_06122025__gr_1e-12_lr_1e-12_mu_1e-14	49444	connected_components_t0.6	0.9989173934187644	0.9996111219132802	0.9992696345514059	0.9998179575108954	0.999815104548316	0.9998165310275706	1525	1024	2	nt	0.9	172.0
True	PROKKA_06122025__gr_1e-12_lr_1e-12_mu_1e-14	49444	connected_components_t0.7	0.9991346890333669	1.0	0.999322050715044	0.9996591645092263	1.0000000000000002	0.9998295532074551	1521	1020	2	nt	0.9	172.0
True	PROKKA_06122025__gr_1e-12_lr_1e-12_mu_1e-14	49444	hdbscan_dist	0.9451388701815844	0.9893058526152051	0.9619909528961884	0.9833321640524998	0.9970135183780163	0.9901255819266801	1347	821	0	nt	0.9	0.226
True	PROKKA_06122025__gr_1e-12_lr_1e-12_mu_1e-14	49444	hdbscan_tsne	0.7742239225472487	0.902197161189967	0.8441786710578041	0.9455269397174926	0.9713097526753192	0.9582449476365138	1020	302	0	nt	0.9	12.757
True	PROKKA_06122025__gr_1e-12_lr_1e-12_mu_1e-14	49444	hdbscan_umap	0.7520421924500198	0.9947501458292826	0.8436156715971723	0.9085610614284652	0.9987873715141466	0.9515401577720471	561	40	0	nt	0.9	6.965
True	PROKKA_06122025__gr_1e-12_lr_1e-12_mu_1e-14	49444	panx	0.9895495451114105	0.9896907216494846	0.9922462205678552	0.9996513210896237	0.9964865954626526	0.9980664495596284	1553	1040	11	aa	0.95	700.0
True	PROKKA_06122025__gr_1e-12_lr_1e-12_mu_1e-14	49444	diamond	-0.00024644892022436955	0.9994166828699202	-0.000620684630526846	0.7474284076803472	0.7483410187529972	0.7478844348118074	1514	1015	3	aa	0.85	1.0
True	PROKKA_06122025__gr_1e-12_lr_1e-12_mu_1e-14	49444	panta	0.9997201779068886	1.0	0.9998146462504738	0.9999067153737368	1.0000000000000002	0.9999533555112617	1513	1016	2	aa	0.7	6.0
True	PROKKA_06122025__gr_1e-12_lr_1e-12_mu_1e-14	49444	mmseqs2	-0.00023671249435231357	1.0	-0.0005945908788282311	0.7484783013829924	0.7486052787560322	0.7485417846846248	1522	1022	2	aa	0.8	0.0
True	PROKKA_06122025__gr_1e-12_lr_1e-12_mu_1e-14	49444	panta	0.9994401995554284	0.9998043435726863	0.9996292244242072	0.9999067153737368	0.9999067153737367	0.9999067153737368	1514	1017	2	aa	0.5	6.0
True	PROKKA_06122025__gr_1e-12_lr_1e-12_mu_1e-14	49444	panaroo	-0.00023671249435231357	1.0	-0.0005945908788914453	0.7484783013829924	0.7486052787560321	0.7485417846846247	1522	1022	2	aa	0.7	29.0
True	PROKKA_06122025__gr_1e-12_lr_1e-12_mu_1e-14	49444	cdhit	-0.00022017717659537247	0.9906669259187245	-0.0005517651244782378	0.7514384834985269	0.749347382027478	0.7503914759577837	1554	1047	6	nt	0.95	0.0
True	PROKKA_06122025__gr_1e-12_lr_1e-12_mu_1e-14	49444	cdhit	-0.0002479392478178552	0.9996111219132802	-0.0006247715599680968	0.7473371468711906	0.7483180220072212	0.7478272628022228	1514	1015	4	aa	0.8	0.0
True	PROKKA_06122025__gr_1e-12_lr_1e-12_mu_1e-14	49444	ppanggolin	-0.00024597430272909205	1.0	-0.000619429397545944	0.7474964290236078	0.7483581566691005	0.7479270446355515	1515	1017	2	aa	0.9	4.0
True	PROKKA_06122025__gr_1e-12_lr_1e-12_mu_1e-14	49444	cdhit	-0.00027897524407520145	1.0	-0.0007092827234849555	0.7443348206616992	0.7475591173771987	0.7459434848276294	1490	992	6	aa	0.5	1.0
True	PROKKA_06122025__gr_1e-12_lr_1e-12_mu_1e-14	49444	panaroo	-0.00023589154434300235	0.9998055609566401	-0.0005924785273665099	0.7486411779456897	0.7486462253401717	0.7486437016344232	1524	1023	3	aa	0.9	28.0
True	PROKKA_06122025__gr_1e-12_lr_1e-12_mu_1e-14	49444	ppanggolin	-0.00029017000495177545	1.0	-0.0007402720015613768	0.7433308001394534	0.74730430669144	0.7453122574331347	1485	991	5	aa	0.5	7.0
True	PROKKA_06122025__gr_1e-12_lr_1e-12_mu_1e-14	49444	cdhit	-0.00024563516526901756	1.0	-0.0006185651645703711	0.7475734404740236	0.7483775568175025	0.7479752825280243	1516	1018	2	nt	0.85	14.0
True	PROKKA_06122025__gr_1e-12_lr_1e-12_mu_1e-14	49444	embed_hdbscan_raw	0.9134416035880797	0.9838615594011277	0.934756516291217	0.9705557464271025	0.9949542537122626	0.9826035668137588	1188	623	0	aa	0.9	11.808
True	PROKKA_06122025__gr_1e-12_lr_1e-12_mu_1e-14	49444	embed_hdbscan_tsne	0.7681704269658821	0.8948084775422905	0.8366440999840093	0.9455050288829583	0.9679080047463239	0.9565753654848671	994	231	0	aa	0.9	13.854
True	PROKKA_06122025__gr_1e-12_lr_1e-12_mu_1e-14	49444	embed_hdbscan_umap	0.7381442672794297	0.9900836087886448	0.8352045093988115	0.904617412374411	0.9971950650199009	0.9486529613968903	534	11	0	aa	0.9	13.236
True	PROKKA_06122025__gr_1e-12_lr_1e-12_mu_1e-14	49444	diamond	-0.0002235153811654995	1.0	-0.0005672543466614517	0.7436873358926315	0.7474245151013812	0.7455512422438925	1483	985	6	aa	0.5	2.0
True	PROKKA_06122025__gr_1e-12_lr_1e-12_mu_1e-14	49444	mmseqs2	-0.00023589154434300235	0.9996111219132802	-0.0005924384544135514	0.7486064563572916	0.748637497575981	0.7486219766448594	1523	1022	3	aa	0.9	2.0
True	PROKKA_06122025__gr_1e-12_lr_1e-12_mu_1e-14	49444	panaroo	-0.0002368492602788452	1.0	-0.0005948823500852068	0.748399318004521	0.7485854178141491	0.7484923563417023	1520	1018	4	aa	0.6	29.0
True	PROKKA_06122025__gr_1e-12_lr_1e-12_mu_1e-14	49444	panx	0.9994290093066119	1.0	0.9996213372595225	0.9998086968175607	1.0000000000000002	0.9999043392586784	1480	996	2	aa	0.6	752.0
True	PROKKA_06122025__gr_1e-12_lr_1e-12_mu_1e-14	49444	panaroo	-0.00024577083275323044	1.0	-0.0006189584930782534	0.747620786608625	0.7483894824167472	0.7480049370229838	1514	1013	2	aa	0.5	31.0
True	PROKKA_06122025__gr_1e-12_lr_1e-12_mu_1e-14	49444	panx	0.9994360550297483	1.0	0.999625630062586	0.9998109560140663	1.0000000000000002	0.9999054690717815	1494	1005	2	aa	0.7	723.0
True	PROKKA_06122025__gr_1e-12_lr_1e-12_mu_1e-14	49444	diamond	-0.00024848068635907063	1.0	-0.0006261699842664123	0.747228351710076	0.7482906013003108	0.7477590992534742	1513	1015	3	aa	0.8	1.0
True	PROKKA_06122025__gr_1e-12_lr_1e-12_mu_1e-14	49444	panx	0.9986885722526145	0.9990159417437512	0.9990951656036545	0.9998121361616774	0.9997319060157748	0.9997720194791401	1505	1011	3	aa	0.85	722.0
True	PROKKA_06122025__gr_1e-12_lr_1e-12_mu_1e-14	49444	panta	0.9981627616537996	0.9980434357268636	0.9986306030821077	0.9999067153737368	0.9994052027870421	0.9996558961800305	1518	1016	7	aa	0.9	6.0
True	PROKKA_06122025__gr_1e-12_lr_1e-12_mu_1e-14	49444	mmseqs2	-0.00023958104020380857	0.9998055609566401	-0.0006023332944278791	0.7482291926068062	0.7485426278910516	0.7483858774310752	1521	1022	2	nt	0.8	2.0
True	PROKKA_06122025__gr_1e-12_lr_1e-12_mu_1e-14	49444	panx	0.9990636154211694	0.9994094488188976	0.9993532756904112	0.9998120843987396	0.9998618278445274	0.9998369555029301	1503	1010	2	aa	0.8	725.0
True	PROKKA_06122025__gr_1e-12_lr_1e-12_mu_1e-14	49444	mmseqs2	-0.00023671249435231357	1.0	-0.0005945908788282311	0.7484783013829924	0.7486052787560322	0.7485417846846248	1522	1022	2	aa	0.85	0.0
True	PROKKA_06122025__gr_1e-12_lr_1e-12_mu_1e-14	49444	ppanggolin	-0.00024848068635907063	1.0	-0.0006261699841454585	0.747228351710076	0.7482906013003107	0.7477590992534742	1513	1015	3	aa	0.8	4.0
True	PROKKA_06122025__gr_1e-12_lr_1e-12_mu_1e-14	49444	mmseqs2	-0.00024060372301701034	1.0	-0.0006050298763715121	0.7480850402397168	0.7485063593007858	0.7482956404655703	1519	1019	3	nt	0.5	3.0
True	PROKKA_06122025__gr_1e-12_lr_1e-12_mu_1e-14	49444	connected_components_t0.1	0.8469814401927606	0.8473653509624732	0.8722535581300749	0.9999999999999999	0.9461119012272472	0.9723098662832439	2224	1682	83	aa	0.9	159.0
True	PROKKA_06122025__gr_1e-12_lr_1e-12_mu_1e-14	49444	connected_components_t0.2	0.959126487897507	0.9595566789811394	0.9682831556497924	0.9999287246000655	0.9848502119304604	0.9923321919761653	1696	1167	32	aa	0.9	159.0
True	PROKKA_06122025__gr_1e-12_lr_1e-12_mu_1e-14	49444	connected_components_t0.3	0.9894405247094777	0.9898891697452848	0.9921939854022496	0.99991056465207	0.9962104670269047	0.9980570865077438	1564	1053	12	aa	0.9	159.0
True	PROKKA_06122025__gr_1e-12_lr_1e-12_mu_1e-14	49444	connected_components_t0.4	0.996152012566148	0.9968889753062415	0.9973015391362224	0.9999073928588254	0.9987414741430147	0.9993240934295663	1537	1033	5	aa	0.9	159.0
True	PROKKA_06122025__gr_1e-12_lr_1e-12_mu_1e-14	49444	connected_components_t0.5	0.9982059108785862	0.9992222438265603	0.9986985642164825	0.9996591645092263	0.9996869403482022	0.9996730522357767	1524	1022	3	aa	0.9	159.0
True	PROKKA_06122025__gr_1e-12_lr_1e-12_mu_1e-14	49444	connected_components_t0.6	0.9974085409567612	1.0	0.9987355287552581	0.9993639271190043	1.0000000000000002	0.9996818623801461	1520	1020	2	aa	0.9	159.0
True	PROKKA_06122025__gr_1e-12_lr_1e-12_mu_1e-14	49444	connected_components_t0.7	0.9959030346719302	1.0	0.9978806164815193	0.9989329732427751	1.0000000000000002	0.9994662018329241	1516	1016	3	aa	0.9	159.0
True	PROKKA_06122025__gr_1e-12_lr_1e-12_mu_1e-14	49444	hdbscan_dist	0.920037963641724	0.989500291658565	0.9474822149616955	0.9754377139029483	0.996987171891482	0.9860947250710651	1259	725	0	aa	0.9	0.205
True	PROKKA_06122025__gr_1e-12_lr_1e-12_mu_1e-14	49444	hdbscan_tsne	0.7559267879304111	0.8986972584094887	0.8387215072129557	0.94262117723405	0.9708470119102602	0.9565259129708907	1036	351	0	aa	0.9	13.686
True	PROKKA_06122025__gr_1e-12_lr_1e-12_mu_1e-14	49444	hdbscan_umap	0.38240319552150237	0.9828893641843283	0.7928089487695023	0.8768853299264914	0.9947663286548012	0.9321136187953137	544	44	0	aa	0.9	7.287
True	PROKKA_06122025__gr_1e-12_lr_1e-12_mu_1e-14	49444	cdhit	-0.0002414211894245405	0.9990278047832004	-0.0006072990067690591	0.7480611995586346	0.7485003600011919	0.7482807153449111	1520	1021	2	nt	0.9	0.0
True	PROKKA_06122025__gr_1e-12_lr_1e-12_mu_1e-14	49444	mmseqs2	-0.0002401947632617051	1.0	-0.0006039766888565935	0.7481668217909702	0.7485269367406213	0.7483468359427125	1520	1020	3	aa	0.7	0.0
True	PROKKA_06122025__gr_1e-12_lr_1e-12_mu_1e-14	49444	mmseqs2	-0.00023671249435231357	1.0	-0.0005945908788328945	0.7484783013829923	0.7486052787560322	0.7485417846846247	1522	1022	2	nt	0.9	1.0
True	PROKKA_06122025__gr_1e-12_lr_1e-12_mu_1e-14	49444	mmseqs2	-0.00024135309028653398	1.0	-0.0006069322379010722	0.7479134497200709	0.7484631736577202	0.7481882107128435	1516	1014	5	aa	0.6	0.0
True	PROKKA_06122025__gr_1e-12_lr_1e-12_mu_1e-14	49444	ppanggolin	-0.00029033891768969643	0.995722341046082	-0.0007303442986429118	0.7499596541321225	0.7489476567005069	0.7494533137878516	1539	1036	5	aa	0.95	4.0
True	PROKKA_06122025__gr_1e-12_lr_1e-12_mu_1e-14	49444	ppanggolin	-0.0002570405635862676	1.0	-0.0006492879324276054	0.7463399336515967	0.7480664608118349	0.7472021998805113	1507	1011	3	aa	0.7	4.0
True	PROKKA_06122025__gr_1e-12_lr_1e-12_mu_1e-14	49444	cdhit	-0.0002526496461748708	0.9797783394905697	-0.0006314575972162286	0.7559422130068711	0.7504386574464493	0.7531803816192356	1598	1076	22	aa	0.95	1.0
True	PROKKA_06122025__gr_1e-12_lr_1e-12_mu_1e-14	49444	ppanggolin	-0.00024848068635907063	1.0	-0.0006261699841454585	0.747228351710076	0.7482906013003107	0.7477590992534742	1513	1015	3	aa	0.85	4.0
True	PROKKA_06122025__gr_1e-12_lr_1e-12_mu_1e-14	49444	mmseqs2	-0.00024060372301701034	1.0	-0.0006050298763715121	0.7480850402397168	0.7485063593007858	0.7482956404655703	1519	1019	3	nt	0.6	1.0
True	PROKKA_06122025__gr_1e-12_lr_1e-12_mu_1e-14	53144	panaroo	0.0005497771167991975	0.9997971190910935	0.0013578545853808227	0.7600996563723765	0.7601082088788126	0.7601039326015369	1541	1041	3	aa	0.85	26.0
True	PROKKA_06122025__gr_1e-12_lr_1e-12_mu_1e-14	53144	panta	1.0	1.0	1.0	1.0	1.0	1.0	1532	1036	3	aa	0.6	6.0
True	PROKKA_06122025__gr_1e-12_lr_1e-12_mu_1e-14	53144	diamond	0.000506286756577679	1.0	0.0012635577747759997	0.7574568285060571	0.759472529023424	0.7584633395301362	1519	1015	10	aa	0.6	1.0
True	PROKKA_06122025__gr_1e-12_lr_1e-12_mu_1e-14	53144	diamond	0.0005287453855828832	0.9823493609251369	0.0013000428941664967	0.7659594671947032	0.7614746819119971	0.7637104905382409	1600	1082	20	aa	0.95	1.0
True	PROKKA_06122025__gr_1e-12_lr_1e-12_mu_1e-14	53144	diamond	0.0005102318507288767	1.0	0.0012732022529842975	0.7580687218552409	0.7596200073614392	0.7588435717953359	1528	1028	6	aa	0.7	2.0
True	PROKKA_06122025__gr_1e-12_lr_1e-12_mu_1e-14	53144	panta	0.9997901643234344	0.9997957516339869	0.9998218331554443	1.0	0.9999143513916346	0.9999571738618177	1533	1037	3	aa	0.8	6.0
True	PROKKA_06122025__gr_1e-12_lr_1e-12_mu_1e-14	53144	mmseqs2	0.0005490668910047143	1.0	0.0013560847937649312	0.7599736096963335	0.7600779671637935	0.7600257848477899	1539	1038	4	nt	0.7	2.0
True	PROKKA_06122025__gr_1e-12_lr_1e-12_mu_1e-14	53144	cdhit	0.0005109233521119372	0.9993913572732805	0.0012748684155104084	0.7581663067002222	0.7596435105100122	0.7589041897630493	1529	1029	5	aa	0.7	0.0
True	PROKKA_06122025__gr_1e-12_lr_1e-12_mu_1e-14	53144	panx	0.9988468304481269	1.0	0.9993465229948881	0.9996838142166716	1.0	0.9998418821110215	1479	1000	3	aa	0.5	736.0
True	PROKKA_06122025__gr_1e-12_lr_1e-12_mu_1e-14	53144	ppanggolin	0.0005083565861461512	1.0	0.0012684876711939479	0.7577305848337595	0.7595385320491257	0.758633481284761	1523	1021	8	aa	0.6	5.0
True	PROKKA_06122025__gr_1e-12_lr_1e-12_mu_1e-14	53144	panx	0.9971203595710569	0.99774312679524	0.9977514900874601	0.9996939290326052	0.9992250205071161	0.9994594197713313	1530	1034	6	aa	0.9	795.0
True	PROKKA_06122025__gr_1e-12_lr_1e-12_mu_1e-14	53144	panaroo	0.000525572441897717	0.9855954554676405	0.0012926808683523842	0.7655870311608503	0.7613863339193796	0.7634809044899805	1599	1086	17	aa	0.95	28.0
True	PROKKA_06122025__gr_1e-12_lr_1e-12_mu_1e-14	53144	cdhit	0.0005355372703495251	1.0	0.0013266374424153395	0.759071247451941	0.7598612452625388	0.7594660409180438	1533	1034	3	nt	0.8	15.0
True	PROKKA_06122025__gr_1e-12_lr_1e-12_mu_1e-14	53144	panta	0.9885059769169364	0.9904003267973857	0.9921907513714133	1.0	0.9962876234628568	0.9981403598892711	1569	1064	12	aa	0.95	6.0
True	PROKKA_06122025__gr_1e-12_lr_1e-12_mu_1e-14	53144	mmseqs2	0.0005327259692721521	1.0	0.0013200098290174992	0.7587027140437744	0.7597726213091008	0.7592372907517916	1527	1025	6	aa	0.5	1.0
True	PROKKA_06122025__gr_1e-12_lr_1e-12_mu_1e-14	53144	cdhit	0.0005052037445151411	1.0	0.0012610520469580138	0.7573421178471083	0.7594448613527568	0.7583920320682187	1518	1015	8	aa	0.6	0.0
True	PROKKA_06122025__gr_1e-12_lr_1e-12_mu_1e-14	53144	panaroo	0.0005496756348690971	0.9997971190910935	0.0013575362172881288	0.7600586102509124	0.760098361736232	0.7600784854738296	1540	1039	4	aa	0.8	26.0
True	PROKKA_06122025__gr_1e-12_lr_1e-12_mu_1e-14	53144	cdhit	0.000557918530634423	0.9947250963684318	0.0013764441420789208	0.7609530520138396	0.760312759226941	0.7606327708724554	1547	1041	6	aa	0.9	0.0
True	PROKKA_06122025__gr_1e-12_lr_1e-12_mu_1e-14	53144	cdhit	0.0005135936765215518	0.9993913572732805	0.0012813125147067	0.7585505607874025	0.7597360128091899	0.7591428240080298	1535	1038	3	aa	0.85	0.0
True	PROKKA_06122025__gr_1e-12_lr_1e-12_mu_1e-14	53144	panta	0.9996502250591379	0.9995915032679739	0.9996665031873191	1.0	0.999839717684449	0.9999198524191046	1534	1038	3	aa	0.85	6.0
True	PROKKA_06122025__gr_1e-12_lr_1e-12_mu_1e-14	53144	mmseqs2	0.0005491683307338373	1.0	0.0013564029822396154	0.7600146558177978	0.7600878159806661	0.7600512341386896	1540	1040	3	nt	0.85	2.0
True	PROKKA_06122025__gr_1e-12_lr_1e-12_mu_1e-14	53144	mmseqs2	0.0005296678621703222	0.985392574558734	0.0013014942984706892	0.7658302783200827	0.7614440435841102	0.7636308624584719	1600	1088	16	aa	0.95	2.0
True	PROKKA_06122025__gr_1e-12_lr_1e-12_mu_1e-14	53144	diamond	0.0005429933476173766	0.9959423818218706	0.001345006599686411	0.7603097482935139	0.760158598186653	0.76023416572715	1550	1052	4	aa	0.9	1.0
True	PROKKA_06122025__gr_1e-12_lr_1e-12_mu_1e-14	53144	mmseqs2	0.0005705246645950632	0.9933049300060864	0.0014059104122701816	0.7625237888361907	0.7606883385736884	0.7616049578584178	1565	1058	8	nt	0.95	2.0
True	PROKKA_06122025__gr_1e-12_lr_1e-12_mu_1e-14	53144	connected_components_t0.1	0.7801190891299761	0.7965104483668087	0.813125693319714	1.0	0.9296068467563053	0.9635194322812306	2492	2006	80	nt	0.9	160.0
True	PROKKA_06122025__gr_1e-12_lr_1e-12_mu_1e-14	53144	connected_components_t0.2	0.9301520389685138	0.9338608236964901	0.944118714080011	1.0000000000000002	0.9751950373379298	0.9874417653987726	1839	1320	38	nt	0.9	160.0
True	PROKKA_06122025__gr_1e-12_lr_1e-12_mu_1e-14	53144	connected_components_t0.3	0.9704859473582602	0.9720024345709068	0.9771093338731827	1.0	0.9893613276410103	0.9946522171657951	1663	1147	26	nt	0.9	160.0
True	PROKKA_06122025__gr_1e-12_lr_1e-12_mu_1e-14	53144	connected_components_t0.4	0.9895004969692739	0.9894501927368634	0.9915129567588369	1.0	0.9959729154132916	0.9979823951739974	1588	1081	13	nt	0.9	160.0
True	PROKKA_06122025__gr_1e-12_lr_1e-12_mu_1e-14	53144	connected_components_t0.5	0.9963395560198564	0.99655102454859	0.9969549686201544	0.9999107551513632	0.9986319421826728	0.9992709395282463	1557	1055	4	nt	0.9	160.0
True	PROKKA_06122025__gr_1e-12_lr_1e-12_mu_1e-14	53144	connected_components_t0.6	0.9986095588395695	0.9989855954554676	0.9988753376114202	0.9998145029008599	0.9996454239188024	0.9997299562609753	1544	1042	4	nt	0.9	160.0
True	PROKKA_06122025__gr_1e-12_lr_1e-12_mu_1e-14	53144	connected_components_t0.7	0.9966016686061435	0.9991884763643741	0.9983699771726098	0.9994861339291461	0.9997302986314339	0.9996082013703482	1542	1041	4	nt	0.9	160.0
True	PROKKA_06122025__gr_1e-12_lr_1e-12_mu_1e-14	53144	hdbscan_dist	0.9384316244732488	0.9728139582065327	0.9520515999289815	0.985565247406228	0.991083048947011	0.988316446722117	1400	755	126	nt	0.9	0.216
True	PROKKA_06122025__gr_1e-12_lr_1e-12_mu_1e-14	53144	hdbscan_tsne	0.5845758208555963	0.7108947048082775	0.7183656630367304	0.9680598044831443	0.9168449117300085	0.9417565761879589	1723	408	612	nt	0.9	11.396
True	PROKKA_06122025__gr_1e-12_lr_1e-12_mu_1e-14	53144	hdbscan_umap	0.7567775976046505	0.996956786366403	0.840479228216486	0.9099766968159911	0.9992070018108143	0.9525066525522959	590	34	40	nt	0.9	6.536
True	PROKKA_06122025__gr_1e-12_lr_1e-12_mu_1e-14	53144	panx	0.9859590477148025	0.9900548000811853	0.9908050934913019	0.9993450631325939	0.9962745693792339	0.9978074540993846	1573	1065	14	aa	0.95	705.0
True	PROKKA_06122025__gr_1e-12_lr_1e-12_mu_1e-14	53144	diamond	0.0005311219461901259	0.9995942381821871	0.0013174362263618188	0.758934390333092	0.7598283418529964	0.7593811030008235	1534	1036	3	aa	0.85	1.0
True	PROKKA_06122025__gr_1e-12_lr_1e-12_mu_1e-14	53144	panta	1.0	1.0	1.0	1.0	1.0	1.0	1532	1036	3	aa	0.7	6.0
True	PROKKA_06122025__gr_1e-12_lr_1e-12_mu_1e-14	53144	mmseqs2	0.0005490668910047143	1.0	0.0013560847937595449	0.7599736096963335	0.7600779671637936	0.7600257848477899	1539	1038	4	aa	0.8	1.0
True	PROKKA_06122025__gr_1e-12_lr_1e-12_mu_1e-14	53144	panta	1.0	1.0	1.0	1.0	1.0	1.0	1532	1036	3	aa	0.5	7.0
True	PROKKA_06122025__gr_1e-12_lr_1e-12_mu_1e-14	53144	panaroo	0.0005490668910047143	1.0	0.0013560847937886358	0.7599736096963335	0.7600779671637936	0.7600257848477899	1539	1038	4	aa	0.7	32.0
True	PROKKA_06122025__gr_1e-12_lr_1e-12_mu_1e-14	53144	cdhit	0.000605097806815082	0.9807263136538852	0.001483850445216345	0.7659503537269722	0.7615035948658704	0.7637205015433846	1592	1068	20	nt	0.95	1.0
True	PROKKA_06122025__gr_1e-12_lr_1e-12_mu_1e-14	53144	cdhit	0.000511417484445935	0.9995942381821871	0.0012761617451693557	0.7582748112291042	0.7596696382507301	0.7589715838922165	1531	1032	5	aa	0.8	0.0
True	PROKKA_06122025__gr_1e-12_lr_1e-12_mu_1e-14	53144	ppanggolin	0.0005330269205559675	0.9991884763643741	0.0013218231915184363	0.7591406882533765	0.759877936884666	0.7595091336589225	1536	1037	4	aa	0.9	5.0
True	PROKKA_06122025__gr_1e-12_lr_1e-12_mu_1e-14	53144	cdhit	0.00048613901427343325	0.9983769527287483	0.0012191682275648939	0.7561860857350451	0.7591656761353825	0.7576729515959089	1508	1002	10	aa	0.5	1.0
True	PROKKA_06122025__gr_1e-12_lr_1e-12_mu_1e-14	53144	panaroo	0.0005532316936710006	0.9983769527287483	0.001366073262851419	0.7605753249309742	0.7602222648917789	0.7603987539291339	1546	1043	6	aa	0.9	27.0
True	PROKKA_06122025__gr_1e-12_lr_1e-12_mu_1e-14	53144	ppanggolin	0.0004806137787158788	1.0	0.001206609877538681	0.7557290188867262	0.7590551142802097	0.7573884149375587	1508	1008	9	aa	0.5	6.0
True	PROKKA_06122025__gr_1e-12_lr_1e-12_mu_1e-14	53144	cdhit	0.000539966018539484	0.9989855954554676	0.001336381565508668	0.7593986979546705	0.7599399348620309	0.7596692200054214	1535	1034	4	nt	0.85	13.0
True	PROKKA_06122025__gr_1e-12_lr_1e-12_mu_1e-14	53144	embed_hdbscan_raw	0.9054561159651994	0.963481436396835	0.9249020952665166	0.9745338114024088	0.9881903897597725	0.9813145895420153	1263	555	160	aa	0.9	11.599
True	PROKKA_06122025__gr_1e-12_lr_1e-12_mu_1e-14	53144	embed_hdbscan_tsne	0.6596223310278849	0.7804828565631974	0.7662899893757024	0.960949236011132	0.9349741604723972	0.9477837626378013	1426	260	427	aa	0.9	12.948
True	PROKKA_06122025__gr_1e-12_lr_1e-12_mu_1e-14	53144	embed_hdbscan_umap	0.7287616620947248	0.9955366200040576	0.8272606888119746	0.9014729494647689	0.9987620567521778	0.9476269768404554	532	7	14	aa	0.9	12.988
True	PROKKA_06122025__gr_1e-12_lr_1e-12_mu_1e-14	53144	diamond	0.00047510982116275995	1.0	0.0011944842840609388	0.755419701048836	0.7589802344523341	0.7571957821329618	1506	1005	10	aa	0.5	1.0
True	PROKKA_06122025__gr_1e-12_lr_1e-12_mu_1e-14	53144	mmseqs2	0.0005556751312731651	0.9975654290931223	0.0013716371568930903	0.7608262883871665	0.7602823973233416	0.7605542456177942	1548	1045	5	aa	0.9	1.0
True	PROKKA_06122025__gr_1e-12_lr_1e-12_mu_1e-14	53144	panaroo	0.0005489654583065283	1.0	0.001355766659532897	0.7599325635748694	0.7600681175382654	0.7600003345122026	1538	1036	5	aa	0.6	32.0
True	PROKKA_06122025__gr_1e-12_lr_1e-12_mu_1e-14	53144	panx	0.9988639459095157	1.0	0.9993568707513537	0.9996895308907213	1.0	0.9998447413438524	1501	1013	3	aa	0.6	743.0
True	PROKKA_06122025__gr_1e-12_lr_1e-12_mu_1e-14	53144	panaroo	0.0005309215676081234	1.0	0.0013167691869928853	0.75883324592887	0.7598040187570234	0.7593183220648093	1531	1030	6	aa	0.5	33.0
True	PROKKA_06122025__gr_1e-12_lr_1e-12_mu_1e-14	53144	panx	0.9988668462213462	1.0	0.9993588457440469	0.9996909953921137	1.0	0.9998454738214062	1509	1019	3	aa	0.7	742.0
True	PROKKA_06122025__gr_1e-12_lr_1e-12_mu_1e-14	53144	diamond	0.0005110221650567262	0.9997971190910935	0.0012752537982137079	0.7582358146527481	0.7596602485829232	0.7589473632545432	1531	1033	4	aa	0.8	1.0
True	PROKKA_06122025__gr_1e-12_lr_1e-12_mu_1e-14	53144	panx	0.9986602671601491	0.9997942810121374	0.9991823460485391	0.9996931002831263	0.999913639593502	0.9998033577765258	1521	1028	3	aa	0.85	729.0
True	PROKKA_06122025__gr_1e-12_lr_1e-12_mu_1e-14	53144	panta	0.9989849797289433	0.9989787581699346	0.9991508882021211	1.0	0.9995922169486758	0.9997960668941058	1537	1041	4	aa	0.9	6.0
True	PROKKA_06122025__gr_1e-12_lr_1e-12_mu_1e-14	53144	mmseqs2	0.0005491683307338373	1.0	0.0013564029822396154	0.7600146558177978	0.7600878159806661	0.7600512341386896	1540	1040	3	nt	0.8	1.0
True	PROKKA_06122025__gr_1e-12_lr_1e-12_mu_1e-14	53144	panx	0.9986583710323714	0.9997937293729373	0.9991806907117856	0.9996921071870501	0.9999133600782156	0.9998027213920077	1516	1025	3	aa	0.8	736.0
True	PROKKA_06122025__gr_1e-12_lr_1e-12_mu_1e-14	53144	mmseqs2	0.0005499801017682997	0.9997971190910935	0.0013582795114446518	0.7601076114301146	0.760110117238153	0.7601088643320686	1541	1041	3	aa	0.85	1.0
True	PROKKA_06122025__gr_1e-12_lr_1e-12_mu_1e-14	53144	ppanggolin	0.0005117140449978285	1.0	0.0012767113319698325	0.7582574776283647	0.7596654647248542	0.7589608181699222	1531	1033	4	aa	0.8	5.0
True	PROKKA_06122025__gr_1e-12_lr_1e-12_mu_1e-14	53144	mmseqs2	0.0005490668910047143	1.0	0.0013560847937649312	0.7599736096963335	0.7600779671637935	0.7600257848477899	1539	1038	4	nt	0.5	3.0
True	PROKKA_06122025__gr_1e-12_lr_1e-12_mu_1e-14	53144	connected_components_t0.1	0.8292648323437198	0.8468249137756138	0.8626360098589129	1.0	0.9451145601105637	0.9717829268182968	2229	1688	82	aa	0.9	157.0
True	PROKKA_06122025__gr_1e-12_lr_1e-12_mu_1e-14	53144	connected_components_t0.2	0.948712627713978	0.952728748224792	0.9601213356872641	1.0	0.981904062120417	0.99086941783639	1751	1232	30	aa	0.9	157.0
True	PROKKA_06122025__gr_1e-12_lr_1e-12_mu_1e-14	53144	connected_components_t0.3	0.9855107227056141	0.9866098600121729	0.9890288531301868	1.0	0.9948129355785219	0.9973997238894113	1600	1091	17	aa	0.9	157.0
True	PROKKA_06122025__gr_1e-12_lr_1e-12_mu_1e-14	53144	connected_components_t0.4	0.9954647093795451	0.9953337390951511	0.9961028270298258	0.9999037477494968	0.9982333652088042	0.9990678582843634	1562	1059	6	aa	0.9	157.0
True	PROKKA_06122025__gr_1e-12_lr_1e-12_mu_1e-14	53144	connected_components_t0.5	0.9952132698080121	0.9983769527287483	0.9974312316009663	0.9993735265977702	0.9993923115158974	0.999382918968561	1545	1044	4	aa	0.9	157.0
True	PROKKA_06122025__gr_1e-12_lr_1e-12_mu_1e-14	53144	connected_components_t0.6	0.9964663840343824	0.9997971190910935	0.9985207322408383	0.9993735265977702	0.9999149533949939	0.9996441666845565	1539	1039	3	aa	0.9	157.0
True	PROKKA_06122025__gr_1e-12_lr_1e-12_mu_1e-14	53144	connected_components_t0.7	0.9916566924659546	0.9997971190910935	0.997029750807593	0.9986543227520963	0.999914892151941	0.9992842099088163	1535	1036	3	aa	0.9	157.0
True	PROKKA_06122025__gr_1e-12_lr_1e-12_mu_1e-14	53144	hdbscan_dist	0.9619387373077047	0.9963481436396835	0.9718498130377852	0.9870040768888005	0.99912248649923	0.9930263112777806	1408	903	10	aa	0.9	0.207
True	PROKKA_06122025__gr_1e-12_lr_1e-12_mu_1e-14	53144	hdbscan_tsne	0.7862273856911026	0.9947250963684318	0.8586255488500827	0.9229323735111539	0.9984381455248369	0.9592016514499787	744	230	9	aa	0.9	12.782
True	PROKKA_06122025__gr_1e-12_lr_1e-12_mu_1e-14	53144	hdbscan_umap	0.18130625152355212	0.985798336376547	0.7513071664270793	0.8526796960892017	0.9942400282560038	0.9180347948621435	594	126	3	aa	0.9	7.535
True	PROKKA_06122025__gr_1e-12_lr_1e-12_mu_1e-14	53144	cdhit	0.0005476474727129203	0.99655102454859	0.0013536053252486669	0.7600813718240683	0.7601038224362099	0.76009259696436	1540	1037	4	nt	0.9	1.0
True	PROKKA_06122025__gr_1e-12_lr_1e-12_mu_1e-14	53144	mmseqs2	0.0005490668910047143	1.0	0.0013560847937595449	0.7599736096963335	0.7600779671637936	0.7600257848477899	1539	1038	4	aa	0.7	0.0
True	PROKKA_06122025__gr_1e-12_lr_1e-12_mu_1e-14	53144	mmseqs2	0.0005503861561626022	0.9993913572732805	0.001359349191174107	0.760199290762466	0.7601321082388186	0.7601656980162647	1542	1041	4	nt	0.9	1.0
True	PROKKA_06122025__gr_1e-12_lr_1e-12_mu_1e-14	53144	mmseqs2	0.0005489654583065283	1.0	0.0013557666595043474	0.7599325635748694	0.7600681175382654	0.7600003345122026	1538	1036	5	aa	0.6	0.0
True	PROKKA_06122025__gr_1e-12_lr_1e-12_mu_1e-14	53144	ppanggolin	0.0005622109261782624	0.9933049300060864	0.0013883573107661615	0.7621194803175907	0.760591776781709	0.7613548621935589	1565	1060	11	aa	0.95	6.0
True	PROKKA_06122025__gr_1e-12_lr_1e-12_mu_1e-14	53144	ppanggolin	0.0005105281679220233	1.0	0.0012738207175272591	0.7580761673285402	0.7596218007533436	0.7588481969994046	1528	1028	6	aa	0.7	5.0
True	PROKKA_06122025__gr_1e-12_lr_1e-12_mu_1e-14	53144	cdhit	0.0005882413334305295	0.9630756745790221	0.001433635655485054	0.7717227332460962	0.7628335322717738	0.7672523865886127	1644	1096	38	aa	0.95	0.0
True	PROKKA_06122025__gr_1e-12_lr_1e-12_mu_1e-14	53144	ppanggolin	0.0005118129120445404	1.0	0.0012770216714308817	0.7582985237498289	0.7596753474366529	0.7589863111940004	1532	1035	3	aa	0.85	6.0
True	PROKKA_06122025__gr_1e-12_lr_1e-12_mu_1e-14	53144	mmseqs2	0.0005490668910047143	1.0	0.0013560847937649312	0.7599736096963335	0.7600779671637935	0.7600257848477899	1539	1038	4	nt	0.6	1.0
True	PROKKA_06122025__gr_1e-12_lr_1e-12_mu_1e-14	54634	panaroo	0.0004321038104052738	0.9961870359221353	0.00107531026548647	0.7580735908300217	0.7573341265418678	0.7577036782699988	1539	1033	0	aa	0.85	26.0
True	PROKKA_06122025__gr_1e-12_lr_1e-12_mu_1e-14	54634	panta	1.0	1.0	1.0	1.0	1.0	1.0	1522	1025	0	aa	0.6	7.0
True	PROKKA_06122025__gr_1e-12_lr_1e-12_mu_1e-14	54634	diamond	0.0005063218436134027	1.0	0.0012744341387834733	0.7536853351789268	0.7563272951131984	0.7550040039229131	1506	1005	7	aa	0.6	1.0
True	PROKKA_06122025__gr_1e-12_lr_1e-12_mu_1e-14	54634	diamond	0.0005602485000483896	0.9474212321894441	0.0013686694920738817	0.7713828530625878	0.7605183416514336	0.7659120708487052	1640	1060	36	aa	0.95	1.0
True	PROKKA_06122025__gr_1e-12_lr_1e-12_mu_1e-14	54634	diamond	0.0004668239982686943	1.0	0.001168267148418828	0.7553596755993744	0.756705216365192	0.7560318473042893	1518	1017	4	aa	0.7	1.0
True	PROKKA_06122025__gr_1e-12_lr_1e-12_mu_1e-14	54634	panta	1.0	1.0	1.0	1.0	1.0	1.0	1522	1025	0	aa	0.8	7.0
True	PROKKA_06122025__gr_1e-12_lr_1e-12_mu_1e-14	54634	mmseqs2	0.00048278584170989954	1.0	0.0012042580822247738	0.7566331766253944	0.7570152089614279	0.7568241445825098	1529	1029	1	nt	0.7	1.0
True	PROKKA_06122025__gr_1e-12_lr_1e-12_mu_1e-14	54634	cdhit	0.00046816334320090466	1.0	0.0011713894090523626	0.7555059459880716	0.75674086135635	0.7561228994502943	1520	1020	3	aa	0.7	0.0
True	PROKKA_06122025__gr_1e-12_lr_1e-12_mu_1e-14	54634	panx	0.9996450700355353	1.0	0.9997873276608257	0.9998959874597784	1.0	0.9999479910250963	1462	987	0	aa	0.5	804.0
True	PROKKA_06122025__gr_1e-12_lr_1e-12_mu_1e-14	54634	ppanggolin	0.0004440569558231649	1.0	0.001117753994030265	0.7540179941917313	0.7563777706998109	0.7551960390397918	1511	1012	5	aa	0.6	4.0
True	PROKKA_06122025__gr_1e-12_lr_1e-12_mu_1e-14	54634	panx	0.9941091963630825	0.9939479523905588	0.9962833028221851	0.9998122297516406	0.9983854456206459	0.9990983282988635	1533	1026	4	aa	0.9	776.0
True	PROKKA_06122025__gr_1e-12_lr_1e-12_mu_1e-14	54634	panaroo	0.0005695696030897542	0.9452137266706803	0.0013905119120867608	0.7725966001692287	0.7608045753666025	0.7666552467798023	1650	1050	44	aa	0.95	28.0
True	PROKKA_06122025__gr_1e-12_lr_1e-12_mu_1e-14	54634	cdhit	0.00047950207703756494	0.9997993176801124	0.0011968390707113713	0.7563581678586121	0.7569483338735417	0.7566531357882903	1526	1025	2	nt	0.8	16.0
True	PROKKA_06122025__gr_1e-12_lr_1e-12_mu_1e-14	54634	panta	0.9615576889506862	0.9571370804690659	0.9760654573915838	1.0	0.9887472827630321	0.9943418063549361	1603	1035	33	aa	0.95	8.0
True	PROKKA_06122025__gr_1e-12_lr_1e-12_mu_1e-14	54634	mmseqs2	0.00046510382197461714	1.0	0.001163824832587642	0.755003377745051	0.7566183455339371	0.7558099989498016	1514	1014	3	aa	0.5	2.0
True	PROKKA_06122025__gr_1e-12_lr_1e-12_mu_1e-14	54634	cdhit	0.0005036353765647724	0.9995986353602248	0.0012690334666185794	0.7537239733281752	0.7563367428126677	0.7550280977095281	1509	1010	5	aa	0.6	0.0
True	PROKKA_06122025__gr_1e-12_lr_1e-12_mu_1e-14	54634	panaroo	0.0004958010615187214	0.9977924944812362	0.0012335703764011015	0.7576991877582977	0.7572740881306743	0.757486578303271	1536	1033	0	aa	0.8	26.0
True	PROKKA_06122025__gr_1e-12_lr_1e-12_mu_1e-14	54634	cdhit	0.00045833474569891046	0.9853501906482038	0.0011357992981107005	0.7607439136948199	0.7579797682929649	0.7593593255594215	1557	1034	10	aa	0.9	0.0
True	PROKKA_06122025__gr_1e-12_lr_1e-12_mu_1e-14	54634	cdhit	0.0004291448138579974	0.9957856712823601	0.0010683886365828643	0.7577361870591457	0.7572523024467391	0.7574941674770028	1535	1029	2	aa	0.85	0.0
True	PROKKA_06122025__gr_1e-12_lr_1e-12_mu_1e-14	54634	panta	0.9990471849818587	0.9991912656692277	0.999561792478224	1.0	0.999786831526943	0.999893404402061	1523	1025	0	aa	0.85	7.0
True	PROKKA_06122025__gr_1e-12_lr_1e-12_mu_1e-14	54634	mmseqs2	0.000490250387869915	0.9993979530403372	0.0012210206305437613	0.757221623848999	0.7571581807073283	0.7571899009492262	1533	1032	0	nt	0.85	2.0
True	PROKKA_06122025__gr_1e-12_lr_1e-12_mu_1e-14	54634	mmseqs2	0.0005631746611371375	0.9496287377082079	0.001374861718570386	0.7715415504287051	0.7605558056167	0.7660092919521639	1641	1064	31	aa	0.95	1.0
True	PROKKA_06122025__gr_1e-12_lr_1e-12_mu_1e-14	54634	diamond	0.00044998871703331734	0.9875576961669676	0.0011181344270531255	0.7605482203827731	0.7579325694370888	0.7592381421221726	1565	1051	9	aa	0.9	0.0
True	PROKKA_06122025__gr_1e-12_lr_1e-12_mu_1e-14	54634	mmseqs2	0.0005087510322815718	0.9678908288179812	0.0012521223162240873	0.7662391915350703	0.7592976882780734	0.7627526472803481	1603	1056	19	nt	0.95	2.0
True	PROKKA_06122025__gr_1e-12_lr_1e-12_mu_1e-14	54634	connected_components_t0.1	0.6517740722582039	0.6919526389725065	0.7531312682855295	0.9999999999999999	0.9120480767425023	0.9540011967652305	2553	1820	172	nt	0.9	169.0
True	PROKKA_06122025__gr_1e-12_lr_1e-12_mu_1e-14	54634	connected_components_t0.2	0.8526533870255832	0.8524984948826009	0.9029348986552144	1.0	0.9587171083878036	0.9789235048617225	1918	1236	99	nt	0.9	169.0
True	PROKKA_06122025__gr_1e-12_lr_1e-12_mu_1e-14	54634	connected_components_t0.3	0.9225000625746865	0.9211318482841662	0.9517058621648398	1.0	0.9780775817683308	0.9889173112148254	1713	1100	53	nt	0.9	169.0
True	PROKKA_06122025__gr_1e-12_lr_1e-12_mu_1e-14	54634	connected_components_t0.4	0.9609295175801587	0.9584587597832631	0.9756105338570338	1.0	0.9885514028298328	0.9942427451692347	1621	1053	31	nt	0.9	169.0
True	PROKKA_06122025__gr_1e-12_lr_1e-12_mu_1e-14	54634	connected_components_t0.5	0.9800590357355182	0.9783263094521373	0.9883056084229213	0.9999116247411549	0.994494249463651	0.9971955795340973	1570	1035	12	nt	0.9	169.0
True	PROKKA_06122025__gr_1e-12_lr_1e-12_mu_1e-14	54634	connected_components_t0.6	0.9929046636570362	0.9925747541641582	0.9956750185957568	0.9999116247411549	0.9979971211189639	0.9989534556398861	1547	1034	5	nt	0.9	169.0
True	PROKKA_06122025__gr_1e-12_lr_1e-12_mu_1e-14	54634	connected_components_t0.7	0.9948868653263743	0.9947822596829219	0.9967858782652532	0.9998163103596237	0.9986260395115658	0.9992208204733577	1542	1033	3	nt	0.9	169.0
True	PROKKA_06122025__gr_1e-12_lr_1e-12_mu_1e-14	54634	hdbscan_dist	0.7561120192159227	0.7878787878787878	0.8569102089899566	0.9925952300498059	0.9471476397907757	0.9693390232557172	1775	829	224	nt	0.9	0.206
True	PROKKA_06122025__gr_1e-12_lr_1e-12_mu_1e-14	54634	hdbscan_tsne	0.5159156139130302	0.6413806943608268	0.6985587288623044	0.9773415190234973	0.9066167822518822	0.9406516296442506	1867	433	591	nt	0.9	13.546
True	PROKKA_06122025__gr_1e-12_lr_1e-12_mu_1e-14	54634	hdbscan_umap	0.6902051880449528	0.9303632349989965	0.8059234005205764	0.9079944594872355	0.981798586678305	0.9434553469705267	641	28	32	nt	0.9	7.153
True	PROKKA_06122025__gr_1e-12_lr_1e-12_mu_1e-14	54634	panx	0.9642543633687072	0.9616388833099015	0.9780201601103409	0.9998131822098898	0.9898136100671356	0.9947882679477822	1602	1039	29	aa	0.95	718.0
True	PROKKA_06122025__gr_1e-12_lr_1e-12_mu_1e-14	54634	diamond	0.00043200826220347107	0.9943808950431468	0.0010748034450144641	0.7579348338010111	0.7573004831275383	0.7576175256793626	1535	1027	2	aa	0.85	1.0
True	PROKKA_06122025__gr_1e-12_lr_1e-12_mu_1e-14	54634	panta	1.0	1.0	0.9999999999999994	1.0	0.9999999999999999	0.9999999999999999	1522	1025	0	aa	0.7	8.0
True	PROKKA_06122025__gr_1e-12_lr_1e-12_mu_1e-14	54634	mmseqs2	0.0004888903210548653	0.9985952237607867	0.0012180973319988045	0.7571634006944509	0.7571440420520495	0.7571537212495114	1533	1032	1	aa	0.8	1.0
True	PROKKA_06122025__gr_1e-12_lr_1e-12_mu_1e-14	54634	panta	1.0	1.0	1.0	1.0	1.0	1.0	1522	1025	0	aa	0.5	7.0
True	PROKKA_06122025__gr_1e-12_lr_1e-12_mu_1e-14	54634	panaroo	0.0004855926295301673	1.0	0.0012106855800291226	0.7569025647106175	0.7570806815726349	0.7569916126640939	1532	1033	0	aa	0.7	31.0
True	PROKKA_06122025__gr_1e-12_lr_1e-12_mu_1e-14	54634	cdhit	0.0005134962922775593	0.9660846879389926	0.0012629550528030795	0.766730424024684	0.7594148009002151	0.7630550786325015	1606	1053	25	nt	0.95	1.0
True	PROKKA_06122025__gr_1e-12_lr_1e-12_mu_1e-14	54634	cdhit	0.00049093090206732	0.9969897652016857	0.0012226575981521847	0.7573130083034539	0.757180368787693	0.7572466827372809	1532	1027	3	aa	0.8	1.0
True	PROKKA_06122025__gr_1e-12_lr_1e-12_mu_1e-14	54634	ppanggolin	0.0004316261339197067	0.9945815773630343	0.001074346399827097	0.7580842468598086	0.7573367098467659	0.7577102939782516	1538	1029	4	aa	0.9	5.0
True	PROKKA_06122025__gr_1e-12_lr_1e-12_mu_1e-14	54634	cdhit	0.00047996189093846926	0.9985952237607867	0.0012160432845196262	0.7521207266078445	0.755944104628043	0.7540275689365603	1495	995	6	aa	0.5	1.0
True	PROKKA_06122025__gr_1e-12_lr_1e-12_mu_1e-14	54634	panaroo	0.00045493220889763813	0.9875576961669676	0.0011286100201643853	0.7606658300980523	0.7579609376825194	0.7593109749893185	1560	1036	10	aa	0.9	27.0
True	PROKKA_06122025__gr_1e-12_lr_1e-12_mu_1e-14	54634	ppanggolin	0.0004160098731599731	1.0	0.0010541615298967533	0.7520362535423111	0.7558924989727681	0.7539594454447291	1495	996	7	aa	0.5	5.0
True	PROKKA_06122025__gr_1e-12_lr_1e-12_mu_1e-14	54634	cdhit	0.0004893759121017614	0.9985952237607867	0.0012189247058051595	0.7571000665160692	0.7571286603885808	0.7571143631823495	1531	1028	3	nt	0.85	14.0
True	PROKKA_06122025__gr_1e-12_lr_1e-12_mu_1e-14	54634	embed_hdbscan_raw	0.9022679025560756	0.9817379088902267	0.9350207120901369	0.9718657962171164	0.9949224984606698	0.9832590002262662	1254	728	0	aa	0.9	13.219
True	PROKKA_06122025__gr_1e-12_lr_1e-12_mu_1e-14	54634	embed_hdbscan_tsne	0.7800630594013679	0.9592614890628136	0.8488204270080665	0.9271535260836958	0.9892356747800454	0.9571890131573705	742	147	0	aa	0.9	13.369
True	PROKKA_06122025__gr_1e-12_lr_1e-12_mu_1e-14	54634	embed_hdbscan_umap	0.6810521743673154	0.9745133453742725	0.8126371403664702	0.8968653235626552	0.9933783312215716	0.9426579226399948	546	28	0	aa	0.9	13.216
True	PROKKA_06122025__gr_1e-12_lr_1e-12_mu_1e-14	54634	diamond	0.000496082430621492	1.0	0.0012503502788967149	0.7525237845621298	0.7560429333152928	0.7542792542452298	1492	988	10	aa	0.5	1.0
True	PROKKA_06122025__gr_1e-12_lr_1e-12_mu_1e-14	54634	mmseqs2	0.0004474750944880162	0.9903672486453944	0.001110982640007881	0.7597179390904014	0.7577321107306656	0.758723725522038	1551	1035	7	aa	0.9	1.0
True	PROKKA_06122025__gr_1e-12_lr_1e-12_mu_1e-14	54634	panaroo	0.000480081020701988	1.0	0.0011983488075521876	0.7564890200631165	0.7569801583679976	0.7567345095255184	1529	1030	1	aa	0.6	31.0
True	PROKKA_06122025__gr_1e-12_lr_1e-12_mu_1e-14	54634	panx	0.999652057843462	1.0	0.9997912641618516	0.9998980351904744	1.0	0.999949014995899	1486	1003	0	aa	0.6	810.0
True	PROKKA_06122025__gr_1e-12_lr_1e-12_mu_1e-14	54634	panaroo	0.0004750712368292662	1.0	0.0011866225029589683	0.7559138837403893	0.75684021754951	0.7563767670250522	1522	1022	1	aa	0.5	31.0
True	PROKKA_06122025__gr_1e-12_lr_1e-12_mu_1e-14	54634	panx	0.9996539381430926	1.0	0.9997926006071229	0.9998989555328149	1.0000000000000002	0.9999494752137826	1500	1013	0	aa	0.7	784.0
True	PROKKA_06122025__gr_1e-12_lr_1e-12_mu_1e-14	54634	diamond	0.0004923902274090844	0.9961870359221353	0.001225677306373722	0.7573304010487193	0.757184591274567	0.7572574891427328	1531	1026	2	aa	0.8	1.0
True	PROKKA_06122025__gr_1e-12_lr_1e-12_mu_1e-14	54634	panx	0.99760884660548	0.9981725888324873	0.9987479523368153	0.999810870326821	0.9995798987933834	0.999695371219076	1517	1021	0	aa	0.85	755.0
True	PROKKA_06122025__gr_1e-12_lr_1e-12_mu_1e-14	54634	panta	0.9959379878397896	0.9949454104326728	0.9972193782103791	1.0000000000000002	0.998652017754739	0.9993255543069598	1533	1028	5	aa	0.9	7.0
True	PROKKA_06122025__gr_1e-12_lr_1e-12_mu_1e-14	54634	mmseqs2	0.000488113715095803	1.0	0.0012160931273376252	0.7570018721610852	0.7571048085511345	0.7570533368570498	1531	1030	1	nt	0.8	1.0
True	PROKKA_06122025__gr_1e-12_lr_1e-12_mu_1e-14	54634	panx	0.999415559015365	1.0	0.9996089139303105	0.9998096980716483	1.0	0.9999048399812566	1510	1019	0	aa	0.8	806.0
True	PROKKA_06122025__gr_1e-12_lr_1e-12_mu_1e-14	54634	mmseqs2	0.0004312441088420885	0.9961870359221353	0.0010733053069245083	0.7579782764484906	0.7573110173554912	0.7576444999879003	1538	1033	1	aa	0.85	2.0
True	PROKKA_06122025__gr_1e-12_lr_1e-12_mu_1e-14	54634	ppanggolin	0.00047401370947480694	1.0	0.0011845798155773874	0.7559654943630068	0.756852781906956	0.7564088779321541	1524	1025	1	aa	0.8	4.0
True	PROKKA_06122025__gr_1e-12_lr_1e-12_mu_1e-14	54634	mmseqs2	0.000473149038843283	0.9991972707204495	0.0011836943395995424	0.7562995900812819	0.7569340845027336	0.756616704271187	1528	1028	1	nt	0.5	4.0
True	PROKKA_06122025__gr_1e-12_lr_1e-12_mu_1e-14	54634	connected_components_t0.1	0.7222285032942762	0.7469395946217138	0.8069395786981877	1.0	0.9269587037770292	0.962095038113789	2330	1592	164	aa	0.9	166.0
True	PROKKA_06122025__gr_1e-12_lr_1e-12_mu_1e-14	54634	connected_components_t0.2	0.8758260093695873	0.8745735500702388	0.9198512160460423	1.0	0.9651493661269792	0.9822656565074713	1845	1183	84	aa	0.9	166.0
True	PROKKA_06122025__gr_1e-12_lr_1e-12_mu_1e-14	54634	connected_components_t0.3	0.9485887968846854	0.9452137266706803	0.9674836568143723	1.0	0.9849114752067791	0.9923983890557895	1653	1069	36	aa	0.9	166.0
True	PROKKA_06122025__gr_1e-12_lr_1e-12_mu_1e-14	54634	connected_components_t0.4	0.9776230459831511	0.975316074653823	0.9856885717294205	1.0	0.9931841979275929	0.9965804454603374	1586	1045	17	aa	0.9	166.0
True	PROKKA_06122025__gr_1e-12_lr_1e-12_mu_1e-14	54634	connected_components_t0.5	0.991848656464373	0.9917720248846077	0.9948682431051509	0.9998163103596238	0.9977036553544928	0.9987588656439021	1549	1035	5	aa	0.9	166.0
True	PROKKA_06122025__gr_1e-12_lr_1e-12_mu_1e-14	54634	connected_components_t0.6	0.9956690521339275	0.9955849889624724	0.9972968447481084	0.9998163103596237	0.998872693049244	0.9993442789550149	1540	1032	3	aa	0.9	166.0
True	PROKKA_06122025__gr_1e-12_lr_1e-12_mu_1e-14	54634	connected_components_t0.7	0.9963504439329068	0.9965884005619104	0.9977019822587829	0.9997209959780927	0.9991631764397982	0.9994420083748615	1537	1031	2	aa	0.9	166.0
True	PROKKA_06122025__gr_1e-12_lr_1e-12_mu_1e-14	54634	hdbscan_dist	0.7798214195032597	0.8139674894641782	0.8676381600135872	0.9896648504895785	0.9528467488642094	0.9709068770223916	1700	797	208	aa	0.9	0.203
True	PROKKA_06122025__gr_1e-12_lr_1e-12_mu_1e-14	54634	hdbscan_tsne	0.5348835294880748	0.6584386915512743	0.7199330879421426	0.9806077489590642	0.9111154549944649	0.9445852051681909	1921	602	522	aa	0.9	13.515
True	PROKKA_06122025__gr_1e-12_lr_1e-12_mu_1e-14	54634	hdbscan_umap	0.0867421601354417	0.9375877985149509	0.6906352103965298	0.8212270880878743	0.9812957574841507	0.8941541678113428	569	19	21	aa	0.9	8.064
True	PROKKA_06122025__gr_1e-12_lr_1e-12_mu_1e-14	54634	cdhit	0.0004368894625408515	0.9937788480834838	0.0010864301623490311	0.7585879087627806	0.7574587481760168	0.758022907966631	1543	1035	2	nt	0.9	1.0
True	PROKKA_06122025__gr_1e-12_lr_1e-12_mu_1e-14	54634	mmseqs2	0.0004801775339679781	0.9997993176801124	0.001198557465996154	0.7564932230013446	0.7569811804242075	0.7567371230518996	1529	1030	1	aa	0.7	2.0
True	PROKKA_06122025__gr_1e-12_lr_1e-12_mu_1e-14	54634	mmseqs2	0.0004338247822461736	0.9949829420028096	0.0010795299264919668	0.7583537261189192	0.7574020205049828	0.7578775745357209	1542	1036	1	nt	0.9	2.0
True	PROKKA_06122025__gr_1e-12_lr_1e-12_mu_1e-14	54634	mmseqs2	0.0004738215154301191	1.0	0.0011842228863787713	0.7559843639723126	0.7568573752982986	0.7564206177422108	1525	1026	2	aa	0.6	2.0
True	PROKKA_06122025__gr_1e-12_lr_1e-12_mu_1e-14	54634	ppanggolin	0.0005072398427127928	0.9666867348986554	0.0012480191172532225	0.7658329290557743	0.7592007468157943	0.7625024166669429	1593	1037	24	aa	0.95	6.0
True	PROKKA_06122025__gr_1e-12_lr_1e-12_mu_1e-14	54634	ppanggolin	0.00045871906233662475	1.0	0.0011504991323991638	0.7549479718624361	0.7566048311639694	0.7557754934461013	1517	1018	3	aa	0.7	5.0
True	PROKKA_06122025__gr_1e-12_lr_1e-12_mu_1e-14	54634	cdhit	0.0005654778528443062	0.9468191852297813	0.0013811366001545277	0.7721332556628954	0.7606953872408643	0.7663716471338321	1646	1057	45	aa	0.95	1.0
True	PROKKA_06122025__gr_1e-12_lr_1e-12_mu_1e-14	54634	ppanggolin	0.0004920982443780508	0.9975918121613486	0.0012248053082578175	0.7572252984554972	0.7571590729774124	0.7571921842684031	1530	1026	1	aa	0.85	6.0
True	PROKKA_06122025__gr_1e-12_lr_1e-12_mu_1e-14	54634	mmseqs2	0.00047199695443128604	1.0	0.0011810937395748899	0.7562103644236001	0.7569123766532212	0.756561207689371	1528	1029	1	nt	0.6	2.0
True	PROKKA_06122025__gr_1e-12_lr_1e-12_mu_1e-14	56065	panaroo	0.0002040700796459509	0.9994646680942184	0.0005551004568930629	0.7317294594075081	0.7315911692974576	0.7316603078179769	1525	1024	0	aa	0.85	25.0
True	PROKKA_06122025__gr_1e-12_lr_1e-12_mu_1e-14	56065	panta	1.0	1.0	1.0	1.0	1.0	1.0	1616	1121	0	aa	0.6	8.0
True	PROKKA_06122025__gr_1e-12_lr_1e-12_mu_1e-14	56065	diamond	0.00019561532620626442	1.0	0.0005327513828565632	0.7303182934863693	0.7312119364271927	0.730764841750764	1505	1000	4	aa	0.6	2.0
True	PROKKA_06122025__gr_1e-12_lr_1e-12_mu_1e-14	56065	diamond	3.275702620044424e-05	0.9653818700927909	9.455793521022551e-05	0.7429372212819139	0.7344334272331406	0.738660850198395	1628	1066	47	aa	0.95	1.0
True	PROKKA_06122025__gr_1e-12_lr_1e-12_mu_1e-14	56065	diamond	0.00019904590100309393	1.0	0.0005418914796496252	0.7309581178110537	0.7313840137716887	0.7311710037719007	1515	1013	2	aa	0.7	2.0
True	PROKKA_06122025__gr_1e-12_lr_1e-12_mu_1e-14	56065	panta	1.0	1.0	1.0	1.0	1.0	1.0	1517	1022	0	aa	0.8	7.0
True	PROKKA_06122025__gr_1e-12_lr_1e-12_mu_1e-14	56065	mmseqs2	0.0002002142648554245	1.0	0.0005449865722237956	0.7311589350688161	0.731437977084322	0.7312984294580094	1518	1017	1	nt	0.7	2.0
True	PROKKA_06122025__gr_1e-12_lr_1e-12_mu_1e-14	56065	cdhit	0.00020069564673254455	0.9996431120628123	0.0005462013693087877	0.7311823480088383	0.7314442671632391	0.7313132841345157	1517	1014	2	aa	0.7	0.0
True	PROKKA_06122025__gr_1e-12_lr_1e-12_mu_1e-14	56065	panx	1.0	1.0	1.0	1.0	0.9999999999999999	0.9999999999999999	1463	989	0	aa	0.5	737.0
True	PROKKA_06122025__gr_1e-12_lr_1e-12_mu_1e-14	56065	ppanggolin	0.00019034908002394247	1.0	0.0005197477508975673	0.7303060327773785	0.7312086368219318	0.7307570560839918	1510	1008	3	aa	0.6	5.0
True	PROKKA_06122025__gr_1e-12_lr_1e-12_mu_1e-14	56065	panx	0.9971858662681741	0.9967614249730119	0.9982346325159829	1.0	0.9990539863247306	0.9995267693210184	1521	1021	1	aa	0.9	702.0
True	PROKKA_06122025__gr_1e-12_lr_1e-12_mu_1e-14	56065	panaroo	4.402115144307577e-05	0.9610992148465382	0.0001241509539482951	0.7444769079154087	0.7348370220177607	0.7396255560146917	1645	1072	43	aa	0.95	28.0
True	PROKKA_06122025__gr_1e-12_lr_1e-12_mu_1e-14	56065	cdhit	0.000202209667132355	0.9996431120628123	0.000550202177498057	0.7314347590997594	0.7315120607727472	0.7314734078939547	1521	1020	0	nt	0.8	18.0
True	PROKKA_06122025__gr_1e-12_lr_1e-12_mu_1e-14	56065	panta	0.9860261053791083	0.9857785778577858	0.9900540242868108	0.9999999999999999	0.9947368898826445	0.9973615015874774	1569	1055	14	aa	0.95	8.0
True	PROKKA_06122025__gr_1e-12_lr_1e-12_mu_1e-14	56065	mmseqs2	0.00023345879789308626	1.0	0.0006363172879578841	0.7295628518170106	0.7310351317736351	0.7302982497676413	1504	1004	3	aa	0.5	4.0
True	PROKKA_06122025__gr_1e-12_lr_1e-12_mu_1e-14	56065	cdhit	0.00019760400812018078	0.9994646680942184	0.0005379941948121878	0.7306347056077666	0.731297061328542	0.7309657334217874	1509	1004	4	aa	0.6	0.0
True	PROKKA_06122025__gr_1e-12_lr_1e-12_mu_1e-14	56065	panaroo	0.00020338074258453552	0.9998215560314061	0.0005532825552261125	0.7316195432346104	0.7315616691597799	0.7315906050526313	1524	1024	0	aa	0.8	26.0
True	PROKKA_06122025__gr_1e-12_lr_1e-12_mu_1e-14	56065	cdhit	0.00021535550774451085	0.994825124910778	0.000584398531442152	0.7331509574879482	0.7319720984393323	0.7325610537001813	1537	1028	5	aa	0.9	0.0
True	PROKKA_06122025__gr_1e-12_lr_1e-12_mu_1e-14	56065	cdhit	0.0002066236533186923	0.9982155603140613	0.0005616390627151323	0.7319624803490744	0.7316536877901434	0.7318080514952063	1526	1024	0	aa	0.85	0.0
True	PROKKA_06122025__gr_1e-12_lr_1e-12_mu_1e-14	56065	panta	0.9995403960981083	0.9994599459945994	0.9997172829029846	0.9999999999999999	0.9998481869697085	0.9999240877226178	1517	1021	0	aa	0.85	7.0
True	PROKKA_06122025__gr_1e-12_lr_1e-12_mu_1e-14	56065	mmseqs2	0.00020214081159553412	1.0	0.0005500460410817767	0.7314500926225879	0.7315161780106451	0.7314831338240056	1522	1022	0	nt	0.85	2.0
True	PROKKA_06122025__gr_1e-12_lr_1e-12_mu_1e-14	56065	mmseqs2	0.00022820209491608272	0.9725196288365453	0.0006138906526171053	0.7417001145614004	0.7342140195063475	0.7379380816410656	1626	1092	23	aa	0.95	2.0
True	PROKKA_06122025__gr_1e-12_lr_1e-12_mu_1e-14	56065	diamond	0.00020745286425134394	0.9973233404710921	0.0005640908306823044	0.7323377518190143	0.7317543102769688	0.7320459147970938	1533	1031	3	aa	0.9	1.0
True	PROKKA_06122025__gr_1e-12_lr_1e-12_mu_1e-14	56065	mmseqs2	0.00019563141546589705	0.9846538187009279	0.0005296158726919931	0.7374228991849534	0.7330838847233997	0.735246990403805	1584	1065	14	nt	0.95	2.0
True	PROKKA_06122025__gr_1e-12_lr_1e-12_mu_1e-14	56065	connected_components_t0.1	0.6866379843398761	0.7064596716630978	0.7483059834220004	1.0	0.9023653023474132	0.9486772085613047	2892	2238	211	nt	0.9	195.0
True	PROKKA_06122025__gr_1e-12_lr_1e-12_mu_1e-14	56065	connected_components_t0.2	0.887958682593572	0.8832976445396146	0.9160475441211768	1.0	0.9600284621226973	0.9796066543676546	1990	1361	110	nt	0.9	195.0
True	PROKKA_06122025__gr_1e-12_lr_1e-12_mu_1e-14	56065	connected_components_t0.3	0.9553810589989625	0.9527123483226267	0.9672312167290883	1.0	0.9832355814596353	0.991546935373141	1706	1141	55	nt	0.9	195.0
True	PROKKA_06122025__gr_1e-12_lr_1e-12_mu_1e-14	56065	connected_components_t0.4	0.9860582170695235	0.9850107066381156	0.9894286486280551	1.0	0.9944112013394385	0.9971977701204205	1585	1063	19	nt	0.9	195.0
True	PROKKA_06122025__gr_1e-12_lr_1e-12_mu_1e-14	56065	connected_components_t0.5	0.994816881146336	0.9946466809421841	0.9961728380062127	1.0	0.9979559428000057	0.9989769257888991	1546	1038	6	nt	0.9	195.0
True	PROKKA_06122025__gr_1e-12_lr_1e-12_mu_1e-14	56065	connected_components_t0.6	0.997745308624847	0.997501784439686	0.9982864917267883	1.0	0.9990818808944175	0.999540729614751	1534	1030	2	nt	0.9	195.0
True	PROKKA_06122025__gr_1e-12_lr_1e-12_mu_1e-14	56065	connected_components_t0.7	0.9991403299444261	0.9994646680942184	0.9993841657896689	0.9999096597039908	0.9997596323085314	0.9998346403782757	1526	1025	0	nt	0.9	195.0
True	PROKKA_06122025__gr_1e-12_lr_1e-12_mu_1e-14	56065	hdbscan_dist	0.9597737142619654	0.9951820128479657	0.9741064390322334	0.9869841558991054	0.9987882353665056	0.9928511119815558	1386	883	0	nt	0.9	0.363
True	PROKKA_06122025__gr_1e-12_lr_1e-12_mu_1e-14	56065	hdbscan_tsne	0.7980459733967036	0.978051391862955	0.8658233499232151	0.9236495934962865	0.9944200008773434	0.957729200514105	653	108	0	nt	0.9	15.247
True	PROKKA_06122025__gr_1e-12_lr_1e-12_mu_1e-14	56065	hdbscan_umap	0.7541007076693942	0.9864382583868665	0.8516919592698933	0.9112066250738781	0.9962937036747902	0.9518524423043234	590	83	0	nt	0.9	7.337
True	PROKKA_06122025__gr_1e-12_lr_1e-12_mu_1e-14	56065	panx	0.9865397291300272	0.9856887298747764	0.9901648947276609	1.0	0.9947932475518125	0.997389828517528	1574	1056	16	aa	0.95	730.0
True	PROKKA_06122025__gr_1e-12_lr_1e-12_mu_1e-14	56065	diamond	0.00020138362972256066	1.0	0.0005480839601572585	0.7313597523265788	0.7314919187195098	0.7314258295525294	1521	1021	0	aa	0.85	1.0
True	PROKKA_06122025__gr_1e-12_lr_1e-12_mu_1e-14	56065	panta	1.0	1.0	1.0	1.0	1.0	1.0	1616	1121	0	aa	0.7	8.0
True	PROKKA_06122025__gr_1e-12_lr_1e-12_mu_1e-14	56065	mmseqs2	0.00020214081159553412	1.0	0.0005500460410817767	0.7314500926225879	0.7315161780106448	0.7314831338240056	1522	1022	0	aa	0.8	1.0
True	PROKKA_06122025__gr_1e-12_lr_1e-12_mu_1e-14	56065	panta	1.0	1.0	1.0	1.0	1.0	1.0	1616	1121	0	aa	0.5	8.0
True	PROKKA_06122025__gr_1e-12_lr_1e-12_mu_1e-14	56065	panaroo	0.00020365643568493827	0.9996431120628123	0.0005539198983769186	0.7315790547161769	0.7315508009092249	0.731564927539903	1522	1020	1	aa	0.7	29.0
True	PROKKA_06122025__gr_1e-12_lr_1e-12_mu_1e-14	56065	cdhit	0.0002094552878486224	0.979300499643112	0.000565249052248428	0.7390611486103864	0.7335178801487716	0.7362790810430188	1597	1068	18	nt	0.95	1.0
True	PROKKA_06122025__gr_1e-12_lr_1e-12_mu_1e-14	56065	cdhit	0.00020200311093480195	0.9998215560314061	0.0005497023067860053	0.7314450742927271	0.7315148305417711	0.7314799507542049	1522	1022	0	aa	0.8	0.0
True	PROKKA_06122025__gr_1e-12_lr_1e-12_mu_1e-14	56065	ppanggolin	0.000202209667132355	0.9996431120628123	0.0005502816714794778	0.7315098157924472	0.7315322132065017	0.7315210143280357	1523	1023	0	aa	0.9	4.0
True	PROKKA_06122025__gr_1e-12_lr_1e-12_mu_1e-14	56065	cdhit	0.0001787940709967126	0.9996431120628123	0.0004898376500333396	0.7291120539812374	0.7308869243940275	0.7299984103632534	1499	998	3	aa	0.5	2.0
True	PROKKA_06122025__gr_1e-12_lr_1e-12_mu_1e-14	56065	panaroo	0.00016238974338188562	0.9960742326909351	0.00044287370815698643	0.7328721546586036	0.7318708771965536	0.7323711736980769	1536	1029	4	aa	0.9	27.0
True	PROKKA_06122025__gr_1e-12_lr_1e-12_mu_1e-14	56065	ppanggolin	0.0002168223600173994	1.0	0.0005941789879481538	0.7284182093598898	0.730726287648299	0.7295704230421897	1497	999	3	aa	0.5	5.0
True	PROKKA_06122025__gr_1e-12_lr_1e-12_mu_1e-14	56065	cdhit	0.00020138362972256066	1.0	0.0005480839601130393	0.7313597523265786	0.7314919187195096	0.7314258295525292	1521	1021	0	nt	0.85	15.0
True	PROKKA_06122025__gr_1e-12_lr_1e-12_mu_1e-14	56065	embed_hdbscan_raw	0.9214888354852662	0.9967880085653105	0.9468148588190456	0.9710083177391097	0.9989189369164463	0.9847659036146253	1193	684	0	aa	0.9	14.034
True	PROKKA_06122025__gr_1e-12_lr_1e-12_mu_1e-14	56065	embed_hdbscan_tsne	0.7939425825931816	0.9741256245538901	0.864008073850131	0.9240847607734681	0.993027706713674	0.9573165751748841	658	105	0	aa	0.9	16.247
True	PROKKA_06122025__gr_1e-12_lr_1e-12_mu_1e-14	56065	embed_hdbscan_umap	0.7513378378500115	0.976802284082798	0.8448439830546371	0.9094355580595396	0.9936744914869614	0.9496906559978661	548	20	0	aa	0.9	13.605
True	PROKKA_06122025__gr_1e-12_lr_1e-12_mu_1e-14	56065	diamond	0.0002309712057091038	1.0	0.0006295834123410447	0.7290264508056841	0.7308904898563217	0.7299572803175557	1494	989	6	aa	0.5	2.0
True	PROKKA_06122025__gr_1e-12_lr_1e-12_mu_1e-14	56065	mmseqs2	0.0002106361676204653	0.9969664525339044	0.0005722200510226703	0.7326149096114132	0.7318285768624379	0.7322215321262893	1534	1031	1	aa	0.9	2.0
True	PROKKA_06122025__gr_1e-12_lr_1e-12_mu_1e-14	56065	panaroo	0.00020159009223698804	1.0	0.0005484931700400355	0.7312668457096327	0.7314669657152325	0.7313668920229915	1518	1015	3	aa	0.6	30.0
True	PROKKA_06122025__gr_1e-12_lr_1e-12_mu_1e-14	56065	panx	1.0	1.0	1.0	1.0	1.0	1.0	1486	1000	0	aa	0.6	807.0
True	PROKKA_06122025__gr_1e-12_lr_1e-12_mu_1e-14	56065	panaroo	0.00019520423684056746	1.0	0.0005321272708606652	0.7306795267144193	0.7313091152689262	0.7309941854291462	1513	1011	2	aa	0.5	30.0
True	PROKKA_06122025__gr_1e-12_lr_1e-12_mu_1e-14	56065	panx	1.0	1.0	1.0000000000000004	1.0	1.0000000000000002	1.0000000000000002	1499	1008	0	aa	0.7	774.0
True	PROKKA_06122025__gr_1e-12_lr_1e-12_mu_1e-14	56065	diamond	0.00020138362972256066	1.0	0.0005480839601572585	0.7313597523265788	0.7314919187195098	0.7314258295525294	1521	1021	0	aa	0.8	1.0
True	PROKKA_06122025__gr_1e-12_lr_1e-12_mu_1e-14	56065	panx	0.999540583940834	0.999460237495502	0.9997174979180704	1.0	0.9998482720764912	0.9999241302824683	1514	1017	0	aa	0.85	708.0
True	PROKKA_06122025__gr_1e-12_lr_1e-12_mu_1e-14	56065	panta	0.9976977587783804	0.9974797479747974	0.9985452175843103	0.9999999999999999	0.9992202075918278	0.9996099517175692	1523	1025	1	aa	0.9	8.0
True	PROKKA_06122025__gr_1e-12_lr_1e-12_mu_1e-14	56065	mmseqs2	0.00020214081159553412	1.0	0.0005500460410817767	0.7314500926225879	0.7315161780106451	0.7314831338240056	1522	1022	0	nt	0.8	1.0
True	PROKKA_06122025__gr_1e-12_lr_1e-12_mu_1e-14	56065	panx	1.0	1.0	1.0	1.0	1.0	1.0	1512	1017	0	aa	0.8	773.0
True	PROKKA_06122025__gr_1e-12_lr_1e-12_mu_1e-14	56065	mmseqs2	0.00020289841346647758	0.9998215560314061	0.0005520087745495555	0.7315404329185972	0.7315404329185973	0.7315404329185973	1523	1023	0	aa	0.85	3.0
True	PROKKA_06122025__gr_1e-12_lr_1e-12_mu_1e-14	56065	ppanggolin	0.00020138362972256066	1.0	0.000548083960109152	0.7313597523265787	0.7314919187195096	0.7314258295525292	1521	1021	0	aa	0.8	4.0
True	PROKKA_06122025__gr_1e-12_lr_1e-12_mu_1e-14	56065	mmseqs2	0.0002002142648554245	1.0	0.0005449865722237956	0.7311589350688161	0.731437977084322	0.7312984294580094	1518	1017	1	nt	0.5	3.0
True	PROKKA_06122025__gr_1e-12_lr_1e-12_mu_1e-14	56065	connected_components_t0.1	0.7618960710105728	0.7728408279800143	0.8140942657296194	0.9999999999999999	0.9222330790135129	0.9595434487963358	2546	1877	175	aa	0.9	192.0
True	PROKKA_06122025__gr_1e-12_lr_1e-12_mu_1e-14	56065	connected_components_t0.2	0.9233806798781499	0.9214846538187009	0.9438884719476174	1.0	0.9722366873673365	0.9859229306449402	1834	1238	77	aa	0.9	192.0
True	PROKKA_06122025__gr_1e-12_lr_1e-12_mu_1e-14	56065	connected_components_t0.3	0.977885815137454	0.9773376159885796	0.9843319823838843	1.0	0.9917796658978693	0.9958728697541828	1610	1079	22	aa	0.9	192.0
True	PROKKA_06122025__gr_1e-12_lr_1e-12_mu_1e-14	56065	connected_components_t0.4	0.9939989761432989	0.9935760171306209	0.9955447701439855	1.0	0.9976227654994384	0.9988099682574617	1549	1038	9	aa	0.9	192.0
True	PROKKA_06122025__gr_1e-12_lr_1e-12_mu_1e-14	56065	connected_components_t0.5	0.9976196631264848	0.997501784439686	0.998157128241058	0.9999096597039908	0.9991025223623297	0.9995059280850066	1533	1029	2	aa	0.9	192.0
True	PROKKA_06122025__gr_1e-12_lr_1e-12_mu_1e-14	56065	connected_components_t0.6	0.9991909395812318	0.9994646680942184	0.9993993630745776	0.9999096597039908	0.9997677863568596	0.9998387179976018	1526	1025	0	aa	0.9	192.0
True	PROKKA_06122025__gr_1e-12_lr_1e-12_mu_1e-14	56065	connected_components_t0.7	0.9994442194875646	1.0	0.9996637839766037	0.9998193194079816	1.0000000000000002	0.9999096515418845	1522	1021	0	aa	0.9	192.0
True	PROKKA_06122025__gr_1e-12_lr_1e-12_mu_1e-14	56065	hdbscan_dist	0.9652566661453433	0.9989293361884368	0.9760711025951614	0.987138362033256	0.9997052145778991	0.9933820454227612	1380	881	0	aa	0.9	1.082
True	PROKKA_06122025__gr_1e-12_lr_1e-12_mu_1e-14	56065	hdbscan_tsne	0.8114994187813691	0.9860813704496788	0.8771259495867737	0.9291590217635374	0.9963845737657845	0.9615982915266045	736	219	0	aa	0.9	16.177
True	PROKKA_06122025__gr_1e-12_lr_1e-12_mu_1e-14	56065	hdbscan_umap	0.14305215428171364	0.9685938615274804	0.7481697266199051	0.8410472979972089	0.9885747168345412	0.9088632381136984	545	68	0	aa	0.9	7.199
True	PROKKA_06122025__gr_1e-12_lr_1e-12_mu_1e-14	56065	cdhit	0.0002050357359650078	0.9987508922198429	0.0005575160970309974	0.731763620660882	0.7316003364335387	0.7316819694374673	1524	1022	1	nt	0.9	1.0
True	PROKKA_06122025__gr_1e-12_lr_1e-12_mu_1e-14	56065	mmseqs2	0.00020159009223698804	1.0	0.0005485652479196082	0.7313345973309737	0.7314851630093397	0.7314098724214155	1520	1019	1	aa	0.7	0.0
True	PROKKA_06122025__gr_1e-12_lr_1e-12_mu_1e-14	56065	mmseqs2	0.00020214081159553412	1.0	0.0005500460410812906	0.7314500926225879	0.731516178010645	0.7314831338240055	1522	1022	0	nt	0.9	2.0
True	PROKKA_06122025__gr_1e-12_lr_1e-12_mu_1e-14	56065	mmseqs2	0.00019959559467430053	1.0	0.000543300251893025	0.731007054801601	0.7313971660448023	0.731202058390125	1515	1012	3	aa	0.6	0.0
True	PROKKA_06122025__gr_1e-12_lr_1e-12_mu_1e-14	56065	ppanggolin	0.00022911994037952223	0.989650249821556	0.0006204965904938537	0.7352723037655762	0.7325385644526076	0.7339028883687676	1562	1047	13	aa	0.95	5.0
True	PROKKA_06122025__gr_1e-12_lr_1e-12_mu_1e-14	56065	ppanggolin	0.0001997330527005121	1.0	0.0005437150834712121	0.731079824752803	0.7314167212672172	0.7312482342067521	1517	1016	1	aa	0.7	4.0
True	PROKKA_06122025__gr_1e-12_lr_1e-12_mu_1e-14	56065	cdhit	0.0001059368415634216	0.9568165596002856	0.0002879064249156036	0.7463460667260705	0.7353516957845433	0.7408080914952566	1670	1110	37	aa	0.95	0.0
True	PROKKA_06122025__gr_1e-12_lr_1e-12_mu_1e-14	56065	ppanggolin	0.00020138362972256066	1.0	0.000548083960109152	0.7313597523265787	0.7314919187195096	0.7314258295525292	1521	1021	0	aa	0.85	4.0
True	PROKKA_06122025__gr_1e-12_lr_1e-12_mu_1e-14	56065	mmseqs2	0.0002002142648554245	1.0	0.0005449865722237956	0.7311589350688161	0.731437977084322	0.7312984294580094	1518	1017	1	nt	0.6	1.0
True	PROKKA_06122025__gr_1e-12_lr_1e-12_mu_1e-14	60207	panaroo	-7.558288732682276e-05	1.0	-0.00017949626051830508	0.7593506782168398	0.7593506782168399	0.7593506782168399	1522	1022	3	aa	0.85	26.0
True	PROKKA_06122025__gr_1e-12_lr_1e-12_mu_1e-14	60207	panta	0.9998230274075408	0.9997937719117344	0.9998304853702079	0.9999999999999999	0.9999184630916582	0.9999592298836945	1515	1018	3	aa	0.6	7.0
True	PROKKA_06122025__gr_1e-12_lr_1e-12_mu_1e-14	60207	diamond	3.0938294497203704e-05	0.9997951239500102	8.364445115494024e-05	0.7571220470944702	0.7588763056462425	0.757998161388031	1504	1002	7	aa	0.6	1.0
True	PROKKA_06122025__gr_1e-12_lr_1e-12_mu_1e-14	60207	diamond	-4.915011383805714e-05	0.9897561975005121	-0.00011414149947507426	0.7624184506850233	0.7600866777017369	0.7612507785950449	1544	1029	13	aa	0.95	1.0
True	PROKKA_06122025__gr_1e-12_lr_1e-12_mu_1e-14	60207	diamond	-3.405184917563145e-05	0.9997951239500102	-7.749962100844825e-05	0.7575070203947534	0.7589377460566811	0.758221708299744	1508	1007	6	aa	0.7	2.0
True	PROKKA_06122025__gr_1e-12_lr_1e-12_mu_1e-14	60207	panta	0.9998230274075408	0.9997937719117344	0.9998304853702074	0.9999999999999999	0.9999184630916581	0.9999592298836943	1515	1018	3	aa	0.8	7.0
True	PROKKA_06122025__gr_1e-12_lr_1e-12_mu_1e-14	60207	mmseqs2	-7.75353132033502e-05	1.0	-0.00018431293507533762	0.759010546301915	0.7592687978520709	0.7591396501133592	1518	1018	3	nt	0.7	2.0
True	PROKKA_06122025__gr_1e-12_lr_1e-12_mu_1e-14	60207	cdhit	-3.274101640275901e-05	1.0	-7.424555915508716e-05	0.7576712381082024	0.7589774009930231	0.7583237571060762	1510	1010	5	aa	0.7	0.0
True	PROKKA_06122025__gr_1e-12_lr_1e-12_mu_1e-14	60207	panx	0.9995170708080946	1.0	0.9996150335276911	0.9998141643636302	1.0	0.9999070735472919	1453	980	3	aa	0.5	824.0
True	PROKKA_06122025__gr_1e-12_lr_1e-12_mu_1e-14	60207	ppanggolin	2.3069792790586237e-05	1.0	6.440291793338142e-05	0.7566890442911117	0.7587716110600464	0.757728896729704	1503	1003	6	aa	0.6	4.0
True	PROKKA_06122025__gr_1e-12_lr_1e-12_mu_1e-14	60207	panx	0.9982958093267026	0.9987569919204475	0.9987692657448707	0.9999047832721921	0.9995026519385636	0.9997036771659941	1510	1015	4	aa	0.9	794.0
True	PROKKA_06122025__gr_1e-12_lr_1e-12_mu_1e-14	60207	panaroo	-3.902971218636939e-05	0.9866830567506658	-8.935974766913324e-05	0.7640583289439334	0.760478262896669	0.7622640923895458	1564	1041	18	aa	0.95	25.0
True	PROKKA_06122025__gr_1e-12_lr_1e-12_mu_1e-14	60207	cdhit	-7.956560635273675e-05	1.0	-0.00018934526798777528	0.7587212315739167	0.7591991069030671	0.758960094015562	1515	1015	3	nt	0.8	15.0
True	PROKKA_06122025__gr_1e-12_lr_1e-12_mu_1e-14	60207	panta	0.9932666902606623	0.9936069292637657	0.9959380759299675	0.9999999999999999	0.9980573277868399	0.9990277194822473	1530	1026	5	aa	0.95	7.0
True	PROKKA_06122025__gr_1e-12_lr_1e-12_mu_1e-14	60207	mmseqs2	-3.339661425553474e-05	1.0	-7.598796546567494e-05	0.7570019610773567	0.7588157036099824	0.7579077472322966	1503	1003	6	aa	0.5	1.0
True	PROKKA_06122025__gr_1e-12_lr_1e-12_mu_1e-14	60207	cdhit	3.009879222362917e-05	1.0	8.156483390561849e-05	0.7569601492001703	0.7588371714273858	0.7578974981490237	1502	1000	7	aa	0.6	0.0
True	PROKKA_06122025__gr_1e-12_lr_1e-12_mu_1e-14	60207	panaroo	-7.558288732682276e-05	1.0	-0.00017949626051830508	0.7593506782168398	0.7593506782168399	0.7593506782168399	1522	1022	3	aa	0.8	27.0
True	PROKKA_06122025__gr_1e-12_lr_1e-12_mu_1e-14	60207	cdhit	-7.558288732682276e-05	0.9989756197500512	-0.00017949620088840687	0.7593510127943354	0.7593507587326601	0.7593508857634764	1522	1022	3	aa	0.9	0.0
True	PROKKA_06122025__gr_1e-12_lr_1e-12_mu_1e-14	60207	cdhit	-2.0215296819979218e-05	0.9987707437000615	-4.33473690898824e-05	0.7585778576539618	0.7591960948815555	0.7588868503539924	1518	1019	3	aa	0.85	0.0
True	PROKKA_06122025__gr_1e-12_lr_1e-12_mu_1e-14	60207	panta	0.9998230274075408	0.9997937719117344	0.9998304853702074	0.9999999999999999	0.9999184630916581	0.9999592298836943	1515	1018	3	aa	0.85	6.0
True	PROKKA_06122025__gr_1e-12_lr_1e-12_mu_1e-14	60207	mmseqs2	-7.680353788609862e-05	1.0	-0.0001825166560759243	0.7591664148688259	0.7593063271948429	0.7592363645860621	1520	1020	3	nt	0.85	1.0
True	PROKKA_06122025__gr_1e-12_lr_1e-12_mu_1e-14	60207	mmseqs2	-4.981617513175123e-05	0.9909854538004508	-0.00011580202365691333	0.7624444369448288	0.760092892923265	0.7612668489656707	1546	1033	12	aa	0.95	2.0
True	PROKKA_06122025__gr_1e-12_lr_1e-12_mu_1e-14	60207	diamond	-7.476840761273188e-05	0.9977463634501127	-0.00017747097789255469	0.7594571797328201	0.7593763050051375	0.7594167402157732	1522	1020	4	aa	0.9	1.0
True	PROKKA_06122025__gr_1e-12_lr_1e-12_mu_1e-14	60207	mmseqs2	-5.7531539113429404e-05	0.9936488424503176	-0.00013483233445616167	0.7616071637874979	0.7598924773770448	0.760748854381095	1541	1034	7	nt	0.95	1.0
True	PROKKA_06122025__gr_1e-12_lr_1e-12_mu_1e-14	60207	connected_components_t0.1	0.8366225934236308	0.8322065150583897	0.8572348107151821	0.9999999999999999	0.9432474102583313	0.9707949747201132	2276	1786	74	nt	0.9	154.0
True	PROKKA_06122025__gr_1e-12_lr_1e-12_mu_1e-14	60207	connected_components_t0.2	0.9554166545853783	0.9543126408522844	0.9636382964732987	0.9999999999999999	0.9833924628019256	0.9916267014675385	1718	1202	27	nt	0.9	154.0
True	PROKKA_06122025__gr_1e-12_lr_1e-12_mu_1e-14	60207	connected_components_t0.3	0.9835158678814878	0.9854538004507273	0.9884504451725336	0.9999999999999999	0.9945351752196908	0.9972601010760779	1578	1066	11	nt	0.9	154.0
True	PROKKA_06122025__gr_1e-12_lr_1e-12_mu_1e-14	60207	connected_components_t0.4	0.9948841333943148	0.9954927269002254	0.9964942193093271	0.9999999999999999	0.998321640425629	0.9991601153986335	1539	1033	7	nt	0.9	154.0
True	PROKKA_06122025__gr_1e-12_lr_1e-12_mu_1e-14	60207	connected_components_t0.5	0.9981008635670633	0.998360991600082	0.9986916211048861	0.9999999999999999	0.9993716028526033	0.9996857026745302	1529	1026	5	nt	0.9	154.0
True	PROKKA_06122025__gr_1e-12_lr_1e-12_mu_1e-14	60207	connected_components_t0.6	0.9991216638454088	0.9993853718500307	0.9994860749784754	0.9999999999999999	0.9997528798183732	0.9998764246402039	1525	1023	4	nt	0.9	154.0
True	PROKKA_06122025__gr_1e-12_lr_1e-12_mu_1e-14	60207	connected_components_t0.7	0.9995438727035343	1.0	0.9996339366238194	0.9998237817774749	1.0000000000000002	0.999911883124838	1521	1020	3	nt	0.9	154.0
True	PROKKA_06122025__gr_1e-12_lr_1e-12_mu_1e-14	60207	hdbscan_dist	0.9367044645447513	0.9772587584511371	0.9522937002508816	0.9838856842365585	0.9926724067312813	0.9882595149443036	1352	727	100	nt	0.9	0.21
True	PROKKA_06122025__gr_1e-12_lr_1e-12_mu_1e-14	60207	hdbscan_tsne	0.579247043407368	0.7070272485146486	0.7205548256639651	0.9698083448073955	0.9166045623136818	0.942456182381585	1706	383	601	nt	0.9	11.644
True	PROKKA_06122025__gr_1e-12_lr_1e-12_mu_1e-14	60207	hdbscan_umap	0.7458542918501675	0.9954927269002254	0.8375213224266314	0.908534293760818	0.9986443516718536	0.9514605702378578	582	27	35	nt	0.9	6.56
True	PROKKA_06122025__gr_1e-12_lr_1e-12_mu_1e-14	60207	panx	0.9919966911472055	0.9930213464696224	0.9944592746243963	0.999819655821273	0.9975322338762297	0.9986746350397032	1541	1033	10	aa	0.95	757.0
True	PROKKA_06122025__gr_1e-12_lr_1e-12_mu_1e-14	60207	diamond	-2.1126209732889138e-05	0.9987707437000615	-4.559738283463692e-05	0.7584712092901308	0.7591703898652704	0.7588206385207432	1517	1018	3	aa	0.85	1.0
True	PROKKA_06122025__gr_1e-12_lr_1e-12_mu_1e-14	60207	panta	0.9998230274075408	0.9997937719117344	0.9998304853702074	0.9999999999999999	0.9999184630916581	0.9999592298836943	1515	1018	3	aa	0.7	7.0
True	PROKKA_06122025__gr_1e-12_lr_1e-12_mu_1e-14	60207	mmseqs2	-7.615268379857682e-05	1.0	-0.00018090480681679348	0.7592604229314429	0.7593289563831114	0.7592946881108307	1521	1021	3	aa	0.8	3.0
True	PROKKA_06122025__gr_1e-12_lr_1e-12_mu_1e-14	60207	panta	0.9997876403873233	0.9997937719117344	0.9997435800256959	0.9999581842336326	0.9999184596822652	0.9999383215634146	1613	1115	4	aa	0.5	7.0
True	PROKKA_06122025__gr_1e-12_lr_1e-12_mu_1e-14	60207	panaroo	-7.566430392517771e-05	1.0	-0.00017968738574925848	0.7593091673681602	0.7593406882445662	0.7593249274792419	1521	1020	4	aa	0.7	27.0
True	PROKKA_06122025__gr_1e-12_lr_1e-12_mu_1e-14	60207	cdhit	-5.835813364357055e-05	0.9936488424503176	-0.00013684008583176896	0.7613637922517216	0.7598341594411681	0.760598206789225	1537	1028	9	nt	0.95	1.0
True	PROKKA_06122025__gr_1e-12_lr_1e-12_mu_1e-14	60207	cdhit	-3.142873069233803e-05	1.0	-7.100331478409688e-05	0.7579910773196221	0.7590545976321418	0.7585224646870221	1515	1017	3	aa	0.8	0.0
True	PROKKA_06122025__gr_1e-12_lr_1e-12_mu_1e-14	60207	ppanggolin	-8.498933297478709e-05	1.0	-0.0002029778306123792	0.7585259249085353	0.7591520380634341	0.7588388523355021	1516	1017	3	aa	0.9	4.0
True	PROKKA_06122025__gr_1e-12_lr_1e-12_mu_1e-14	60207	cdhit	-6.188784262249803e-05	0.9993853718500307	-0.0001471579184803937	0.7551200627093808	0.7583598719055863	0.7567364996818522	1490	990	5	aa	0.5	1.0
True	PROKKA_06122025__gr_1e-12_lr_1e-12_mu_1e-14	60207	panaroo	-7.42794458199878e-05	0.9995902479000205	-0.00017625703830002816	0.7595005174563614	0.7593867315260067	0.759443620229104	1523	1022	4	aa	0.9	25.0
True	PROKKA_06122025__gr_1e-12_lr_1e-12_mu_1e-14	60207	ppanggolin	-1.3661139124680496e-05	1.0	-2.6617148279482683e-05	0.7540776081658321	0.7581382662779645	0.7561024853070684	1486	988	7	aa	0.5	5.0
True	PROKKA_06122025__gr_1e-12_lr_1e-12_mu_1e-14	60207	cdhit	-7.794165593698059e-05	1.0	-0.0001853310545371544	0.7589864438690805	0.7592629935303068	0.7591246935128854	1518	1018	3	nt	0.85	13.0
True	PROKKA_06122025__gr_1e-12_lr_1e-12_mu_1e-14	60207	embed_hdbscan_raw	0.9123790502852335	0.9868879328006556	0.9360543939310019	0.9711489154576458	0.9963807876092958	0.983603063030028	1193	636	0	aa	0.9	11.702
True	PROKKA_06122025__gr_1e-12_lr_1e-12_mu_1e-14	60207	embed_hdbscan_tsne	0.7981287429699842	0.9338250358533088	0.8519533249413559	0.9415108029902184	0.980604887402677	0.960660276141763	888	188	0	aa	0.9	12.103
True	PROKKA_06122025__gr_1e-12_lr_1e-12_mu_1e-14	60207	embed_hdbscan_umap	0.7199385244403123	0.990780577750461	0.8256754807131752	0.901775424716199	0.9975431832578955	0.9472448950675549	543	21	0	aa	0.9	13.225
True	PROKKA_06122025__gr_1e-12_lr_1e-12_mu_1e-14	60207	diamond	-3.0940822478883176e-06	0.9997951239500102	-2.9063007866747876e-07	0.7545029159402001	0.7582416416753917	0.7563676587051974	1485	984	8	aa	0.5	1.0
True	PROKKA_06122025__gr_1e-12_lr_1e-12_mu_1e-14	60207	mmseqs2	-7.484988126199516e-05	0.9995902479000205	-0.00017766662160043184	0.7594102621709645	0.7593650162006752	0.7593876385118565	1522	1021	4	aa	0.9	1.0
True	PROKKA_06122025__gr_1e-12_lr_1e-12_mu_1e-14	60207	panaroo	-7.574571482173787e-05	1.0	-0.0001798784780896628	0.7592676565194808	0.7593306974428393	0.7592991756726647	1520	1018	5	aa	0.6	28.0
True	PROKKA_06122025__gr_1e-12_lr_1e-12_mu_1e-14	60207	panx	0.9995273918524786	1.0	0.9996230511711603	0.9998182561057137	1.0000000000000002	0.9999091197943958	1479	997	3	aa	0.6	768.0
True	PROKKA_06122025__gr_1e-12_lr_1e-12_mu_1e-14	60207	panaroo	-8.740965998410504e-05	1.0	-0.0002090249174373621	0.7582729553979765	0.7590910451389173	0.7586817797311124	1513	1012	5	aa	0.5	29.0
True	PROKKA_06122025__gr_1e-12_lr_1e-12_mu_1e-14	60207	panx	0.9997119803995979	1.0	0.9997995085718182	0.9999033263432467	0.9999999999999999	0.9999516608350614	1489	1002	3	aa	0.7	786.0
True	PROKKA_06122025__gr_1e-12_lr_1e-12_mu_1e-14	60207	diamond	-3.101834306018523e-05	0.9997951239500102	-6.998682772616105e-05	0.7580720262667721	0.759074127691642	0.7585727460264959	1516	1018	3	aa	0.8	1.0
True	PROKKA_06122025__gr_1e-12_lr_1e-12_mu_1e-14	60207	panx	0.99914529656002	0.9995847176079734	0.9994062059338534	0.9999045577436303	0.9998095587861366	0.9998570560083604	1506	1013	3	aa	0.85	810.0
True	PROKKA_06122025__gr_1e-12_lr_1e-12_mu_1e-14	60207	panta	0.9987953528482795	0.9985564033821407	0.9992385129745245	0.9999999999999999	0.9996340416441852	0.9998169873345855	1517	1019	3	aa	0.9	6.0
True	PROKKA_06122025__gr_1e-12_lr_1e-12_mu_1e-14	60207	mmseqs2	-7.655951032035186e-05	1.0	-0.00018190529051314745	0.7591794739842929	0.7593094709795374	0.7592444669174298	1520	1020	3	nt	0.8	1.0
True	PROKKA_06122025__gr_1e-12_lr_1e-12_mu_1e-14	60207	panx	0.9991430982130178	0.9995834201208081	0.9994043708361939	0.9999042147180863	0.9998088743935561	0.9998565422830509	1502	1011	3	aa	0.8	834.0
True	PROKKA_06122025__gr_1e-12_lr_1e-12_mu_1e-14	60207	mmseqs2	-7.615268379857682e-05	1.0	-0.00018090480681679348	0.7592604229314429	0.7593289563831114	0.7592946881108307	1521	1021	3	aa	0.85	4.0
True	PROKKA_06122025__gr_1e-12_lr_1e-12_mu_1e-14	60207	ppanggolin	-3.142873069233803e-05	1.0	-7.100331478194473e-05	0.7579910773196221	0.7590545976321418	0.7585224646870221	1515	1017	3	aa	0.8	4.0
True	PROKKA_06122025__gr_1e-12_lr_1e-12_mu_1e-14	60207	mmseqs2	-8.143034425581252e-05	1.0	-0.00019405535554675068	0.758724262709427	0.7591998372607124	0.7589619754849172	1517	1018	3	nt	0.5	2.0
True	PROKKA_06122025__gr_1e-12_lr_1e-12_mu_1e-14	60207	connected_components_t0.1	0.8782391521515339	0.8783036263060848	0.8966183893575372	0.9999999999999999	0.956831549229917	0.9779396183656833	2066	1537	81	aa	0.9	154.0
True	PROKKA_06122025__gr_1e-12_lr_1e-12_mu_1e-14	60207	connected_components_t0.2	0.9667803490800811	0.9684490883015775	0.9747030090447043	1.0	0.988264248508421	0.9940974890533876	1651	1129	28	aa	0.9	154.0
True	PROKKA_06122025__gr_1e-12_lr_1e-12_mu_1e-14	60207	connected_components_t0.3	0.9932146621616111	0.9934439664003278	0.9951093973998469	1.0	0.9976634154360019	0.9988303412146695	1546	1038	9	aa	0.9	154.0
True	PROKKA_06122025__gr_1e-12_lr_1e-12_mu_1e-14	60207	connected_components_t0.4	0.9977483816554696	0.9981561155500922	0.9984763220727986	0.9999999999999999	0.9992684289085474	0.9996340806062486	1530	1027	5	aa	0.9	154.0
True	PROKKA_06122025__gr_1e-12_lr_1e-12_mu_1e-14	60207	connected_components_t0.5	0.9986655370810155	0.9993853718500307	0.9991200122734751	0.9998237817774748	0.9997528362743839	0.9997883077673467	1523	1021	4	aa	0.9	154.0
True	PROKKA_06122025__gr_1e-12_lr_1e-12_mu_1e-14	60207	connected_components_t0.6	0.9993685496402674	1.0	0.9994658682262877	0.9997428328303248	1.0	0.9998713998792979	1520	1019	3	aa	0.9	154.0
True	PROKKA_06122025__gr_1e-12_lr_1e-12_mu_1e-14	60207	connected_components_t0.7	0.9950053272446735	1.0	0.9981816487156111	0.9991234187872395	1.0	0.9995615172107322	1517	1017	3	aa	0.9	154.0
True	PROKKA_06122025__gr_1e-12_lr_1e-12_mu_1e-14	60207	hdbscan_dist	0.9344957924449063	0.9965171071501742	0.9535392797119027	0.9776368376137076	0.9989989590473781	0.9882024647658676	1275	754	0	aa	0.9	0.222
True	PROKKA_06122025__gr_1e-12_lr_1e-12_mu_1e-14	60207	hdbscan_tsne	0.774059819583336	0.9463224749026838	0.8501712769959345	0.9351659973845226	0.9845109369916052	0.9592042659271058	897	285	0	aa	0.9	12.023
True	PROKKA_06122025__gr_1e-12_lr_1e-12_mu_1e-14	60207	hdbscan_umap	0.13774894793166167	0.9877074370006146	0.7320276297954015	0.8368607399767763	0.9946994110520082	0.9089790304947127	516	35	0	aa	0.9	7.112
True	PROKKA_06122025__gr_1e-12_lr_1e-12_mu_1e-14	60207	cdhit	-7.598991330663858e-05	0.9995902479000205	-0.00018048423135227923	0.7592302911712192	0.7593217036677993	0.7592759946681236	1520	1019	4	nt	0.9	1.0
True	PROKKA_06122025__gr_1e-12_lr_1e-12_mu_1e-14	60207	mmseqs2	-7.75353132033502e-05	1.0	-0.0001843129350801908	0.759010546301915	0.759268797852071	0.7591396501133592	1518	1018	3	aa	0.7	3.0
True	PROKKA_06122025__gr_1e-12_lr_1e-12_mu_1e-14	60207	mmseqs2	-7.419793219940154e-05	0.9995902479000205	-0.00017603633252661	0.7594323488056994	0.7593703305836381	0.7594013384284543	1522	1021	4	nt	0.9	1.0
True	PROKKA_06122025__gr_1e-12_lr_1e-12_mu_1e-14	60207	mmseqs2	-1.1484988278972173e-05	1.0	-2.1955391500528254e-05	0.7587242627094269	0.7592313733540622	0.7589777333253145	1516	1016	4	aa	0.6	1.0
True	PROKKA_06122025__gr_1e-12_lr_1e-12_mu_1e-14	60207	ppanggolin	-6.815003118427515e-05	0.9969268592501537	-0.00016108919098074627	0.7603539400494747	0.7595918705174047	0.759972714240454	1531	1028	5	aa	0.95	6.0
True	PROKKA_06122025__gr_1e-12_lr_1e-12_mu_1e-14	60207	ppanggolin	-3.380617859263633e-05	1.0	-7.689230805080488e-05	0.7575578375816798	0.7589500186745957	0.7582532891046776	1509	1009	5	aa	0.7	4.0
True	PROKKA_06122025__gr_1e-12_lr_1e-12_mu_1e-14	60207	cdhit	-4.664901887615877e-05	0.9881171891005941	-0.00010806468717482971	0.7631227133003294	0.7602550047500137	0.7616861598415638	1555	1043	10	aa	0.95	0.0
True	PROKKA_06122025__gr_1e-12_lr_1e-12_mu_1e-14	60207	ppanggolin	-3.142873069233803e-05	1.0	-7.100331478194473e-05	0.7579910773196221	0.7590545976321418	0.7585224646870221	1515	1017	3	aa	0.85	4.0
True	PROKKA_06122025__gr_1e-12_lr_1e-12_mu_1e-14	60207	mmseqs2	-7.75353132033502e-05	1.0	-0.00018431293507533762	0.759010546301915	0.7592687978520709	0.7591396501133592	1518	1018	3	nt	0.6	2.0
True	PROKKA_06122025__gr_1e-12_lr_1e-12_mu_1e-14	62092	panaroo	0.00021438278556321446	1.0	0.0005157528707940426	0.7661286969156679	0.7661999328005727	0.7661643132022903	1513	1013	1	aa	0.85	25.0
True	PROKKA_06122025__gr_1e-12_lr_1e-12_mu_1e-14	62092	panta	0.9992669343076479	0.9987242185838826	0.9991211217011123	1.0	0.9995886140514668	0.9997942647074293	1604	1108	1	aa	0.6	8.0
True	PROKKA_06122025__gr_1e-12_lr_1e-12_mu_1e-14	62092	diamond	0.000219869992839417	1.0	0.0005397147199758474	0.7619233933348756	0.7652453519814086	0.7635807596293648	1488	992	4	aa	0.6	1.0
True	PROKKA_06122025__gr_1e-12_lr_1e-12_mu_1e-14	62092	diamond	0.00016366181769174778	0.9832980972515857	0.00039426920100347254	0.770051089165814	0.7670808141295202	0.7685630818439203	1545	1025	10	aa	0.95	1.0
True	PROKKA_06122025__gr_1e-12_lr_1e-12_mu_1e-14	62092	diamond	0.00016776680312292148	1.0	0.0004106791286870668	0.7634509167206549	0.7655721281192245	0.7645100510432287	1498	1001	2	aa	0.7	1.0
True	PROKKA_06122025__gr_1e-12_lr_1e-12_mu_1e-14	62092	panta	0.9990738440363411	0.9991494790559218	0.9995538684015298	1.0	0.9997910415610148	0.9998955098634595	1505	1007	1	aa	0.8	7.0
True	PROKKA_06122025__gr_1e-12_lr_1e-12_mu_1e-14	62092	mmseqs2	0.00020213134825316896	1.0	0.0004885611173011397	0.7655725848912297	0.766069829323674	0.7658211263927813	1511	1012	1	nt	0.7	0.0
True	PROKKA_06122025__gr_1e-12_lr_1e-12_mu_1e-14	62092	cdhit	0.00017816798219866077	0.999154334038055	0.00043426585746442236	0.7639687927932683	0.7656938068320099	0.7648303271558472	1500	1002	2	aa	0.7	0.0
True	PROKKA_06122025__gr_1e-12_lr_1e-12_mu_1e-14	62092	panx	0.9997071558685814	1.0	0.9997841737604626	0.9998994514497448	1.0	0.9999497231972426	1440	977	0	aa	0.5	719.0
True	PROKKA_06122025__gr_1e-12_lr_1e-12_mu_1e-14	62092	ppanggolin	0.0001643814397306095	1.0	0.00040265872476507567	0.7629612871028215	0.7654569698298016	0.7642070909244786	1492	994	2	aa	0.6	3.0
True	PROKKA_06122025__gr_1e-12_lr_1e-12_mu_1e-14	62092	panx	0.9979058953199684	0.9982751185855973	0.9986690697138364	0.9999050230238631	0.9994752764376419	0.99969010354591	1500	1008	2	aa	0.9	731.0
True	PROKKA_06122025__gr_1e-12_lr_1e-12_mu_1e-14	62092	panaroo	0.00017571895643565328	0.9871035940803383	0.00042081438711355664	0.770289684030955	0.7671361599371035	0.7687096877746366	1547	1029	8	aa	0.95	25.0
True	PROKKA_06122025__gr_1e-12_lr_1e-12_mu_1e-14	62092	cdhit	0.0001866469155192415	0.999154334038055	0.0004538331402235989	0.7647784689084279	0.7658837931486905	0.7653307319393197	1507	1009	1	nt	0.8	15.0
True	PROKKA_06122025__gr_1e-12_lr_1e-12_mu_1e-14	62092	panta	0.9928945657659759	0.9936210929194131	0.9955184407813504	1.0	0.9979132222335823	0.998955521319347	1521	1017	4	aa	0.95	7.0
True	PROKKA_06122025__gr_1e-12_lr_1e-12_mu_1e-14	62092	mmseqs2	0.00017997330480411944	1.0	0.000438126566973205	0.7638696186195282	0.7656705149251414	0.7647690065754061	1498	1000	2	aa	0.5	1.0
True	PROKKA_06122025__gr_1e-12_lr_1e-12_mu_1e-14	62092	cdhit	0.00016325501794785594	1.0	0.0004000215877480631	0.7628362464703913	0.7654275427980145	0.7641296977567055	1491	993	3	aa	0.6	0.0
True	PROKKA_06122025__gr_1e-12_lr_1e-12_mu_1e-14	62092	panaroo	0.00021438278556321446	1.0	0.0005157528707940426	0.7661286969156679	0.7661999328005727	0.7661643132022903	1513	1013	1	aa	0.8	25.0
True	PROKKA_06122025__gr_1e-12_lr_1e-12_mu_1e-14	62092	cdhit	5.215557132843876e-05	0.9976744186046511	0.00012999763558334352	0.7656541902896846	0.7660233814059736	0.7658387413534516	1512	1012	1	aa	0.9	0.0
True	PROKKA_06122025__gr_1e-12_lr_1e-12_mu_1e-14	62092	cdhit	0.0001849274664151037	1.0	0.0004498983003755434	0.7646507388381667	0.7658538424186082	0.7652518177587722	1507	1010	1	aa	0.85	0.0
True	PROKKA_06122025__gr_1e-12_lr_1e-12_mu_1e-14	62092	panta	0.9986874403932102	0.9987242185838826	0.9992760588257392	1.0	0.9996610590075474	0.9998305007786565	1506	1008	1	aa	0.85	7.0
True	PROKKA_06122025__gr_1e-12_lr_1e-12_mu_1e-14	62092	mmseqs2	0.00021438278556321446	1.0	0.0005157528707608254	0.7661286969156679	0.7661999328005729	0.7661643132022905	1513	1013	1	nt	0.85	1.0
True	PROKKA_06122025__gr_1e-12_lr_1e-12_mu_1e-14	62092	mmseqs2	0.0001720116890937593	0.9881606765327695	0.00041236096242436293	0.7699299699770653	0.7670527085723396	0.768488646130106	1544	1031	6	aa	0.95	1.0
True	PROKKA_06122025__gr_1e-12_lr_1e-12_mu_1e-14	62092	diamond	0.0002093123372604224	0.99830866807611	0.0005044223161616176	0.765826183807855	0.7661291772327953	0.7659776505569796	1511	1011	0	aa	0.9	1.0
True	PROKKA_06122025__gr_1e-12_lr_1e-12_mu_1e-14	62092	mmseqs2	8.121990612439472e-05	0.993446088794926	0.00019787491028105107	0.7683420970978301	0.7666509044683036	0.7674955691395652	1531	1023	5	nt	0.95	1.0
True	PROKKA_06122025__gr_1e-12_lr_1e-12_mu_1e-14	62092	connected_components_t0.1	0.790961995504706	0.8016913319238901	0.8283163905219739	1.0	0.9357942872563034	0.9668323678986064	2318	1771	115	nt	0.9	178.0
True	PROKKA_06122025__gr_1e-12_lr_1e-12_mu_1e-14	62092	connected_components_t0.2	0.9418716546364565	0.940169133192389	0.95539687567084	1.0	0.9804109576330136	0.9901085972628634	1725	1178	52	nt	0.9	178.0
True	PROKKA_06122025__gr_1e-12_lr_1e-12_mu_1e-14	62092	connected_components_t0.3	0.9795924817959043	0.9788583509513742	0.9856230828303006	0.9999410994221042	0.9934688700501991	0.9966944776769706	1575	1051	17	nt	0.9	178.0
True	PROKKA_06122025__gr_1e-12_lr_1e-12_mu_1e-14	62092	connected_components_t0.4	0.99362662881838	0.9938689217758985	0.9957639104659096	0.999922824467506	0.998106625808908	0.9990138996805124	1531	1024	5	nt	0.9	178.0
True	PROKKA_06122025__gr_1e-12_lr_1e-12_mu_1e-14	62092	connected_components_t0.5	0.9965471673137112	0.9987315010570824	0.99818130596228	0.9996121231194421	0.9995372686730962	0.9995746944948761	1518	1018	1	nt	0.9	178.0
True	PROKKA_06122025__gr_1e-12_lr_1e-12_mu_1e-14	62092	connected_components_t0.6	0.9972014042712131	0.9993657505285413	0.9987405492917707	0.9996077015238128	0.9998028496675928	0.9997052660721966	1515	1015	1	nt	0.9	178.0
True	PROKKA_06122025__gr_1e-12_lr_1e-12_mu_1e-14	62092	connected_components_t0.7	0.9915106095960527	1.0	0.997797904771739	0.9989676379638326	1.0	0.9994835524014691	1511	1012	1	nt	0.9	178.0
True	PROKKA_06122025__gr_1e-12_lr_1e-12_mu_1e-14	62092	hdbscan_dist	0.9060701064549792	0.9317124735729387	0.9336680644834482	0.9884640828704355	0.9811356396458614	0.984786227503157	1475	767	142	nt	0.9	1.577
True	PROKKA_06122025__gr_1e-12_lr_1e-12_mu_1e-14	62092	hdbscan_tsne	0.6024149650116909	0.7150105708245243	0.7328729052000398	0.9719992248923914	0.9217275545685195	0.9461961232418147	1675	391	550	nt	0.9	13.391
True	PROKKA_06122025__gr_1e-12_lr_1e-12_mu_1e-14	62092	hdbscan_umap	0.7597371297653842	0.9947145877378436	0.839796042465117	0.9128002161172712	0.9985013261407175	0.9537293892599217	604	40	37	nt	0.9	8.372
True	PROKKA_06122025__gr_1e-12_lr_1e-12_mu_1e-14	62092	diamond	0.00018406862021284849	1.0	0.0004478593072154968	0.7645111393023483	0.7658210997163024	0.7651655588479728	1505	1007	2	aa	0.85	1.0
True	PROKKA_06122025__gr_1e-12_lr_1e-12_mu_1e-14	62092	panta	0.9994213530197222	0.9989368488199022	0.9992871667533023	1.0	0.9996662555346205	0.9998330999163206	1603	1107	1	aa	0.7	8.0
True	PROKKA_06122025__gr_1e-12_lr_1e-12_mu_1e-14	62092	mmseqs2	0.00021438278556321446	1.0	0.000515752870760272	0.7661286969156679	0.766199932800573	0.7661643132022905	1513	1013	1	aa	0.8	1.0
True	PROKKA_06122025__gr_1e-12_lr_1e-12_mu_1e-14	62092	panta	0.9992669343076479	0.9987242185838826	0.9991211217011123	1.0	0.9995886140514668	0.9997942647074293	1604	1108	1	aa	0.5	8.0
True	PROKKA_06122025__gr_1e-12_lr_1e-12_mu_1e-14	62092	panaroo	0.00021379670347892237	1.0	0.0005143804769058347	0.7660401455392888	0.7661792257239862	0.7661096793194546	1512	1012	1	aa	0.7	27.0
True	PROKKA_06122025__gr_1e-12_lr_1e-12_mu_1e-14	62092	cdhit	6.81232062881871e-05	0.9945031712473573	0.00016750030128629805	0.767405773858093	0.7664326913361521	0.7669189239304618	1528	1025	4	nt	0.95	0.0
True	PROKKA_06122025__gr_1e-12_lr_1e-12_mu_1e-14	62092	cdhit	0.00018406862021284849	1.0	0.00044785930725743265	0.7645111393023483	0.7658210997163024	0.7651655588479728	1505	1007	2	aa	0.8	0.0
True	PROKKA_06122025__gr_1e-12_lr_1e-12_mu_1e-14	62092	ppanggolin	0.00018416401868023854	1.0	0.00044811238618825273	0.7645539000886596	0.7658311301186181	0.7651919821277807	1506	1009	1	aa	0.9	5.0
True	PROKKA_06122025__gr_1e-12_lr_1e-12_mu_1e-14	62092	cdhit	0.00013615472641195968	0.9993657505285413	0.0003373583992992285	0.761026921767078	0.7650009088003243	0.763008740878417	1480	984	2	aa	0.5	1.0
True	PROKKA_06122025__gr_1e-12_lr_1e-12_mu_1e-14	62092	panaroo	0.00021594698862386415	0.9995771670190274	0.0005193198592512087	0.7662830479806557	0.7662360178751063	0.7662595322062488	1514	1013	2	aa	0.9	25.0
True	PROKKA_06122025__gr_1e-12_lr_1e-12_mu_1e-14	62092	ppanggolin	0.00021170402829213483	1.0	0.0005204143687738381	0.7608358442140362	0.7649886512482187	0.7629065964238131	1477	983	1	aa	0.5	5.0
True	PROKKA_06122025__gr_1e-12_lr_1e-12_mu_1e-14	62092	cdhit	0.00018894316489481887	1.0	0.0004589545829655976	0.7648484029781386	0.7659001883628258	0.7653739343268554	1507	1009	1	nt	0.85	12.0
True	PROKKA_06122025__gr_1e-12_lr_1e-12_mu_1e-14	62092	embed_hdbscan_raw	0.8843910001240943	0.940169133192389	0.9111170780130172	0.9764536343598893	0.9814212735398311	0.9789311518518756	1313	568	178	aa	0.9	11.004
True	PROKKA_06122025__gr_1e-12_lr_1e-12_mu_1e-14	62092	embed_hdbscan_tsne	0.6510274501609327	0.7676532769556025	0.7634884471032086	0.9639452961093418	0.9347447833131017	0.9491204980767538	1427	231	460	aa	0.9	13.078
True	PROKKA_06122025__gr_1e-12_lr_1e-12_mu_1e-14	62092	embed_hdbscan_umap	0.716309738192549	0.9940803382663848	0.8219426863456901	0.9010951346156245	0.9982811448914066	0.9472017654907561	538	12	10	aa	0.9	13.151
True	PROKKA_06122025__gr_1e-12_lr_1e-12_mu_1e-14	62092	diamond	0.00021359843170075344	1.0	0.0005248800552464544	0.7610724033628202	0.7650445354853191	0.7630533001499477	1478	980	5	aa	0.5	1.0
True	PROKKA_06122025__gr_1e-12_lr_1e-12_mu_1e-14	62092	mmseqs2	0.00021526241384632318	0.9997885835095137	0.0005177739033955453	0.7662289700174599	0.7662233764873683	0.7662261732422059	1514	1014	1	aa	0.9	1.0
True	PROKKA_06122025__gr_1e-12_lr_1e-12_mu_1e-14	62092	panaroo	0.00021311328127353156	1.0	0.000512748866005978	0.7659088333765985	0.766148512604249	0.7660286542423879	1510	1009	2	aa	0.6	29.0
True	PROKKA_06122025__gr_1e-12_lr_1e-12_mu_1e-14	62092	panx	0.999715092774971	1.0	0.9997903246663622	0.9999023079640298	1.0	0.9999511515959648	1466	988	0	aa	0.6	710.0
True	PROKKA_06122025__gr_1e-12_lr_1e-12_mu_1e-14	62092	panaroo	0.0001928756062197822	1.0	0.00046726262231576356	0.7646194703394388	0.7658465092706113	0.7652324979206714	1503	1005	1	aa	0.5	29.0
True	PROKKA_06122025__gr_1e-12_lr_1e-12_mu_1e-14	62092	panx	0.999720526591662	1.0	0.9997938960850649	0.9999038284338789	1.0	0.9999519119045857	1481	996	1	aa	0.7	712.0
True	PROKKA_06122025__gr_1e-12_lr_1e-12_mu_1e-14	62092	diamond	0.00018406862021284849	1.0	0.0004478593072154968	0.7645111393023483	0.7658210997163024	0.7651655588479728	1505	1007	2	aa	0.8	1.0
True	PROKKA_06122025__gr_1e-12_lr_1e-12_mu_1e-14	62092	panx	0.9983016771277499	0.9987057808455565	0.9989526717646228	0.9999049664762176	0.9996068954327411	0.9997559087374701	1497	1006	1	aa	0.85	746.0
True	PROKKA_06122025__gr_1e-12_lr_1e-12_mu_1e-14	62092	panta	0.9979524528747626	0.9978736976398044	0.9986252097301535	1.0	0.9993569502937005	0.9996783717353697	1509	1009	3	aa	0.9	7.0
True	PROKKA_06122025__gr_1e-12_lr_1e-12_mu_1e-14	62092	mmseqs2	0.00020271208136974248	1.0	0.0004899273270412009	0.7656611362676088	0.7660905557801396	0.7658757858309857	1512	1013	1	nt	0.8	2.0
True	PROKKA_06122025__gr_1e-12_lr_1e-12_mu_1e-14	62092	panx	0.9997234620431942	1.0	0.9997959430387237	0.9999047238042496	1.0000000000000002	0.9999523596326284	1490	1001	1	aa	0.8	738.0
True	PROKKA_06122025__gr_1e-12_lr_1e-12_mu_1e-14	62092	mmseqs2	0.00021438278556321446	1.0	0.000515752870760272	0.7661286969156679	0.766199932800573	0.7661643132022905	1513	1013	1	aa	0.85	1.0
True	PROKKA_06122025__gr_1e-12_lr_1e-12_mu_1e-14	62092	ppanggolin	0.00018406862021284849	1.0	0.0004478593072612952	0.7645111393023483	0.7658210997163024	0.7651655588479728	1505	1007	2	aa	0.8	6.0
True	PROKKA_06122025__gr_1e-12_lr_1e-12_mu_1e-14	62092	mmseqs2	0.00020358367930044453	0.9993657505285413	0.0004918536334886595	0.7656799048438793	0.7660949483071016	0.7658873703462489	1511	1011	1	nt	0.5	2.0
True	PROKKA_06122025__gr_1e-12_lr_1e-12_mu_1e-14	62092	connected_components_t0.1	0.8423008427866611	0.8530655391120507	0.8763723439636466	1.0	0.9510145678744407	0.9748923288774174	2088	1519	95	aa	0.9	151.0
True	PROKKA_06122025__gr_1e-12_lr_1e-12_mu_1e-14	62092	connected_components_t0.2	0.9588394960233851	0.9594080338266385	0.9698009047975137	0.999930618218962	0.9865322609762405	0.9931862547671462	1650	1112	34	aa	0.9	151.0
True	PROKKA_06122025__gr_1e-12_lr_1e-12_mu_1e-14	62092	connected_components_t0.3	0.9910161504951102	0.990909090909091	0.9936128655976961	0.9999166135903911	0.997121327793238	0.9985170143888006	1542	1034	6	aa	0.9	151.0
True	PROKKA_06122025__gr_1e-12_lr_1e-12_mu_1e-14	62092	connected_components_t0.4	0.9979233724008776	0.9980972515856237	0.9984042144649704	0.9999114486236209	0.9993433188900959	0.9996273030339312	1521	1020	0	aa	0.9	151.0
True	PROKKA_06122025__gr_1e-12_lr_1e-12_mu_1e-14	62092	connected_components_t0.5	0.9914722166933927	0.9997885835095137	0.9977064845318452	0.9989676379638326	0.9999571968556435	0.9994621724713633	1512	1014	0	aa	0.9	151.0
True	PROKKA_06122025__gr_1e-12_lr_1e-12_mu_1e-14	62092	connected_components_t0.6	0.9915106095960527	1.0	0.997797904771739	0.9989676379638326	1.0	0.9994835524014691	1511	1012	1	aa	0.9	151.0
True	PROKKA_06122025__gr_1e-12_lr_1e-12_mu_1e-14	62092	connected_components_t0.7	0.9900783064975751	1.0	0.9971364687285561	0.9986566711034731	1.0	0.9993278841153918	1508	1009	1	aa	0.9	151.0
True	PROKKA_06122025__gr_1e-12_lr_1e-12_mu_1e-14	62092	hdbscan_dist	0.9476694682702449	0.9896405919661734	0.9656665265358872	0.9863767090058828	0.9971628801906585	0.9917404678609923	1388	873	0	aa	0.9	0.183
True	PROKKA_06122025__gr_1e-12_lr_1e-12_mu_1e-14	62092	hdbscan_tsne	0.7949211780608016	0.9520084566596194	0.8587712428709011	0.9404104363451506	0.9863568878223825	0.9628358335066285	923	307	0	aa	0.9	13.288
True	PROKKA_06122025__gr_1e-12_lr_1e-12_mu_1e-14	62092	hdbscan_umap	0.6487184395744988	0.9826638477801268	0.800971819487391	0.8914221611859707	0.9945179503861753	0.9401521662662535	582	98	0	aa	0.9	7.042
True	PROKKA_06122025__gr_1e-12_lr_1e-12_mu_1e-14	62092	cdhit	0.00019133953906430736	1.0	0.0004643392698501358	0.7649791446793819	0.7659308330472528	0.7654546930553461	1508	1010	1	nt	0.9	0.0
True	PROKKA_06122025__gr_1e-12_lr_1e-12_mu_1e-14	62092	mmseqs2	0.00020911772246162507	0.999154334038055	0.0005040911325320819	0.7658943351263554	0.7661451210566935	0.7660197075654268	1512	1012	1	aa	0.7	1.0
True	PROKKA_06122025__gr_1e-12_lr_1e-12_mu_1e-14	62092	mmseqs2	0.00021438278556321446	1.0	0.0005157528707608254	0.7661286969156679	0.7661999328005729	0.7661643132022905	1513	1013	1	nt	0.9	2.0
True	PROKKA_06122025__gr_1e-12_lr_1e-12_mu_1e-14	62092	mmseqs2	0.00020145416186365673	1.0	0.0004869382905196161	0.7654412727285395	0.766039087456178	0.765740063413602	1509	1009	2	aa	0.6	2.0
True	PROKKA_06122025__gr_1e-12_lr_1e-12_mu_1e-14	62092	ppanggolin	0.00013024546966254589	0.9959830866807611	0.0003169906090614063	0.7666197626823711	0.7662819445430589	0.7664508163888359	1523	1021	3	aa	0.95	5.0
True	PROKKA_06122025__gr_1e-12_lr_1e-12_mu_1e-14	62092	ppanggolin	0.00016795514757213552	1.0	0.0004111063556743176	0.7634582168504386	0.7655738442154654	0.7645145669013966	1498	1001	2	aa	0.7	5.0
True	PROKKA_06122025__gr_1e-12_lr_1e-12_mu_1e-14	62092	cdhit	8.880824919064869e-05	0.9862579281183932	0.00021609102270988734	0.7702115260141073	0.7670853634307112	0.7686452661260805	1555	1043	12	aa	0.95	0.0
True	PROKKA_06122025__gr_1e-12_lr_1e-12_mu_1e-14	62092	ppanggolin	0.00018406862021284849	1.0	0.0004478593072612952	0.7645111393023483	0.7658210997163024	0.7651655588479728	1505	1007	2	aa	0.85	5.0
True	PROKKA_06122025__gr_1e-12_lr_1e-12_mu_1e-14	62092	mmseqs2	0.00020213134825316896	1.0	0.0004885611173011397	0.7655725848912297	0.766069829323674	0.7658211263927813	1511	1012	1	nt	0.6	0.0
