assembly,seed,clusterer,seqtype,combo,n_original_genes,n_genes_kept,n_genes_deleted,deleted_pct
PROKKA_06122025__gr_1e-12_lr_1e-12_mu_1e-14,34,panx,aa,panx/aa,5391,5363,28,0.5193841587831571
PROKKA_06122025__gr_1e-12_lr_1e-12_mu_1e-14,34,cdhit,aa,cdhit/aa,5391,5391,0,0.0
PROKKA_06122025__gr_1e-12_lr_1e-12_mu_1e-14,34,diamond,aa,diamond/aa,5391,5391,0,0.0
PROKKA_06122025__gr_1e-12_lr_1e-12_mu_1e-14,34,connected_components_t0.1,nt,connected_components_t0.1/nt,5391,6089,-698,-12.947505101094418
PROKKA_06122025__gr_1e-12_lr_1e-12_mu_1e-14,34,connected_components_t0.2,nt,connected_components_t0.2/nt,5391,6089,-698,-12.947505101094418
PROKKA_06122025__gr_1e-12_lr_1e-12_mu_1e-14,34,connected_components_t0.3,nt,connected_components_t0.3/nt,5391,6089,-698,-12.947505101094418
PROKKA_06122025__gr_1e-12_lr_1e-12_mu_1e-14,34,connected_components_t0.4,nt,connected_components_t0.4/nt,5391,6089,-698,-12.947505101094418
PROKKA_06122025__gr_1e-12_lr_1e-12_mu_1e-14,34,connected_components_t0.5,nt,connected_components_t0.5/nt,5391,6089,-698,-12.947505101094418
PROKKA_06122025__gr_1e-12_lr_1e-12_mu_1e-14,34,connected_components_t0.6,nt,connected_components_t0.6/nt,5391,6089,-698,-12.947505101094418
PROKKA_06122025__gr_1e-12_lr_1e-12_mu_1e-14,34,connected_components_t0.7,nt,connected_components_t0.7/nt,5391,6089,-698,-12.947505101094418
PROKKA_06122025__gr_1e-12_lr_1e-12_mu_1e-14,34,hdbscan_dist,nt,hdbscan_dist/nt,5391,6089,-698,-12.947505101094418
PROKKA_06122025__gr_1e-12_lr_1e-12_mu_1e-14,34,hdbscan_tsne,nt,hdbscan_tsne/nt,5391,6089,-698,-12.947505101094418
PROKKA_06122025__gr_1e-12_lr_1e-12_mu_1e-14,34,hdbscan_umap,nt,hdbscan_umap/nt,5391,6089,-698,-12.947505101094418
PROKKA_06122025__gr_1e-12_lr_1e-12_mu_1e-14,34,ppanggolin,aa,ppanggolin/aa,5391,5391,0,0.0
PROKKA_06122025__gr_1e-12_lr_1e-12_mu_1e-14,34,panaroo,aa,panaroo/aa,5391,5391,0,0.0
PROKKA_06122025__gr_1e-12_lr_1e-12_mu_1e-14,34,embed_hdbscan_raw,aa,embed_hdbscan_raw/aa,5391,6089,-698,-12.947505101094418
PROKKA_06122025__gr_1e-12_lr_1e-12_mu_1e-14,34,embed_hdbscan_tsne,aa,embed_hdbscan_tsne/aa,5391,6089,-698,-12.947505101094418
PROKKA_06122025__gr_1e-12_lr_1e-12_mu_1e-14,34,embed_hdbscan_umap,aa,embed_hdbscan_umap/aa,5391,6089,-698,-12.947505101094418
PROKKA_06122025__gr_1e-12_lr_1e-12_mu_1e-14,34,mmseqs2,aa,mmseqs2/aa,5391,5391,0,0.0
PROKKA_06122025__gr_1e-12_lr_1e-12_mu_1e-14,34,panta,aa,panta/aa,5391,5373,18,0.333889816360601
PROKKA_06122025__gr_1e-12_lr_1e-12_mu_1e-14,34,connected_components_t0.1,aa,connected_components_t0.1/aa,5391,6089,-698,-12.947505101094418
PROKKA_06122025__gr_1e-12_lr_1e-12_mu_1e-14,34,connected_components_t0.2,aa,connected_components_t0.2/aa,5391,6089,-698,-12.947505101094418
PROKKA_06122025__gr_1e-12_lr_1e-12_mu_1e-14,34,connected_components_t0.3,aa,connected_components_t0.3/aa,5391,6089,-698,-12.947505101094418
PROKKA_06122025__gr_1e-12_lr_1e-12_mu_1e-14,34,connected_components_t0.4,aa,connected_components_t0.4/aa,5391,6089,-698,-12.947505101094418
PROKKA_06122025__gr_1e-12_lr_1e-12_mu_1e-14,34,connected_components_t0.5,aa,connected_components_t0.5/aa,5391,6089,-698,-12.947505101094418
PROKKA_06122025__gr_1e-12_lr_1e-12_mu_1e-14,34,connected_components_t0.6,aa,connected_components_t0.6/aa,5391,6089,-698,-12.947505101094418
PROKKA_06122025__gr_1e-12_lr_1e-12_mu_1e-14,34,connected_components_t0.7,aa,connected_components_t0.7/aa,5391,6089,-698,-12.947505101094418
PROKKA_06122025__gr_1e-12_lr_1e-12_mu_1e-14,34,hdbscan_dist,aa,hdbscan_dist/aa,5391,6089,-698,-12.947505101094418
PROKKA_06122025__gr_1e-12_lr_1e-12_mu_1e-14,34,hdbscan_tsne,aa,hdbscan_tsne/aa,5391,6089,-698,-12.947505101094418
PROKKA_06122025__gr_1e-12_lr_1e-12_mu_1e-14,34,hdbscan_umap,aa,hdbscan_umap/aa,5391,6089,-698,-12.947505101094418
PROKKA_06122025__gr_1e-12_lr_1e-12_mu_1e-14,34,cdhit,nt,cdhit/nt,5391,5391,0,0.0
PROKKA_06122025__gr_1e-12_lr_1e-12_mu_1e-14,34,mmseqs2,nt,mmseqs2/nt,5391,5391,0,0.0
PROKKA_06122025__gr_1e-12_lr_1e-12_mu_1e-14,1274,panx,aa,panx/aa,4438,4405,33,0.743578188373141
PROKKA_06122025__gr_1e-12_lr_1e-12_mu_1e-14,1274,cdhit,aa,cdhit/aa,4438,4438,0,0.0
PROKKA_06122025__gr_1e-12_lr_1e-12_mu_1e-14,1274,diamond,aa,diamond/aa,4438,4438,0,0.0
PROKKA_06122025__gr_1e-12_lr_1e-12_mu_1e-14,1274,connected_components_t0.1,nt,connected_components_t0.1/nt,4438,4999,-561,-12.640829202343399
PROKKA_06122025__gr_1e-12_lr_1e-12_mu_1e-14,1274,connected_components_t0.2,nt,connected_components_t0.2/nt,4438,4999,-561,-12.640829202343399
PROKKA_06122025__gr_1e-12_lr_1e-12_mu_1e-14,1274,connected_components_t0.3,nt,connected_components_t0.3/nt,4438,4999,-561,-12.640829202343399
PROKKA_06122025__gr_1e-12_lr_1e-12_mu_1e-14,1274,connected_components_t0.4,nt,connected_components_t0.4/nt,4438,4999,-561,-12.640829202343399
PROKKA_06122025__gr_1e-12_lr_1e-12_mu_1e-14,1274,connected_components_t0.5,nt,connected_components_t0.5/nt,4438,4999,-561,-12.640829202343399
PROKKA_06122025__gr_1e-12_lr_1e-12_mu_1e-14,1274,connected_components_t0.6,nt,connected_components_t0.6/nt,4438,4999,-561,-12.640829202343399
PROKKA_06122025__gr_1e-12_lr_1e-12_mu_1e-14,1274,connected_components_t0.7,nt,connected_components_t0.7/nt,4438,4999,-561,-12.640829202343399
PROKKA_06122025__gr_1e-12_lr_1e-12_mu_1e-14,1274,hdbscan_dist,nt,hdbscan_dist/nt,4438,4999,-561,-12.640829202343399
PROKKA_06122025__gr_1e-12_lr_1e-12_mu_1e-14,1274,hdbscan_tsne,nt,hdbscan_tsne/nt,4438,4999,-561,-12.640829202343399
PROKKA_06122025__gr_1e-12_lr_1e-12_mu_1e-14,1274,hdbscan_umap,nt,hdbscan_umap/nt,4438,4999,-561,-12.640829202343399
PROKKA_06122025__gr_1e-12_lr_1e-12_mu_1e-14,1274,ppanggolin,aa,ppanggolin/aa,4438,4438,0,0.0
PROKKA_06122025__gr_1e-12_lr_1e-12_mu_1e-14,1274,panaroo,aa,panaroo/aa,4438,4438,0,0.0
PROKKA_06122025__gr_1e-12_lr_1e-12_mu_1e-14,1274,embed_hdbscan_raw,aa,embed_hdbscan_raw/aa,4438,4999,-561,-12.640829202343399
PROKKA_06122025__gr_1e-12_lr_1e-12_mu_1e-14,1274,embed_hdbscan_tsne,aa,embed_hdbscan_tsne/aa,4438,4999,-561,-12.640829202343399
PROKKA_06122025__gr_1e-12_lr_1e-12_mu_1e-14,1274,embed_hdbscan_umap,aa,embed_hdbscan_umap/aa,4438,4999,-561,-12.640829202343399
PROKKA_06122025__gr_1e-12_lr_1e-12_mu_1e-14,1274,mmseqs2,aa,mmseqs2/aa,4438,4438,0,0.0
PROKKA_06122025__gr_1e-12_lr_1e-12_mu_1e-14,1274,panta,aa,panta/aa,4438,4402,36,0.811176205497972
PROKKA_06122025__gr_1e-12_lr_1e-12_mu_1e-14,1274,connected_components_t0.1,aa,connected_components_t0.1/aa,4438,4999,-561,-12.640829202343399
PROKKA_06122025__gr_1e-12_lr_1e-12_mu_1e-14,1274,connected_components_t0.2,aa,connected_components_t0.2/aa,4438,4999,-561,-12.640829202343399
PROKKA_06122025__gr_1e-12_lr_1e-12_mu_1e-14,1274,connected_components_t0.3,aa,connected_components_t0.3/aa,4438,4999,-561,-12.640829202343399
PROKKA_06122025__gr_1e-12_lr_1e-12_mu_1e-14,1274,connected_components_t0.4,aa,connected_components_t0.4/aa,4438,4999,-561,-12.640829202343399
PROKKA_06122025__gr_1e-12_lr_1e-12_mu_1e-14,1274,connected_components_t0.5,aa,connected_components_t0.5/aa,4438,4999,-561,-12.640829202343399
PROKKA_06122025__gr_1e-12_lr_1e-12_mu_1e-14,1274,connected_components_t0.6,aa,connected_components_t0.6/aa,4438,4999,-561,-12.640829202343399
PROKKA_06122025__gr_1e-12_lr_1e-12_mu_1e-14,1274,connected_components_t0.7,aa,connected_components_t0.7/aa,4438,4999,-561,-12.640829202343399
PROKKA_06122025__gr_1e-12_lr_1e-12_mu_1e-14,1274,hdbscan_dist,aa,hdbscan_dist/aa,4438,4999,-561,-12.640829202343399
PROKKA_06122025__gr_1e-12_lr_1e-12_mu_1e-14,1274,hdbscan_tsne,aa,hdbscan_tsne/aa,4438,4999,-561,-12.640829202343399
PROKKA_06122025__gr_1e-12_lr_1e-12_mu_1e-14,1274,hdbscan_umap,aa,hdbscan_umap/aa,4438,4999,-561,-12.640829202343399
PROKKA_06122025__gr_1e-12_lr_1e-12_mu_1e-14,1274,cdhit,nt,cdhit/nt,4438,4438,0,0.0
PROKKA_06122025__gr_1e-12_lr_1e-12_mu_1e-14,1274,mmseqs2,nt,mmseqs2/nt,4438,4438,0,0.0
PROKKA_06122025__gr_1e-12_lr_1e-12_mu_1e-14,1681,panx,aa,panx/aa,5294,5255,39,0.7366830374008312
PROKKA_06122025__gr_1e-12_lr_1e-12_mu_1e-14,1681,cdhit,aa,cdhit/aa,5294,5294,0,0.0
PROKKA_06122025__gr_1e-12_lr_1e-12_mu_1e-14,1681,diamond,aa,diamond/aa,5294,5294,0,0.0
PROKKA_06122025__gr_1e-12_lr_1e-12_mu_1e-14,1681,connected_components_t0.1,nt,connected_components_t0.1/nt,5294,6016,-722,-13.638080846241026
PROKKA_06122025__gr_1e-12_lr_1e-12_mu_1e-14,1681,connected_components_t0.2,nt,connected_components_t0.2/nt,5294,6016,-722,-13.638080846241026
PROKKA_06122025__gr_1e-12_lr_1e-12_mu_1e-14,1681,connected_components_t0.3,nt,connected_components_t0.3/nt,5294,6016,-722,-13.638080846241026
PROKKA_06122025__gr_1e-12_lr_1e-12_mu_1e-14,1681,connected_components_t0.4,nt,connected_components_t0.4/nt,5294,6016,-722,-13.638080846241026
PROKKA_06122025__gr_1e-12_lr_1e-12_mu_1e-14,1681,connected_components_t0.5,nt,connected_components_t0.5/nt,5294,6016,-722,-13.638080846241026
PROKKA_06122025__gr_1e-12_lr_1e-12_mu_1e-14,1681,connected_components_t0.6,nt,connected_components_t0.6/nt,5294,6016,-722,-13.638080846241026
PROKKA_06122025__gr_1e-12_lr_1e-12_mu_1e-14,1681,connected_components_t0.7,nt,connected_components_t0.7/nt,5294,6016,-722,-13.638080846241026
PROKKA_06122025__gr_1e-12_lr_1e-12_mu_1e-14,1681,hdbscan_dist,nt,hdbscan_dist/nt,5294,6016,-722,-13.638080846241026
PROKKA_06122025__gr_1e-12_lr_1e-12_mu_1e-14,1681,hdbscan_tsne,nt,hdbscan_tsne/nt,5294,6016,-722,-13.638080846241026
PROKKA_06122025__gr_1e-12_lr_1e-12_mu_1e-14,1681,hdbscan_umap,nt,hdbscan_umap/nt,5294,6016,-722,-13.638080846241026
PROKKA_06122025__gr_1e-12_lr_1e-12_mu_1e-14,1681,ppanggolin,aa,ppanggolin/aa,5294,5294,0,0.0
PROKKA_06122025__gr_1e-12_lr_1e-12_mu_1e-14,1681,panaroo,aa,panaroo/aa,5294,5294,0,0.0
PROKKA_06122025__gr_1e-12_lr_1e-12_mu_1e-14,1681,embed_hdbscan_raw,aa,embed_hdbscan_raw/aa,5294,6016,-722,-13.638080846241026
PROKKA_06122025__gr_1e-12_lr_1e-12_mu_1e-14,1681,embed_hdbscan_tsne,aa,embed_hdbscan_tsne/aa,5294,6016,-722,-13.638080846241026
PROKKA_06122025__gr_1e-12_lr_1e-12_mu_1e-14,1681,embed_hdbscan_umap,aa,embed_hdbscan_umap/aa,5294,6016,-722,-13.638080846241026
PROKKA_06122025__gr_1e-12_lr_1e-12_mu_1e-14,1681,mmseqs2,aa,mmseqs2/aa,5294,5294,0,0.0
PROKKA_06122025__gr_1e-12_lr_1e-12_mu_1e-14,1681,panta,aa,panta/aa,5294,5249,45,0.8500188893086513
PROKKA_06122025__gr_1e-12_lr_1e-12_mu_1e-14,1681,connected_components_t0.1,aa,connected_components_t0.1/aa,5294,6016,-722,-13.638080846241026
PROKKA_06122025__gr_1e-12_lr_1e-12_mu_1e-14,1681,connected_components_t0.2,aa,connected_components_t0.2/aa,5294,6016,-722,-13.638080846241026
PROKKA_06122025__gr_1e-12_lr_1e-12_mu_1e-14,1681,connected_components_t0.3,aa,connected_components_t0.3/aa,5294,6016,-722,-13.638080846241026
PROKKA_06122025__gr_1e-12_lr_1e-12_mu_1e-14,1681,connected_components_t0.4,aa,connected_components_t0.4/aa,5294,6016,-722,-13.638080846241026
PROKKA_06122025__gr_1e-12_lr_1e-12_mu_1e-14,1681,connected_components_t0.5,aa,connected_components_t0.5/aa,5294,6016,-722,-13.638080846241026
PROKKA_06122025__gr_1e-12_lr_1e-12_mu_1e-14,1681,connected_components_t0.6,aa,connected_components_t0.6/aa,5294,6016,-722,-13.638080846241026
PROKKA_06122025__gr_1e-12_lr_1e-12_mu_1e-14,1681,connected_components_t0.7,aa,connected_components_t0.7/aa,5294,6016,-722,-13.638080846241026
PROKKA_06122025__gr_1e-12_lr_1e-12_mu_1e-14,1681,hdbscan_dist,aa,hdbscan_dist/aa,5294,6016,-722,-13.638080846241026
PROKKA_06122025__gr_1e-12_lr_1e-12_mu_1e-14,1681,hdbscan_tsne,aa,hdbscan_tsne/aa,5294,6016,-722,-13.638080846241026
PROKKA_06122025__gr_1e-12_lr_1e-12_mu_1e-14,1681,hdbscan_umap,aa,hdbscan_umap/aa,5294,6016,-722,-13.638080846241026
PROKKA_06122025__gr_1e-12_lr_1e-12_mu_1e-14,1681,cdhit,nt,cdhit/nt,5294,5294,0,0.0
PROKKA_06122025__gr_1e-12_lr_1e-12_mu_1e-14,1681,mmseqs2,nt,mmseqs2/nt,5294,5294,0,0.0
PROKKA_06122025__gr_1e-12_lr_1e-12_mu_1e-14,1894,panx,aa,panx/aa,5054,5029,25,0.4946576968737634
PROKKA_06122025__gr_1e-12_lr_1e-12_mu_1e-14,1894,cdhit,aa,cdhit/aa,5054,5054,0,0.0
PROKKA_06122025__gr_1e-12_lr_1e-12_mu_1e-14,1894,diamond,aa,diamond/aa,5054,5054,0,0.0
PROKKA_06122025__gr_1e-12_lr_1e-12_mu_1e-14,1894,connected_components_t0.1,nt,connected_components_t0.1/nt,5054,5654,-600,-11.87178472497032
PROKKA_06122025__gr_1e-12_lr_1e-12_mu_1e-14,1894,connected_components_t0.2,nt,connected_components_t0.2/nt,5054,5654,-600,-11.87178472497032
PROKKA_06122025__gr_1e-12_lr_1e-12_mu_1e-14,1894,connected_components_t0.3,nt,connected_components_t0.3/nt,5054,5654,-600,-11.87178472497032
PROKKA_06122025__gr_1e-12_lr_1e-12_mu_1e-14,1894,connected_components_t0.4,nt,connected_components_t0.4/nt,5054,5654,-600,-11.87178472497032
PROKKA_06122025__gr_1e-12_lr_1e-12_mu_1e-14,1894,connected_components_t0.5,nt,connected_components_t0.5/nt,5054,5654,-600,-11.87178472497032
PROKKA_06122025__gr_1e-12_lr_1e-12_mu_1e-14,1894,connected_components_t0.6,nt,connected_components_t0.6/nt,5054,5654,-600,-11.87178472497032
PROKKA_06122025__gr_1e-12_lr_1e-12_mu_1e-14,1894,connected_components_t0.7,nt,connected_components_t0.7/nt,5054,5654,-600,-11.87178472497032
PROKKA_06122025__gr_1e-12_lr_1e-12_mu_1e-14,1894,hdbscan_dist,nt,hdbscan_dist/nt,5054,5654,-600,-11.87178472497032
PROKKA_06122025__gr_1e-12_lr_1e-12_mu_1e-14,1894,hdbscan_tsne,nt,hdbscan_tsne/nt,5054,5654,-600,-11.87178472497032
PROKKA_06122025__gr_1e-12_lr_1e-12_mu_1e-14,1894,hdbscan_umap,nt,hdbscan_umap/nt,5054,5654,-600,-11.87178472497032
PROKKA_06122025__gr_1e-12_lr_1e-12_mu_1e-14,1894,ppanggolin,aa,ppanggolin/aa,5054,5054,0,0.0
PROKKA_06122025__gr_1e-12_lr_1e-12_mu_1e-14,1894,panaroo,aa,panaroo/aa,5054,5054,0,0.0
PROKKA_06122025__gr_1e-12_lr_1e-12_mu_1e-14,1894,embed_hdbscan_raw,aa,embed_hdbscan_raw/aa,5054,5654,-600,-11.87178472497032
PROKKA_06122025__gr_1e-12_lr_1e-12_mu_1e-14,1894,embed_hdbscan_tsne,aa,embed_hdbscan_tsne/aa,5054,5654,-600,-11.87178472497032
PROKKA_06122025__gr_1e-12_lr_1e-12_mu_1e-14,1894,embed_hdbscan_umap,aa,embed_hdbscan_umap/aa,5054,5654,-600,-11.87178472497032
PROKKA_06122025__gr_1e-12_lr_1e-12_mu_1e-14,1894,mmseqs2,aa,mmseqs2/aa,5054,5054,0,0.0
PROKKA_06122025__gr_1e-12_lr_1e-12_mu_1e-14,1894,panta,aa,panta/aa,5054,5011,43,0.850811238622873
PROKKA_06122025__gr_1e-12_lr_1e-12_mu_1e-14,1894,connected_components_t0.1,aa,connected_components_t0.1/aa,5054,5654,-600,-11.87178472497032
PROKKA_06122025__gr_1e-12_lr_1e-12_mu_1e-14,1894,connected_components_t0.2,aa,connected_components_t0.2/aa,5054,5654,-600,-11.87178472497032
PROKKA_06122025__gr_1e-12_lr_1e-12_mu_1e-14,1894,connected_components_t0.3,aa,connected_components_t0.3/aa,5054,5654,-600,-11.87178472497032
PROKKA_06122025__gr_1e-12_lr_1e-12_mu_1e-14,1894,connected_components_t0.4,aa,connected_components_t0.4/aa,5054,5654,-600,-11.87178472497032
PROKKA_06122025__gr_1e-12_lr_1e-12_mu_1e-14,1894,connected_components_t0.5,aa,connected_components_t0.5/aa,5054,5654,-600,-11.87178472497032
PROKKA_06122025__gr_1e-12_lr_1e-12_mu_1e-14,1894,connected_components_t0.6,aa,connected_components_t0.6/aa,5054,5654,-600,-11.87178472497032
PROKKA_06122025__gr_1e-12_lr_1e-12_mu_1e-14,1894,connected_components_t0.7,aa,connected_components_t0.7/aa,5054,5654,-600,-11.87178472497032
PROKKA_06122025__gr_1e-12_lr_1e-12_mu_1e-14,1894,hdbscan_dist,aa,hdbscan_dist/aa,5054,5654,-600,-11.87178472497032
PROKKA_06122025__gr_1e-12_lr_1e-12_mu_1e-14,1894,hdbscan_tsne,aa,hdbscan_tsne/aa,5054,5654,-600,-11.87178472497032
PROKKA_06122025__gr_1e-12_lr_1e-12_mu_1e-14,1894,hdbscan_umap,aa,hdbscan_umap/aa,5054,5654,-600,-11.87178472497032
PROKKA_06122025__gr_1e-12_lr_1e-12_mu_1e-14,1894,cdhit,nt,cdhit/nt,5054,5054,0,0.0
PROKKA_06122025__gr_1e-12_lr_1e-12_mu_1e-14,1894,mmseqs2,nt,mmseqs2/nt,5054,5054,0,0.0
PROKKA_06122025__gr_1e-12_lr_1e-12_mu_1e-14,5455,panx,aa,panx/aa,5252,5194,58,1.1043412033511044
PROKKA_06122025__gr_1e-12_lr_1e-12_mu_1e-14,5455,cdhit,aa,cdhit/aa,5252,5252,0,0.0
PROKKA_06122025__gr_1e-12_lr_1e-12_mu_1e-14,5455,diamond,aa,diamond/aa,5252,5252,0,0.0
PROKKA_06122025__gr_1e-12_lr_1e-12_mu_1e-14,5455,ppanggolin,aa,ppanggolin/aa,5252,5252,0,0.0
PROKKA_06122025__gr_1e-12_lr_1e-12_mu_1e-14,5455,panaroo,aa,panaroo/aa,5252,5252,0,0.0
PROKKA_06122025__gr_1e-12_lr_1e-12_mu_1e-14,5455,embed_hdbscan_raw,aa,embed_hdbscan_raw/aa,5252,6015,-763,-14.527798933739527
PROKKA_06122025__gr_1e-12_lr_1e-12_mu_1e-14,5455,embed_hdbscan_tsne,aa,embed_hdbscan_tsne/aa,5252,6015,-763,-14.527798933739527
PROKKA_06122025__gr_1e-12_lr_1e-12_mu_1e-14,5455,embed_hdbscan_umap,aa,embed_hdbscan_umap/aa,5252,6015,-763,-14.527798933739527
PROKKA_06122025__gr_1e-12_lr_1e-12_mu_1e-14,5455,mmseqs2,aa,mmseqs2/aa,5252,5252,0,0.0
PROKKA_06122025__gr_1e-12_lr_1e-12_mu_1e-14,5455,panta,aa,panta/aa,5252,5234,18,0.3427265803503427
PROKKA_06122025__gr_1e-12_lr_1e-12_mu_1e-14,5455,connected_components_t0.1,aa,connected_components_t0.1/aa,5252,6015,-763,-14.527798933739527
PROKKA_06122025__gr_1e-12_lr_1e-12_mu_1e-14,5455,connected_components_t0.2,aa,connected_components_t0.2/aa,5252,6015,-763,-14.527798933739527
PROKKA_06122025__gr_1e-12_lr_1e-12_mu_1e-14,5455,connected_components_t0.3,aa,connected_components_t0.3/aa,5252,6015,-763,-14.527798933739527
PROKKA_06122025__gr_1e-12_lr_1e-12_mu_1e-14,5455,connected_components_t0.4,aa,connected_components_t0.4/aa,5252,6015,-763,-14.527798933739527
PROKKA_06122025__gr_1e-12_lr_1e-12_mu_1e-14,5455,connected_components_t0.5,aa,connected_components_t0.5/aa,5252,6015,-763,-14.527798933739527
PROKKA_06122025__gr_1e-12_lr_1e-12_mu_1e-14,5455,connected_components_t0.6,aa,connected_components_t0.6/aa,5252,6015,-763,-14.527798933739527
PROKKA_06122025__gr_1e-12_lr_1e-12_mu_1e-14,5455,connected_components_t0.7,aa,connected_components_t0.7/aa,5252,6015,-763,-14.527798933739527
PROKKA_06122025__gr_1e-12_lr_1e-12_mu_1e-14,5455,hdbscan_dist,aa,hdbscan_dist/aa,5252,6015,-763,-14.527798933739527
PROKKA_06122025__gr_1e-12_lr_1e-12_mu_1e-14,5455,hdbscan_tsne,aa,hdbscan_tsne/aa,5252,6015,-763,-14.527798933739527
PROKKA_06122025__gr_1e-12_lr_1e-12_mu_1e-14,5455,hdbscan_umap,aa,hdbscan_umap/aa,5252,6015,-763,-14.527798933739527
PROKKA_06122025__gr_1e-12_lr_1e-12_mu_1e-14,5455,cdhit,nt,cdhit/nt,5252,5252,0,0.0
PROKKA_06122025__gr_1e-12_lr_1e-12_mu_1e-14,5455,mmseqs2,nt,mmseqs2/nt,5252,5252,0,0.0
PROKKA_06122025__gr_1e-12_lr_1e-12_mu_1e-14,6032,panx,aa,panx/aa,4485,4459,26,0.5797101449275363
PROKKA_06122025__gr_1e-12_lr_1e-12_mu_1e-14,6032,cdhit,aa,cdhit/aa,4485,4485,0,0.0
PROKKA_06122025__gr_1e-12_lr_1e-12_mu_1e-14,6032,diamond,aa,diamond/aa,4485,4485,0,0.0
PROKKA_06122025__gr_1e-12_lr_1e-12_mu_1e-14,6032,connected_components_t0.1,nt,connected_components_t0.1/nt,4485,5406,-921,-20.535117056856187
PROKKA_06122025__gr_1e-12_lr_1e-12_mu_1e-14,6032,connected_components_t0.2,nt,connected_components_t0.2/nt,4485,5406,-921,-20.535117056856187
PROKKA_06122025__gr_1e-12_lr_1e-12_mu_1e-14,6032,connected_components_t0.3,nt,connected_components_t0.3/nt,4485,5406,-921,-20.535117056856187
PROKKA_06122025__gr_1e-12_lr_1e-12_mu_1e-14,6032,connected_components_t0.4,nt,connected_components_t0.4/nt,4485,5406,-921,-20.535117056856187
PROKKA_06122025__gr_1e-12_lr_1e-12_mu_1e-14,6032,connected_components_t0.5,nt,connected_components_t0.5/nt,4485,5406,-921,-20.535117056856187
PROKKA_06122025__gr_1e-12_lr_1e-12_mu_1e-14,6032,connected_components_t0.6,nt,connected_components_t0.6/nt,4485,5406,-921,-20.535117056856187
PROKKA_06122025__gr_1e-12_lr_1e-12_mu_1e-14,6032,connected_components_t0.7,nt,connected_components_t0.7/nt,4485,5406,-921,-20.535117056856187
PROKKA_06122025__gr_1e-12_lr_1e-12_mu_1e-14,6032,hdbscan_dist,nt,hdbscan_dist/nt,4485,5406,-921,-20.535117056856187
PROKKA_06122025__gr_1e-12_lr_1e-12_mu_1e-14,6032,hdbscan_tsne,nt,hdbscan_tsne/nt,4485,5406,-921,-20.535117056856187
PROKKA_06122025__gr_1e-12_lr_1e-12_mu_1e-14,6032,hdbscan_umap,nt,hdbscan_umap/nt,4485,5406,-921,-20.535117056856187
PROKKA_06122025__gr_1e-12_lr_1e-12_mu_1e-14,6032,ppanggolin,aa,ppanggolin/aa,4485,4485,0,0.0
PROKKA_06122025__gr_1e-12_lr_1e-12_mu_1e-14,6032,panaroo,aa,panaroo/aa,4485,4485,0,0.0
PROKKA_06122025__gr_1e-12_lr_1e-12_mu_1e-14,6032,embed_hdbscan_raw,aa,embed_hdbscan_raw/aa,4485,5406,-921,-20.535117056856187
PROKKA_06122025__gr_1e-12_lr_1e-12_mu_1e-14,6032,embed_hdbscan_tsne,aa,embed_hdbscan_tsne/aa,4485,5406,-921,-20.535117056856187
PROKKA_06122025__gr_1e-12_lr_1e-12_mu_1e-14,6032,embed_hdbscan_umap,aa,embed_hdbscan_umap/aa,4485,5406,-921,-20.535117056856187
PROKKA_06122025__gr_1e-12_lr_1e-12_mu_1e-14,6032,mmseqs2,aa,mmseqs2/aa,4485,4485,0,0.0
PROKKA_06122025__gr_1e-12_lr_1e-12_mu_1e-14,6032,panta,aa,panta/aa,4485,4454,31,0.6911928651059085
PROKKA_06122025__gr_1e-12_lr_1e-12_mu_1e-14,6032,connected_components_t0.1,aa,connected_components_t0.1/aa,4485,5406,-921,-20.535117056856187
PROKKA_06122025__gr_1e-12_lr_1e-12_mu_1e-14,6032,connected_components_t0.2,aa,connected_components_t0.2/aa,4485,5406,-921,-20.535117056856187
PROKKA_06122025__gr_1e-12_lr_1e-12_mu_1e-14,6032,connected_components_t0.3,aa,connected_components_t0.3/aa,4485,5406,-921,-20.535117056856187
PROKKA_06122025__gr_1e-12_lr_1e-12_mu_1e-14,6032,connected_components_t0.4,aa,connected_components_t0.4/aa,4485,5406,-921,-20.535117056856187
PROKKA_06122025__gr_1e-12_lr_1e-12_mu_1e-14,6032,connected_components_t0.5,aa,connected_components_t0.5/aa,4485,5406,-921,-20.535117056856187
PROKKA_06122025__gr_1e-12_lr_1e-12_mu_1e-14,6032,connected_components_t0.6,aa,connected_components_t0.6/aa,4485,5406,-921,-20.535117056856187
PROKKA_06122025__gr_1e-12_lr_1e-12_mu_1e-14,6032,connected_components_t0.7,aa,connected_components_t0.7/aa,4485,5406,-921,-20.535117056856187
PROKKA_06122025__gr_1e-12_lr_1e-12_mu_1e-14,6032,hdbscan_dist,aa,hdbscan_dist/aa,4485,5406,-921,-20.535117056856187
PROKKA_06122025__gr_1e-12_lr_1e-12_mu_1e-14,6032,hdbscan_tsne,aa,hdbscan_tsne/aa,4485,5406,-921,-20.535117056856187
PROKKA_06122025__gr_1e-12_lr_1e-12_mu_1e-14,6032,hdbscan_umap,aa,hdbscan_umap/aa,4485,5406,-921,-20.535117056856187
PROKKA_06122025__gr_1e-12_lr_1e-12_mu_1e-14,6032,cdhit,nt,cdhit/nt,4485,4485,0,0.0
PROKKA_06122025__gr_1e-12_lr_1e-12_mu_1e-14,6032,mmseqs2,nt,mmseqs2/nt,4485,4485,0,0.0
PROKKA_06122025__gr_1e-12_lr_1e-12_mu_1e-14,11998,panx,aa,panx/aa,5114,5081,33,0.6452874462260462
PROKKA_06122025__gr_1e-12_lr_1e-12_mu_1e-14,11998,cdhit,aa,cdhit/aa,5114,5114,0,0.0
PROKKA_06122025__gr_1e-12_lr_1e-12_mu_1e-14,11998,diamond,aa,diamond/aa,5114,5114,0,0.0
PROKKA_06122025__gr_1e-12_lr_1e-12_mu_1e-14,11998,connected_components_t0.1,nt,connected_components_t0.1/nt,5114,5975,-861,-16.836136096988657
PROKKA_06122025__gr_1e-12_lr_1e-12_mu_1e-14,11998,connected_components_t0.2,nt,connected_components_t0.2/nt,5114,5975,-861,-16.836136096988657
PROKKA_06122025__gr_1e-12_lr_1e-12_mu_1e-14,11998,connected_components_t0.3,nt,connected_components_t0.3/nt,5114,5975,-861,-16.836136096988657
PROKKA_06122025__gr_1e-12_lr_1e-12_mu_1e-14,11998,connected_components_t0.4,nt,connected_components_t0.4/nt,5114,5975,-861,-16.836136096988657
PROKKA_06122025__gr_1e-12_lr_1e-12_mu_1e-14,11998,connected_components_t0.5,nt,connected_components_t0.5/nt,5114,5975,-861,-16.836136096988657
PROKKA_06122025__gr_1e-12_lr_1e-12_mu_1e-14,11998,connected_components_t0.6,nt,connected_components_t0.6/nt,5114,5975,-861,-16.836136096988657
PROKKA_06122025__gr_1e-12_lr_1e-12_mu_1e-14,11998,connected_components_t0.7,nt,connected_components_t0.7/nt,5114,5975,-861,-16.836136096988657
PROKKA_06122025__gr_1e-12_lr_1e-12_mu_1e-14,11998,hdbscan_dist,nt,hdbscan_dist/nt,5114,5975,-861,-16.836136096988657
PROKKA_06122025__gr_1e-12_lr_1e-12_mu_1e-14,11998,hdbscan_tsne,nt,hdbscan_tsne/nt,5114,5975,-861,-16.836136096988657
PROKKA_06122025__gr_1e-12_lr_1e-12_mu_1e-14,11998,hdbscan_umap,nt,hdbscan_umap/nt,5114,5975,-861,-16.836136096988657
PROKKA_06122025__gr_1e-12_lr_1e-12_mu_1e-14,11998,ppanggolin,aa,ppanggolin/aa,5114,5114,0,0.0
PROKKA_06122025__gr_1e-12_lr_1e-12_mu_1e-14,11998,panaroo,aa,panaroo/aa,5114,5114,0,0.0
PROKKA_06122025__gr_1e-12_lr_1e-12_mu_1e-14,11998,embed_hdbscan_raw,aa,embed_hdbscan_raw/aa,5114,5975,-861,-16.836136096988657
PROKKA_06122025__gr_1e-12_lr_1e-12_mu_1e-14,11998,embed_hdbscan_tsne,aa,embed_hdbscan_tsne/aa,5114,5975,-861,-16.836136096988657
PROKKA_06122025__gr_1e-12_lr_1e-12_mu_1e-14,11998,embed_hdbscan_umap,aa,embed_hdbscan_umap/aa,5114,5975,-861,-16.836136096988657
PROKKA_06122025__gr_1e-12_lr_1e-12_mu_1e-14,11998,mmseqs2,aa,mmseqs2/aa,5114,5114,0,0.0
PROKKA_06122025__gr_1e-12_lr_1e-12_mu_1e-14,11998,panta,aa,panta/aa,5114,5070,44,0.8603832616347282
PROKKA_06122025__gr_1e-12_lr_1e-12_mu_1e-14,11998,connected_components_t0.1,aa,connected_components_t0.1/aa,5114,5975,-861,-16.836136096988657
PROKKA_06122025__gr_1e-12_lr_1e-12_mu_1e-14,11998,connected_components_t0.2,aa,connected_components_t0.2/aa,5114,5975,-861,-16.836136096988657
PROKKA_06122025__gr_1e-12_lr_1e-12_mu_1e-14,11998,connected_components_t0.3,aa,connected_components_t0.3/aa,5114,5975,-861,-16.836136096988657
PROKKA_06122025__gr_1e-12_lr_1e-12_mu_1e-14,11998,connected_components_t0.4,aa,connected_components_t0.4/aa,5114,5975,-861,-16.836136096988657
PROKKA_06122025__gr_1e-12_lr_1e-12_mu_1e-14,11998,connected_components_t0.5,aa,connected_components_t0.5/aa,5114,5975,-861,-16.836136096988657
PROKKA_06122025__gr_1e-12_lr_1e-12_mu_1e-14,11998,connected_components_t0.6,aa,connected_components_t0.6/aa,5114,5975,-861,-16.836136096988657
PROKKA_06122025__gr_1e-12_lr_1e-12_mu_1e-14,11998,connected_components_t0.7,aa,connected_components_t0.7/aa,5114,5975,-861,-16.836136096988657
PROKKA_06122025__gr_1e-12_lr_1e-12_mu_1e-14,11998,hdbscan_dist,aa,hdbscan_dist/aa,5114,5975,-861,-16.836136096988657
PROKKA_06122025__gr_1e-12_lr_1e-12_mu_1e-14,11998,hdbscan_tsne,aa,hdbscan_tsne/aa,5114,5975,-861,-16.836136096988657
PROKKA_06122025__gr_1e-12_lr_1e-12_mu_1e-14,11998,hdbscan_umap,aa,hdbscan_umap/aa,5114,5975,-861,-16.836136096988657
PROKKA_06122025__gr_1e-12_lr_1e-12_mu_1e-14,11998,cdhit,nt,cdhit/nt,5114,5114,0,0.0
PROKKA_06122025__gr_1e-12_lr_1e-12_mu_1e-14,11998,mmseqs2,nt,mmseqs2/nt,5114,5114,0,0.0
PROKKA_06122025__gr_1e-12_lr_1e-12_mu_1e-14,13478,panx,aa,panx/aa,5351,5330,21,0.39245000934404783
PROKKA_06122025__gr_1e-12_lr_1e-12_mu_1e-14,13478,cdhit,aa,cdhit/aa,5351,5351,0,0.0
PROKKA_06122025__gr_1e-12_lr_1e-12_mu_1e-14,13478,diamond,aa,diamond/aa,5351,5351,0,0.0
PROKKA_06122025__gr_1e-12_lr_1e-12_mu_1e-14,13478,connected_components_t0.1,nt,connected_components_t0.1/nt,5351,6031,-680,-12.707905064473929
PROKKA_06122025__gr_1e-12_lr_1e-12_mu_1e-14,13478,connected_components_t0.2,nt,connected_components_t0.2/nt,5351,6031,-680,-12.707905064473929
PROKKA_06122025__gr_1e-12_lr_1e-12_mu_1e-14,13478,connected_components_t0.3,nt,connected_components_t0.3/nt,5351,6031,-680,-12.707905064473929
PROKKA_06122025__gr_1e-12_lr_1e-12_mu_1e-14,13478,connected_components_t0.4,nt,connected_components_t0.4/nt,5351,6031,-680,-12.707905064473929
PROKKA_06122025__gr_1e-12_lr_1e-12_mu_1e-14,13478,connected_components_t0.5,nt,connected_components_t0.5/nt,5351,6031,-680,-12.707905064473929
PROKKA_06122025__gr_1e-12_lr_1e-12_mu_1e-14,13478,connected_components_t0.6,nt,connected_components_t0.6/nt,5351,6031,-680,-12.707905064473929
PROKKA_06122025__gr_1e-12_lr_1e-12_mu_1e-14,13478,connected_components_t0.7,nt,connected_components_t0.7/nt,5351,6031,-680,-12.707905064473929
PROKKA_06122025__gr_1e-12_lr_1e-12_mu_1e-14,13478,hdbscan_dist,nt,hdbscan_dist/nt,5351,6031,-680,-12.707905064473929
PROKKA_06122025__gr_1e-12_lr_1e-12_mu_1e-14,13478,hdbscan_tsne,nt,hdbscan_tsne/nt,5351,6031,-680,-12.707905064473929
PROKKA_06122025__gr_1e-12_lr_1e-12_mu_1e-14,13478,hdbscan_umap,nt,hdbscan_umap/nt,5351,6031,-680,-12.707905064473929
PROKKA_06122025__gr_1e-12_lr_1e-12_mu_1e-14,13478,ppanggolin,aa,ppanggolin/aa,5351,5351,0,0.0
PROKKA_06122025__gr_1e-12_lr_1e-12_mu_1e-14,13478,panaroo,aa,panaroo/aa,5351,5351,0,0.0
PROKKA_06122025__gr_1e-12_lr_1e-12_mu_1e-14,13478,embed_hdbscan_raw,aa,embed_hdbscan_raw/aa,5351,6031,-680,-12.707905064473929
PROKKA_06122025__gr_1e-12_lr_1e-12_mu_1e-14,13478,embed_hdbscan_tsne,aa,embed_hdbscan_tsne/aa,5351,6031,-680,-12.707905064473929
PROKKA_06122025__gr_1e-12_lr_1e-12_mu_1e-14,13478,embed_hdbscan_umap,aa,embed_hdbscan_umap/aa,5351,6031,-680,-12.707905064473929
PROKKA_06122025__gr_1e-12_lr_1e-12_mu_1e-14,13478,mmseqs2,aa,mmseqs2/aa,5351,5351,0,0.0
PROKKA_06122025__gr_1e-12_lr_1e-12_mu_1e-14,13478,panta,aa,panta/aa,5351,5319,32,0.5980190618575967
PROKKA_06122025__gr_1e-12_lr_1e-12_mu_1e-14,13478,connected_components_t0.1,aa,connected_components_t0.1/aa,5351,6031,-680,-12.707905064473929
PROKKA_06122025__gr_1e-12_lr_1e-12_mu_1e-14,13478,connected_components_t0.2,aa,connected_components_t0.2/aa,5351,6031,-680,-12.707905064473929
PROKKA_06122025__gr_1e-12_lr_1e-12_mu_1e-14,13478,connected_components_t0.3,aa,connected_components_t0.3/aa,5351,6031,-680,-12.707905064473929
PROKKA_06122025__gr_1e-12_lr_1e-12_mu_1e-14,13478,connected_components_t0.4,aa,connected_components_t0.4/aa,5351,6031,-680,-12.707905064473929
PROKKA_06122025__gr_1e-12_lr_1e-12_mu_1e-14,13478,connected_components_t0.5,aa,connected_components_t0.5/aa,5351,6031,-680,-12.707905064473929
PROKKA_06122025__gr_1e-12_lr_1e-12_mu_1e-14,13478,connected_components_t0.6,aa,connected_components_t0.6/aa,5351,6031,-680,-12.707905064473929
PROKKA_06122025__gr_1e-12_lr_1e-12_mu_1e-14,13478,connected_components_t0.7,aa,connected_components_t0.7/aa,5351,6031,-680,-12.707905064473929
PROKKA_06122025__gr_1e-12_lr_1e-12_mu_1e-14,13478,hdbscan_dist,aa,hdbscan_dist/aa,5351,6031,-680,-12.707905064473929
PROKKA_06122025__gr_1e-12_lr_1e-12_mu_1e-14,13478,hdbscan_tsne,aa,hdbscan_tsne/aa,5351,6031,-680,-12.707905064473929
PROKKA_06122025__gr_1e-12_lr_1e-12_mu_1e-14,13478,hdbscan_umap,aa,hdbscan_umap/aa,5351,6031,-680,-12.707905064473929
PROKKA_06122025__gr_1e-12_lr_1e-12_mu_1e-14,13478,cdhit,nt,cdhit/nt,5351,5351,0,0.0
PROKKA_06122025__gr_1e-12_lr_1e-12_mu_1e-14,13478,mmseqs2,nt,mmseqs2/nt,5351,5351,0,0.0
PROKKA_06122025__gr_1e-12_lr_1e-12_mu_1e-14,14557,panx,aa,panx/aa,4977,4916,61,1.2256379344986938
PROKKA_06122025__gr_1e-12_lr_1e-12_mu_1e-14,14557,cdhit,aa,cdhit/aa,4977,4977,0,0.0
PROKKA_06122025__gr_1e-12_lr_1e-12_mu_1e-14,14557,diamond,aa,diamond/aa,4977,4977,0,0.0
PROKKA_06122025__gr_1e-12_lr_1e-12_mu_1e-14,14557,connected_components_t0.1,nt,connected_components_t0.1/nt,4977,5846,-869,-17.46031746031746
PROKKA_06122025__gr_1e-12_lr_1e-12_mu_1e-14,14557,connected_components_t0.2,nt,connected_components_t0.2/nt,4977,5846,-869,-17.46031746031746
PROKKA_06122025__gr_1e-12_lr_1e-12_mu_1e-14,14557,connected_components_t0.3,nt,connected_components_t0.3/nt,4977,5846,-869,-17.46031746031746
PROKKA_06122025__gr_1e-12_lr_1e-12_mu_1e-14,14557,connected_components_t0.4,nt,connected_components_t0.4/nt,4977,5846,-869,-17.46031746031746
PROKKA_06122025__gr_1e-12_lr_1e-12_mu_1e-14,14557,connected_components_t0.5,nt,connected_components_t0.5/nt,4977,5846,-869,-17.46031746031746
PROKKA_06122025__gr_1e-12_lr_1e-12_mu_1e-14,14557,connected_components_t0.6,nt,connected_components_t0.6/nt,4977,5846,-869,-17.46031746031746
PROKKA_06122025__gr_1e-12_lr_1e-12_mu_1e-14,14557,connected_components_t0.7,nt,connected_components_t0.7/nt,4977,5846,-869,-17.46031746031746
PROKKA_06122025__gr_1e-12_lr_1e-12_mu_1e-14,14557,hdbscan_dist,nt,hdbscan_dist/nt,4977,5846,-869,-17.46031746031746
PROKKA_06122025__gr_1e-12_lr_1e-12_mu_1e-14,14557,hdbscan_tsne,nt,hdbscan_tsne/nt,4977,5846,-869,-17.46031746031746
PROKKA_06122025__gr_1e-12_lr_1e-12_mu_1e-14,14557,hdbscan_umap,nt,hdbscan_umap/nt,4977,5846,-869,-17.46031746031746
PROKKA_06122025__gr_1e-12_lr_1e-12_mu_1e-14,14557,ppanggolin,aa,ppanggolin/aa,4977,4977,0,0.0
PROKKA_06122025__gr_1e-12_lr_1e-12_mu_1e-14,14557,panaroo,aa,panaroo/aa,4977,4977,0,0.0
PROKKA_06122025__gr_1e-12_lr_1e-12_mu_1e-14,14557,embed_hdbscan_raw,aa,embed_hdbscan_raw/aa,4977,5846,-869,-17.46031746031746
PROKKA_06122025__gr_1e-12_lr_1e-12_mu_1e-14,14557,embed_hdbscan_tsne,aa,embed_hdbscan_tsne/aa,4977,5846,-869,-17.46031746031746
PROKKA_06122025__gr_1e-12_lr_1e-12_mu_1e-14,14557,embed_hdbscan_umap,aa,embed_hdbscan_umap/aa,4977,5846,-869,-17.46031746031746
PROKKA_06122025__gr_1e-12_lr_1e-12_mu_1e-14,14557,mmseqs2,aa,mmseqs2/aa,4977,4977,0,0.0
PROKKA_06122025__gr_1e-12_lr_1e-12_mu_1e-14,14557,panta,aa,panta/aa,4977,4945,32,0.6429576049829214
PROKKA_06122025__gr_1e-12_lr_1e-12_mu_1e-14,14557,connected_components_t0.1,aa,connected_components_t0.1/aa,4977,5846,-869,-17.46031746031746
PROKKA_06122025__gr_1e-12_lr_1e-12_mu_1e-14,14557,connected_components_t0.2,aa,connected_components_t0.2/aa,4977,5846,-869,-17.46031746031746
PROKKA_06122025__gr_1e-12_lr_1e-12_mu_1e-14,14557,connected_components_t0.3,aa,connected_components_t0.3/aa,4977,5846,-869,-17.46031746031746
PROKKA_06122025__gr_1e-12_lr_1e-12_mu_1e-14,14557,connected_components_t0.4,aa,connected_components_t0.4/aa,4977,5846,-869,-17.46031746031746
PROKKA_06122025__gr_1e-12_lr_1e-12_mu_1e-14,14557,connected_components_t0.5,aa,connected_components_t0.5/aa,4977,5846,-869,-17.46031746031746
PROKKA_06122025__gr_1e-12_lr_1e-12_mu_1e-14,14557,connected_components_t0.6,aa,connected_components_t0.6/aa,4977,5846,-869,-17.46031746031746
PROKKA_06122025__gr_1e-12_lr_1e-12_mu_1e-14,14557,connected_components_t0.7,aa,connected_components_t0.7/aa,4977,5846,-869,-17.46031746031746
PROKKA_06122025__gr_1e-12_lr_1e-12_mu_1e-14,14557,hdbscan_dist,aa,hdbscan_dist/aa,4977,5846,-869,-17.46031746031746
PROKKA_06122025__gr_1e-12_lr_1e-12_mu_1e-14,14557,hdbscan_tsne,aa,hdbscan_tsne/aa,4977,5846,-869,-17.46031746031746
PROKKA_06122025__gr_1e-12_lr_1e-12_mu_1e-14,14557,hdbscan_umap,aa,hdbscan_umap/aa,4977,5846,-869,-17.46031746031746
PROKKA_06122025__gr_1e-12_lr_1e-12_mu_1e-14,14557,cdhit,nt,cdhit/nt,4977,4977,0,0.0
PROKKA_06122025__gr_1e-12_lr_1e-12_mu_1e-14,14557,mmseqs2,nt,mmseqs2/nt,4977,4977,0,0.0
PROKKA_06122025__gr_1e-12_lr_1e-12_mu_1e-14,14720,cdhit,aa,cdhit/aa,4726,4726,0,0.0
PROKKA_06122025__gr_1e-12_lr_1e-12_mu_1e-14,14720,diamond,aa,diamond/aa,4726,4726,0,0.0
PROKKA_06122025__gr_1e-12_lr_1e-12_mu_1e-14,14720,connected_components_t0.1,nt,connected_components_t0.1/nt,4726,5446,-720,-15.23487092678798
PROKKA_06122025__gr_1e-12_lr_1e-12_mu_1e-14,14720,connected_components_t0.2,nt,connected_components_t0.2/nt,4726,5446,-720,-15.23487092678798
PROKKA_06122025__gr_1e-12_lr_1e-12_mu_1e-14,14720,connected_components_t0.3,nt,connected_components_t0.3/nt,4726,5446,-720,-15.23487092678798
PROKKA_06122025__gr_1e-12_lr_1e-12_mu_1e-14,14720,connected_components_t0.4,nt,connected_components_t0.4/nt,4726,5446,-720,-15.23487092678798
PROKKA_06122025__gr_1e-12_lr_1e-12_mu_1e-14,14720,connected_components_t0.5,nt,connected_components_t0.5/nt,4726,5446,-720,-15.23487092678798
PROKKA_06122025__gr_1e-12_lr_1e-12_mu_1e-14,14720,connected_components_t0.6,nt,connected_components_t0.6/nt,4726,5446,-720,-15.23487092678798
PROKKA_06122025__gr_1e-12_lr_1e-12_mu_1e-14,14720,connected_components_t0.7,nt,connected_components_t0.7/nt,4726,5446,-720,-15.23487092678798
PROKKA_06122025__gr_1e-12_lr_1e-12_mu_1e-14,14720,hdbscan_dist,nt,hdbscan_dist/nt,4726,5446,-720,-15.23487092678798
PROKKA_06122025__gr_1e-12_lr_1e-12_mu_1e-14,14720,hdbscan_tsne,nt,hdbscan_tsne/nt,4726,5446,-720,-15.23487092678798
PROKKA_06122025__gr_1e-12_lr_1e-12_mu_1e-14,14720,hdbscan_umap,nt,hdbscan_umap/nt,4726,5446,-720,-15.23487092678798
PROKKA_06122025__gr_1e-12_lr_1e-12_mu_1e-14,14720,ppanggolin,aa,ppanggolin/aa,4726,4726,0,0.0
PROKKA_06122025__gr_1e-12_lr_1e-12_mu_1e-14,14720,panaroo,aa,panaroo/aa,4726,4726,0,0.0
PROKKA_06122025__gr_1e-12_lr_1e-12_mu_1e-14,14720,embed_hdbscan_raw,aa,embed_hdbscan_raw/aa,4726,5446,-720,-15.23487092678798
PROKKA_06122025__gr_1e-12_lr_1e-12_mu_1e-14,14720,embed_hdbscan_tsne,aa,embed_hdbscan_tsne/aa,4726,5446,-720,-15.23487092678798
PROKKA_06122025__gr_1e-12_lr_1e-12_mu_1e-14,14720,embed_hdbscan_umap,aa,embed_hdbscan_umap/aa,4726,5446,-720,-15.23487092678798
PROKKA_06122025__gr_1e-12_lr_1e-12_mu_1e-14,14720,mmseqs2,aa,mmseqs2/aa,4726,4726,0,0.0
PROKKA_06122025__gr_1e-12_lr_1e-12_mu_1e-14,14720,panta,aa,panta/aa,4726,4697,29,0.6136267456622937
PROKKA_06122025__gr_1e-12_lr_1e-12_mu_1e-14,14720,connected_components_t0.1,aa,connected_components_t0.1/aa,4726,5446,-720,-15.23487092678798
PROKKA_06122025__gr_1e-12_lr_1e-12_mu_1e-14,14720,connected_components_t0.2,aa,connected_components_t0.2/aa,4726,5446,-720,-15.23487092678798
PROKKA_06122025__gr_1e-12_lr_1e-12_mu_1e-14,14720,connected_components_t0.3,aa,connected_components_t0.3/aa,4726,5446,-720,-15.23487092678798
PROKKA_06122025__gr_1e-12_lr_1e-12_mu_1e-14,14720,connected_components_t0.4,aa,connected_components_t0.4/aa,4726,5446,-720,-15.23487092678798
PROKKA_06122025__gr_1e-12_lr_1e-12_mu_1e-14,14720,connected_components_t0.5,aa,connected_components_t0.5/aa,4726,5446,-720,-15.23487092678798
PROKKA_06122025__gr_1e-12_lr_1e-12_mu_1e-14,14720,connected_components_t0.6,aa,connected_components_t0.6/aa,4726,5446,-720,-15.23487092678798
PROKKA_06122025__gr_1e-12_lr_1e-12_mu_1e-14,14720,connected_components_t0.7,aa,connected_components_t0.7/aa,4726,5446,-720,-15.23487092678798
PROKKA_06122025__gr_1e-12_lr_1e-12_mu_1e-14,14720,hdbscan_dist,aa,hdbscan_dist/aa,4726,5446,-720,-15.23487092678798
PROKKA_06122025__gr_1e-12_lr_1e-12_mu_1e-14,14720,hdbscan_tsne,aa,hdbscan_tsne/aa,4726,5446,-720,-15.23487092678798
PROKKA_06122025__gr_1e-12_lr_1e-12_mu_1e-14,14720,hdbscan_umap,aa,hdbscan_umap/aa,4726,5446,-720,-15.23487092678798
PROKKA_06122025__gr_1e-12_lr_1e-12_mu_1e-14,14720,cdhit,nt,cdhit/nt,4726,4726,0,0.0
PROKKA_06122025__gr_1e-12_lr_1e-12_mu_1e-14,14720,mmseqs2,nt,mmseqs2/nt,4726,4726,0,0.0
PROKKA_06122025__gr_1e-12_lr_1e-12_mu_1e-14,14928,panx,aa,panx/aa,5081,5044,37,0.7282031096240897
PROKKA_06122025__gr_1e-12_lr_1e-12_mu_1e-14,14928,cdhit,aa,cdhit/aa,5081,5081,0,0.0
PROKKA_06122025__gr_1e-12_lr_1e-12_mu_1e-14,14928,diamond,aa,diamond/aa,5081,5081,0,0.0
PROKKA_06122025__gr_1e-12_lr_1e-12_mu_1e-14,14928,connected_components_t0.1,nt,connected_components_t0.1/nt,5081,5856,-775,-15.252902971855933
PROKKA_06122025__gr_1e-12_lr_1e-12_mu_1e-14,14928,connected_components_t0.2,nt,connected_components_t0.2/nt,5081,5856,-775,-15.252902971855933
PROKKA_06122025__gr_1e-12_lr_1e-12_mu_1e-14,14928,connected_components_t0.3,nt,connected_components_t0.3/nt,5081,5856,-775,-15.252902971855933
PROKKA_06122025__gr_1e-12_lr_1e-12_mu_1e-14,14928,connected_components_t0.4,nt,connected_components_t0.4/nt,5081,5856,-775,-15.252902971855933
PROKKA_06122025__gr_1e-12_lr_1e-12_mu_1e-14,14928,connected_components_t0.5,nt,connected_components_t0.5/nt,5081,5856,-775,-15.252902971855933
PROKKA_06122025__gr_1e-12_lr_1e-12_mu_1e-14,14928,connected_components_t0.6,nt,connected_components_t0.6/nt,5081,5856,-775,-15.252902971855933
PROKKA_06122025__gr_1e-12_lr_1e-12_mu_1e-14,14928,connected_components_t0.7,nt,connected_components_t0.7/nt,5081,5856,-775,-15.252902971855933
PROKKA_06122025__gr_1e-12_lr_1e-12_mu_1e-14,14928,hdbscan_dist,nt,hdbscan_dist/nt,5081,5856,-775,-15.252902971855933
PROKKA_06122025__gr_1e-12_lr_1e-12_mu_1e-14,14928,hdbscan_tsne,nt,hdbscan_tsne/nt,5081,5856,-775,-15.252902971855933
PROKKA_06122025__gr_1e-12_lr_1e-12_mu_1e-14,14928,hdbscan_umap,nt,hdbscan_umap/nt,5081,5856,-775,-15.252902971855933
PROKKA_06122025__gr_1e-12_lr_1e-12_mu_1e-14,14928,ppanggolin,aa,ppanggolin/aa,5081,5081,0,0.0
PROKKA_06122025__gr_1e-12_lr_1e-12_mu_1e-14,14928,panaroo,aa,panaroo/aa,5081,5081,0,0.0
PROKKA_06122025__gr_1e-12_lr_1e-12_mu_1e-14,14928,embed_hdbscan_raw,aa,embed_hdbscan_raw/aa,5081,5856,-775,-15.252902971855933
PROKKA_06122025__gr_1e-12_lr_1e-12_mu_1e-14,14928,embed_hdbscan_tsne,aa,embed_hdbscan_tsne/aa,5081,5856,-775,-15.252902971855933
PROKKA_06122025__gr_1e-12_lr_1e-12_mu_1e-14,14928,embed_hdbscan_umap,aa,embed_hdbscan_umap/aa,5081,5856,-775,-15.252902971855933
PROKKA_06122025__gr_1e-12_lr_1e-12_mu_1e-14,14928,mmseqs2,aa,mmseqs2/aa,5081,5081,0,0.0
PROKKA_06122025__gr_1e-12_lr_1e-12_mu_1e-14,14928,panta,aa,panta/aa,5081,5056,25,0.492029128124385
PROKKA_06122025__gr_1e-12_lr_1e-12_mu_1e-14,14928,connected_components_t0.1,aa,connected_components_t0.1/aa,5081,5856,-775,-15.252902971855933
PROKKA_06122025__gr_1e-12_lr_1e-12_mu_1e-14,14928,connected_components_t0.2,aa,connected_components_t0.2/aa,5081,5856,-775,-15.252902971855933
PROKKA_06122025__gr_1e-12_lr_1e-12_mu_1e-14,14928,connected_components_t0.3,aa,connected_components_t0.3/aa,5081,5856,-775,-15.252902971855933
PROKKA_06122025__gr_1e-12_lr_1e-12_mu_1e-14,14928,connected_components_t0.4,aa,connected_components_t0.4/aa,5081,5856,-775,-15.252902971855933
PROKKA_06122025__gr_1e-12_lr_1e-12_mu_1e-14,14928,connected_components_t0.5,aa,connected_components_t0.5/aa,5081,5856,-775,-15.252902971855933
PROKKA_06122025__gr_1e-12_lr_1e-12_mu_1e-14,14928,connected_components_t0.6,aa,connected_components_t0.6/aa,5081,5856,-775,-15.252902971855933
PROKKA_06122025__gr_1e-12_lr_1e-12_mu_1e-14,14928,connected_components_t0.7,aa,connected_components_t0.7/aa,5081,5856,-775,-15.252902971855933
PROKKA_06122025__gr_1e-12_lr_1e-12_mu_1e-14,14928,hdbscan_dist,aa,hdbscan_dist/aa,5081,5856,-775,-15.252902971855933
PROKKA_06122025__gr_1e-12_lr_1e-12_mu_1e-14,14928,hdbscan_tsne,aa,hdbscan_tsne/aa,5081,5856,-775,-15.252902971855933
PROKKA_06122025__gr_1e-12_lr_1e-12_mu_1e-14,14928,hdbscan_umap,aa,hdbscan_umap/aa,5081,5856,-775,-15.252902971855933
PROKKA_06122025__gr_1e-12_lr_1e-12_mu_1e-14,14928,cdhit,nt,cdhit/nt,5081,5081,0,0.0
PROKKA_06122025__gr_1e-12_lr_1e-12_mu_1e-14,14928,mmseqs2,nt,mmseqs2/nt,5081,5081,0,0.0
PROKKA_06122025__gr_1e-12_lr_1e-12_mu_1e-14,21708,panx,aa,panx/aa,4806,4770,36,0.7490636704119851
PROKKA_06122025__gr_1e-12_lr_1e-12_mu_1e-14,21708,cdhit,aa,cdhit/aa,4806,4806,0,0.0
PROKKA_06122025__gr_1e-12_lr_1e-12_mu_1e-14,21708,diamond,aa,diamond/aa,4806,4806,0,0.0
PROKKA_06122025__gr_1e-12_lr_1e-12_mu_1e-14,21708,connected_components_t0.1,nt,connected_components_t0.1/nt,4806,5646,-840,-17.478152309612984
PROKKA_06122025__gr_1e-12_lr_1e-12_mu_1e-14,21708,connected_components_t0.2,nt,connected_components_t0.2/nt,4806,5646,-840,-17.478152309612984
PROKKA_06122025__gr_1e-12_lr_1e-12_mu_1e-14,21708,connected_components_t0.3,nt,connected_components_t0.3/nt,4806,5646,-840,-17.478152309612984
PROKKA_06122025__gr_1e-12_lr_1e-12_mu_1e-14,21708,connected_components_t0.4,nt,connected_components_t0.4/nt,4806,5646,-840,-17.478152309612984
PROKKA_06122025__gr_1e-12_lr_1e-12_mu_1e-14,21708,connected_components_t0.5,nt,connected_components_t0.5/nt,4806,5646,-840,-17.478152309612984
PROKKA_06122025__gr_1e-12_lr_1e-12_mu_1e-14,21708,connected_components_t0.6,nt,connected_components_t0.6/nt,4806,5646,-840,-17.478152309612984
PROKKA_06122025__gr_1e-12_lr_1e-12_mu_1e-14,21708,connected_components_t0.7,nt,connected_components_t0.7/nt,4806,5646,-840,-17.478152309612984
PROKKA_06122025__gr_1e-12_lr_1e-12_mu_1e-14,21708,hdbscan_dist,nt,hdbscan_dist/nt,4806,5646,-840,-17.478152309612984
PROKKA_06122025__gr_1e-12_lr_1e-12_mu_1e-14,21708,hdbscan_tsne,nt,hdbscan_tsne/nt,4806,5646,-840,-17.478152309612984
PROKKA_06122025__gr_1e-12_lr_1e-12_mu_1e-14,21708,hdbscan_umap,nt,hdbscan_umap/nt,4806,5646,-840,-17.478152309612984
PROKKA_06122025__gr_1e-12_lr_1e-12_mu_1e-14,21708,ppanggolin,aa,ppanggolin/aa,4806,4806,0,0.0
PROKKA_06122025__gr_1e-12_lr_1e-12_mu_1e-14,21708,panaroo,aa,panaroo/aa,4806,4806,0,0.0
PROKKA_06122025__gr_1e-12_lr_1e-12_mu_1e-14,21708,embed_hdbscan_raw,aa,embed_hdbscan_raw/aa,4806,5646,-840,-17.478152309612984
PROKKA_06122025__gr_1e-12_lr_1e-12_mu_1e-14,21708,embed_hdbscan_tsne,aa,embed_hdbscan_tsne/aa,4806,5646,-840,-17.478152309612984
PROKKA_06122025__gr_1e-12_lr_1e-12_mu_1e-14,21708,embed_hdbscan_umap,aa,embed_hdbscan_umap/aa,4806,5646,-840,-17.478152309612984
PROKKA_06122025__gr_1e-12_lr_1e-12_mu_1e-14,21708,mmseqs2,aa,mmseqs2/aa,4806,4806,0,0.0
PROKKA_06122025__gr_1e-12_lr_1e-12_mu_1e-14,21708,panta,aa,panta/aa,4806,4779,27,0.5617977528089888
PROKKA_06122025__gr_1e-12_lr_1e-12_mu_1e-14,21708,connected_components_t0.1,aa,connected_components_t0.1/aa,4806,5646,-840,-17.478152309612984
PROKKA_06122025__gr_1e-12_lr_1e-12_mu_1e-14,21708,connected_components_t0.2,aa,connected_components_t0.2/aa,4806,5646,-840,-17.478152309612984
PROKKA_06122025__gr_1e-12_lr_1e-12_mu_1e-14,21708,connected_components_t0.3,aa,connected_components_t0.3/aa,4806,5646,-840,-17.478152309612984
PROKKA_06122025__gr_1e-12_lr_1e-12_mu_1e-14,21708,connected_components_t0.4,aa,connected_components_t0.4/aa,4806,5646,-840,-17.478152309612984
PROKKA_06122025__gr_1e-12_lr_1e-12_mu_1e-14,21708,connected_components_t0.5,aa,connected_components_t0.5/aa,4806,5646,-840,-17.478152309612984
PROKKA_06122025__gr_1e-12_lr_1e-12_mu_1e-14,21708,connected_components_t0.6,aa,connected_components_t0.6/aa,4806,5646,-840,-17.478152309612984
PROKKA_06122025__gr_1e-12_lr_1e-12_mu_1e-14,21708,connected_components_t0.7,aa,connected_components_t0.7/aa,4806,5646,-840,-17.478152309612984
PROKKA_06122025__gr_1e-12_lr_1e-12_mu_1e-14,21708,hdbscan_dist,aa,hdbscan_dist/aa,4806,5646,-840,-17.478152309612984
PROKKA_06122025__gr_1e-12_lr_1e-12_mu_1e-14,21708,hdbscan_tsne,aa,hdbscan_tsne/aa,4806,5646,-840,-17.478152309612984
PROKKA_06122025__gr_1e-12_lr_1e-12_mu_1e-14,21708,hdbscan_umap,aa,hdbscan_umap/aa,4806,5646,-840,-17.478152309612984
PROKKA_06122025__gr_1e-12_lr_1e-12_mu_1e-14,21708,cdhit,nt,cdhit/nt,4806,4806,0,0.0
PROKKA_06122025__gr_1e-12_lr_1e-12_mu_1e-14,21708,mmseqs2,nt,mmseqs2/nt,4806,4806,0,0.0
PROKKA_06122025__gr_1e-12_lr_1e-12_mu_1e-14,25172,panx,aa,panx/aa,4478,4436,42,0.9379187137114784
PROKKA_06122025__gr_1e-12_lr_1e-12_mu_1e-14,25172,cdhit,aa,cdhit/aa,4478,4478,0,0.0
PROKKA_06122025__gr_1e-12_lr_1e-12_mu_1e-14,25172,diamond,aa,diamond/aa,4478,4478,0,0.0
PROKKA_06122025__gr_1e-12_lr_1e-12_mu_1e-14,25172,connected_components_t0.1,nt,connected_components_t0.1/nt,4478,5208,-730,-16.301920500223314
PROKKA_06122025__gr_1e-12_lr_1e-12_mu_1e-14,25172,connected_components_t0.2,nt,connected_components_t0.2/nt,4478,5208,-730,-16.301920500223314
PROKKA_06122025__gr_1e-12_lr_1e-12_mu_1e-14,25172,connected_components_t0.3,nt,connected_components_t0.3/nt,4478,5208,-730,-16.301920500223314
PROKKA_06122025__gr_1e-12_lr_1e-12_mu_1e-14,25172,connected_components_t0.4,nt,connected_components_t0.4/nt,4478,5208,-730,-16.301920500223314
PROKKA_06122025__gr_1e-12_lr_1e-12_mu_1e-14,25172,connected_components_t0.5,nt,connected_components_t0.5/nt,4478,5208,-730,-16.301920500223314
PROKKA_06122025__gr_1e-12_lr_1e-12_mu_1e-14,25172,connected_components_t0.6,nt,connected_components_t0.6/nt,4478,5208,-730,-16.301920500223314
PROKKA_06122025__gr_1e-12_lr_1e-12_mu_1e-14,25172,connected_components_t0.7,nt,connected_components_t0.7/nt,4478,5208,-730,-16.301920500223314
PROKKA_06122025__gr_1e-12_lr_1e-12_mu_1e-14,25172,hdbscan_dist,nt,hdbscan_dist/nt,4478,5208,-730,-16.301920500223314
PROKKA_06122025__gr_1e-12_lr_1e-12_mu_1e-14,25172,hdbscan_tsne,nt,hdbscan_tsne/nt,4478,5208,-730,-16.301920500223314
PROKKA_06122025__gr_1e-12_lr_1e-12_mu_1e-14,25172,hdbscan_umap,nt,hdbscan_umap/nt,4478,5208,-730,-16.301920500223314
PROKKA_06122025__gr_1e-12_lr_1e-12_mu_1e-14,25172,ppanggolin,aa,ppanggolin/aa,4478,4478,0,0.0
PROKKA_06122025__gr_1e-12_lr_1e-12_mu_1e-14,25172,panaroo,aa,panaroo/aa,4478,4478,0,0.0
PROKKA_06122025__gr_1e-12_lr_1e-12_mu_1e-14,25172,embed_hdbscan_raw,aa,embed_hdbscan_raw/aa,4478,5208,-730,-16.301920500223314
PROKKA_06122025__gr_1e-12_lr_1e-12_mu_1e-14,25172,embed_hdbscan_tsne,aa,embed_hdbscan_tsne/aa,4478,5208,-730,-16.301920500223314
PROKKA_06122025__gr_1e-12_lr_1e-12_mu_1e-14,25172,embed_hdbscan_umap,aa,embed_hdbscan_umap/aa,4478,5208,-730,-16.301920500223314
PROKKA_06122025__gr_1e-12_lr_1e-12_mu_1e-14,25172,mmseqs2,aa,mmseqs2/aa,4478,4478,0,0.0
PROKKA_06122025__gr_1e-12_lr_1e-12_mu_1e-14,25172,panta,aa,panta/aa,4478,4451,27,0.6029477445288075
PROKKA_06122025__gr_1e-12_lr_1e-12_mu_1e-14,25172,connected_components_t0.1,aa,connected_components_t0.1/aa,4478,5208,-730,-16.301920500223314
PROKKA_06122025__gr_1e-12_lr_1e-12_mu_1e-14,25172,connected_components_t0.2,aa,connected_components_t0.2/aa,4478,5208,-730,-16.301920500223314
PROKKA_06122025__gr_1e-12_lr_1e-12_mu_1e-14,25172,connected_components_t0.3,aa,connected_components_t0.3/aa,4478,5208,-730,-16.301920500223314
PROKKA_06122025__gr_1e-12_lr_1e-12_mu_1e-14,25172,connected_components_t0.4,aa,connected_components_t0.4/aa,4478,5208,-730,-16.301920500223314
PROKKA_06122025__gr_1e-12_lr_1e-12_mu_1e-14,25172,connected_components_t0.5,aa,connected_components_t0.5/aa,4478,5208,-730,-16.301920500223314
PROKKA_06122025__gr_1e-12_lr_1e-12_mu_1e-14,25172,connected_components_t0.6,aa,connected_components_t0.6/aa,4478,5208,-730,-16.301920500223314
PROKKA_06122025__gr_1e-12_lr_1e-12_mu_1e-14,25172,connected_components_t0.7,aa,connected_components_t0.7/aa,4478,5208,-730,-16.301920500223314
PROKKA_06122025__gr_1e-12_lr_1e-12_mu_1e-14,25172,hdbscan_dist,aa,hdbscan_dist/aa,4478,5208,-730,-16.301920500223314
PROKKA_06122025__gr_1e-12_lr_1e-12_mu_1e-14,25172,hdbscan_tsne,aa,hdbscan_tsne/aa,4478,5208,-730,-16.301920500223314
PROKKA_06122025__gr_1e-12_lr_1e-12_mu_1e-14,25172,hdbscan_umap,aa,hdbscan_umap/aa,4478,5208,-730,-16.301920500223314
PROKKA_06122025__gr_1e-12_lr_1e-12_mu_1e-14,25172,cdhit,nt,cdhit/nt,4478,4478,0,0.0
PROKKA_06122025__gr_1e-12_lr_1e-12_mu_1e-14,25172,mmseqs2,nt,mmseqs2/nt,4478,4478,0,0.0
PROKKA_06122025__gr_1e-12_lr_1e-12_mu_1e-14,25913,panx,aa,panx/aa,4871,4841,30,0.6158899609936358
PROKKA_06122025__gr_1e-12_lr_1e-12_mu_1e-14,25913,cdhit,aa,cdhit/aa,4871,4871,0,0.0
PROKKA_06122025__gr_1e-12_lr_1e-12_mu_1e-14,25913,diamond,aa,diamond/aa,4871,4871,0,0.0
PROKKA_06122025__gr_1e-12_lr_1e-12_mu_1e-14,25913,connected_components_t0.1,nt,connected_components_t0.1/nt,4871,5565,-694,-14.24758776431944
PROKKA_06122025__gr_1e-12_lr_1e-12_mu_1e-14,25913,connected_components_t0.2,nt,connected_components_t0.2/nt,4871,5565,-694,-14.24758776431944
PROKKA_06122025__gr_1e-12_lr_1e-12_mu_1e-14,25913,connected_components_t0.3,nt,connected_components_t0.3/nt,4871,5565,-694,-14.24758776431944
PROKKA_06122025__gr_1e-12_lr_1e-12_mu_1e-14,25913,connected_components_t0.4,nt,connected_components_t0.4/nt,4871,5565,-694,-14.24758776431944
PROKKA_06122025__gr_1e-12_lr_1e-12_mu_1e-14,25913,connected_components_t0.5,nt,connected_components_t0.5/nt,4871,5565,-694,-14.24758776431944
PROKKA_06122025__gr_1e-12_lr_1e-12_mu_1e-14,25913,connected_components_t0.6,nt,connected_components_t0.6/nt,4871,5565,-694,-14.24758776431944
PROKKA_06122025__gr_1e-12_lr_1e-12_mu_1e-14,25913,connected_components_t0.7,nt,connected_components_t0.7/nt,4871,5565,-694,-14.24758776431944
PROKKA_06122025__gr_1e-12_lr_1e-12_mu_1e-14,25913,hdbscan_dist,nt,hdbscan_dist/nt,4871,5565,-694,-14.24758776431944
PROKKA_06122025__gr_1e-12_lr_1e-12_mu_1e-14,25913,hdbscan_tsne,nt,hdbscan_tsne/nt,4871,5565,-694,-14.24758776431944
PROKKA_06122025__gr_1e-12_lr_1e-12_mu_1e-14,25913,hdbscan_umap,nt,hdbscan_umap/nt,4871,5565,-694,-14.24758776431944
PROKKA_06122025__gr_1e-12_lr_1e-12_mu_1e-14,25913,ppanggolin,aa,ppanggolin/aa,4871,4871,0,0.0
PROKKA_06122025__gr_1e-12_lr_1e-12_mu_1e-14,25913,panaroo,aa,panaroo/aa,4871,4871,0,0.0
PROKKA_06122025__gr_1e-12_lr_1e-12_mu_1e-14,25913,embed_hdbscan_raw,aa,embed_hdbscan_raw/aa,4871,5565,-694,-14.24758776431944
PROKKA_06122025__gr_1e-12_lr_1e-12_mu_1e-14,25913,embed_hdbscan_tsne,aa,embed_hdbscan_tsne/aa,4871,5565,-694,-14.24758776431944
PROKKA_06122025__gr_1e-12_lr_1e-12_mu_1e-14,25913,embed_hdbscan_umap,aa,embed_hdbscan_umap/aa,4871,5565,-694,-14.24758776431944
PROKKA_06122025__gr_1e-12_lr_1e-12_mu_1e-14,25913,mmseqs2,aa,mmseqs2/aa,4871,4871,0,0.0
PROKKA_06122025__gr_1e-12_lr_1e-12_mu_1e-14,25913,panta,aa,panta/aa,4871,4850,21,0.43112297269554506
PROKKA_06122025__gr_1e-12_lr_1e-12_mu_1e-14,25913,connected_components_t0.1,aa,connected_components_t0.1/aa,4871,5565,-694,-14.24758776431944
PROKKA_06122025__gr_1e-12_lr_1e-12_mu_1e-14,25913,connected_components_t0.2,aa,connected_components_t0.2/aa,4871,5565,-694,-14.24758776431944
PROKKA_06122025__gr_1e-12_lr_1e-12_mu_1e-14,25913,connected_components_t0.3,aa,connected_components_t0.3/aa,4871,5565,-694,-14.24758776431944
PROKKA_06122025__gr_1e-12_lr_1e-12_mu_1e-14,25913,connected_components_t0.4,aa,connected_components_t0.4/aa,4871,5565,-694,-14.24758776431944
PROKKA_06122025__gr_1e-12_lr_1e-12_mu_1e-14,25913,connected_components_t0.5,aa,connected_components_t0.5/aa,4871,5565,-694,-14.24758776431944
PROKKA_06122025__gr_1e-12_lr_1e-12_mu_1e-14,25913,connected_components_t0.6,aa,connected_components_t0.6/aa,4871,5565,-694,-14.24758776431944
PROKKA_06122025__gr_1e-12_lr_1e-12_mu_1e-14,25913,connected_components_t0.7,aa,connected_components_t0.7/aa,4871,5565,-694,-14.24758776431944
PROKKA_06122025__gr_1e-12_lr_1e-12_mu_1e-14,25913,hdbscan_dist,aa,hdbscan_dist/aa,4871,5565,-694,-14.24758776431944
PROKKA_06122025__gr_1e-12_lr_1e-12_mu_1e-14,25913,hdbscan_tsne,aa,hdbscan_tsne/aa,4871,5565,-694,-14.24758776431944
PROKKA_06122025__gr_1e-12_lr_1e-12_mu_1e-14,25913,hdbscan_umap,aa,hdbscan_umap/aa,4871,5565,-694,-14.24758776431944
PROKKA_06122025__gr_1e-12_lr_1e-12_mu_1e-14,25913,cdhit,nt,cdhit/nt,4871,4871,0,0.0
PROKKA_06122025__gr_1e-12_lr_1e-12_mu_1e-14,25913,mmseqs2,nt,mmseqs2/nt,4871,4871,0,0.0
PROKKA_06122025__gr_1e-12_lr_1e-12_mu_1e-14,27347,panx,aa,panx/aa,5367,5337,30,0.5589714924538848
PROKKA_06122025__gr_1e-12_lr_1e-12_mu_1e-14,27347,cdhit,aa,cdhit/aa,5367,5367,0,0.0
PROKKA_06122025__gr_1e-12_lr_1e-12_mu_1e-14,27347,diamond,aa,diamond/aa,5367,5367,0,0.0
PROKKA_06122025__gr_1e-12_lr_1e-12_mu_1e-14,27347,connected_components_t0.1,nt,connected_components_t0.1/nt,5367,5920,-553,-10.303707844233276
PROKKA_06122025__gr_1e-12_lr_1e-12_mu_1e-14,27347,connected_components_t0.2,nt,connected_components_t0.2/nt,5367,5920,-553,-10.303707844233276
PROKKA_06122025__gr_1e-12_lr_1e-12_mu_1e-14,27347,connected_components_t0.3,nt,connected_components_t0.3/nt,5367,5920,-553,-10.303707844233276
PROKKA_06122025__gr_1e-12_lr_1e-12_mu_1e-14,27347,connected_components_t0.4,nt,connected_components_t0.4/nt,5367,5920,-553,-10.303707844233276
PROKKA_06122025__gr_1e-12_lr_1e-12_mu_1e-14,27347,connected_components_t0.5,nt,connected_components_t0.5/nt,5367,5920,-553,-10.303707844233276
PROKKA_06122025__gr_1e-12_lr_1e-12_mu_1e-14,27347,connected_components_t0.6,nt,connected_components_t0.6/nt,5367,5920,-553,-10.303707844233276
PROKKA_06122025__gr_1e-12_lr_1e-12_mu_1e-14,27347,connected_components_t0.7,nt,connected_components_t0.7/nt,5367,5920,-553,-10.303707844233276
PROKKA_06122025__gr_1e-12_lr_1e-12_mu_1e-14,27347,hdbscan_dist,nt,hdbscan_dist/nt,5367,5920,-553,-10.303707844233276
PROKKA_06122025__gr_1e-12_lr_1e-12_mu_1e-14,27347,hdbscan_tsne,nt,hdbscan_tsne/nt,5367,5920,-553,-10.303707844233276
PROKKA_06122025__gr_1e-12_lr_1e-12_mu_1e-14,27347,hdbscan_umap,nt,hdbscan_umap/nt,5367,5920,-553,-10.303707844233276
PROKKA_06122025__gr_1e-12_lr_1e-12_mu_1e-14,27347,ppanggolin,aa,ppanggolin/aa,5367,5367,0,0.0
PROKKA_06122025__gr_1e-12_lr_1e-12_mu_1e-14,27347,panaroo,aa,panaroo/aa,5367,5367,0,0.0
PROKKA_06122025__gr_1e-12_lr_1e-12_mu_1e-14,27347,embed_hdbscan_raw,aa,embed_hdbscan_raw/aa,5367,5920,-553,-10.303707844233276
PROKKA_06122025__gr_1e-12_lr_1e-12_mu_1e-14,27347,embed_hdbscan_tsne,aa,embed_hdbscan_tsne/aa,5367,5920,-553,-10.303707844233276
PROKKA_06122025__gr_1e-12_lr_1e-12_mu_1e-14,27347,embed_hdbscan_umap,aa,embed_hdbscan_umap/aa,5367,5920,-553,-10.303707844233276
PROKKA_06122025__gr_1e-12_lr_1e-12_mu_1e-14,27347,mmseqs2,aa,mmseqs2/aa,5367,5367,0,0.0
PROKKA_06122025__gr_1e-12_lr_1e-12_mu_1e-14,27347,panta,aa,panta/aa,5367,5320,47,0.8757220048444196
PROKKA_06122025__gr_1e-12_lr_1e-12_mu_1e-14,27347,connected_components_t0.1,aa,connected_components_t0.1/aa,5367,5920,-553,-10.303707844233276
PROKKA_06122025__gr_1e-12_lr_1e-12_mu_1e-14,27347,connected_components_t0.2,aa,connected_components_t0.2/aa,5367,5920,-553,-10.303707844233276
PROKKA_06122025__gr_1e-12_lr_1e-12_mu_1e-14,27347,connected_components_t0.3,aa,connected_components_t0.3/aa,5367,5920,-553,-10.303707844233276
PROKKA_06122025__gr_1e-12_lr_1e-12_mu_1e-14,27347,connected_components_t0.4,aa,connected_components_t0.4/aa,5367,5920,-553,-10.303707844233276
PROKKA_06122025__gr_1e-12_lr_1e-12_mu_1e-14,27347,connected_components_t0.5,aa,connected_components_t0.5/aa,5367,5920,-553,-10.303707844233276
PROKKA_06122025__gr_1e-12_lr_1e-12_mu_1e-14,27347,connected_components_t0.6,aa,connected_components_t0.6/aa,5367,5920,-553,-10.303707844233276
PROKKA_06122025__gr_1e-12_lr_1e-12_mu_1e-14,27347,connected_components_t0.7,aa,connected_components_t0.7/aa,5367,5920,-553,-10.303707844233276
PROKKA_06122025__gr_1e-12_lr_1e-12_mu_1e-14,27347,hdbscan_dist,aa,hdbscan_dist/aa,5367,5920,-553,-10.303707844233276
PROKKA_06122025__gr_1e-12_lr_1e-12_mu_1e-14,27347,hdbscan_tsne,aa,hdbscan_tsne/aa,5367,5920,-553,-10.303707844233276
PROKKA_06122025__gr_1e-12_lr_1e-12_mu_1e-14,27347,hdbscan_umap,aa,hdbscan_umap/aa,5367,5920,-553,-10.303707844233276
PROKKA_06122025__gr_1e-12_lr_1e-12_mu_1e-14,27347,cdhit,nt,cdhit/nt,5367,5367,0,0.0
PROKKA_06122025__gr_1e-12_lr_1e-12_mu_1e-14,27347,mmseqs2,nt,mmseqs2/nt,5367,5367,0,0.0
PROKKA_06122025__gr_1e-12_lr_1e-12_mu_1e-14,28734,panx,aa,panx/aa,5207,5158,49,0.9410409064720568
PROKKA_06122025__gr_1e-12_lr_1e-12_mu_1e-14,28734,cdhit,aa,cdhit/aa,5207,5207,0,0.0
PROKKA_06122025__gr_1e-12_lr_1e-12_mu_1e-14,28734,diamond,aa,diamond/aa,5207,5207,0,0.0
PROKKA_06122025__gr_1e-12_lr_1e-12_mu_1e-14,28734,connected_components_t0.1,nt,connected_components_t0.1/nt,5207,5916,-709,-13.616285769156905
PROKKA_06122025__gr_1e-12_lr_1e-12_mu_1e-14,28734,connected_components_t0.2,nt,connected_components_t0.2/nt,5207,5916,-709,-13.616285769156905
PROKKA_06122025__gr_1e-12_lr_1e-12_mu_1e-14,28734,connected_components_t0.3,nt,connected_components_t0.3/nt,5207,5916,-709,-13.616285769156905
PROKKA_06122025__gr_1e-12_lr_1e-12_mu_1e-14,28734,connected_components_t0.4,nt,connected_components_t0.4/nt,5207,5916,-709,-13.616285769156905
PROKKA_06122025__gr_1e-12_lr_1e-12_mu_1e-14,28734,connected_components_t0.5,nt,connected_components_t0.5/nt,5207,5916,-709,-13.616285769156905
PROKKA_06122025__gr_1e-12_lr_1e-12_mu_1e-14,28734,connected_components_t0.6,nt,connected_components_t0.6/nt,5207,5916,-709,-13.616285769156905
PROKKA_06122025__gr_1e-12_lr_1e-12_mu_1e-14,28734,connected_components_t0.7,nt,connected_components_t0.7/nt,5207,5916,-709,-13.616285769156905
PROKKA_06122025__gr_1e-12_lr_1e-12_mu_1e-14,28734,hdbscan_dist,nt,hdbscan_dist/nt,5207,5916,-709,-13.616285769156905
PROKKA_06122025__gr_1e-12_lr_1e-12_mu_1e-14,28734,hdbscan_tsne,nt,hdbscan_tsne/nt,5207,5916,-709,-13.616285769156905
PROKKA_06122025__gr_1e-12_lr_1e-12_mu_1e-14,28734,hdbscan_umap,nt,hdbscan_umap/nt,5207,5916,-709,-13.616285769156905
PROKKA_06122025__gr_1e-12_lr_1e-12_mu_1e-14,28734,ppanggolin,aa,ppanggolin/aa,5207,5207,0,0.0
PROKKA_06122025__gr_1e-12_lr_1e-12_mu_1e-14,28734,panaroo,aa,panaroo/aa,5207,5207,0,0.0
PROKKA_06122025__gr_1e-12_lr_1e-12_mu_1e-14,28734,embed_hdbscan_raw,aa,embed_hdbscan_raw/aa,5207,5916,-709,-13.616285769156905
PROKKA_06122025__gr_1e-12_lr_1e-12_mu_1e-14,28734,embed_hdbscan_tsne,aa,embed_hdbscan_tsne/aa,5207,5916,-709,-13.616285769156905
PROKKA_06122025__gr_1e-12_lr_1e-12_mu_1e-14,28734,embed_hdbscan_umap,aa,embed_hdbscan_umap/aa,5207,5916,-709,-13.616285769156905
PROKKA_06122025__gr_1e-12_lr_1e-12_mu_1e-14,28734,mmseqs2,aa,mmseqs2/aa,5207,5207,0,0.0
PROKKA_06122025__gr_1e-12_lr_1e-12_mu_1e-14,28734,panta,aa,panta/aa,5207,5176,31,0.5953524102170156
PROKKA_06122025__gr_1e-12_lr_1e-12_mu_1e-14,28734,connected_components_t0.1,aa,connected_components_t0.1/aa,5207,5916,-709,-13.616285769156905
PROKKA_06122025__gr_1e-12_lr_1e-12_mu_1e-14,28734,connected_components_t0.2,aa,connected_components_t0.2/aa,5207,5916,-709,-13.616285769156905
PROKKA_06122025__gr_1e-12_lr_1e-12_mu_1e-14,28734,connected_components_t0.3,aa,connected_components_t0.3/aa,5207,5916,-709,-13.616285769156905
PROKKA_06122025__gr_1e-12_lr_1e-12_mu_1e-14,28734,connected_components_t0.4,aa,connected_components_t0.4/aa,5207,5916,-709,-13.616285769156905
PROKKA_06122025__gr_1e-12_lr_1e-12_mu_1e-14,28734,connected_components_t0.5,aa,connected_components_t0.5/aa,5207,5916,-709,-13.616285769156905
PROKKA_06122025__gr_1e-12_lr_1e-12_mu_1e-14,28734,connected_components_t0.6,aa,connected_components_t0.6/aa,5207,5916,-709,-13.616285769156905
PROKKA_06122025__gr_1e-12_lr_1e-12_mu_1e-14,28734,connected_components_t0.7,aa,connected_components_t0.7/aa,5207,5916,-709,-13.616285769156905
PROKKA_06122025__gr_1e-12_lr_1e-12_mu_1e-14,28734,hdbscan_dist,aa,hdbscan_dist/aa,5207,5916,-709,-13.616285769156905
PROKKA_06122025__gr_1e-12_lr_1e-12_mu_1e-14,28734,hdbscan_tsne,aa,hdbscan_tsne/aa,5207,5916,-709,-13.616285769156905
PROKKA_06122025__gr_1e-12_lr_1e-12_mu_1e-14,28734,hdbscan_umap,aa,hdbscan_umap/aa,5207,5916,-709,-13.616285769156905
PROKKA_06122025__gr_1e-12_lr_1e-12_mu_1e-14,28734,cdhit,nt,cdhit/nt,5207,5207,0,0.0
PROKKA_06122025__gr_1e-12_lr_1e-12_mu_1e-14,28734,mmseqs2,nt,mmseqs2/nt,5207,5207,0,0.0
PROKKA_06122025__gr_1e-12_lr_1e-12_mu_1e-14,29492,panx,aa,panx/aa,4445,4419,26,0.5849268841394826
PROKKA_06122025__gr_1e-12_lr_1e-12_mu_1e-14,29492,cdhit,aa,cdhit/aa,4445,4445,0,0.0
PROKKA_06122025__gr_1e-12_lr_1e-12_mu_1e-14,29492,diamond,aa,diamond/aa,4445,4445,0,0.0
PROKKA_06122025__gr_1e-12_lr_1e-12_mu_1e-14,29492,connected_components_t0.1,nt,connected_components_t0.1/nt,4445,4931,-486,-10.933633295838021
PROKKA_06122025__gr_1e-12_lr_1e-12_mu_1e-14,29492,connected_components_t0.2,nt,connected_components_t0.2/nt,4445,4931,-486,-10.933633295838021
PROKKA_06122025__gr_1e-12_lr_1e-12_mu_1e-14,29492,connected_components_t0.3,nt,connected_components_t0.3/nt,4445,4931,-486,-10.933633295838021
PROKKA_06122025__gr_1e-12_lr_1e-12_mu_1e-14,29492,connected_components_t0.4,nt,connected_components_t0.4/nt,4445,4931,-486,-10.933633295838021
PROKKA_06122025__gr_1e-12_lr_1e-12_mu_1e-14,29492,connected_components_t0.5,nt,connected_components_t0.5/nt,4445,4931,-486,-10.933633295838021
PROKKA_06122025__gr_1e-12_lr_1e-12_mu_1e-14,29492,connected_components_t0.6,nt,connected_components_t0.6/nt,4445,4931,-486,-10.933633295838021
PROKKA_06122025__gr_1e-12_lr_1e-12_mu_1e-14,29492,connected_components_t0.7,nt,connected_components_t0.7/nt,4445,4931,-486,-10.933633295838021
PROKKA_06122025__gr_1e-12_lr_1e-12_mu_1e-14,29492,hdbscan_dist,nt,hdbscan_dist/nt,4445,4931,-486,-10.933633295838021
PROKKA_06122025__gr_1e-12_lr_1e-12_mu_1e-14,29492,hdbscan_tsne,nt,hdbscan_tsne/nt,4445,4931,-486,-10.933633295838021
PROKKA_06122025__gr_1e-12_lr_1e-12_mu_1e-14,29492,hdbscan_umap,nt,hdbscan_umap/nt,4445,4931,-486,-10.933633295838021
PROKKA_06122025__gr_1e-12_lr_1e-12_mu_1e-14,29492,ppanggolin,aa,ppanggolin/aa,4445,4445,0,0.0
PROKKA_06122025__gr_1e-12_lr_1e-12_mu_1e-14,29492,panaroo,aa,panaroo/aa,4445,4445,0,0.0
PROKKA_06122025__gr_1e-12_lr_1e-12_mu_1e-14,29492,embed_hdbscan_raw,aa,embed_hdbscan_raw/aa,4445,4931,-486,-10.933633295838021
PROKKA_06122025__gr_1e-12_lr_1e-12_mu_1e-14,29492,embed_hdbscan_tsne,aa,embed_hdbscan_tsne/aa,4445,4931,-486,-10.933633295838021
PROKKA_06122025__gr_1e-12_lr_1e-12_mu_1e-14,29492,embed_hdbscan_umap,aa,embed_hdbscan_umap/aa,4445,4931,-486,-10.933633295838021
PROKKA_06122025__gr_1e-12_lr_1e-12_mu_1e-14,29492,mmseqs2,aa,mmseqs2/aa,4445,4445,0,0.0
PROKKA_06122025__gr_1e-12_lr_1e-12_mu_1e-14,29492,panta,aa,panta/aa,4445,4415,30,0.6749156355455568
PROKKA_06122025__gr_1e-12_lr_1e-12_mu_1e-14,29492,connected_components_t0.1,aa,connected_components_t0.1/aa,4445,4931,-486,-10.933633295838021
PROKKA_06122025__gr_1e-12_lr_1e-12_mu_1e-14,29492,connected_components_t0.2,aa,connected_components_t0.2/aa,4445,4931,-486,-10.933633295838021
PROKKA_06122025__gr_1e-12_lr_1e-12_mu_1e-14,29492,connected_components_t0.3,aa,connected_components_t0.3/aa,4445,4931,-486,-10.933633295838021
PROKKA_06122025__gr_1e-12_lr_1e-12_mu_1e-14,29492,connected_components_t0.4,aa,connected_components_t0.4/aa,4445,4931,-486,-10.933633295838021
PROKKA_06122025__gr_1e-12_lr_1e-12_mu_1e-14,29492,connected_components_t0.5,aa,connected_components_t0.5/aa,4445,4931,-486,-10.933633295838021
PROKKA_06122025__gr_1e-12_lr_1e-12_mu_1e-14,29492,connected_components_t0.6,aa,connected_components_t0.6/aa,4445,4931,-486,-10.933633295838021
PROKKA_06122025__gr_1e-12_lr_1e-12_mu_1e-14,29492,connected_components_t0.7,aa,connected_components_t0.7/aa,4445,4931,-486,-10.933633295838021
PROKKA_06122025__gr_1e-12_lr_1e-12_mu_1e-14,29492,hdbscan_dist,aa,hdbscan_dist/aa,4445,4931,-486,-10.933633295838021
PROKKA_06122025__gr_1e-12_lr_1e-12_mu_1e-14,29492,hdbscan_tsne,aa,hdbscan_tsne/aa,4445,4931,-486,-10.933633295838021
PROKKA_06122025__gr_1e-12_lr_1e-12_mu_1e-14,29492,hdbscan_umap,aa,hdbscan_umap/aa,4445,4931,-486,-10.933633295838021
PROKKA_06122025__gr_1e-12_lr_1e-12_mu_1e-14,29492,cdhit,nt,cdhit/nt,4445,4445,0,0.0
PROKKA_06122025__gr_1e-12_lr_1e-12_mu_1e-14,29492,mmseqs2,nt,mmseqs2/nt,4445,4445,0,0.0
PROKKA_06122025__gr_1e-12_lr_1e-12_mu_1e-14,30354,panx,aa,panx/aa,5348,5281,67,1.2528047868362004
PROKKA_06122025__gr_1e-12_lr_1e-12_mu_1e-14,30354,cdhit,aa,cdhit/aa,5348,5348,0,0.0
PROKKA_06122025__gr_1e-12_lr_1e-12_mu_1e-14,30354,diamond,aa,diamond/aa,5348,5348,0,0.0
PROKKA_06122025__gr_1e-12_lr_1e-12_mu_1e-14,30354,connected_components_t0.1,nt,connected_components_t0.1/nt,5348,5887,-539,-10.078534031413612
PROKKA_06122025__gr_1e-12_lr_1e-12_mu_1e-14,30354,connected_components_t0.2,nt,connected_components_t0.2/nt,5348,5887,-539,-10.078534031413612
PROKKA_06122025__gr_1e-12_lr_1e-12_mu_1e-14,30354,connected_components_t0.3,nt,connected_components_t0.3/nt,5348,5887,-539,-10.078534031413612
PROKKA_06122025__gr_1e-12_lr_1e-12_mu_1e-14,30354,connected_components_t0.4,nt,connected_components_t0.4/nt,5348,5887,-539,-10.078534031413612
PROKKA_06122025__gr_1e-12_lr_1e-12_mu_1e-14,30354,connected_components_t0.5,nt,connected_components_t0.5/nt,5348,5887,-539,-10.078534031413612
PROKKA_06122025__gr_1e-12_lr_1e-12_mu_1e-14,30354,connected_components_t0.6,nt,connected_components_t0.6/nt,5348,5887,-539,-10.078534031413612
PROKKA_06122025__gr_1e-12_lr_1e-12_mu_1e-14,30354,connected_components_t0.7,nt,connected_components_t0.7/nt,5348,5887,-539,-10.078534031413612
PROKKA_06122025__gr_1e-12_lr_1e-12_mu_1e-14,30354,hdbscan_dist,nt,hdbscan_dist/nt,5348,5887,-539,-10.078534031413612
PROKKA_06122025__gr_1e-12_lr_1e-12_mu_1e-14,30354,hdbscan_tsne,nt,hdbscan_tsne/nt,5348,5887,-539,-10.078534031413612
PROKKA_06122025__gr_1e-12_lr_1e-12_mu_1e-14,30354,hdbscan_umap,nt,hdbscan_umap/nt,5348,5887,-539,-10.078534031413612
PROKKA_06122025__gr_1e-12_lr_1e-12_mu_1e-14,30354,ppanggolin,aa,ppanggolin/aa,5348,5348,0,0.0
PROKKA_06122025__gr_1e-12_lr_1e-12_mu_1e-14,30354,panaroo,aa,panaroo/aa,5348,5348,0,0.0
PROKKA_06122025__gr_1e-12_lr_1e-12_mu_1e-14,30354,embed_hdbscan_raw,aa,embed_hdbscan_raw/aa,5348,5887,-539,-10.078534031413612
PROKKA_06122025__gr_1e-12_lr_1e-12_mu_1e-14,30354,embed_hdbscan_tsne,aa,embed_hdbscan_tsne/aa,5348,5887,-539,-10.078534031413612
PROKKA_06122025__gr_1e-12_lr_1e-12_mu_1e-14,30354,embed_hdbscan_umap,aa,embed_hdbscan_umap/aa,5348,5887,-539,-10.078534031413612
PROKKA_06122025__gr_1e-12_lr_1e-12_mu_1e-14,30354,mmseqs2,aa,mmseqs2/aa,5348,5348,0,0.0
PROKKA_06122025__gr_1e-12_lr_1e-12_mu_1e-14,30354,panta,aa,panta/aa,5348,5322,26,0.48616305160807777
PROKKA_06122025__gr_1e-12_lr_1e-12_mu_1e-14,30354,connected_components_t0.1,aa,connected_components_t0.1/aa,5348,5887,-539,-10.078534031413612
PROKKA_06122025__gr_1e-12_lr_1e-12_mu_1e-14,30354,connected_components_t0.2,aa,connected_components_t0.2/aa,5348,5887,-539,-10.078534031413612
PROKKA_06122025__gr_1e-12_lr_1e-12_mu_1e-14,30354,connected_components_t0.3,aa,connected_components_t0.3/aa,5348,5887,-539,-10.078534031413612
PROKKA_06122025__gr_1e-12_lr_1e-12_mu_1e-14,30354,connected_components_t0.4,aa,connected_components_t0.4/aa,5348,5887,-539,-10.078534031413612
PROKKA_06122025__gr_1e-12_lr_1e-12_mu_1e-14,30354,connected_components_t0.5,aa,connected_components_t0.5/aa,5348,5887,-539,-10.078534031413612
PROKKA_06122025__gr_1e-12_lr_1e-12_mu_1e-14,30354,connected_components_t0.6,aa,connected_components_t0.6/aa,5348,5887,-539,-10.078534031413612
PROKKA_06122025__gr_1e-12_lr_1e-12_mu_1e-14,30354,connected_components_t0.7,aa,connected_components_t0.7/aa,5348,5887,-539,-10.078534031413612
PROKKA_06122025__gr_1e-12_lr_1e-12_mu_1e-14,30354,hdbscan_dist,aa,hdbscan_dist/aa,5348,5887,-539,-10.078534031413612
PROKKA_06122025__gr_1e-12_lr_1e-12_mu_1e-14,30354,hdbscan_tsne,aa,hdbscan_tsne/aa,5348,5887,-539,-10.078534031413612
PROKKA_06122025__gr_1e-12_lr_1e-12_mu_1e-14,30354,hdbscan_umap,aa,hdbscan_umap/aa,5348,5887,-539,-10.078534031413612
PROKKA_06122025__gr_1e-12_lr_1e-12_mu_1e-14,30354,cdhit,nt,cdhit/nt,5348,5348,0,0.0
PROKKA_06122025__gr_1e-12_lr_1e-12_mu_1e-14,30354,mmseqs2,nt,mmseqs2/nt,5348,5348,0,0.0
PROKKA_06122025__gr_1e-12_lr_1e-12_mu_1e-14,31001,panx,aa,panx/aa,5661,5595,66,1.1658717541070482
PROKKA_06122025__gr_1e-12_lr_1e-12_mu_1e-14,31001,cdhit,aa,cdhit/aa,5661,5661,0,0.0
PROKKA_06122025__gr_1e-12_lr_1e-12_mu_1e-14,31001,diamond,aa,diamond/aa,5661,5661,0,0.0
PROKKA_06122025__gr_1e-12_lr_1e-12_mu_1e-14,31001,connected_components_t0.1,nt,connected_components_t0.1/nt,5661,6317,-656,-11.588058646882176
PROKKA_06122025__gr_1e-12_lr_1e-12_mu_1e-14,31001,connected_components_t0.2,nt,connected_components_t0.2/nt,5661,6317,-656,-11.588058646882176
PROKKA_06122025__gr_1e-12_lr_1e-12_mu_1e-14,31001,connected_components_t0.3,nt,connected_components_t0.3/nt,5661,6317,-656,-11.588058646882176
PROKKA_06122025__gr_1e-12_lr_1e-12_mu_1e-14,31001,connected_components_t0.4,nt,connected_components_t0.4/nt,5661,6317,-656,-11.588058646882176
PROKKA_06122025__gr_1e-12_lr_1e-12_mu_1e-14,31001,connected_components_t0.5,nt,connected_components_t0.5/nt,5661,6317,-656,-11.588058646882176
PROKKA_06122025__gr_1e-12_lr_1e-12_mu_1e-14,31001,connected_components_t0.6,nt,connected_components_t0.6/nt,5661,6317,-656,-11.588058646882176
PROKKA_06122025__gr_1e-12_lr_1e-12_mu_1e-14,31001,connected_components_t0.7,nt,connected_components_t0.7/nt,5661,6317,-656,-11.588058646882176
PROKKA_06122025__gr_1e-12_lr_1e-12_mu_1e-14,31001,hdbscan_dist,nt,hdbscan_dist/nt,5661,6317,-656,-11.588058646882176
PROKKA_06122025__gr_1e-12_lr_1e-12_mu_1e-14,31001,hdbscan_tsne,nt,hdbscan_tsne/nt,5661,6317,-656,-11.588058646882176
PROKKA_06122025__gr_1e-12_lr_1e-12_mu_1e-14,31001,hdbscan_umap,nt,hdbscan_umap/nt,5661,6317,-656,-11.588058646882176
PROKKA_06122025__gr_1e-12_lr_1e-12_mu_1e-14,31001,ppanggolin,aa,ppanggolin/aa,5661,5661,0,0.0
PROKKA_06122025__gr_1e-12_lr_1e-12_mu_1e-14,31001,panaroo,aa,panaroo/aa,5661,5661,0,0.0
PROKKA_06122025__gr_1e-12_lr_1e-12_mu_1e-14,31001,embed_hdbscan_raw,aa,embed_hdbscan_raw/aa,5661,6317,-656,-11.588058646882176
PROKKA_06122025__gr_1e-12_lr_1e-12_mu_1e-14,31001,embed_hdbscan_tsne,aa,embed_hdbscan_tsne/aa,5661,6317,-656,-11.588058646882176
PROKKA_06122025__gr_1e-12_lr_1e-12_mu_1e-14,31001,embed_hdbscan_umap,aa,embed_hdbscan_umap/aa,5661,6317,-656,-11.588058646882176
PROKKA_06122025__gr_1e-12_lr_1e-12_mu_1e-14,31001,mmseqs2,aa,mmseqs2/aa,5661,5661,0,0.0
PROKKA_06122025__gr_1e-12_lr_1e-12_mu_1e-14,31001,panta,aa,panta/aa,5661,5623,38,0.6712594947889066
PROKKA_06122025__gr_1e-12_lr_1e-12_mu_1e-14,31001,connected_components_t0.1,aa,connected_components_t0.1/aa,5661,6317,-656,-11.588058646882176
PROKKA_06122025__gr_1e-12_lr_1e-12_mu_1e-14,31001,connected_components_t0.2,aa,connected_components_t0.2/aa,5661,6317,-656,-11.588058646882176
PROKKA_06122025__gr_1e-12_lr_1e-12_mu_1e-14,31001,connected_components_t0.3,aa,connected_components_t0.3/aa,5661,6317,-656,-11.588058646882176
PROKKA_06122025__gr_1e-12_lr_1e-12_mu_1e-14,31001,connected_components_t0.4,aa,connected_components_t0.4/aa,5661,6317,-656,-11.588058646882176
PROKKA_06122025__gr_1e-12_lr_1e-12_mu_1e-14,31001,connected_components_t0.5,aa,connected_components_t0.5/aa,5661,6317,-656,-11.588058646882176
PROKKA_06122025__gr_1e-12_lr_1e-12_mu_1e-14,31001,connected_components_t0.6,aa,connected_components_t0.6/aa,5661,6317,-656,-11.588058646882176
PROKKA_06122025__gr_1e-12_lr_1e-12_mu_1e-14,31001,connected_components_t0.7,aa,connected_components_t0.7/aa,5661,6317,-656,-11.588058646882176
PROKKA_06122025__gr_1e-12_lr_1e-12_mu_1e-14,31001,hdbscan_dist,aa,hdbscan_dist/aa,5661,6317,-656,-11.588058646882176
PROKKA_06122025__gr_1e-12_lr_1e-12_mu_1e-14,31001,hdbscan_tsne,aa,hdbscan_tsne/aa,5661,6317,-656,-11.588058646882176
PROKKA_06122025__gr_1e-12_lr_1e-12_mu_1e-14,31001,hdbscan_umap,aa,hdbscan_umap/aa,5661,6317,-656,-11.588058646882176
PROKKA_06122025__gr_1e-12_lr_1e-12_mu_1e-14,31001,cdhit,nt,cdhit/nt,5661,5661,0,0.0
PROKKA_06122025__gr_1e-12_lr_1e-12_mu_1e-14,31001,mmseqs2,nt,mmseqs2/nt,5661,5661,0,0.0
PROKKA_06122025__gr_1e-12_lr_1e-12_mu_1e-14,31375,panx,aa,panx/aa,4873,4834,39,0.8003283398317258
PROKKA_06122025__gr_1e-12_lr_1e-12_mu_1e-14,31375,cdhit,aa,cdhit/aa,4873,4873,0,0.0
PROKKA_06122025__gr_1e-12_lr_1e-12_mu_1e-14,31375,diamond,aa,diamond/aa,4873,4873,0,0.0
PROKKA_06122025__gr_1e-12_lr_1e-12_mu_1e-14,31375,connected_components_t0.1,nt,connected_components_t0.1/nt,4873,5337,-464,-9.521855120049251
PROKKA_06122025__gr_1e-12_lr_1e-12_mu_1e-14,31375,connected_components_t0.2,nt,connected_components_t0.2/nt,4873,5337,-464,-9.521855120049251
PROKKA_06122025__gr_1e-12_lr_1e-12_mu_1e-14,31375,connected_components_t0.3,nt,connected_components_t0.3/nt,4873,5337,-464,-9.521855120049251
PROKKA_06122025__gr_1e-12_lr_1e-12_mu_1e-14,31375,connected_components_t0.4,nt,connected_components_t0.4/nt,4873,5337,-464,-9.521855120049251
PROKKA_06122025__gr_1e-12_lr_1e-12_mu_1e-14,31375,connected_components_t0.5,nt,connected_components_t0.5/nt,4873,5337,-464,-9.521855120049251
PROKKA_06122025__gr_1e-12_lr_1e-12_mu_1e-14,31375,connected_components_t0.6,nt,connected_components_t0.6/nt,4873,5337,-464,-9.521855120049251
PROKKA_06122025__gr_1e-12_lr_1e-12_mu_1e-14,31375,connected_components_t0.7,nt,connected_components_t0.7/nt,4873,5337,-464,-9.521855120049251
PROKKA_06122025__gr_1e-12_lr_1e-12_mu_1e-14,31375,hdbscan_dist,nt,hdbscan_dist/nt,4873,5337,-464,-9.521855120049251
PROKKA_06122025__gr_1e-12_lr_1e-12_mu_1e-14,31375,hdbscan_tsne,nt,hdbscan_tsne/nt,4873,5337,-464,-9.521855120049251
PROKKA_06122025__gr_1e-12_lr_1e-12_mu_1e-14,31375,hdbscan_umap,nt,hdbscan_umap/nt,4873,5337,-464,-9.521855120049251
PROKKA_06122025__gr_1e-12_lr_1e-12_mu_1e-14,31375,ppanggolin,aa,ppanggolin/aa,4873,4873,0,0.0
PROKKA_06122025__gr_1e-12_lr_1e-12_mu_1e-14,31375,panaroo,aa,panaroo/aa,4873,4873,0,0.0
PROKKA_06122025__gr_1e-12_lr_1e-12_mu_1e-14,31375,embed_hdbscan_raw,aa,embed_hdbscan_raw/aa,4873,5337,-464,-9.521855120049251
PROKKA_06122025__gr_1e-12_lr_1e-12_mu_1e-14,31375,embed_hdbscan_tsne,aa,embed_hdbscan_tsne/aa,4873,5337,-464,-9.521855120049251
PROKKA_06122025__gr_1e-12_lr_1e-12_mu_1e-14,31375,embed_hdbscan_umap,aa,embed_hdbscan_umap/aa,4873,5337,-464,-9.521855120049251
PROKKA_06122025__gr_1e-12_lr_1e-12_mu_1e-14,31375,mmseqs2,aa,mmseqs2/aa,4873,4873,0,0.0
PROKKA_06122025__gr_1e-12_lr_1e-12_mu_1e-14,31375,panta,aa,panta/aa,4873,4853,20,0.41042478965729534
PROKKA_06122025__gr_1e-12_lr_1e-12_mu_1e-14,31375,connected_components_t0.1,aa,connected_components_t0.1/aa,4873,5337,-464,-9.521855120049251
PROKKA_06122025__gr_1e-12_lr_1e-12_mu_1e-14,31375,connected_components_t0.2,aa,connected_components_t0.2/aa,4873,5337,-464,-9.521855120049251
PROKKA_06122025__gr_1e-12_lr_1e-12_mu_1e-14,31375,connected_components_t0.3,aa,connected_components_t0.3/aa,4873,5337,-464,-9.521855120049251
PROKKA_06122025__gr_1e-12_lr_1e-12_mu_1e-14,31375,connected_components_t0.4,aa,connected_components_t0.4/aa,4873,5337,-464,-9.521855120049251
PROKKA_06122025__gr_1e-12_lr_1e-12_mu_1e-14,31375,connected_components_t0.5,aa,connected_components_t0.5/aa,4873,5337,-464,-9.521855120049251
PROKKA_06122025__gr_1e-12_lr_1e-12_mu_1e-14,31375,connected_components_t0.6,aa,connected_components_t0.6/aa,4873,5337,-464,-9.521855120049251
PROKKA_06122025__gr_1e-12_lr_1e-12_mu_1e-14,31375,connected_components_t0.7,aa,connected_components_t0.7/aa,4873,5337,-464,-9.521855120049251
PROKKA_06122025__gr_1e-12_lr_1e-12_mu_1e-14,31375,hdbscan_dist,aa,hdbscan_dist/aa,4873,5337,-464,-9.521855120049251
PROKKA_06122025__gr_1e-12_lr_1e-12_mu_1e-14,31375,hdbscan_tsne,aa,hdbscan_tsne/aa,4873,5337,-464,-9.521855120049251
PROKKA_06122025__gr_1e-12_lr_1e-12_mu_1e-14,31375,hdbscan_umap,aa,hdbscan_umap/aa,4873,5337,-464,-9.521855120049251
PROKKA_06122025__gr_1e-12_lr_1e-12_mu_1e-14,31375,cdhit,nt,cdhit/nt,4873,4873,0,0.0
PROKKA_06122025__gr_1e-12_lr_1e-12_mu_1e-14,31375,mmseqs2,nt,mmseqs2/nt,4873,4873,0,0.0
PROKKA_06122025__gr_1e-12_lr_1e-12_mu_1e-14,35787,panx,aa,panx/aa,5031,4962,69,1.3714967203339297
PROKKA_06122025__gr_1e-12_lr_1e-12_mu_1e-14,35787,cdhit,aa,cdhit/aa,5031,5031,0,0.0
PROKKA_06122025__gr_1e-12_lr_1e-12_mu_1e-14,35787,diamond,aa,diamond/aa,5031,5031,0,0.0
PROKKA_06122025__gr_1e-12_lr_1e-12_mu_1e-14,35787,connected_components_t0.1,nt,connected_components_t0.1/nt,5031,5865,-834,-16.57722122838402
PROKKA_06122025__gr_1e-12_lr_1e-12_mu_1e-14,35787,connected_components_t0.2,nt,connected_components_t0.2/nt,5031,5865,-834,-16.57722122838402
PROKKA_06122025__gr_1e-12_lr_1e-12_mu_1e-14,35787,connected_components_t0.3,nt,connected_components_t0.3/nt,5031,5865,-834,-16.57722122838402
PROKKA_06122025__gr_1e-12_lr_1e-12_mu_1e-14,35787,connected_components_t0.4,nt,connected_components_t0.4/nt,5031,5865,-834,-16.57722122838402
PROKKA_06122025__gr_1e-12_lr_1e-12_mu_1e-14,35787,connected_components_t0.5,nt,connected_components_t0.5/nt,5031,5865,-834,-16.57722122838402
PROKKA_06122025__gr_1e-12_lr_1e-12_mu_1e-14,35787,connected_components_t0.6,nt,connected_components_t0.6/nt,5031,5865,-834,-16.57722122838402
PROKKA_06122025__gr_1e-12_lr_1e-12_mu_1e-14,35787,connected_components_t0.7,nt,connected_components_t0.7/nt,5031,5865,-834,-16.57722122838402
PROKKA_06122025__gr_1e-12_lr_1e-12_mu_1e-14,35787,hdbscan_dist,nt,hdbscan_dist/nt,5031,5865,-834,-16.57722122838402
PROKKA_06122025__gr_1e-12_lr_1e-12_mu_1e-14,35787,hdbscan_tsne,nt,hdbscan_tsne/nt,5031,5865,-834,-16.57722122838402
PROKKA_06122025__gr_1e-12_lr_1e-12_mu_1e-14,35787,hdbscan_umap,nt,hdbscan_umap/nt,5031,5865,-834,-16.57722122838402
PROKKA_06122025__gr_1e-12_lr_1e-12_mu_1e-14,35787,ppanggolin,aa,ppanggolin/aa,5031,5031,0,0.0
PROKKA_06122025__gr_1e-12_lr_1e-12_mu_1e-14,35787,panaroo,aa,panaroo/aa,5031,5031,0,0.0
PROKKA_06122025__gr_1e-12_lr_1e-12_mu_1e-14,35787,embed_hdbscan_raw,aa,embed_hdbscan_raw/aa,5031,5865,-834,-16.57722122838402
PROKKA_06122025__gr_1e-12_lr_1e-12_mu_1e-14,35787,embed_hdbscan_tsne,aa,embed_hdbscan_tsne/aa,5031,5865,-834,-16.57722122838402
PROKKA_06122025__gr_1e-12_lr_1e-12_mu_1e-14,35787,embed_hdbscan_umap,aa,embed_hdbscan_umap/aa,5031,5865,-834,-16.57722122838402
PROKKA_06122025__gr_1e-12_lr_1e-12_mu_1e-14,35787,mmseqs2,aa,mmseqs2/aa,5031,5031,0,0.0
PROKKA_06122025__gr_1e-12_lr_1e-12_mu_1e-14,35787,panta,aa,panta/aa,5031,4998,33,0.655933214072749
PROKKA_06122025__gr_1e-12_lr_1e-12_mu_1e-14,35787,connected_components_t0.1,aa,connected_components_t0.1/aa,5031,5865,-834,-16.57722122838402
PROKKA_06122025__gr_1e-12_lr_1e-12_mu_1e-14,35787,connected_components_t0.2,aa,connected_components_t0.2/aa,5031,5865,-834,-16.57722122838402
PROKKA_06122025__gr_1e-12_lr_1e-12_mu_1e-14,35787,connected_components_t0.3,aa,connected_components_t0.3/aa,5031,5865,-834,-16.57722122838402
PROKKA_06122025__gr_1e-12_lr_1e-12_mu_1e-14,35787,connected_components_t0.4,aa,connected_components_t0.4/aa,5031,5865,-834,-16.57722122838402
PROKKA_06122025__gr_1e-12_lr_1e-12_mu_1e-14,35787,connected_components_t0.5,aa,connected_components_t0.5/aa,5031,5865,-834,-16.57722122838402
PROKKA_06122025__gr_1e-12_lr_1e-12_mu_1e-14,35787,connected_components_t0.6,aa,connected_components_t0.6/aa,5031,5865,-834,-16.57722122838402
PROKKA_06122025__gr_1e-12_lr_1e-12_mu_1e-14,35787,connected_components_t0.7,aa,connected_components_t0.7/aa,5031,5865,-834,-16.57722122838402
PROKKA_06122025__gr_1e-12_lr_1e-12_mu_1e-14,35787,hdbscan_dist,aa,hdbscan_dist/aa,5031,5865,-834,-16.57722122838402
PROKKA_06122025__gr_1e-12_lr_1e-12_mu_1e-14,35787,hdbscan_tsne,aa,hdbscan_tsne/aa,5031,5865,-834,-16.57722122838402
PROKKA_06122025__gr_1e-12_lr_1e-12_mu_1e-14,35787,hdbscan_umap,aa,hdbscan_umap/aa,5031,5865,-834,-16.57722122838402
PROKKA_06122025__gr_1e-12_lr_1e-12_mu_1e-14,35787,cdhit,nt,cdhit/nt,5031,5031,0,0.0
PROKKA_06122025__gr_1e-12_lr_1e-12_mu_1e-14,35787,mmseqs2,nt,mmseqs2/nt,5031,5031,0,0.0
PROKKA_06122025__gr_1e-12_lr_1e-12_mu_1e-14,40547,panx,aa,panx/aa,4454,4419,35,0.7858105074090704
PROKKA_06122025__gr_1e-12_lr_1e-12_mu_1e-14,40547,cdhit,aa,cdhit/aa,4454,4454,0,0.0
PROKKA_06122025__gr_1e-12_lr_1e-12_mu_1e-14,40547,diamond,aa,diamond/aa,4454,4454,0,0.0
PROKKA_06122025__gr_1e-12_lr_1e-12_mu_1e-14,40547,connected_components_t0.1,nt,connected_components_t0.1/nt,4454,4956,-502,-11.270767849124383
PROKKA_06122025__gr_1e-12_lr_1e-12_mu_1e-14,40547,connected_components_t0.2,nt,connected_components_t0.2/nt,4454,4956,-502,-11.270767849124383
PROKKA_06122025__gr_1e-12_lr_1e-12_mu_1e-14,40547,connected_components_t0.3,nt,connected_components_t0.3/nt,4454,4956,-502,-11.270767849124383
PROKKA_06122025__gr_1e-12_lr_1e-12_mu_1e-14,40547,connected_components_t0.4,nt,connected_components_t0.4/nt,4454,4956,-502,-11.270767849124383
PROKKA_06122025__gr_1e-12_lr_1e-12_mu_1e-14,40547,connected_components_t0.5,nt,connected_components_t0.5/nt,4454,4956,-502,-11.270767849124383
PROKKA_06122025__gr_1e-12_lr_1e-12_mu_1e-14,40547,connected_components_t0.6,nt,connected_components_t0.6/nt,4454,4956,-502,-11.270767849124383
PROKKA_06122025__gr_1e-12_lr_1e-12_mu_1e-14,40547,connected_components_t0.7,nt,connected_components_t0.7/nt,4454,4956,-502,-11.270767849124383
PROKKA_06122025__gr_1e-12_lr_1e-12_mu_1e-14,40547,hdbscan_dist,nt,hdbscan_dist/nt,4454,4956,-502,-11.270767849124383
PROKKA_06122025__gr_1e-12_lr_1e-12_mu_1e-14,40547,hdbscan_tsne,nt,hdbscan_tsne/nt,4454,4956,-502,-11.270767849124383
PROKKA_06122025__gr_1e-12_lr_1e-12_mu_1e-14,40547,hdbscan_umap,nt,hdbscan_umap/nt,4454,4956,-502,-11.270767849124383
PROKKA_06122025__gr_1e-12_lr_1e-12_mu_1e-14,40547,ppanggolin,aa,ppanggolin/aa,4454,4454,0,0.0
PROKKA_06122025__gr_1e-12_lr_1e-12_mu_1e-14,40547,panaroo,aa,panaroo/aa,4454,4454,0,0.0
PROKKA_06122025__gr_1e-12_lr_1e-12_mu_1e-14,40547,embed_hdbscan_raw,aa,embed_hdbscan_raw/aa,4454,4956,-502,-11.270767849124383
PROKKA_06122025__gr_1e-12_lr_1e-12_mu_1e-14,40547,embed_hdbscan_tsne,aa,embed_hdbscan_tsne/aa,4454,4956,-502,-11.270767849124383
PROKKA_06122025__gr_1e-12_lr_1e-12_mu_1e-14,40547,embed_hdbscan_umap,aa,embed_hdbscan_umap/aa,4454,4956,-502,-11.270767849124383
PROKKA_06122025__gr_1e-12_lr_1e-12_mu_1e-14,40547,mmseqs2,aa,mmseqs2/aa,4454,4454,0,0.0
PROKKA_06122025__gr_1e-12_lr_1e-12_mu_1e-14,40547,panta,aa,panta/aa,4454,4410,44,0.9878760664571172
PROKKA_06122025__gr_1e-12_lr_1e-12_mu_1e-14,40547,connected_components_t0.1,aa,connected_components_t0.1/aa,4454,4956,-502,-11.270767849124383
PROKKA_06122025__gr_1e-12_lr_1e-12_mu_1e-14,40547,connected_components_t0.2,aa,connected_components_t0.2/aa,4454,4956,-502,-11.270767849124383
PROKKA_06122025__gr_1e-12_lr_1e-12_mu_1e-14,40547,connected_components_t0.3,aa,connected_components_t0.3/aa,4454,4956,-502,-11.270767849124383
PROKKA_06122025__gr_1e-12_lr_1e-12_mu_1e-14,40547,connected_components_t0.4,aa,connected_components_t0.4/aa,4454,4956,-502,-11.270767849124383
PROKKA_06122025__gr_1e-12_lr_1e-12_mu_1e-14,40547,connected_components_t0.5,aa,connected_components_t0.5/aa,4454,4956,-502,-11.270767849124383
PROKKA_06122025__gr_1e-12_lr_1e-12_mu_1e-14,40547,connected_components_t0.6,aa,connected_components_t0.6/aa,4454,4956,-502,-11.270767849124383
PROKKA_06122025__gr_1e-12_lr_1e-12_mu_1e-14,40547,connected_components_t0.7,aa,connected_components_t0.7/aa,4454,4956,-502,-11.270767849124383
PROKKA_06122025__gr_1e-12_lr_1e-12_mu_1e-14,40547,hdbscan_dist,aa,hdbscan_dist/aa,4454,4956,-502,-11.270767849124383
PROKKA_06122025__gr_1e-12_lr_1e-12_mu_1e-14,40547,hdbscan_tsne,aa,hdbscan_tsne/aa,4454,4956,-502,-11.270767849124383
PROKKA_06122025__gr_1e-12_lr_1e-12_mu_1e-14,40547,hdbscan_umap,aa,hdbscan_umap/aa,4454,4956,-502,-11.270767849124383
PROKKA_06122025__gr_1e-12_lr_1e-12_mu_1e-14,40547,cdhit,nt,cdhit/nt,4454,4454,0,0.0
PROKKA_06122025__gr_1e-12_lr_1e-12_mu_1e-14,40547,mmseqs2,nt,mmseqs2/nt,4454,4454,0,0.0
PROKKA_06122025__gr_1e-12_lr_1e-12_mu_1e-14,42029,panx,aa,panx/aa,5816,5756,60,1.031636863823934
PROKKA_06122025__gr_1e-12_lr_1e-12_mu_1e-14,42029,cdhit,aa,cdhit/aa,5816,5816,0,0.0
PROKKA_06122025__gr_1e-12_lr_1e-12_mu_1e-14,42029,diamond,aa,diamond/aa,5816,5816,0,0.0
PROKKA_06122025__gr_1e-12_lr_1e-12_mu_1e-14,42029,connected_components_t0.1,nt,connected_components_t0.1/nt,5816,6357,-541,-9.301925722145803
PROKKA_06122025__gr_1e-12_lr_1e-12_mu_1e-14,42029,connected_components_t0.2,nt,connected_components_t0.2/nt,5816,6357,-541,-9.301925722145803
PROKKA_06122025__gr_1e-12_lr_1e-12_mu_1e-14,42029,connected_components_t0.3,nt,connected_components_t0.3/nt,5816,6357,-541,-9.301925722145803
PROKKA_06122025__gr_1e-12_lr_1e-12_mu_1e-14,42029,connected_components_t0.4,nt,connected_components_t0.4/nt,5816,6357,-541,-9.301925722145803
PROKKA_06122025__gr_1e-12_lr_1e-12_mu_1e-14,42029,connected_components_t0.5,nt,connected_components_t0.5/nt,5816,6357,-541,-9.301925722145803
PROKKA_06122025__gr_1e-12_lr_1e-12_mu_1e-14,42029,connected_components_t0.6,nt,connected_components_t0.6/nt,5816,6357,-541,-9.301925722145803
PROKKA_06122025__gr_1e-12_lr_1e-12_mu_1e-14,42029,connected_components_t0.7,nt,connected_components_t0.7/nt,5816,6357,-541,-9.301925722145803
PROKKA_06122025__gr_1e-12_lr_1e-12_mu_1e-14,42029,hdbscan_dist,nt,hdbscan_dist/nt,5816,6357,-541,-9.301925722145803
PROKKA_06122025__gr_1e-12_lr_1e-12_mu_1e-14,42029,hdbscan_tsne,nt,hdbscan_tsne/nt,5816,6357,-541,-9.301925722145803
PROKKA_06122025__gr_1e-12_lr_1e-12_mu_1e-14,42029,hdbscan_umap,nt,hdbscan_umap/nt,5816,6357,-541,-9.301925722145803
PROKKA_06122025__gr_1e-12_lr_1e-12_mu_1e-14,42029,ppanggolin,aa,ppanggolin/aa,5816,5816,0,0.0
PROKKA_06122025__gr_1e-12_lr_1e-12_mu_1e-14,42029,panaroo,aa,panaroo/aa,5816,5816,0,0.0
PROKKA_06122025__gr_1e-12_lr_1e-12_mu_1e-14,42029,embed_hdbscan_raw,aa,embed_hdbscan_raw/aa,5816,6357,-541,-9.301925722145803
PROKKA_06122025__gr_1e-12_lr_1e-12_mu_1e-14,42029,embed_hdbscan_tsne,aa,embed_hdbscan_tsne/aa,5816,6357,-541,-9.301925722145803
PROKKA_06122025__gr_1e-12_lr_1e-12_mu_1e-14,42029,embed_hdbscan_umap,aa,embed_hdbscan_umap/aa,5816,6357,-541,-9.301925722145803
PROKKA_06122025__gr_1e-12_lr_1e-12_mu_1e-14,42029,mmseqs2,aa,mmseqs2/aa,5816,5816,0,0.0
PROKKA_06122025__gr_1e-12_lr_1e-12_mu_1e-14,42029,panta,aa,panta/aa,5816,5776,40,0.6877579092159559
PROKKA_06122025__gr_1e-12_lr_1e-12_mu_1e-14,42029,connected_components_t0.1,aa,connected_components_t0.1/aa,5816,6357,-541,-9.301925722145803
PROKKA_06122025__gr_1e-12_lr_1e-12_mu_1e-14,42029,connected_components_t0.2,aa,connected_components_t0.2/aa,5816,6357,-541,-9.301925722145803
PROKKA_06122025__gr_1e-12_lr_1e-12_mu_1e-14,42029,connected_components_t0.3,aa,connected_components_t0.3/aa,5816,6357,-541,-9.301925722145803
PROKKA_06122025__gr_1e-12_lr_1e-12_mu_1e-14,42029,connected_components_t0.4,aa,connected_components_t0.4/aa,5816,6357,-541,-9.301925722145803
PROKKA_06122025__gr_1e-12_lr_1e-12_mu_1e-14,42029,connected_components_t0.5,aa,connected_components_t0.5/aa,5816,6357,-541,-9.301925722145803
PROKKA_06122025__gr_1e-12_lr_1e-12_mu_1e-14,42029,connected_components_t0.6,aa,connected_components_t0.6/aa,5816,6357,-541,-9.301925722145803
PROKKA_06122025__gr_1e-12_lr_1e-12_mu_1e-14,42029,connected_components_t0.7,aa,connected_components_t0.7/aa,5816,6357,-541,-9.301925722145803
PROKKA_06122025__gr_1e-12_lr_1e-12_mu_1e-14,42029,hdbscan_dist,aa,hdbscan_dist/aa,5816,6357,-541,-9.301925722145803
PROKKA_06122025__gr_1e-12_lr_1e-12_mu_1e-14,42029,hdbscan_tsne,aa,hdbscan_tsne/aa,5816,6357,-541,-9.301925722145803
PROKKA_06122025__gr_1e-12_lr_1e-12_mu_1e-14,42029,hdbscan_umap,aa,hdbscan_umap/aa,5816,6357,-541,-9.301925722145803
PROKKA_06122025__gr_1e-12_lr_1e-12_mu_1e-14,42029,cdhit,nt,cdhit/nt,5816,5816,0,0.0
PROKKA_06122025__gr_1e-12_lr_1e-12_mu_1e-14,42029,mmseqs2,nt,mmseqs2/nt,5816,5816,0,0.0
PROKKA_06122025__gr_1e-12_lr_1e-12_mu_1e-14,46118,panx,aa,panx/aa,4606,4580,26,0.5644811115935736
PROKKA_06122025__gr_1e-12_lr_1e-12_mu_1e-14,46118,cdhit,aa,cdhit/aa,4606,4606,0,0.0
PROKKA_06122025__gr_1e-12_lr_1e-12_mu_1e-14,46118,diamond,aa,diamond/aa,4606,4606,0,0.0
PROKKA_06122025__gr_1e-12_lr_1e-12_mu_1e-14,46118,connected_components_t0.1,nt,connected_components_t0.1/nt,4606,5069,-463,-10.052105948762485
PROKKA_06122025__gr_1e-12_lr_1e-12_mu_1e-14,46118,connected_components_t0.2,nt,connected_components_t0.2/nt,4606,5069,-463,-10.052105948762485
PROKKA_06122025__gr_1e-12_lr_1e-12_mu_1e-14,46118,connected_components_t0.3,nt,connected_components_t0.3/nt,4606,5069,-463,-10.052105948762485
PROKKA_06122025__gr_1e-12_lr_1e-12_mu_1e-14,46118,connected_components_t0.4,nt,connected_components_t0.4/nt,4606,5069,-463,-10.052105948762485
PROKKA_06122025__gr_1e-12_lr_1e-12_mu_1e-14,46118,connected_components_t0.5,nt,connected_components_t0.5/nt,4606,5069,-463,-10.052105948762485
PROKKA_06122025__gr_1e-12_lr_1e-12_mu_1e-14,46118,connected_components_t0.6,nt,connected_components_t0.6/nt,4606,5069,-463,-10.052105948762485
PROKKA_06122025__gr_1e-12_lr_1e-12_mu_1e-14,46118,connected_components_t0.7,nt,connected_components_t0.7/nt,4606,5069,-463,-10.052105948762485
PROKKA_06122025__gr_1e-12_lr_1e-12_mu_1e-14,46118,hdbscan_dist,nt,hdbscan_dist/nt,4606,5069,-463,-10.052105948762485
PROKKA_06122025__gr_1e-12_lr_1e-12_mu_1e-14,46118,hdbscan_tsne,nt,hdbscan_tsne/nt,4606,5069,-463,-10.052105948762485
PROKKA_06122025__gr_1e-12_lr_1e-12_mu_1e-14,46118,hdbscan_umap,nt,hdbscan_umap/nt,4606,5069,-463,-10.052105948762485
PROKKA_06122025__gr_1e-12_lr_1e-12_mu_1e-14,46118,ppanggolin,aa,ppanggolin/aa,4606,4606,0,0.0
PROKKA_06122025__gr_1e-12_lr_1e-12_mu_1e-14,46118,panaroo,aa,panaroo/aa,4606,4606,0,0.0
PROKKA_06122025__gr_1e-12_lr_1e-12_mu_1e-14,46118,embed_hdbscan_raw,aa,embed_hdbscan_raw/aa,4606,5069,-463,-10.052105948762485
PROKKA_06122025__gr_1e-12_lr_1e-12_mu_1e-14,46118,embed_hdbscan_tsne,aa,embed_hdbscan_tsne/aa,4606,5069,-463,-10.052105948762485
PROKKA_06122025__gr_1e-12_lr_1e-12_mu_1e-14,46118,embed_hdbscan_umap,aa,embed_hdbscan_umap/aa,4606,5069,-463,-10.052105948762485
PROKKA_06122025__gr_1e-12_lr_1e-12_mu_1e-14,46118,mmseqs2,aa,mmseqs2/aa,4606,4606,0,0.0
PROKKA_06122025__gr_1e-12_lr_1e-12_mu_1e-14,46118,panta,aa,panta/aa,4606,4591,15,0.3256621797655232
PROKKA_06122025__gr_1e-12_lr_1e-12_mu_1e-14,46118,connected_components_t0.1,aa,connected_components_t0.1/aa,4606,5069,-463,-10.052105948762485
PROKKA_06122025__gr_1e-12_lr_1e-12_mu_1e-14,46118,connected_components_t0.2,aa,connected_components_t0.2/aa,4606,5069,-463,-10.052105948762485
PROKKA_06122025__gr_1e-12_lr_1e-12_mu_1e-14,46118,connected_components_t0.3,aa,connected_components_t0.3/aa,4606,5069,-463,-10.052105948762485
PROKKA_06122025__gr_1e-12_lr_1e-12_mu_1e-14,46118,connected_components_t0.4,aa,connected_components_t0.4/aa,4606,5069,-463,-10.052105948762485
PROKKA_06122025__gr_1e-12_lr_1e-12_mu_1e-14,46118,connected_components_t0.5,aa,connected_components_t0.5/aa,4606,5069,-463,-10.052105948762485
PROKKA_06122025__gr_1e-12_lr_1e-12_mu_1e-14,46118,connected_components_t0.6,aa,connected_components_t0.6/aa,4606,5069,-463,-10.052105948762485
PROKKA_06122025__gr_1e-12_lr_1e-12_mu_1e-14,46118,connected_components_t0.7,aa,connected_components_t0.7/aa,4606,5069,-463,-10.052105948762485
PROKKA_06122025__gr_1e-12_lr_1e-12_mu_1e-14,46118,hdbscan_dist,aa,hdbscan_dist/aa,4606,5069,-463,-10.052105948762485
PROKKA_06122025__gr_1e-12_lr_1e-12_mu_1e-14,46118,hdbscan_tsne,aa,hdbscan_tsne/aa,4606,5069,-463,-10.052105948762485
PROKKA_06122025__gr_1e-12_lr_1e-12_mu_1e-14,46118,hdbscan_umap,aa,hdbscan_umap/aa,4606,5069,-463,-10.052105948762485
PROKKA_06122025__gr_1e-12_lr_1e-12_mu_1e-14,46118,cdhit,nt,cdhit/nt,4606,4606,0,0.0
PROKKA_06122025__gr_1e-12_lr_1e-12_mu_1e-14,46118,mmseqs2,nt,mmseqs2/nt,4606,4606,0,0.0
PROKKA_06122025__gr_1e-12_lr_1e-12_mu_1e-14,49444,panx,aa,panx/aa,5143,5096,47,0.9138635037915614
PROKKA_06122025__gr_1e-12_lr_1e-12_mu_1e-14,49444,cdhit,aa,cdhit/aa,5143,5143,0,0.0
PROKKA_06122025__gr_1e-12_lr_1e-12_mu_1e-14,49444,diamond,aa,diamond/aa,5143,5143,0,0.0
PROKKA_06122025__gr_1e-12_lr_1e-12_mu_1e-14,49444,connected_components_t0.1,nt,connected_components_t0.1/nt,5143,5614,-471,-9.158078942251604
PROKKA_06122025__gr_1e-12_lr_1e-12_mu_1e-14,49444,connected_components_t0.2,nt,connected_components_t0.2/nt,5143,5614,-471,-9.158078942251604
PROKKA_06122025__gr_1e-12_lr_1e-12_mu_1e-14,49444,connected_components_t0.3,nt,connected_components_t0.3/nt,5143,5614,-471,-9.158078942251604
PROKKA_06122025__gr_1e-12_lr_1e-12_mu_1e-14,49444,connected_components_t0.4,nt,connected_components_t0.4/nt,5143,5614,-471,-9.158078942251604
PROKKA_06122025__gr_1e-12_lr_1e-12_mu_1e-14,49444,connected_components_t0.5,nt,connected_components_t0.5/nt,5143,5614,-471,-9.158078942251604
PROKKA_06122025__gr_1e-12_lr_1e-12_mu_1e-14,49444,connected_components_t0.6,nt,connected_components_t0.6/nt,5143,5614,-471,-9.158078942251604
PROKKA_06122025__gr_1e-12_lr_1e-12_mu_1e-14,49444,connected_components_t0.7,nt,connected_components_t0.7/nt,5143,5614,-471,-9.158078942251604
PROKKA_06122025__gr_1e-12_lr_1e-12_mu_1e-14,49444,hdbscan_dist,nt,hdbscan_dist/nt,5143,5614,-471,-9.158078942251604
PROKKA_06122025__gr_1e-12_lr_1e-12_mu_1e-14,49444,hdbscan_tsne,nt,hdbscan_tsne/nt,5143,5614,-471,-9.158078942251604
PROKKA_06122025__gr_1e-12_lr_1e-12_mu_1e-14,49444,hdbscan_umap,nt,hdbscan_umap/nt,5143,5614,-471,-9.158078942251604
PROKKA_06122025__gr_1e-12_lr_1e-12_mu_1e-14,49444,ppanggolin,aa,ppanggolin/aa,5143,5143,0,0.0
PROKKA_06122025__gr_1e-12_lr_1e-12_mu_1e-14,49444,panaroo,aa,panaroo/aa,5143,5143,0,0.0
PROKKA_06122025__gr_1e-12_lr_1e-12_mu_1e-14,49444,embed_hdbscan_raw,aa,embed_hdbscan_raw/aa,5143,5614,-471,-9.158078942251604
PROKKA_06122025__gr_1e-12_lr_1e-12_mu_1e-14,49444,embed_hdbscan_tsne,aa,embed_hdbscan_tsne/aa,5143,5614,-471,-9.158078942251604
PROKKA_06122025__gr_1e-12_lr_1e-12_mu_1e-14,49444,embed_hdbscan_umap,aa,embed_hdbscan_umap/aa,5143,5614,-471,-9.158078942251604
PROKKA_06122025__gr_1e-12_lr_1e-12_mu_1e-14,49444,mmseqs2,aa,mmseqs2/aa,5143,5143,0,0.0
PROKKA_06122025__gr_1e-12_lr_1e-12_mu_1e-14,49444,panta,aa,panta/aa,5143,5111,32,0.6222049387517014
PROKKA_06122025__gr_1e-12_lr_1e-12_mu_1e-14,49444,connected_components_t0.1,aa,connected_components_t0.1/aa,5143,5614,-471,-9.158078942251604
PROKKA_06122025__gr_1e-12_lr_1e-12_mu_1e-14,49444,connected_components_t0.2,aa,connected_components_t0.2/aa,5143,5614,-471,-9.158078942251604
PROKKA_06122025__gr_1e-12_lr_1e-12_mu_1e-14,49444,connected_components_t0.3,aa,connected_components_t0.3/aa,5143,5614,-471,-9.158078942251604
PROKKA_06122025__gr_1e-12_lr_1e-12_mu_1e-14,49444,connected_components_t0.4,aa,connected_components_t0.4/aa,5143,5614,-471,-9.158078942251604
PROKKA_06122025__gr_1e-12_lr_1e-12_mu_1e-14,49444,connected_components_t0.5,aa,connected_components_t0.5/aa,5143,5614,-471,-9.158078942251604
PROKKA_06122025__gr_1e-12_lr_1e-12_mu_1e-14,49444,connected_components_t0.6,aa,connected_components_t0.6/aa,5143,5614,-471,-9.158078942251604
PROKKA_06122025__gr_1e-12_lr_1e-12_mu_1e-14,49444,connected_components_t0.7,aa,connected_components_t0.7/aa,5143,5614,-471,-9.158078942251604
PROKKA_06122025__gr_1e-12_lr_1e-12_mu_1e-14,49444,hdbscan_dist,aa,hdbscan_dist/aa,5143,5614,-471,-9.158078942251604
PROKKA_06122025__gr_1e-12_lr_1e-12_mu_1e-14,49444,hdbscan_tsne,aa,hdbscan_tsne/aa,5143,5614,-471,-9.158078942251604
PROKKA_06122025__gr_1e-12_lr_1e-12_mu_1e-14,49444,hdbscan_umap,aa,hdbscan_umap/aa,5143,5614,-471,-9.158078942251604
PROKKA_06122025__gr_1e-12_lr_1e-12_mu_1e-14,49444,cdhit,nt,cdhit/nt,5143,5143,0,0.0
PROKKA_06122025__gr_1e-12_lr_1e-12_mu_1e-14,49444,mmseqs2,nt,mmseqs2/nt,5143,5143,0,0.0
PROKKA_06122025__gr_1e-12_lr_1e-12_mu_1e-14,53144,panx,aa,panx/aa,4929,4874,55,1.1158449989855954
PROKKA_06122025__gr_1e-12_lr_1e-12_mu_1e-14,53144,cdhit,aa,cdhit/aa,4929,4929,0,0.0
PROKKA_06122025__gr_1e-12_lr_1e-12_mu_1e-14,53144,diamond,aa,diamond/aa,4929,4929,0,0.0
PROKKA_06122025__gr_1e-12_lr_1e-12_mu_1e-14,53144,connected_components_t0.1,nt,connected_components_t0.1/nt,4929,5582,-653,-13.248123351592614
PROKKA_06122025__gr_1e-12_lr_1e-12_mu_1e-14,53144,connected_components_t0.2,nt,connected_components_t0.2/nt,4929,5582,-653,-13.248123351592614
PROKKA_06122025__gr_1e-12_lr_1e-12_mu_1e-14,53144,connected_components_t0.3,nt,connected_components_t0.3/nt,4929,5582,-653,-13.248123351592614
PROKKA_06122025__gr_1e-12_lr_1e-12_mu_1e-14,53144,connected_components_t0.4,nt,connected_components_t0.4/nt,4929,5582,-653,-13.248123351592614
PROKKA_06122025__gr_1e-12_lr_1e-12_mu_1e-14,53144,connected_components_t0.5,nt,connected_components_t0.5/nt,4929,5582,-653,-13.248123351592614
PROKKA_06122025__gr_1e-12_lr_1e-12_mu_1e-14,53144,connected_components_t0.6,nt,connected_components_t0.6/nt,4929,5582,-653,-13.248123351592614
PROKKA_06122025__gr_1e-12_lr_1e-12_mu_1e-14,53144,connected_components_t0.7,nt,connected_components_t0.7/nt,4929,5582,-653,-13.248123351592614
PROKKA_06122025__gr_1e-12_lr_1e-12_mu_1e-14,53144,hdbscan_dist,nt,hdbscan_dist/nt,4929,5582,-653,-13.248123351592614
PROKKA_06122025__gr_1e-12_lr_1e-12_mu_1e-14,53144,hdbscan_tsne,nt,hdbscan_tsne/nt,4929,5582,-653,-13.248123351592614
PROKKA_06122025__gr_1e-12_lr_1e-12_mu_1e-14,53144,hdbscan_umap,nt,hdbscan_umap/nt,4929,5582,-653,-13.248123351592614
PROKKA_06122025__gr_1e-12_lr_1e-12_mu_1e-14,53144,ppanggolin,aa,ppanggolin/aa,4929,4929,0,0.0
PROKKA_06122025__gr_1e-12_lr_1e-12_mu_1e-14,53144,panaroo,aa,panaroo/aa,4929,4929,0,0.0
PROKKA_06122025__gr_1e-12_lr_1e-12_mu_1e-14,53144,embed_hdbscan_raw,aa,embed_hdbscan_raw/aa,4929,5582,-653,-13.248123351592614
PROKKA_06122025__gr_1e-12_lr_1e-12_mu_1e-14,53144,embed_hdbscan_tsne,aa,embed_hdbscan_tsne/aa,4929,5582,-653,-13.248123351592614
PROKKA_06122025__gr_1e-12_lr_1e-12_mu_1e-14,53144,embed_hdbscan_umap,aa,embed_hdbscan_umap/aa,4929,5582,-653,-13.248123351592614
PROKKA_06122025__gr_1e-12_lr_1e-12_mu_1e-14,53144,mmseqs2,aa,mmseqs2/aa,4929,4929,0,0.0
PROKKA_06122025__gr_1e-12_lr_1e-12_mu_1e-14,53144,panta,aa,panta/aa,4929,4896,33,0.6695069993913573
PROKKA_06122025__gr_1e-12_lr_1e-12_mu_1e-14,53144,connected_components_t0.1,aa,connected_components_t0.1/aa,4929,5582,-653,-13.248123351592614
PROKKA_06122025__gr_1e-12_lr_1e-12_mu_1e-14,53144,connected_components_t0.2,aa,connected_components_t0.2/aa,4929,5582,-653,-13.248123351592614
PROKKA_06122025__gr_1e-12_lr_1e-12_mu_1e-14,53144,connected_components_t0.3,aa,connected_components_t0.3/aa,4929,5582,-653,-13.248123351592614
PROKKA_06122025__gr_1e-12_lr_1e-12_mu_1e-14,53144,connected_components_t0.4,aa,connected_components_t0.4/aa,4929,5582,-653,-13.248123351592614
PROKKA_06122025__gr_1e-12_lr_1e-12_mu_1e-14,53144,connected_components_t0.5,aa,connected_components_t0.5/aa,4929,5582,-653,-13.248123351592614
PROKKA_06122025__gr_1e-12_lr_1e-12_mu_1e-14,53144,connected_components_t0.6,aa,connected_components_t0.6/aa,4929,5582,-653,-13.248123351592614
PROKKA_06122025__gr_1e-12_lr_1e-12_mu_1e-14,53144,connected_components_t0.7,aa,connected_components_t0.7/aa,4929,5582,-653,-13.248123351592614
PROKKA_06122025__gr_1e-12_lr_1e-12_mu_1e-14,53144,hdbscan_dist,aa,hdbscan_dist/aa,4929,5582,-653,-13.248123351592614
PROKKA_06122025__gr_1e-12_lr_1e-12_mu_1e-14,53144,hdbscan_tsne,aa,hdbscan_tsne/aa,4929,5582,-653,-13.248123351592614
PROKKA_06122025__gr_1e-12_lr_1e-12_mu_1e-14,53144,hdbscan_umap,aa,hdbscan_umap/aa,4929,5582,-653,-13.248123351592614
PROKKA_06122025__gr_1e-12_lr_1e-12_mu_1e-14,53144,cdhit,nt,cdhit/nt,4929,4929,0,0.0
PROKKA_06122025__gr_1e-12_lr_1e-12_mu_1e-14,53144,mmseqs2,nt,mmseqs2/nt,4929,4929,0,0.0
PROKKA_06122025__gr_1e-12_lr_1e-12_mu_1e-14,54634,panx,aa,panx/aa,4983,4957,26,0.5217740317078066
PROKKA_06122025__gr_1e-12_lr_1e-12_mu_1e-14,54634,cdhit,aa,cdhit/aa,4983,4983,0,0.0
PROKKA_06122025__gr_1e-12_lr_1e-12_mu_1e-14,54634,diamond,aa,diamond/aa,4983,4983,0,0.0
PROKKA_06122025__gr_1e-12_lr_1e-12_mu_1e-14,54634,connected_components_t0.1,nt,connected_components_t0.1/nt,4983,5794,-811,-16.275336142885813
PROKKA_06122025__gr_1e-12_lr_1e-12_mu_1e-14,54634,connected_components_t0.2,nt,connected_components_t0.2/nt,4983,5794,-811,-16.275336142885813
PROKKA_06122025__gr_1e-12_lr_1e-12_mu_1e-14,54634,connected_components_t0.3,nt,connected_components_t0.3/nt,4983,5794,-811,-16.275336142885813
PROKKA_06122025__gr_1e-12_lr_1e-12_mu_1e-14,54634,connected_components_t0.4,nt,connected_components_t0.4/nt,4983,5794,-811,-16.275336142885813
PROKKA_06122025__gr_1e-12_lr_1e-12_mu_1e-14,54634,connected_components_t0.5,nt,connected_components_t0.5/nt,4983,5794,-811,-16.275336142885813
PROKKA_06122025__gr_1e-12_lr_1e-12_mu_1e-14,54634,connected_components_t0.6,nt,connected_components_t0.6/nt,4983,5794,-811,-16.275336142885813
PROKKA_06122025__gr_1e-12_lr_1e-12_mu_1e-14,54634,connected_components_t0.7,nt,connected_components_t0.7/nt,4983,5794,-811,-16.275336142885813
PROKKA_06122025__gr_1e-12_lr_1e-12_mu_1e-14,54634,hdbscan_dist,nt,hdbscan_dist/nt,4983,5794,-811,-16.275336142885813
PROKKA_06122025__gr_1e-12_lr_1e-12_mu_1e-14,54634,hdbscan_tsne,nt,hdbscan_tsne/nt,4983,5794,-811,-16.275336142885813
PROKKA_06122025__gr_1e-12_lr_1e-12_mu_1e-14,54634,hdbscan_umap,nt,hdbscan_umap/nt,4983,5794,-811,-16.275336142885813
PROKKA_06122025__gr_1e-12_lr_1e-12_mu_1e-14,54634,ppanggolin,aa,ppanggolin/aa,4983,4983,0,0.0
PROKKA_06122025__gr_1e-12_lr_1e-12_mu_1e-14,54634,panaroo,aa,panaroo/aa,4983,4983,0,0.0
PROKKA_06122025__gr_1e-12_lr_1e-12_mu_1e-14,54634,embed_hdbscan_raw,aa,embed_hdbscan_raw/aa,4983,5794,-811,-16.275336142885813
PROKKA_06122025__gr_1e-12_lr_1e-12_mu_1e-14,54634,embed_hdbscan_tsne,aa,embed_hdbscan_tsne/aa,4983,5794,-811,-16.275336142885813
PROKKA_06122025__gr_1e-12_lr_1e-12_mu_1e-14,54634,embed_hdbscan_umap,aa,embed_hdbscan_umap/aa,4983,5794,-811,-16.275336142885813
PROKKA_06122025__gr_1e-12_lr_1e-12_mu_1e-14,54634,mmseqs2,aa,mmseqs2/aa,4983,4983,0,0.0
PROKKA_06122025__gr_1e-12_lr_1e-12_mu_1e-14,54634,panta,aa,panta/aa,4983,4946,37,0.7425245835841863
PROKKA_06122025__gr_1e-12_lr_1e-12_mu_1e-14,54634,connected_components_t0.1,aa,connected_components_t0.1/aa,4983,5794,-811,-16.275336142885813
PROKKA_06122025__gr_1e-12_lr_1e-12_mu_1e-14,54634,connected_components_t0.2,aa,connected_components_t0.2/aa,4983,5794,-811,-16.275336142885813
PROKKA_06122025__gr_1e-12_lr_1e-12_mu_1e-14,54634,connected_components_t0.3,aa,connected_components_t0.3/aa,4983,5794,-811,-16.275336142885813
PROKKA_06122025__gr_1e-12_lr_1e-12_mu_1e-14,54634,connected_components_t0.4,aa,connected_components_t0.4/aa,4983,5794,-811,-16.275336142885813
PROKKA_06122025__gr_1e-12_lr_1e-12_mu_1e-14,54634,connected_components_t0.5,aa,connected_components_t0.5/aa,4983,5794,-811,-16.275336142885813
PROKKA_06122025__gr_1e-12_lr_1e-12_mu_1e-14,54634,connected_components_t0.6,aa,connected_components_t0.6/aa,4983,5794,-811,-16.275336142885813
PROKKA_06122025__gr_1e-12_lr_1e-12_mu_1e-14,54634,connected_components_t0.7,aa,connected_components_t0.7/aa,4983,5794,-811,-16.275336142885813
PROKKA_06122025__gr_1e-12_lr_1e-12_mu_1e-14,54634,hdbscan_dist,aa,hdbscan_dist/aa,4983,5794,-811,-16.275336142885813
PROKKA_06122025__gr_1e-12_lr_1e-12_mu_1e-14,54634,hdbscan_tsne,aa,hdbscan_tsne/aa,4983,5794,-811,-16.275336142885813
PROKKA_06122025__gr_1e-12_lr_1e-12_mu_1e-14,54634,hdbscan_umap,aa,hdbscan_umap/aa,4983,5794,-811,-16.275336142885813
PROKKA_06122025__gr_1e-12_lr_1e-12_mu_1e-14,54634,cdhit,nt,cdhit/nt,4983,4983,0,0.0
PROKKA_06122025__gr_1e-12_lr_1e-12_mu_1e-14,54634,mmseqs2,nt,mmseqs2/nt,4983,4983,0,0.0
PROKKA_06122025__gr_1e-12_lr_1e-12_mu_1e-14,56065,panx,aa,panx/aa,5604,5558,46,0.820842255531763
PROKKA_06122025__gr_1e-12_lr_1e-12_mu_1e-14,56065,cdhit,aa,cdhit/aa,5604,5604,0,0.0
PROKKA_06122025__gr_1e-12_lr_1e-12_mu_1e-14,56065,diamond,aa,diamond/aa,5604,5604,0,0.0
PROKKA_06122025__gr_1e-12_lr_1e-12_mu_1e-14,56065,connected_components_t0.1,nt,connected_components_t0.1/nt,5604,6223,-619,-11.045681655960028
PROKKA_06122025__gr_1e-12_lr_1e-12_mu_1e-14,56065,connected_components_t0.2,nt,connected_components_t0.2/nt,5604,6223,-619,-11.045681655960028
PROKKA_06122025__gr_1e-12_lr_1e-12_mu_1e-14,56065,connected_components_t0.3,nt,connected_components_t0.3/nt,5604,6223,-619,-11.045681655960028
PROKKA_06122025__gr_1e-12_lr_1e-12_mu_1e-14,56065,connected_components_t0.4,nt,connected_components_t0.4/nt,5604,6223,-619,-11.045681655960028
PROKKA_06122025__gr_1e-12_lr_1e-12_mu_1e-14,56065,connected_components_t0.5,nt,connected_components_t0.5/nt,5604,6223,-619,-11.045681655960028
PROKKA_06122025__gr_1e-12_lr_1e-12_mu_1e-14,56065,connected_components_t0.6,nt,connected_components_t0.6/nt,5604,6223,-619,-11.045681655960028
PROKKA_06122025__gr_1e-12_lr_1e-12_mu_1e-14,56065,connected_components_t0.7,nt,connected_components_t0.7/nt,5604,6223,-619,-11.045681655960028
PROKKA_06122025__gr_1e-12_lr_1e-12_mu_1e-14,56065,hdbscan_dist,nt,hdbscan_dist/nt,5604,6223,-619,-11.045681655960028
PROKKA_06122025__gr_1e-12_lr_1e-12_mu_1e-14,56065,hdbscan_tsne,nt,hdbscan_tsne/nt,5604,6223,-619,-11.045681655960028
PROKKA_06122025__gr_1e-12_lr_1e-12_mu_1e-14,56065,hdbscan_umap,nt,hdbscan_umap/nt,5604,6223,-619,-11.045681655960028
PROKKA_06122025__gr_1e-12_lr_1e-12_mu_1e-14,56065,ppanggolin,aa,ppanggolin/aa,5604,5604,0,0.0
PROKKA_06122025__gr_1e-12_lr_1e-12_mu_1e-14,56065,panaroo,aa,panaroo/aa,5604,5604,0,0.0
PROKKA_06122025__gr_1e-12_lr_1e-12_mu_1e-14,56065,embed_hdbscan_raw,aa,embed_hdbscan_raw/aa,5604,6223,-619,-11.045681655960028
PROKKA_06122025__gr_1e-12_lr_1e-12_mu_1e-14,56065,embed_hdbscan_tsne,aa,embed_hdbscan_tsne/aa,5604,6223,-619,-11.045681655960028
PROKKA_06122025__gr_1e-12_lr_1e-12_mu_1e-14,56065,embed_hdbscan_umap,aa,embed_hdbscan_umap/aa,5604,6223,-619,-11.045681655960028
PROKKA_06122025__gr_1e-12_lr_1e-12_mu_1e-14,56065,mmseqs2,aa,mmseqs2/aa,5604,5604,0,0.0
PROKKA_06122025__gr_1e-12_lr_1e-12_mu_1e-14,56065,panta,aa,panta/aa,5604,5555,49,0.8743754461099216
PROKKA_06122025__gr_1e-12_lr_1e-12_mu_1e-14,56065,connected_components_t0.1,aa,connected_components_t0.1/aa,5604,6223,-619,-11.045681655960028
PROKKA_06122025__gr_1e-12_lr_1e-12_mu_1e-14,56065,connected_components_t0.2,aa,connected_components_t0.2/aa,5604,6223,-619,-11.045681655960028
PROKKA_06122025__gr_1e-12_lr_1e-12_mu_1e-14,56065,connected_components_t0.3,aa,connected_components_t0.3/aa,5604,6223,-619,-11.045681655960028
PROKKA_06122025__gr_1e-12_lr_1e-12_mu_1e-14,56065,connected_components_t0.4,aa,connected_components_t0.4/aa,5604,6223,-619,-11.045681655960028
PROKKA_06122025__gr_1e-12_lr_1e-12_mu_1e-14,56065,connected_components_t0.5,aa,connected_components_t0.5/aa,5604,6223,-619,-11.045681655960028
PROKKA_06122025__gr_1e-12_lr_1e-12_mu_1e-14,56065,connected_components_t0.6,aa,connected_components_t0.6/aa,5604,6223,-619,-11.045681655960028
PROKKA_06122025__gr_1e-12_lr_1e-12_mu_1e-14,56065,connected_components_t0.7,aa,connected_components_t0.7/aa,5604,6223,-619,-11.045681655960028
PROKKA_06122025__gr_1e-12_lr_1e-12_mu_1e-14,56065,hdbscan_dist,aa,hdbscan_dist/aa,5604,6223,-619,-11.045681655960028
PROKKA_06122025__gr_1e-12_lr_1e-12_mu_1e-14,56065,hdbscan_tsne,aa,hdbscan_tsne/aa,5604,6223,-619,-11.045681655960028
PROKKA_06122025__gr_1e-12_lr_1e-12_mu_1e-14,56065,hdbscan_umap,aa,hdbscan_umap/aa,5604,6223,-619,-11.045681655960028
PROKKA_06122025__gr_1e-12_lr_1e-12_mu_1e-14,56065,cdhit,nt,cdhit/nt,5604,5604,0,0.0
PROKKA_06122025__gr_1e-12_lr_1e-12_mu_1e-14,56065,mmseqs2,nt,mmseqs2/nt,5604,5604,0,0.0
PROKKA_06122025__gr_1e-12_lr_1e-12_mu_1e-14,60207,panx,aa,panx/aa,4881,4827,54,1.1063306699446833
PROKKA_06122025__gr_1e-12_lr_1e-12_mu_1e-14,60207,cdhit,aa,cdhit/aa,4881,4881,0,0.0
PROKKA_06122025__gr_1e-12_lr_1e-12_mu_1e-14,60207,diamond,aa,diamond/aa,4881,4881,0,0.0
PROKKA_06122025__gr_1e-12_lr_1e-12_mu_1e-14,60207,connected_components_t0.1,nt,connected_components_t0.1/nt,4881,5306,-425,-8.707232124564639
PROKKA_06122025__gr_1e-12_lr_1e-12_mu_1e-14,60207,connected_components_t0.2,nt,connected_components_t0.2/nt,4881,5306,-425,-8.707232124564639
PROKKA_06122025__gr_1e-12_lr_1e-12_mu_1e-14,60207,connected_components_t0.3,nt,connected_components_t0.3/nt,4881,5306,-425,-8.707232124564639
PROKKA_06122025__gr_1e-12_lr_1e-12_mu_1e-14,60207,connected_components_t0.4,nt,connected_components_t0.4/nt,4881,5306,-425,-8.707232124564639
PROKKA_06122025__gr_1e-12_lr_1e-12_mu_1e-14,60207,connected_components_t0.5,nt,connected_components_t0.5/nt,4881,5306,-425,-8.707232124564639
PROKKA_06122025__gr_1e-12_lr_1e-12_mu_1e-14,60207,connected_components_t0.6,nt,connected_components_t0.6/nt,4881,5306,-425,-8.707232124564639
PROKKA_06122025__gr_1e-12_lr_1e-12_mu_1e-14,60207,connected_components_t0.7,nt,connected_components_t0.7/nt,4881,5306,-425,-8.707232124564639
PROKKA_06122025__gr_1e-12_lr_1e-12_mu_1e-14,60207,hdbscan_dist,nt,hdbscan_dist/nt,4881,5306,-425,-8.707232124564639
PROKKA_06122025__gr_1e-12_lr_1e-12_mu_1e-14,60207,hdbscan_tsne,nt,hdbscan_tsne/nt,4881,5306,-425,-8.707232124564639
PROKKA_06122025__gr_1e-12_lr_1e-12_mu_1e-14,60207,hdbscan_umap,nt,hdbscan_umap/nt,4881,5306,-425,-8.707232124564639
PROKKA_06122025__gr_1e-12_lr_1e-12_mu_1e-14,60207,ppanggolin,aa,ppanggolin/aa,4881,4881,0,0.0
PROKKA_06122025__gr_1e-12_lr_1e-12_mu_1e-14,60207,panaroo,aa,panaroo/aa,4881,4881,0,0.0
PROKKA_06122025__gr_1e-12_lr_1e-12_mu_1e-14,60207,embed_hdbscan_raw,aa,embed_hdbscan_raw/aa,4881,5306,-425,-8.707232124564639
PROKKA_06122025__gr_1e-12_lr_1e-12_mu_1e-14,60207,embed_hdbscan_tsne,aa,embed_hdbscan_tsne/aa,4881,5306,-425,-8.707232124564639
PROKKA_06122025__gr_1e-12_lr_1e-12_mu_1e-14,60207,embed_hdbscan_umap,aa,embed_hdbscan_umap/aa,4881,5306,-425,-8.707232124564639
PROKKA_06122025__gr_1e-12_lr_1e-12_mu_1e-14,60207,mmseqs2,aa,mmseqs2/aa,4881,4881,0,0.0
PROKKA_06122025__gr_1e-12_lr_1e-12_mu_1e-14,60207,panta,aa,panta/aa,4881,4849,32,0.6556033599672199
PROKKA_06122025__gr_1e-12_lr_1e-12_mu_1e-14,60207,connected_components_t0.1,aa,connected_components_t0.1/aa,4881,5306,-425,-8.707232124564639
PROKKA_06122025__gr_1e-12_lr_1e-12_mu_1e-14,60207,connected_components_t0.2,aa,connected_components_t0.2/aa,4881,5306,-425,-8.707232124564639
PROKKA_06122025__gr_1e-12_lr_1e-12_mu_1e-14,60207,connected_components_t0.3,aa,connected_components_t0.3/aa,4881,5306,-425,-8.707232124564639
PROKKA_06122025__gr_1e-12_lr_1e-12_mu_1e-14,60207,connected_components_t0.4,aa,connected_components_t0.4/aa,4881,5306,-425,-8.707232124564639
PROKKA_06122025__gr_1e-12_lr_1e-12_mu_1e-14,60207,connected_components_t0.5,aa,connected_components_t0.5/aa,4881,5306,-425,-8.707232124564639
PROKKA_06122025__gr_1e-12_lr_1e-12_mu_1e-14,60207,connected_components_t0.6,aa,connected_components_t0.6/aa,4881,5306,-425,-8.707232124564639
PROKKA_06122025__gr_1e-12_lr_1e-12_mu_1e-14,60207,connected_components_t0.7,aa,connected_components_t0.7/aa,4881,5306,-425,-8.707232124564639
PROKKA_06122025__gr_1e-12_lr_1e-12_mu_1e-14,60207,hdbscan_dist,aa,hdbscan_dist/aa,4881,5306,-425,-8.707232124564639
PROKKA_06122025__gr_1e-12_lr_1e-12_mu_1e-14,60207,hdbscan_tsne,aa,hdbscan_tsne/aa,4881,5306,-425,-8.707232124564639
PROKKA_06122025__gr_1e-12_lr_1e-12_mu_1e-14,60207,hdbscan_umap,aa,hdbscan_umap/aa,4881,5306,-425,-8.707232124564639
PROKKA_06122025__gr_1e-12_lr_1e-12_mu_1e-14,60207,cdhit,nt,cdhit/nt,4881,4881,0,0.0
PROKKA_06122025__gr_1e-12_lr_1e-12_mu_1e-14,60207,mmseqs2,nt,mmseqs2/nt,4881,4881,0,0.0
PROKKA_06122025__gr_1e-12_lr_1e-12_mu_1e-14,62092,panx,aa,panx/aa,4730,4638,92,1.945031712473573
PROKKA_06122025__gr_1e-12_lr_1e-12_mu_1e-14,62092,cdhit,aa,cdhit/aa,4730,4730,0,0.0
PROKKA_06122025__gr_1e-12_lr_1e-12_mu_1e-14,62092,diamond,aa,diamond/aa,4730,4730,0,0.0
PROKKA_06122025__gr_1e-12_lr_1e-12_mu_1e-14,62092,connected_components_t0.1,nt,connected_components_t0.1/nt,4730,5330,-600,-12.684989429175475
PROKKA_06122025__gr_1e-12_lr_1e-12_mu_1e-14,62092,connected_components_t0.2,nt,connected_components_t0.2/nt,4730,5330,-600,-12.684989429175475
PROKKA_06122025__gr_1e-12_lr_1e-12_mu_1e-14,62092,connected_components_t0.3,nt,connected_components_t0.3/nt,4730,5330,-600,-12.684989429175475
PROKKA_06122025__gr_1e-12_lr_1e-12_mu_1e-14,62092,connected_components_t0.4,nt,connected_components_t0.4/nt,4730,5330,-600,-12.684989429175475
PROKKA_06122025__gr_1e-12_lr_1e-12_mu_1e-14,62092,connected_components_t0.5,nt,connected_components_t0.5/nt,4730,5330,-600,-12.684989429175475
PROKKA_06122025__gr_1e-12_lr_1e-12_mu_1e-14,62092,connected_components_t0.6,nt,connected_components_t0.6/nt,4730,5330,-600,-12.684989429175475
PROKKA_06122025__gr_1e-12_lr_1e-12_mu_1e-14,62092,connected_components_t0.7,nt,connected_components_t0.7/nt,4730,5330,-600,-12.684989429175475
PROKKA_06122025__gr_1e-12_lr_1e-12_mu_1e-14,62092,hdbscan_dist,nt,hdbscan_dist/nt,4730,5330,-600,-12.684989429175475
PROKKA_06122025__gr_1e-12_lr_1e-12_mu_1e-14,62092,hdbscan_tsne,nt,hdbscan_tsne/nt,4730,5330,-600,-12.684989429175475
PROKKA_06122025__gr_1e-12_lr_1e-12_mu_1e-14,62092,hdbscan_umap,nt,hdbscan_umap/nt,4730,5330,-600,-12.684989429175475
PROKKA_06122025__gr_1e-12_lr_1e-12_mu_1e-14,62092,ppanggolin,aa,ppanggolin/aa,4730,4730,0,0.0
PROKKA_06122025__gr_1e-12_lr_1e-12_mu_1e-14,62092,panaroo,aa,panaroo/aa,4730,4730,0,0.0
PROKKA_06122025__gr_1e-12_lr_1e-12_mu_1e-14,62092,embed_hdbscan_raw,aa,embed_hdbscan_raw/aa,4730,5330,-600,-12.684989429175475
PROKKA_06122025__gr_1e-12_lr_1e-12_mu_1e-14,62092,embed_hdbscan_tsne,aa,embed_hdbscan_tsne/aa,4730,5330,-600,-12.684989429175475
PROKKA_06122025__gr_1e-12_lr_1e-12_mu_1e-14,62092,embed_hdbscan_umap,aa,embed_hdbscan_umap/aa,4730,5330,-600,-12.684989429175475
PROKKA_06122025__gr_1e-12_lr_1e-12_mu_1e-14,62092,mmseqs2,aa,mmseqs2/aa,4730,4730,0,0.0
PROKKA_06122025__gr_1e-12_lr_1e-12_mu_1e-14,62092,panta,aa,panta/aa,4730,4703,27,0.5708245243128964
PROKKA_06122025__gr_1e-12_lr_1e-12_mu_1e-14,62092,connected_components_t0.1,aa,connected_components_t0.1/aa,4730,5330,-600,-12.684989429175475
PROKKA_06122025__gr_1e-12_lr_1e-12_mu_1e-14,62092,connected_components_t0.2,aa,connected_components_t0.2/aa,4730,5330,-600,-12.684989429175475
PROKKA_06122025__gr_1e-12_lr_1e-12_mu_1e-14,62092,connected_components_t0.3,aa,connected_components_t0.3/aa,4730,5330,-600,-12.684989429175475
PROKKA_06122025__gr_1e-12_lr_1e-12_mu_1e-14,62092,connected_components_t0.4,aa,connected_components_t0.4/aa,4730,5330,-600,-12.684989429175475
PROKKA_06122025__gr_1e-12_lr_1e-12_mu_1e-14,62092,connected_components_t0.5,aa,connected_components_t0.5/aa,4730,5330,-600,-12.684989429175475
PROKKA_06122025__gr_1e-12_lr_1e-12_mu_1e-14,62092,connected_components_t0.6,aa,connected_components_t0.6/aa,4730,5330,-600,-12.684989429175475
PROKKA_06122025__gr_1e-12_lr_1e-12_mu_1e-14,62092,connected_components_t0.7,aa,connected_components_t0.7/aa,4730,5330,-600,-12.684989429175475
PROKKA_06122025__gr_1e-12_lr_1e-12_mu_1e-14,62092,hdbscan_dist,aa,hdbscan_dist/aa,4730,5330,-600,-12.684989429175475
PROKKA_06122025__gr_1e-12_lr_1e-12_mu_1e-14,62092,hdbscan_tsne,aa,hdbscan_tsne/aa,4730,5330,-600,-12.684989429175475
PROKKA_06122025__gr_1e-12_lr_1e-12_mu_1e-14,62092,hdbscan_umap,aa,hdbscan_umap/aa,4730,5330,-600,-12.684989429175475
PROKKA_06122025__gr_1e-12_lr_1e-12_mu_1e-14,62092,cdhit,nt,cdhit/nt,4730,4730,0,0.0
PROKKA_06122025__gr_1e-12_lr_1e-12_mu_1e-14,62092,mmseqs2,nt,mmseqs2/nt,4730,4730,0,0.0
